run_id,engine_id,engine_ref,host_route,toolchain_id,case_id,benchmark_mode,thread_count,work_unit_id,measured_work_unit_count,warmup_work_unit_count,repeat_index,body_count,shape_count,query_count,constraint_count,primary_metric_id,primary_metric_value,primary_metric_unit,primary_metric_direction,mean_ms_per_work_unit,work_units_per_second,invalid_transform_count,case_status,metric_status,runtime_route,timing_scope,effective_thread_count,fixture_semantic,fixture_revision,physics_settings,build_settings,requested_thread_count,requested_worker_count,requested_taskgraph_worker_count,actual_taskgraph_worker_count,effective_worker_count,main_thread_participates,unity_editor_version,unity_physics_package_version,entities_package_version,burst_package_version,collections_package_version,build_target,backend,burst_enabled_state,safety_check_state,package_lock_sha256,completed_work_unit_count,workload_elapsed_ms,render_elapsed_ms,present_wait_ms,visual_validation_status,proof_path,raw_path
2026-10-05_0940_ddr5-4800_threads-1-2-3-4-5-6-8-10-12-14-16-24_r5,avian3d,47d5948b2a8ee829848fbc3d4ce5e44ad0fd863f,windows,rust_1_95_msvc_cargo_release,large_pyramid_16206,headless_api,1,step,600,0,0,16211,16211,0,0,median_ms_per_step,168.363970000,ms,lower_is_better,168.363970000,5.939513068,0,ok,ok,engine_runner_cli,work_unit_wall_sum_inline,1,large_pyramid,1,substeps=4; sleep=disabled; ccd=disabled; solver_defaults=avian; worker_count=1,rust_1_95_msvc_cargo_release,1,1,,,1,yes,,,,,,,,,,,600,101018.382000000,,,,,results/large-pyramid-16206/intel-core-i7-13700k/2026-10-05_0940_ddr5-4800_threads-1-2-3-4-5-6-8-10-12-14-16-24_r5/raw/avian3d/t1/avian3d_t1_raw.csv
2026-10-05_0940_ddr5-4800_threads-1-2-3-4-5-6-8-10-12-14-16-24_r5,avian3d,47d5948b2a8ee829848fbc3d4ce5e44ad0fd863f,windows,rust_1_95_msvc_cargo_release,large_pyramid_16206,headless_api,1,step,600,0,1,16211,16211,0,0,median_ms_per_step,168.872035333,ms,lower_is_better,168.872035333,5.921643557,0,ok,ok,engine_runner_cli,work_unit_wall_sum_inline,1,large_pyramid,1,substeps=4; sleep=disabled; ccd=disabled; solver_defaults=avian; worker_count=1,rust_1_95_msvc_cargo_release,1,1,,,1,yes,,,,,,,,,,,600,101323.221200000,,,,,results/large-pyramid-16206/intel-core-i7-13700k/2026-10-05_0940_ddr5-4800_threads-1-2-3-4-5-6-8-10-12-14-16-24_r5/raw/avian3d/t1/avian3d_t1_raw.csv
2026-10-05_0940_ddr5-4800_threads-1-2-3-4-5-6-8-10-12-14-16-24_r5,avian3d,47d5948b2a8ee829848fbc3d4ce5e44ad0fd863f,windows,rust_1_95_msvc_cargo_release,large_pyramid_16206,headless_api,1,step,600,0,2,16211,16211,0,0,median_ms_per_step,169.212634667,ms,lower_is_better,169.212634667,5.909724188,0,ok,ok,engine_runner_cli,work_unit_wall_sum_inline,1,large_pyramid,1,substeps=4; sleep=disabled; ccd=disabled; solver_defaults=avian; worker_count=1,rust_1_95_msvc_cargo_release,1,1,,,1,yes,,,,,,,,,,,600,101527.580800000,,,,,results/large-pyramid-16206/intel-core-i7-13700k/2026-10-05_0940_ddr5-4800_threads-1-2-3-4-5-6-8-10-12-14-16-24_r5/raw/avian3d/t1/avian3d_t1_raw.csv
2026-10-05_0940_ddr5-4800_threads-1-2-3-4-5-6-8-10-12-14-16-24_r5,avian3d,47d5948b2a8ee829848fbc3d4ce5e44ad0fd863f,windows,rust_1_95_msvc_cargo_release,large_pyramid_16206,headless_api,1,step,600,0,3,16211,16211,0,0,median_ms_per_step,166.547115667,ms,lower_is_better,166.547115667,6.004306925,0,ok,ok,engine_runner_cli,work_unit_wall_sum_inline,1,large_pyramid,1,substeps=4; sleep=disabled; ccd=disabled; solver_defaults=avian; worker_count=1,rust_1_95_msvc_cargo_release,1,1,,,1,yes,,,,,,,,,,,600,99928.269400000,,,,,results/large-pyramid-16206/intel-core-i7-13700k/2026-10-05_0940_ddr5-4800_threads-1-2-3-4-5-6-8-10-12-14-16-24_r5/raw/avian3d/t1/avian3d_t1_raw.csv
2026-10-05_0940_ddr5-4800_threads-1-2-3-4-5-6-8-10-12-14-16-24_r5,avian3d,47d5948b2a8ee829848fbc3d4ce5e44ad0fd863f,windows,rust_1_95_msvc_cargo_release,large_pyramid_16206,headless_api,1,step,600,0,4,16211,16211,0,0,median_ms_per_step,165.121455667,ms,lower_is_better,165.121455667,6.056148161,0,ok,ok,engine_runner_cli,work_unit_wall_sum_inline,1,large_pyramid,1,substeps=4; sleep=disabled; ccd=disabled; solver_defaults=avian; worker_count=1,rust_1_95_msvc_cargo_release,1,1,,,1,yes,,,,,,,,,,,600,99072.873400000,,,,,results/large-pyramid-16206/intel-core-i7-13700k/2026-10-05_0940_ddr5-4800_threads-1-2-3-4-5-6-8-10-12-14-16-24_r5/raw/avian3d/t1/avian3d_t1_raw.csv
2026-10-05_0940_ddr5-4800_threads-1-2-3-4-5-6-8-10-12-14-16-24_r5,avian3d,47d5948b2a8ee829848fbc3d4ce5e44ad0fd863f,windows,rust_1_95_msvc_cargo_release,large_pyramid_16206,headless_api,2,step,600,0,0,16211,16211,0,0,median_ms_per_step,99.596355000,ms,lower_is_better,99.596355000,10.040528090,0,ok,ok,engine_runner_cli,work_unit_wall_sum_inline,2,large_pyramid,1,substeps=4; sleep=disabled; ccd=disabled; solver_defaults=avian; worker_count=2,rust_1_95_msvc_cargo_release,2,2,,,2,yes,,,,,,,,,,,600,59757.813000000,,,,,results/large-pyramid-16206/intel-core-i7-13700k/2026-10-05_0940_ddr5-4800_threads-1-2-3-4-5-6-8-10-12-14-16-24_r5/raw/avian3d/t2/avian3d_t2_raw.csv
2026-10-05_0940_ddr5-4800_threads-1-2-3-4-5-6-8-10-12-14-16-24_r5,avian3d,47d5948b2a8ee829848fbc3d4ce5e44ad0fd863f,windows,rust_1_95_msvc_cargo_release,large_pyramid_16206,headless_api,2,step,600,0,1,16211,16211,0,0,median_ms_per_step,100.602642667,ms,lower_is_better,100.602642667,9.940096736,0,ok,ok,engine_runner_cli,work_unit_wall_sum_inline,2,large_pyramid,1,substeps=4; sleep=disabled; ccd=disabled; solver_defaults=avian; worker_count=2,rust_1_95_msvc_cargo_release,2,2,,,2,yes,,,,,,,,,,,600,60361.585600000,,,,,results/large-pyramid-16206/intel-core-i7-13700k/2026-10-05_0940_ddr5-4800_threads-1-2-3-4-5-6-8-10-12-14-16-24_r5/raw/avian3d/t2/avian3d_t2_raw.csv
2026-10-05_0940_ddr5-4800_threads-1-2-3-4-5-6-8-10-12-14-16-24_r5,avian3d,47d5948b2a8ee829848fbc3d4ce5e44ad0fd863f,windows,rust_1_95_msvc_cargo_release,large_pyramid_16206,headless_api,2,step,600,0,2,16211,16211,0,0,median_ms_per_step,99.601057167,ms,lower_is_better,99.601057167,10.040054076,0,ok,ok,engine_runner_cli,work_unit_wall_sum_inline,2,large_pyramid,1,substeps=4; sleep=disabled; ccd=disabled; solver_defaults=avian; worker_count=2,rust_1_95_msvc_cargo_release,2,2,,,2,yes,,,,,,,,,,,600,59760.634300000,,,,,results/large-pyramid-16206/intel-core-i7-13700k/2026-10-05_0940_ddr5-4800_threads-1-2-3-4-5-6-8-10-12-14-16-24_r5/raw/avian3d/t2/avian3d_t2_raw.csv
2026-10-05_0940_ddr5-4800_threads-1-2-3-4-5-6-8-10-12-14-16-24_r5,avian3d,47d5948b2a8ee829848fbc3d4ce5e44ad0fd863f,windows,rust_1_95_msvc_cargo_release,large_pyramid_16206,headless_api,2,step,600,0,3,16211,16211,0,0,median_ms_per_step,99.579240667,ms,lower_is_better,99.579240667,10.042253720,0,ok,ok,engine_runner_cli,work_unit_wall_sum_inline,2,large_pyramid,1,substeps=4; sleep=disabled; ccd=disabled; solver_defaults=avian; worker_count=2,rust_1_95_msvc_cargo_release,2,2,,,2,yes,,,,,,,,,,,600,59747.544400000,,,,,results/large-pyramid-16206/intel-core-i7-13700k/2026-10-05_0940_ddr5-4800_threads-1-2-3-4-5-6-8-10-12-14-16-24_r5/raw/avian3d/t2/avian3d_t2_raw.csv
2026-10-05_0940_ddr5-4800_threads-1-2-3-4-5-6-8-10-12-14-16-24_r5,avian3d,47d5948b2a8ee829848fbc3d4ce5e44ad0fd863f,windows,rust_1_95_msvc_cargo_release,large_pyramid_16206,headless_api,2,step,600,0,4,16211,16211,0,0,median_ms_per_step,99.872030500,ms,lower_is_better,99.872030500,10.012813347,0,ok,ok,engine_runner_cli,work_unit_wall_sum_inline,2,large_pyramid,1,substeps=4; sleep=disabled; ccd=disabled; solver_defaults=avian; worker_count=2,rust_1_95_msvc_cargo_release,2,2,,,2,yes,,,,,,,,,,,600,59923.218300000,,,,,results/large-pyramid-16206/intel-core-i7-13700k/2026-10-05_0940_ddr5-4800_threads-1-2-3-4-5-6-8-10-12-14-16-24_r5/raw/avian3d/t2/avian3d_t2_raw.csv
2026-10-05_0940_ddr5-4800_threads-1-2-3-4-5-6-8-10-12-14-16-24_r5,avian3d,47d5948b2a8ee829848fbc3d4ce5e44ad0fd863f,windows,rust_1_95_msvc_cargo_release,large_pyramid_16206,headless_api,3,step,600,0,0,16211,16211,0,0,median_ms_per_step,76.318378000,ms,lower_is_better,76.318378000,13.103003840,0,ok,ok,engine_runner_cli,work_unit_wall_sum_inline,3,large_pyramid,1,substeps=4; sleep=disabled; ccd=disabled; solver_defaults=avian; worker_count=3,rust_1_95_msvc_cargo_release,3,3,,,3,yes,,,,,,,,,,,600,45791.026800000,,,,,results/large-pyramid-16206/intel-core-i7-13700k/2026-10-05_0940_ddr5-4800_threads-1-2-3-4-5-6-8-10-12-14-16-24_r5/raw/avian3d/t3/avian3d_t3_raw.csv
2026-10-05_0940_ddr5-4800_threads-1-2-3-4-5-6-8-10-12-14-16-24_r5,avian3d,47d5948b2a8ee829848fbc3d4ce5e44ad0fd863f,windows,rust_1_95_msvc_cargo_release,large_pyramid_16206,headless_api,3,step,600,0,1,16211,16211,0,0,median_ms_per_step,76.026216167,ms,lower_is_better,76.026216167,13.153357492,0,ok,ok,engine_runner_cli,work_unit_wall_sum_inline,3,large_pyramid,1,substeps=4; sleep=disabled; ccd=disabled; solver_defaults=avian; worker_count=3,rust_1_95_msvc_cargo_release,3,3,,,3,yes,,,,,,,,,,,600,45615.729700000,,,,,results/large-pyramid-16206/intel-core-i7-13700k/2026-10-05_0940_ddr5-4800_threads-1-2-3-4-5-6-8-10-12-14-16-24_r5/raw/avian3d/t3/avian3d_t3_raw.csv
2026-10-05_0940_ddr5-4800_threads-1-2-3-4-5-6-8-10-12-14-16-24_r5,avian3d,47d5948b2a8ee829848fbc3d4ce5e44ad0fd863f,windows,rust_1_95_msvc_cargo_release,large_pyramid_16206,headless_api,3,step,600,0,2,16211,16211,0,0,median_ms_per_step,76.306164500,ms,lower_is_better,76.306164500,13.105101096,0,ok,ok,engine_runner_cli,work_unit_wall_sum_inline,3,large_pyramid,1,substeps=4; sleep=disabled; ccd=disabled; solver_defaults=avian; worker_count=3,rust_1_95_msvc_cargo_release,3,3,,,3,yes,,,,,,,,,,,600,45783.698700000,,,,,results/large-pyramid-16206/intel-core-i7-13700k/2026-10-05_0940_ddr5-4800_threads-1-2-3-4-5-6-8-10-12-14-16-24_r5/raw/avian3d/t3/avian3d_t3_raw.csv
2026-10-05_0940_ddr5-4800_threads-1-2-3-4-5-6-8-10-12-14-16-24_r5,avian3d,47d5948b2a8ee829848fbc3d4ce5e44ad0fd863f,windows,rust_1_95_msvc_cargo_release,large_pyramid_16206,headless_api,3,step,600,0,3,16211,16211,0,0,median_ms_per_step,75.597041667,ms,lower_is_better,75.597041667,13.228030859,0,ok,ok,engine_runner_cli,work_unit_wall_sum_inline,3,large_pyramid,1,substeps=4; sleep=disabled; ccd=disabled; solver_defaults=avian; worker_count=3,rust_1_95_msvc_cargo_release,3,3,,,3,yes,,,,,,,,,,,600,45358.225000000,,,,,results/large-pyramid-16206/intel-core-i7-13700k/2026-10-05_0940_ddr5-4800_threads-1-2-3-4-5-6-8-10-12-14-16-24_r5/raw/avian3d/t3/avian3d_t3_raw.csv
2026-10-05_0940_ddr5-4800_threads-1-2-3-4-5-6-8-10-12-14-16-24_r5,avian3d,47d5948b2a8ee829848fbc3d4ce5e44ad0fd863f,windows,rust_1_95_msvc_cargo_release,large_pyramid_16206,headless_api,3,step,600,0,4,16211,16211,0,0,median_ms_per_step,76.420806667,ms,lower_is_better,76.420806667,13.085441565,0,ok,ok,engine_runner_cli,work_unit_wall_sum_inline,3,large_pyramid,1,substeps=4; sleep=disabled; ccd=disabled; solver_defaults=avian; worker_count=3,rust_1_95_msvc_cargo_release,3,3,,,3,yes,,,,,,,,,,,600,45852.484000000,,,,,results/large-pyramid-16206/intel-core-i7-13700k/2026-10-05_0940_ddr5-4800_threads-1-2-3-4-5-6-8-10-12-14-16-24_r5/raw/avian3d/t3/avian3d_t3_raw.csv
2026-10-05_0940_ddr5-4800_threads-1-2-3-4-5-6-8-10-12-14-16-24_r5,avian3d,47d5948b2a8ee829848fbc3d4ce5e44ad0fd863f,windows,rust_1_95_msvc_cargo_release,large_pyramid_16206,headless_api,4,step,600,0,0,16211,16211,0,0,median_ms_per_step,62.329186167,ms,lower_is_better,62.329186167,16.043848179,0,ok,ok,engine_runner_cli,work_unit_wall_sum_inline,4,large_pyramid,1,substeps=4; sleep=disabled; ccd=disabled; solver_defaults=avian; worker_count=4,rust_1_95_msvc_cargo_release,4,4,,,4,yes,,,,,,,,,,,600,37397.511700000,,,,,results/large-pyramid-16206/intel-core-i7-13700k/2026-10-05_0940_ddr5-4800_threads-1-2-3-4-5-6-8-10-12-14-16-24_r5/raw/avian3d/t4/avian3d_t4_raw.csv
2026-10-05_0940_ddr5-4800_threads-1-2-3-4-5-6-8-10-12-14-16-24_r5,avian3d,47d5948b2a8ee829848fbc3d4ce5e44ad0fd863f,windows,rust_1_95_msvc_cargo_release,large_pyramid_16206,headless_api,4,step,600,0,1,16211,16211,0,0,median_ms_per_step,62.616822667,ms,lower_is_better,62.616822667,15.970149193,0,ok,ok,engine_runner_cli,work_unit_wall_sum_inline,4,large_pyramid,1,substeps=4; sleep=disabled; ccd=disabled; solver_defaults=avian; worker_count=4,rust_1_95_msvc_cargo_release,4,4,,,4,yes,,,,,,,,,,,600,37570.093600000,,,,,results/large-pyramid-16206/intel-core-i7-13700k/2026-10-05_0940_ddr5-4800_threads-1-2-3-4-5-6-8-10-12-14-16-24_r5/raw/avian3d/t4/avian3d_t4_raw.csv
2026-10-05_0940_ddr5-4800_threads-1-2-3-4-5-6-8-10-12-14-16-24_r5,avian3d,47d5948b2a8ee829848fbc3d4ce5e44ad0fd863f,windows,rust_1_95_msvc_cargo_release,large_pyramid_16206,headless_api,4,step,600,0,2,16211,16211,0,0,median_ms_per_step,62.539427000,ms,lower_is_better,62.539427000,15.989913051,0,ok,ok,engine_runner_cli,work_unit_wall_sum_inline,4,large_pyramid,1,substeps=4; sleep=disabled; ccd=disabled; solver_defaults=avian; worker_count=4,rust_1_95_msvc_cargo_release,4,4,,,4,yes,,,,,,,,,,,600,37523.656200000,,,,,results/large-pyramid-16206/intel-core-i7-13700k/2026-10-05_0940_ddr5-4800_threads-1-2-3-4-5-6-8-10-12-14-16-24_r5/raw/avian3d/t4/avian3d_t4_raw.csv
2026-10-05_0940_ddr5-4800_threads-1-2-3-4-5-6-8-10-12-14-16-24_r5,avian3d,47d5948b2a8ee829848fbc3d4ce5e44ad0fd863f,windows,rust_1_95_msvc_cargo_release,large_pyramid_16206,headless_api,4,step,600,0,3,16211,16211,0,0,median_ms_per_step,63.077839667,ms,lower_is_better,63.077839667,15.853428166,0,ok,ok,engine_runner_cli,work_unit_wall_sum_inline,4,large_pyramid,1,substeps=4; sleep=disabled; ccd=disabled; solver_defaults=avian; worker_count=4,rust_1_95_msvc_cargo_release,4,4,,,4,yes,,,,,,,,,,,600,37846.703800000,,,,,results/large-pyramid-16206/intel-core-i7-13700k/2026-10-05_0940_ddr5-4800_threads-1-2-3-4-5-6-8-10-12-14-16-24_r5/raw/avian3d/t4/avian3d_t4_raw.csv
2026-10-05_0940_ddr5-4800_threads-1-2-3-4-5-6-8-10-12-14-16-24_r5,avian3d,47d5948b2a8ee829848fbc3d4ce5e44ad0fd863f,windows,rust_1_95_msvc_cargo_release,large_pyramid_16206,headless_api,4,step,600,0,4,16211,16211,0,0,median_ms_per_step,63.039608833,ms,lower_is_better,63.039608833,15.863042593,0,ok,ok,engine_runner_cli,work_unit_wall_sum_inline,4,large_pyramid,1,substeps=4; sleep=disabled; ccd=disabled; solver_defaults=avian; worker_count=4,rust_1_95_msvc_cargo_release,4,4,,,4,yes,,,,,,,,,,,600,37823.765300000,,,,,results/large-pyramid-16206/intel-core-i7-13700k/2026-10-05_0940_ddr5-4800_threads-1-2-3-4-5-6-8-10-12-14-16-24_r5/raw/avian3d/t4/avian3d_t4_raw.csv
2026-10-05_0940_ddr5-4800_threads-1-2-3-4-5-6-8-10-12-14-16-24_r5,avian3d,47d5948b2a8ee829848fbc3d4ce5e44ad0fd863f,windows,rust_1_95_msvc_cargo_release,large_pyramid_16206,headless_api,5,step,600,0,0,16211,16211,0,0,median_ms_per_step,54.641944000,ms,lower_is_better,54.641944000,18.300959424,0,ok,ok,engine_runner_cli,work_unit_wall_sum_inline,5,large_pyramid,1,substeps=4; sleep=disabled; ccd=disabled; solver_defaults=avian; worker_count=5,rust_1_95_msvc_cargo_release,5,5,,,5,yes,,,,,,,,,,,600,32785.166400000,,,,,results/large-pyramid-16206/intel-core-i7-13700k/2026-10-05_0940_ddr5-4800_threads-1-2-3-4-5-6-8-10-12-14-16-24_r5/raw/avian3d/t5/avian3d_t5_raw.csv
2026-10-05_0940_ddr5-4800_threads-1-2-3-4-5-6-8-10-12-14-16-24_r5,avian3d,47d5948b2a8ee829848fbc3d4ce5e44ad0fd863f,windows,rust_1_95_msvc_cargo_release,large_pyramid_16206,headless_api,5,step,600,0,1,16211,16211,0,0,median_ms_per_step,54.887787667,ms,lower_is_better,54.887787667,18.218989005,0,ok,ok,engine_runner_cli,work_unit_wall_sum_inline,5,large_pyramid,1,substeps=4; sleep=disabled; ccd=disabled; solver_defaults=avian; worker_count=5,rust_1_95_msvc_cargo_release,5,5,,,5,yes,,,,,,,,,,,600,32932.672600000,,,,,results/large-pyramid-16206/intel-core-i7-13700k/2026-10-05_0940_ddr5-4800_threads-1-2-3-4-5-6-8-10-12-14-16-24_r5/raw/avian3d/t5/avian3d_t5_raw.csv
2026-10-05_0940_ddr5-4800_threads-1-2-3-4-5-6-8-10-12-14-16-24_r5,avian3d,47d5948b2a8ee829848fbc3d4ce5e44ad0fd863f,windows,rust_1_95_msvc_cargo_release,large_pyramid_16206,headless_api,5,step,600,0,2,16211,16211,0,0,median_ms_per_step,55.021473667,ms,lower_is_better,55.021473667,18.174722220,0,ok,ok,engine_runner_cli,work_unit_wall_sum_inline,5,large_pyramid,1,substeps=4; sleep=disabled; ccd=disabled; solver_defaults=avian; worker_count=5,rust_1_95_msvc_cargo_release,5,5,,,5,yes,,,,,,,,,,,600,33012.884200000,,,,,results/large-pyramid-16206/intel-core-i7-13700k/2026-10-05_0940_ddr5-4800_threads-1-2-3-4-5-6-8-10-12-14-16-24_r5/raw/avian3d/t5/avian3d_t5_raw.csv
2026-10-05_0940_ddr5-4800_threads-1-2-3-4-5-6-8-10-12-14-16-24_r5,avian3d,47d5948b2a8ee829848fbc3d4ce5e44ad0fd863f,windows,rust_1_95_msvc_cargo_release,large_pyramid_16206,headless_api,5,step,600,0,3,16211,16211,0,0,median_ms_per_step,54.907826833,ms,lower_is_better,54.907826833,18.212339801,0,ok,ok,engine_runner_cli,work_unit_wall_sum_inline,5,large_pyramid,1,substeps=4; sleep=disabled; ccd=disabled; solver_defaults=avian; worker_count=5,rust_1_95_msvc_cargo_release,5,5,,,5,yes,,,,,,,,,,,600,32944.696100000,,,,,results/large-pyramid-16206/intel-core-i7-13700k/2026-10-05_0940_ddr5-4800_threads-1-2-3-4-5-6-8-10-12-14-16-24_r5/raw/avian3d/t5/avian3d_t5_raw.csv
2026-10-05_0940_ddr5-4800_threads-1-2-3-4-5-6-8-10-12-14-16-24_r5,avian3d,47d5948b2a8ee829848fbc3d4ce5e44ad0fd863f,windows,rust_1_95_msvc_cargo_release,large_pyramid_16206,headless_api,5,step,600,0,4,16211,16211,0,0,median_ms_per_step,55.766469667,ms,lower_is_better,55.766469667,17.931922282,0,ok,ok,engine_runner_cli,work_unit_wall_sum_inline,5,large_pyramid,1,substeps=4; sleep=disabled; ccd=disabled; solver_defaults=avian; worker_count=5,rust_1_95_msvc_cargo_release,5,5,,,5,yes,,,,,,,,,,,600,33459.881800000,,,,,results/large-pyramid-16206/intel-core-i7-13700k/2026-10-05_0940_ddr5-4800_threads-1-2-3-4-5-6-8-10-12-14-16-24_r5/raw/avian3d/t5/avian3d_t5_raw.csv
2026-10-05_0940_ddr5-4800_threads-1-2-3-4-5-6-8-10-12-14-16-24_r5,avian3d,47d5948b2a8ee829848fbc3d4ce5e44ad0fd863f,windows,rust_1_95_msvc_cargo_release,large_pyramid_16206,headless_api,6,step,600,0,0,16211,16211,0,0,median_ms_per_step,49.385360000,ms,lower_is_better,49.385360000,20.248915873,0,ok,ok,engine_runner_cli,work_unit_wall_sum_inline,6,large_pyramid,1,substeps=4; sleep=disabled; ccd=disabled; solver_defaults=avian; worker_count=6,rust_1_95_msvc_cargo_release,6,6,,,6,yes,,,,,,,,,,,600,29631.216000000,,,,,results/large-pyramid-16206/intel-core-i7-13700k/2026-10-05_0940_ddr5-4800_threads-1-2-3-4-5-6-8-10-12-14-16-24_r5/raw/avian3d/t6/avian3d_t6_raw.csv
2026-10-05_0940_ddr5-4800_threads-1-2-3-4-5-6-8-10-12-14-16-24_r5,avian3d,47d5948b2a8ee829848fbc3d4ce5e44ad0fd863f,windows,rust_1_95_msvc_cargo_release,large_pyramid_16206,headless_api,6,step,600,0,1,16211,16211,0,0,median_ms_per_step,49.551649000,ms,lower_is_better,49.551649000,20.180963100,0,ok,ok,engine_runner_cli,work_unit_wall_sum_inline,6,large_pyramid,1,substeps=4; sleep=disabled; ccd=disabled; solver_defaults=avian; worker_count=6,rust_1_95_msvc_cargo_release,6,6,,,6,yes,,,,,,,,,,,600,29730.989400000,,,,,results/large-pyramid-16206/intel-core-i7-13700k/2026-10-05_0940_ddr5-4800_threads-1-2-3-4-5-6-8-10-12-14-16-24_r5/raw/avian3d/t6/avian3d_t6_raw.csv
2026-10-05_0940_ddr5-4800_threads-1-2-3-4-5-6-8-10-12-14-16-24_r5,avian3d,47d5948b2a8ee829848fbc3d4ce5e44ad0fd863f,windows,rust_1_95_msvc_cargo_release,large_pyramid_16206,headless_api,6,step,600,0,2,16211,16211,0,0,median_ms_per_step,48.683328667,ms,lower_is_better,48.683328667,20.540912616,0,ok,ok,engine_runner_cli,work_unit_wall_sum_inline,6,large_pyramid,1,substeps=4; sleep=disabled; ccd=disabled; solver_defaults=avian; worker_count=6,rust_1_95_msvc_cargo_release,6,6,,,6,yes,,,,,,,,,,,600,29209.997200000,,,,,results/large-pyramid-16206/intel-core-i7-13700k/2026-10-05_0940_ddr5-4800_threads-1-2-3-4-5-6-8-10-12-14-16-24_r5/raw/avian3d/t6/avian3d_t6_raw.csv
2026-10-05_0940_ddr5-4800_threads-1-2-3-4-5-6-8-10-12-14-16-24_r5,avian3d,47d5948b2a8ee829848fbc3d4ce5e44ad0fd863f,windows,rust_1_95_msvc_cargo_release,large_pyramid_16206,headless_api,6,step,600,0,3,16211,16211,0,0,median_ms_per_step,49.184100667,ms,lower_is_better,49.184100667,20.331773611,0,ok,ok,engine_runner_cli,work_unit_wall_sum_inline,6,large_pyramid,1,substeps=4; sleep=disabled; ccd=disabled; solver_defaults=avian; worker_count=6,rust_1_95_msvc_cargo_release,6,6,,,6,yes,,,,,,,,,,,600,29510.460400000,,,,,results/large-pyramid-16206/intel-core-i7-13700k/2026-10-05_0940_ddr5-4800_threads-1-2-3-4-5-6-8-10-12-14-16-24_r5/raw/avian3d/t6/avian3d_t6_raw.csv
2026-10-05_0940_ddr5-4800_threads-1-2-3-4-5-6-8-10-12-14-16-24_r5,avian3d,47d5948b2a8ee829848fbc3d4ce5e44ad0fd863f,windows,rust_1_95_msvc_cargo_release,large_pyramid_16206,headless_api,6,step,600,0,4,16211,16211,0,0,median_ms_per_step,48.872387333,ms,lower_is_better,48.872387333,20.461451846,0,ok,ok,engine_runner_cli,work_unit_wall_sum_inline,6,large_pyramid,1,substeps=4; sleep=disabled; ccd=disabled; solver_defaults=avian; worker_count=6,rust_1_95_msvc_cargo_release,6,6,,,6,yes,,,,,,,,,,,600,29323.432400000,,,,,results/large-pyramid-16206/intel-core-i7-13700k/2026-10-05_0940_ddr5-4800_threads-1-2-3-4-5-6-8-10-12-14-16-24_r5/raw/avian3d/t6/avian3d_t6_raw.csv
2026-10-05_0940_ddr5-4800_threads-1-2-3-4-5-6-8-10-12-14-16-24_r5,avian3d,47d5948b2a8ee829848fbc3d4ce5e44ad0fd863f,windows,rust_1_95_msvc_cargo_release,large_pyramid_16206,headless_api,8,step,600,0,0,16211,16211,0,0,median_ms_per_step,42.585129333,ms,lower_is_better,42.585129333,23.482375554,0,ok,ok,engine_runner_cli,work_unit_wall_sum_inline,8,large_pyramid,1,substeps=4; sleep=disabled; ccd=disabled; solver_defaults=avian; worker_count=8,rust_1_95_msvc_cargo_release,8,8,,,8,yes,,,,,,,,,,,600,25551.077600000,,,,,results/large-pyramid-16206/intel-core-i7-13700k/2026-10-05_0940_ddr5-4800_threads-1-2-3-4-5-6-8-10-12-14-16-24_r5/raw/avian3d/t8/avian3d_t8_raw.csv
2026-10-05_0940_ddr5-4800_threads-1-2-3-4-5-6-8-10-12-14-16-24_r5,avian3d,47d5948b2a8ee829848fbc3d4ce5e44ad0fd863f,windows,rust_1_95_msvc_cargo_release,large_pyramid_16206,headless_api,8,step,600,0,1,16211,16211,0,0,median_ms_per_step,42.364194333,ms,lower_is_better,42.364194333,23.604839316,0,ok,ok,engine_runner_cli,work_unit_wall_sum_inline,8,large_pyramid,1,substeps=4; sleep=disabled; ccd=disabled; solver_defaults=avian; worker_count=8,rust_1_95_msvc_cargo_release,8,8,,,8,yes,,,,,,,,,,,600,25418.516600000,,,,,results/large-pyramid-16206/intel-core-i7-13700k/2026-10-05_0940_ddr5-4800_threads-1-2-3-4-5-6-8-10-12-14-16-24_r5/raw/avian3d/t8/avian3d_t8_raw.csv
2026-10-05_0940_ddr5-4800_threads-1-2-3-4-5-6-8-10-12-14-16-24_r5,avian3d,47d5948b2a8ee829848fbc3d4ce5e44ad0fd863f,windows,rust_1_95_msvc_cargo_release,large_pyramid_16206,headless_api,8,step,600,0,2,16211,16211,0,0,median_ms_per_step,42.729286833,ms,lower_is_better,42.729286833,23.403152126,0,ok,ok,engine_runner_cli,work_unit_wall_sum_inline,8,large_pyramid,1,substeps=4; sleep=disabled; ccd=disabled; solver_defaults=avian; worker_count=8,rust_1_95_msvc_cargo_release,8,8,,,8,yes,,,,,,,,,,,600,25637.572100000,,,,,results/large-pyramid-16206/intel-core-i7-13700k/2026-10-05_0940_ddr5-4800_threads-1-2-3-4-5-6-8-10-12-14-16-24_r5/raw/avian3d/t8/avian3d_t8_raw.csv
2026-10-05_0940_ddr5-4800_threads-1-2-3-4-5-6-8-10-12-14-16-24_r5,avian3d,47d5948b2a8ee829848fbc3d4ce5e44ad0fd863f,windows,rust_1_95_msvc_cargo_release,large_pyramid_16206,headless_api,8,step,600,0,3,16211,16211,0,0,median_ms_per_step,41.863632500,ms,lower_is_better,41.863632500,23.887081466,0,ok,ok,engine_runner_cli,work_unit_wall_sum_inline,8,large_pyramid,1,substeps=4; sleep=disabled; ccd=disabled; solver_defaults=avian; worker_count=8,rust_1_95_msvc_cargo_release,8,8,,,8,yes,,,,,,,,,,,600,25118.179500000,,,,,results/large-pyramid-16206/intel-core-i7-13700k/2026-10-05_0940_ddr5-4800_threads-1-2-3-4-5-6-8-10-12-14-16-24_r5/raw/avian3d/t8/avian3d_t8_raw.csv
2026-10-05_0940_ddr5-4800_threads-1-2-3-4-5-6-8-10-12-14-16-24_r5,avian3d,47d5948b2a8ee829848fbc3d4ce5e44ad0fd863f,windows,rust_1_95_msvc_cargo_release,large_pyramid_16206,headless_api,8,step,600,0,4,16211,16211,0,0,median_ms_per_step,41.792453000,ms,lower_is_better,41.792453000,23.927765140,0,ok,ok,engine_runner_cli,work_unit_wall_sum_inline,8,large_pyramid,1,substeps=4; sleep=disabled; ccd=disabled; solver_defaults=avian; worker_count=8,rust_1_95_msvc_cargo_release,8,8,,,8,yes,,,,,,,,,,,600,25075.471800000,,,,,results/large-pyramid-16206/intel-core-i7-13700k/2026-10-05_0940_ddr5-4800_threads-1-2-3-4-5-6-8-10-12-14-16-24_r5/raw/avian3d/t8/avian3d_t8_raw.csv
2026-10-05_0940_ddr5-4800_threads-1-2-3-4-5-6-8-10-12-14-16-24_r5,avian3d,47d5948b2a8ee829848fbc3d4ce5e44ad0fd863f,windows,rust_1_95_msvc_cargo_release,large_pyramid_16206,headless_api,10,step,600,0,0,16211,16211,0,0,median_ms_per_step,46.523089500,ms,lower_is_better,46.523089500,21.494703184,0,ok,ok,engine_runner_cli,work_unit_wall_sum_inline,10,large_pyramid,1,substeps=4; sleep=disabled; ccd=disabled; solver_defaults=avian; worker_count=10,rust_1_95_msvc_cargo_release,10,10,,,10,yes,,,,,,,,,,,600,27913.853700000,,,,,results/large-pyramid-16206/intel-core-i7-13700k/2026-10-05_0940_ddr5-4800_threads-1-2-3-4-5-6-8-10-12-14-16-24_r5/raw/avian3d/t10/avian3d_t10_raw.csv
2026-10-05_0940_ddr5-4800_threads-1-2-3-4-5-6-8-10-12-14-16-24_r5,avian3d,47d5948b2a8ee829848fbc3d4ce5e44ad0fd863f,windows,rust_1_95_msvc_cargo_release,large_pyramid_16206,headless_api,10,step,600,0,1,16211,16211,0,0,median_ms_per_step,47.497019667,ms,lower_is_better,47.497019667,21.053952585,0,ok,ok,engine_runner_cli,work_unit_wall_sum_inline,10,large_pyramid,1,substeps=4; sleep=disabled; ccd=disabled; solver_defaults=avian; worker_count=10,rust_1_95_msvc_cargo_release,10,10,,,10,yes,,,,,,,,,,,600,28498.211800000,,,,,results/large-pyramid-16206/intel-core-i7-13700k/2026-10-05_0940_ddr5-4800_threads-1-2-3-4-5-6-8-10-12-14-16-24_r5/raw/avian3d/t10/avian3d_t10_raw.csv
2026-10-05_0940_ddr5-4800_threads-1-2-3-4-5-6-8-10-12-14-16-24_r5,avian3d,47d5948b2a8ee829848fbc3d4ce5e44ad0fd863f,windows,rust_1_95_msvc_cargo_release,large_pyramid_16206,headless_api,10,step,600,0,2,16211,16211,0,0,median_ms_per_step,46.804405167,ms,lower_is_better,46.804405167,21.365510286,0,ok,ok,engine_runner_cli,work_unit_wall_sum_inline,10,large_pyramid,1,substeps=4; sleep=disabled; ccd=disabled; solver_defaults=avian; worker_count=10,rust_1_95_msvc_cargo_release,10,10,,,10,yes,,,,,,,,,,,600,28082.643100000,,,,,results/large-pyramid-16206/intel-core-i7-13700k/2026-10-05_0940_ddr5-4800_threads-1-2-3-4-5-6-8-10-12-14-16-24_r5/raw/avian3d/t10/avian3d_t10_raw.csv
2026-10-05_0940_ddr5-4800_threads-1-2-3-4-5-6-8-10-12-14-16-24_r5,avian3d,47d5948b2a8ee829848fbc3d4ce5e44ad0fd863f,windows,rust_1_95_msvc_cargo_release,large_pyramid_16206,headless_api,10,step,600,0,3,16211,16211,0,0,median_ms_per_step,46.971050500,ms,lower_is_better,46.971050500,21.289709073,0,ok,ok,engine_runner_cli,work_unit_wall_sum_inline,10,large_pyramid,1,substeps=4; sleep=disabled; ccd=disabled; solver_defaults=avian; worker_count=10,rust_1_95_msvc_cargo_release,10,10,,,10,yes,,,,,,,,,,,600,28182.630300000,,,,,results/large-pyramid-16206/intel-core-i7-13700k/2026-10-05_0940_ddr5-4800_threads-1-2-3-4-5-6-8-10-12-14-16-24_r5/raw/avian3d/t10/avian3d_t10_raw.csv
2026-10-05_0940_ddr5-4800_threads-1-2-3-4-5-6-8-10-12-14-16-24_r5,avian3d,47d5948b2a8ee829848fbc3d4ce5e44ad0fd863f,windows,rust_1_95_msvc_cargo_release,large_pyramid_16206,headless_api,10,step,600,0,4,16211,16211,0,0,median_ms_per_step,46.949249167,ms,lower_is_better,46.949249167,21.299595153,0,ok,ok,engine_runner_cli,work_unit_wall_sum_inline,10,large_pyramid,1,substeps=4; sleep=disabled; ccd=disabled; solver_defaults=avian; worker_count=10,rust_1_95_msvc_cargo_release,10,10,,,10,yes,,,,,,,,,,,600,28169.549500000,,,,,results/large-pyramid-16206/intel-core-i7-13700k/2026-10-05_0940_ddr5-4800_threads-1-2-3-4-5-6-8-10-12-14-16-24_r5/raw/avian3d/t10/avian3d_t10_raw.csv
2026-10-05_0940_ddr5-4800_threads-1-2-3-4-5-6-8-10-12-14-16-24_r5,avian3d,47d5948b2a8ee829848fbc3d4ce5e44ad0fd863f,windows,rust_1_95_msvc_cargo_release,large_pyramid_16206,headless_api,12,step,600,0,0,16211,16211,0,0,median_ms_per_step,44.102404333,ms,lower_is_better,44.102404333,22.674500747,0,ok,ok,engine_runner_cli,work_unit_wall_sum_inline,12,large_pyramid,1,substeps=4; sleep=disabled; ccd=disabled; solver_defaults=avian; worker_count=12,rust_1_95_msvc_cargo_release,12,12,,,12,yes,,,,,,,,,,,600,26461.442600000,,,,,results/large-pyramid-16206/intel-core-i7-13700k/2026-10-05_0940_ddr5-4800_threads-1-2-3-4-5-6-8-10-12-14-16-24_r5/raw/avian3d/t12/avian3d_t12_raw.csv
2026-10-05_0940_ddr5-4800_threads-1-2-3-4-5-6-8-10-12-14-16-24_r5,avian3d,47d5948b2a8ee829848fbc3d4ce5e44ad0fd863f,windows,rust_1_95_msvc_cargo_release,large_pyramid_16206,headless_api,12,step,600,0,1,16211,16211,0,0,median_ms_per_step,43.667509833,ms,lower_is_better,43.667509833,22.900321173,0,ok,ok,engine_runner_cli,work_unit_wall_sum_inline,12,large_pyramid,1,substeps=4; sleep=disabled; ccd=disabled; solver_defaults=avian; worker_count=12,rust_1_95_msvc_cargo_release,12,12,,,12,yes,,,,,,,,,,,600,26200.505900000,,,,,results/large-pyramid-16206/intel-core-i7-13700k/2026-10-05_0940_ddr5-4800_threads-1-2-3-4-5-6-8-10-12-14-16-24_r5/raw/avian3d/t12/avian3d_t12_raw.csv
2026-10-05_0940_ddr5-4800_threads-1-2-3-4-5-6-8-10-12-14-16-24_r5,avian3d,47d5948b2a8ee829848fbc3d4ce5e44ad0fd863f,windows,rust_1_95_msvc_cargo_release,large_pyramid_16206,headless_api,12,step,600,0,2,16211,16211,0,0,median_ms_per_step,43.419006167,ms,lower_is_better,43.419006167,23.031388516,0,ok,ok,engine_runner_cli,work_unit_wall_sum_inline,12,large_pyramid,1,substeps=4; sleep=disabled; ccd=disabled; solver_defaults=avian; worker_count=12,rust_1_95_msvc_cargo_release,12,12,,,12,yes,,,,,,,,,,,600,26051.403700000,,,,,results/large-pyramid-16206/intel-core-i7-13700k/2026-10-05_0940_ddr5-4800_threads-1-2-3-4-5-6-8-10-12-14-16-24_r5/raw/avian3d/t12/avian3d_t12_raw.csv
2026-10-05_0940_ddr5-4800_threads-1-2-3-4-5-6-8-10-12-14-16-24_r5,avian3d,47d5948b2a8ee829848fbc3d4ce5e44ad0fd863f,windows,rust_1_95_msvc_cargo_release,large_pyramid_16206,headless_api,12,step,600,0,3,16211,16211,0,0,median_ms_per_step,43.622039333,ms,lower_is_better,43.622039333,22.924191883,0,ok,ok,engine_runner_cli,work_unit_wall_sum_inline,12,large_pyramid,1,substeps=4; sleep=disabled; ccd=disabled; solver_defaults=avian; worker_count=12,rust_1_95_msvc_cargo_release,12,12,,,12,yes,,,,,,,,,,,600,26173.223600000,,,,,results/large-pyramid-16206/intel-core-i7-13700k/2026-10-05_0940_ddr5-4800_threads-1-2-3-4-5-6-8-10-12-14-16-24_r5/raw/avian3d/t12/avian3d_t12_raw.csv
2026-10-05_0940_ddr5-4800_threads-1-2-3-4-5-6-8-10-12-14-16-24_r5,avian3d,47d5948b2a8ee829848fbc3d4ce5e44ad0fd863f,windows,rust_1_95_msvc_cargo_release,large_pyramid_16206,headless_api,12,step,600,0,4,16211,16211,0,0,median_ms_per_step,43.534453167,ms,lower_is_better,43.534453167,22.970312643,0,ok,ok,engine_runner_cli,work_unit_wall_sum_inline,12,large_pyramid,1,substeps=4; sleep=disabled; ccd=disabled; solver_defaults=avian; worker_count=12,rust_1_95_msvc_cargo_release,12,12,,,12,yes,,,,,,,,,,,600,26120.671900000,,,,,results/large-pyramid-16206/intel-core-i7-13700k/2026-10-05_0940_ddr5-4800_threads-1-2-3-4-5-6-8-10-12-14-16-24_r5/raw/avian3d/t12/avian3d_t12_raw.csv
2026-10-05_0940_ddr5-4800_threads-1-2-3-4-5-6-8-10-12-14-16-24_r5,avian3d,47d5948b2a8ee829848fbc3d4ce5e44ad0fd863f,windows,rust_1_95_msvc_cargo_release,large_pyramid_16206,headless_api,14,step,600,0,0,16211,16211,0,0,median_ms_per_step,41.931930167,ms,lower_is_better,41.931930167,23.848174792,0,ok,ok,engine_runner_cli,work_unit_wall_sum_inline,14,large_pyramid,1,substeps=4; sleep=disabled; ccd=disabled; solver_defaults=avian; worker_count=14,rust_1_95_msvc_cargo_release,14,14,,,14,yes,,,,,,,,,,,600,25159.158100000,,,,,results/large-pyramid-16206/intel-core-i7-13700k/2026-10-05_0940_ddr5-4800_threads-1-2-3-4-5-6-8-10-12-14-16-24_r5/raw/avian3d/t14/avian3d_t14_raw.csv
2026-10-05_0940_ddr5-4800_threads-1-2-3-4-5-6-8-10-12-14-16-24_r5,avian3d,47d5948b2a8ee829848fbc3d4ce5e44ad0fd863f,windows,rust_1_95_msvc_cargo_release,large_pyramid_16206,headless_api,14,step,600,0,1,16211,16211,0,0,median_ms_per_step,42.091445167,ms,lower_is_better,42.091445167,23.757796769,0,ok,ok,engine_runner_cli,work_unit_wall_sum_inline,14,large_pyramid,1,substeps=4; sleep=disabled; ccd=disabled; solver_defaults=avian; worker_count=14,rust_1_95_msvc_cargo_release,14,14,,,14,yes,,,,,,,,,,,600,25254.867100000,,,,,results/large-pyramid-16206/intel-core-i7-13700k/2026-10-05_0940_ddr5-4800_threads-1-2-3-4-5-6-8-10-12-14-16-24_r5/raw/avian3d/t14/avian3d_t14_raw.csv
2026-10-05_0940_ddr5-4800_threads-1-2-3-4-5-6-8-10-12-14-16-24_r5,avian3d,47d5948b2a8ee829848fbc3d4ce5e44ad0fd863f,windows,rust_1_95_msvc_cargo_release,large_pyramid_16206,headless_api,14,step,600,0,2,16211,16211,0,0,median_ms_per_step,42.070948500,ms,lower_is_better,42.070948500,23.769371399,0,ok,ok,engine_runner_cli,work_unit_wall_sum_inline,14,large_pyramid,1,substeps=4; sleep=disabled; ccd=disabled; solver_defaults=avian; worker_count=14,rust_1_95_msvc_cargo_release,14,14,,,14,yes,,,,,,,,,,,600,25242.569100000,,,,,results/large-pyramid-16206/intel-core-i7-13700k/2026-10-05_0940_ddr5-4800_threads-1-2-3-4-5-6-8-10-12-14-16-24_r5/raw/avian3d/t14/avian3d_t14_raw.csv
2026-10-05_0940_ddr5-4800_threads-1-2-3-4-5-6-8-10-12-14-16-24_r5,avian3d,47d5948b2a8ee829848fbc3d4ce5e44ad0fd863f,windows,rust_1_95_msvc_cargo_release,large_pyramid_16206,headless_api,14,step,600,0,3,16211,16211,0,0,median_ms_per_step,42.135002000,ms,lower_is_better,42.135002000,23.733237274,0,ok,ok,engine_runner_cli,work_unit_wall_sum_inline,14,large_pyramid,1,substeps=4; sleep=disabled; ccd=disabled; solver_defaults=avian; worker_count=14,rust_1_95_msvc_cargo_release,14,14,,,14,yes,,,,,,,,,,,600,25281.001200000,,,,,results/large-pyramid-16206/intel-core-i7-13700k/2026-10-05_0940_ddr5-4800_threads-1-2-3-4-5-6-8-10-12-14-16-24_r5/raw/avian3d/t14/avian3d_t14_raw.csv
2026-10-05_0940_ddr5-4800_threads-1-2-3-4-5-6-8-10-12-14-16-24_r5,avian3d,47d5948b2a8ee829848fbc3d4ce5e44ad0fd863f,windows,rust_1_95_msvc_cargo_release,large_pyramid_16206,headless_api,14,step,600,0,4,16211,16211,0,0,median_ms_per_step,42.106421333,ms,lower_is_better,42.106421333,23.749346735,0,ok,ok,engine_runner_cli,work_unit_wall_sum_inline,14,large_pyramid,1,substeps=4; sleep=disabled; ccd=disabled; solver_defaults=avian; worker_count=14,rust_1_95_msvc_cargo_release,14,14,,,14,yes,,,,,,,,,,,600,25263.852800000,,,,,results/large-pyramid-16206/intel-core-i7-13700k/2026-10-05_0940_ddr5-4800_threads-1-2-3-4-5-6-8-10-12-14-16-24_r5/raw/avian3d/t14/avian3d_t14_raw.csv
2026-10-05_0940_ddr5-4800_threads-1-2-3-4-5-6-8-10-12-14-16-24_r5,avian3d,47d5948b2a8ee829848fbc3d4ce5e44ad0fd863f,windows,rust_1_95_msvc_cargo_release,large_pyramid_16206,headless_api,16,step,600,0,0,16211,16211,0,0,median_ms_per_step,40.693723333,ms,lower_is_better,40.693723333,24.573814291,0,ok,ok,engine_runner_cli,work_unit_wall_sum_inline,16,large_pyramid,1,substeps=4; sleep=disabled; ccd=disabled; solver_defaults=avian; worker_count=16,rust_1_95_msvc_cargo_release,16,16,,,16,yes,,,,,,,,,,,600,24416.234000000,,,,,results/large-pyramid-16206/intel-core-i7-13700k/2026-10-05_0940_ddr5-4800_threads-1-2-3-4-5-6-8-10-12-14-16-24_r5/raw/avian3d/t16/avian3d_t16_raw.csv
2026-10-05_0940_ddr5-4800_threads-1-2-3-4-5-6-8-10-12-14-16-24_r5,avian3d,47d5948b2a8ee829848fbc3d4ce5e44ad0fd863f,windows,rust_1_95_msvc_cargo_release,large_pyramid_16206,headless_api,16,step,600,0,1,16211,16211,0,0,median_ms_per_step,40.697477667,ms,lower_is_better,40.697477667,24.571547362,0,ok,ok,engine_runner_cli,work_unit_wall_sum_inline,16,large_pyramid,1,substeps=4; sleep=disabled; ccd=disabled; solver_defaults=avian; worker_count=16,rust_1_95_msvc_cargo_release,16,16,,,16,yes,,,,,,,,,,,600,24418.486600000,,,,,results/large-pyramid-16206/intel-core-i7-13700k/2026-10-05_0940_ddr5-4800_threads-1-2-3-4-5-6-8-10-12-14-16-24_r5/raw/avian3d/t16/avian3d_t16_raw.csv
2026-10-05_0940_ddr5-4800_threads-1-2-3-4-5-6-8-10-12-14-16-24_r5,avian3d,47d5948b2a8ee829848fbc3d4ce5e44ad0fd863f,windows,rust_1_95_msvc_cargo_release,large_pyramid_16206,headless_api,16,step,600,0,2,16211,16211,0,0,median_ms_per_step,41.016726667,ms,lower_is_better,41.016726667,24.380297534,0,ok,ok,engine_runner_cli,work_unit_wall_sum_inline,16,large_pyramid,1,substeps=4; sleep=disabled; ccd=disabled; solver_defaults=avian; worker_count=16,rust_1_95_msvc_cargo_release,16,16,,,16,yes,,,,,,,,,,,600,24610.036000000,,,,,results/large-pyramid-16206/intel-core-i7-13700k/2026-10-05_0940_ddr5-4800_threads-1-2-3-4-5-6-8-10-12-14-16-24_r5/raw/avian3d/t16/avian3d_t16_raw.csv
2026-10-05_0940_ddr5-4800_threads-1-2-3-4-5-6-8-10-12-14-16-24_r5,avian3d,47d5948b2a8ee829848fbc3d4ce5e44ad0fd863f,windows,rust_1_95_msvc_cargo_release,large_pyramid_16206,headless_api,16,step,600,0,3,16211,16211,0,0,median_ms_per_step,41.500022833,ms,lower_is_better,41.500022833,24.096372284,0,ok,ok,engine_runner_cli,work_unit_wall_sum_inline,16,large_pyramid,1,substeps=4; sleep=disabled; ccd=disabled; solver_defaults=avian; worker_count=16,rust_1_95_msvc_cargo_release,16,16,,,16,yes,,,,,,,,,,,600,24900.013700000,,,,,results/large-pyramid-16206/intel-core-i7-13700k/2026-10-05_0940_ddr5-4800_threads-1-2-3-4-5-6-8-10-12-14-16-24_r5/raw/avian3d/t16/avian3d_t16_raw.csv
2026-10-05_0940_ddr5-4800_threads-1-2-3-4-5-6-8-10-12-14-16-24_r5,avian3d,47d5948b2a8ee829848fbc3d4ce5e44ad0fd863f,windows,rust_1_95_msvc_cargo_release,large_pyramid_16206,headless_api,16,step,600,0,4,16211,16211,0,0,median_ms_per_step,40.792921000,ms,lower_is_better,40.792921000,24.514057231,0,ok,ok,engine_runner_cli,work_unit_wall_sum_inline,16,large_pyramid,1,substeps=4; sleep=disabled; ccd=disabled; solver_defaults=avian; worker_count=16,rust_1_95_msvc_cargo_release,16,16,,,16,yes,,,,,,,,,,,600,24475.752600000,,,,,results/large-pyramid-16206/intel-core-i7-13700k/2026-10-05_0940_ddr5-4800_threads-1-2-3-4-5-6-8-10-12-14-16-24_r5/raw/avian3d/t16/avian3d_t16_raw.csv
2026-10-05_0940_ddr5-4800_threads-1-2-3-4-5-6-8-10-12-14-16-24_r5,avian3d,47d5948b2a8ee829848fbc3d4ce5e44ad0fd863f,windows,rust_1_95_msvc_cargo_release,large_pyramid_16206,headless_api,24,step,600,0,0,16211,16211,0,0,median_ms_per_step,39.707520833,ms,lower_is_better,39.707520833,25.184145951,0,ok,ok,engine_runner_cli,work_unit_wall_sum_inline,24,large_pyramid,1,substeps=4; sleep=disabled; ccd=disabled; solver_defaults=avian; worker_count=24,rust_1_95_msvc_cargo_release,24,24,,,24,yes,,,,,,,,,,,600,23824.512500000,,,,,results/large-pyramid-16206/intel-core-i7-13700k/2026-10-05_0940_ddr5-4800_threads-1-2-3-4-5-6-8-10-12-14-16-24_r5/raw/avian3d/t24/avian3d_t24_raw.csv
2026-10-05_0940_ddr5-4800_threads-1-2-3-4-5-6-8-10-12-14-16-24_r5,avian3d,47d5948b2a8ee829848fbc3d4ce5e44ad0fd863f,windows,rust_1_95_msvc_cargo_release,large_pyramid_16206,headless_api,24,step,600,0,1,16211,16211,0,0,median_ms_per_step,39.547405500,ms,lower_is_better,39.547405500,25.286108845,0,ok,ok,engine_runner_cli,work_unit_wall_sum_inline,24,large_pyramid,1,substeps=4; sleep=disabled; ccd=disabled; solver_defaults=avian; worker_count=24,rust_1_95_msvc_cargo_release,24,24,,,24,yes,,,,,,,,,,,600,23728.443300000,,,,,results/large-pyramid-16206/intel-core-i7-13700k/2026-10-05_0940_ddr5-4800_threads-1-2-3-4-5-6-8-10-12-14-16-24_r5/raw/avian3d/t24/avian3d_t24_raw.csv
2026-10-05_0940_ddr5-4800_threads-1-2-3-4-5-6-8-10-12-14-16-24_r5,avian3d,47d5948b2a8ee829848fbc3d4ce5e44ad0fd863f,windows,rust_1_95_msvc_cargo_release,large_pyramid_16206,headless_api,24,step,600,0,2,16211,16211,0,0,median_ms_per_step,39.537303667,ms,lower_is_better,39.537303667,25.292569479,0,ok,ok,engine_runner_cli,work_unit_wall_sum_inline,24,large_pyramid,1,substeps=4; sleep=disabled; ccd=disabled; solver_defaults=avian; worker_count=24,rust_1_95_msvc_cargo_release,24,24,,,24,yes,,,,,,,,,,,600,23722.382200000,,,,,results/large-pyramid-16206/intel-core-i7-13700k/2026-10-05_0940_ddr5-4800_threads-1-2-3-4-5-6-8-10-12-14-16-24_r5/raw/avian3d/t24/avian3d_t24_raw.csv
2026-10-05_0940_ddr5-4800_threads-1-2-3-4-5-6-8-10-12-14-16-24_r5,avian3d,47d5948b2a8ee829848fbc3d4ce5e44ad0fd863f,windows,rust_1_95_msvc_cargo_release,large_pyramid_16206,headless_api,24,step,600,0,3,16211,16211,0,0,median_ms_per_step,39.903614500,ms,lower_is_better,39.903614500,25.060386447,0,ok,ok,engine_runner_cli,work_unit_wall_sum_inline,24,large_pyramid,1,substeps=4; sleep=disabled; ccd=disabled; solver_defaults=avian; worker_count=24,rust_1_95_msvc_cargo_release,24,24,,,24,yes,,,,,,,,,,,600,23942.168700000,,,,,results/large-pyramid-16206/intel-core-i7-13700k/2026-10-05_0940_ddr5-4800_threads-1-2-3-4-5-6-8-10-12-14-16-24_r5/raw/avian3d/t24/avian3d_t24_raw.csv
2026-10-05_0940_ddr5-4800_threads-1-2-3-4-5-6-8-10-12-14-16-24_r5,avian3d,47d5948b2a8ee829848fbc3d4ce5e44ad0fd863f,windows,rust_1_95_msvc_cargo_release,large_pyramid_16206,headless_api,24,step,600,0,4,16211,16211,0,0,median_ms_per_step,40.048797667,ms,lower_is_better,40.048797667,24.969538619,0,ok,ok,engine_runner_cli,work_unit_wall_sum_inline,24,large_pyramid,1,substeps=4; sleep=disabled; ccd=disabled; solver_defaults=avian; worker_count=24,rust_1_95_msvc_cargo_release,24,24,,,24,yes,,,,,,,,,,,600,24029.278600000,,,,,results/large-pyramid-16206/intel-core-i7-13700k/2026-10-05_0940_ddr5-4800_threads-1-2-3-4-5-6-8-10-12-14-16-24_r5/raw/avian3d/t24/avian3d_t24_raw.csv
2026-10-05_0940_ddr5-4800_threads-1-2-3-4-5-6-8-10-12-14-16-24_r5,bepuphysics2,c230dd1178d6f481d8b3f03c0f595f8ad910b725,windows,dotnet10_release_no_profiling_self_contained,large_pyramid_16206,headless_api,1,step,600,0,0,16211,16211,0,0,median_ms_per_step,47.428509333,ms,lower_is_better,47.428509333,21.084364954,0,ok,ok,engine_runner_cli,work_unit_wall_sum_inline,1,large_pyramid,1,velocity_iterations=1; substeps=4; linear_damping=0; angular_damping=0; sleep=disabled; ccd=disabled; deterministic=yes; worker_count=1,dotnet10_release_no_profiling_self_contained,1,1,,,1,yes,,,,,,,,,,,600,28457.105600000,,,,,results/large-pyramid-16206/intel-core-i7-13700k/2026-10-05_0940_ddr5-4800_threads-1-2-3-4-5-6-8-10-12-14-16-24_r5/raw/bepuphysics2/t1/bepuphysics2_t1_raw.csv
2026-10-05_0940_ddr5-4800_threads-1-2-3-4-5-6-8-10-12-14-16-24_r5,bepuphysics2,c230dd1178d6f481d8b3f03c0f595f8ad910b725,windows,dotnet10_release_no_profiling_self_contained,large_pyramid_16206,headless_api,1,step,600,0,1,16211,16211,0,0,median_ms_per_step,46.734827833,ms,lower_is_better,46.734827833,21.397318581,0,ok,ok,engine_runner_cli,work_unit_wall_sum_inline,1,large_pyramid,1,velocity_iterations=1; substeps=4; linear_damping=0; angular_damping=0; sleep=disabled; ccd=disabled; deterministic=yes; worker_count=1,dotnet10_release_no_profiling_self_contained,1,1,,,1,yes,,,,,,,,,,,600,28040.896700000,,,,,results/large-pyramid-16206/intel-core-i7-13700k/2026-10-05_0940_ddr5-4800_threads-1-2-3-4-5-6-8-10-12-14-16-24_r5/raw/bepuphysics2/t1/bepuphysics2_t1_raw.csv
2026-10-05_0940_ddr5-4800_threads-1-2-3-4-5-6-8-10-12-14-16-24_r5,bepuphysics2,c230dd1178d6f481d8b3f03c0f595f8ad910b725,windows,dotnet10_release_no_profiling_self_contained,large_pyramid_16206,headless_api,1,step,600,0,2,16211,16211,0,0,median_ms_per_step,46.399843500,ms,lower_is_better,46.399843500,21.551796829,0,ok,ok,engine_runner_cli,work_unit_wall_sum_inline,1,large_pyramid,1,velocity_iterations=1; substeps=4; linear_damping=0; angular_damping=0; sleep=disabled; ccd=disabled; deterministic=yes; worker_count=1,dotnet10_release_no_profiling_self_contained,1,1,,,1,yes,,,,,,,,,,,600,27839.906100000,,,,,results/large-pyramid-16206/intel-core-i7-13700k/2026-10-05_0940_ddr5-4800_threads-1-2-3-4-5-6-8-10-12-14-16-24_r5/raw/bepuphysics2/t1/bepuphysics2_t1_raw.csv
2026-10-05_0940_ddr5-4800_threads-1-2-3-4-5-6-8-10-12-14-16-24_r5,bepuphysics2,c230dd1178d6f481d8b3f03c0f595f8ad910b725,windows,dotnet10_release_no_profiling_self_contained,large_pyramid_16206,headless_api,1,step,600,0,3,16211,16211,0,0,median_ms_per_step,46.237756333,ms,lower_is_better,46.237756333,21.627346984,0,ok,ok,engine_runner_cli,work_unit_wall_sum_inline,1,large_pyramid,1,velocity_iterations=1; substeps=4; linear_damping=0; angular_damping=0; sleep=disabled; ccd=disabled; deterministic=yes; worker_count=1,dotnet10_release_no_profiling_self_contained,1,1,,,1,yes,,,,,,,,,,,600,27742.653800000,,,,,results/large-pyramid-16206/intel-core-i7-13700k/2026-10-05_0940_ddr5-4800_threads-1-2-3-4-5-6-8-10-12-14-16-24_r5/raw/bepuphysics2/t1/bepuphysics2_t1_raw.csv
2026-10-05_0940_ddr5-4800_threads-1-2-3-4-5-6-8-10-12-14-16-24_r5,bepuphysics2,c230dd1178d6f481d8b3f03c0f595f8ad910b725,windows,dotnet10_release_no_profiling_self_contained,large_pyramid_16206,headless_api,1,step,600,0,4,16211,16211,0,0,median_ms_per_step,45.125496500,ms,lower_is_better,45.125496500,22.160420994,0,ok,ok,engine_runner_cli,work_unit_wall_sum_inline,1,large_pyramid,1,velocity_iterations=1; substeps=4; linear_damping=0; angular_damping=0; sleep=disabled; ccd=disabled; deterministic=yes; worker_count=1,dotnet10_release_no_profiling_self_contained,1,1,,,1,yes,,,,,,,,,,,600,27075.297900000,,,,,results/large-pyramid-16206/intel-core-i7-13700k/2026-10-05_0940_ddr5-4800_threads-1-2-3-4-5-6-8-10-12-14-16-24_r5/raw/bepuphysics2/t1/bepuphysics2_t1_raw.csv
2026-10-05_0940_ddr5-4800_threads-1-2-3-4-5-6-8-10-12-14-16-24_r5,bepuphysics2,c230dd1178d6f481d8b3f03c0f595f8ad910b725,windows,dotnet10_release_no_profiling_self_contained,large_pyramid_16206,headless_api,2,step,600,0,0,16211,16211,0,0,median_ms_per_step,24.925585667,ms,lower_is_better,24.925585667,40.119418391,0,ok,ok,engine_runner_cli,work_unit_wall_sum_inline,2,large_pyramid,1,velocity_iterations=1; substeps=4; linear_damping=0; angular_damping=0; sleep=disabled; ccd=disabled; deterministic=yes; worker_count=2,dotnet10_release_no_profiling_self_contained,2,2,,,2,yes,,,,,,,,,,,600,14955.351400000,,,,,results/large-pyramid-16206/intel-core-i7-13700k/2026-10-05_0940_ddr5-4800_threads-1-2-3-4-5-6-8-10-12-14-16-24_r5/raw/bepuphysics2/t2/bepuphysics2_t2_raw.csv
2026-10-05_0940_ddr5-4800_threads-1-2-3-4-5-6-8-10-12-14-16-24_r5,box3d,9e5a4cde862fba95ff19f096b79567f3ea6c01fd,windows,windows_clang_cl_release,large_pyramid_16206,headless_api,1,step,600,0,0,16211,16211,0,0,median_ms_per_step,69.054729833,ms,lower_is_better,69.054729833,14.481267285,0,ok,ok,engine_runner_cli,work_unit_wall_sum_inline,1,large_pyramid,1,substeps=4; sleep=disabled; ccd=disabled; worker_count=0,windows_clang_cl_release,1,0,,,0,yes,,,,,,,,,,,600,41432.837900000,,,,,results/large-pyramid-16206/intel-core-i7-13700k/2026-10-05_0940_ddr5-4800_threads-1-2-3-4-5-6-8-10-12-14-16-24_r5/raw/box3d/t1/box3d_t1_raw.csv
2026-10-05_0940_ddr5-4800_threads-1-2-3-4-5-6-8-10-12-14-16-24_r5,entasis,c380d34c57cf83e1cb481d712de4460d16c08774,windows,odin_dev_2026_09_windows_amd64_v3,large_pyramid_16206,headless_api,1,step,600,0,0,16211,16211,0,0,median_ms_per_step,34.768727000,ms,lower_is_better,34.768727000,28.761478670,0,ok,ok,engine_runner_cli,work_unit_wall_sum_inline,1,large_pyramid,1,velocity_iterations=1; substeps=4; linear_damping=0; angular_damping=0; sleep=disabled; ccd=discrete; friction=0.5; restitution=0; worker_count=0,odin_dev_2026_09_windows_amd64_v3,1,0,,,0,yes,,,,,,,,,,,600,20861.236200000,,,,,results/large-pyramid-16206/intel-core-i7-13700k/2026-10-05_0940_ddr5-4800_threads-1-2-3-4-5-6-8-10-12-14-16-24_r5/raw/entasis/t1/entasis_t1_raw.csv
2026-10-05_0940_ddr5-4800_threads-1-2-3-4-5-6-8-10-12-14-16-24_r5,entasis,c380d34c57cf83e1cb481d712de4460d16c08774,windows,odin_dev_2026_09_windows_amd64_v3,large_pyramid_16206,headless_api,1,step,600,0,1,16211,16211,0,0,median_ms_per_step,33.597233500,ms,lower_is_better,33.597233500,29.764355449,0,ok,ok,engine_runner_cli,work_unit_wall_sum_inline,1,large_pyramid,1,velocity_iterations=1; substeps=4; linear_damping=0; angular_damping=0; sleep=disabled; ccd=discrete; friction=0.5; restitution=0; worker_count=0,odin_dev_2026_09_windows_amd64_v3,1,0,,,0,yes,,,,,,,,,,,600,20158.340100000,,,,,results/large-pyramid-16206/intel-core-i7-13700k/2026-10-05_0940_ddr5-4800_threads-1-2-3-4-5-6-8-10-12-14-16-24_r5/raw/entasis/t1/entasis_t1_raw.csv
2026-10-05_0940_ddr5-4800_threads-1-2-3-4-5-6-8-10-12-14-16-24_r5,entasis,c380d34c57cf83e1cb481d712de4460d16c08774,windows,odin_dev_2026_09_windows_amd64_v3,large_pyramid_16206,headless_api,1,step,600,0,2,16211,16211,0,0,median_ms_per_step,33.643354333,ms,lower_is_better,33.643354333,29.723552238,0,ok,ok,engine_runner_cli,work_unit_wall_sum_inline,1,large_pyramid,1,velocity_iterations=1; substeps=4; linear_damping=0; angular_damping=0; sleep=disabled; ccd=discrete; friction=0.5; restitution=0; worker_count=0,odin_dev_2026_09_windows_amd64_v3,1,0,,,0,yes,,,,,,,,,,,600,20186.012600000,,,,,results/large-pyramid-16206/intel-core-i7-13700k/2026-10-05_0940_ddr5-4800_threads-1-2-3-4-5-6-8-10-12-14-16-24_r5/raw/entasis/t1/entasis_t1_raw.csv
2026-10-05_0940_ddr5-4800_threads-1-2-3-4-5-6-8-10-12-14-16-24_r5,entasis,c380d34c57cf83e1cb481d712de4460d16c08774,windows,odin_dev_2026_09_windows_amd64_v3,large_pyramid_16206,headless_api,1,step,600,0,3,16211,16211,0,0,median_ms_per_step,34.163685333,ms,lower_is_better,34.163685333,29.270846814,0,ok,ok,engine_runner_cli,work_unit_wall_sum_inline,1,large_pyramid,1,velocity_iterations=1; substeps=4; linear_damping=0; angular_damping=0; sleep=disabled; ccd=discrete; friction=0.5; restitution=0; worker_count=0,odin_dev_2026_09_windows_amd64_v3,1,0,,,0,yes,,,,,,,,,,,600,20498.211200000,,,,,results/large-pyramid-16206/intel-core-i7-13700k/2026-10-05_0940_ddr5-4800_threads-1-2-3-4-5-6-8-10-12-14-16-24_r5/raw/entasis/t1/entasis_t1_raw.csv
2026-10-05_0940_ddr5-4800_threads-1-2-3-4-5-6-8-10-12-14-16-24_r5,entasis,c380d34c57cf83e1cb481d712de4460d16c08774,windows,odin_dev_2026_09_windows_amd64_v3,large_pyramid_16206,headless_api,1,step,600,0,4,16211,16211,0,0,median_ms_per_step,34.313563667,ms,lower_is_better,34.313563667,29.142994581,0,ok,ok,engine_runner_cli,work_unit_wall_sum_inline,1,large_pyramid,1,velocity_iterations=1; substeps=4; linear_damping=0; angular_damping=0; sleep=disabled; ccd=discrete; friction=0.5; restitution=0; worker_count=0,odin_dev_2026_09_windows_amd64_v3,1,0,,,0,yes,,,,,,,,,,,600,20588.138200000,,,,,results/large-pyramid-16206/intel-core-i7-13700k/2026-10-05_0940_ddr5-4800_threads-1-2-3-4-5-6-8-10-12-14-16-24_r5/raw/entasis/t1/entasis_t1_raw.csv
2026-10-05_0940_ddr5-4800_threads-1-2-3-4-5-6-8-10-12-14-16-24_r5,entasis,c380d34c57cf83e1cb481d712de4460d16c08774,windows,odin_dev_2026_09_windows_amd64_v3,large_pyramid_16206,headless_api,2,step,600,0,0,16211,16211,0,0,median_ms_per_step,19.351217667,ms,lower_is_better,19.351217667,51.676334649,0,ok,ok,engine_runner_cli,work_unit_wall_sum_inline,2,large_pyramid,1,velocity_iterations=1; substeps=4; linear_damping=0; angular_damping=0; sleep=disabled; ccd=discrete; friction=0.5; restitution=0; worker_count=1,odin_dev_2026_09_windows_amd64_v3,2,1,,,1,yes,,,,,,,,,,,600,11610.730600000,,,,,results/large-pyramid-16206/intel-core-i7-13700k/2026-10-05_0940_ddr5-4800_threads-1-2-3-4-5-6-8-10-12-14-16-24_r5/raw/entasis/t2/entasis_t2_raw.csv
2026-10-05_0940_ddr5-4800_threads-1-2-3-4-5-6-8-10-12-14-16-24_r5,entasis,c380d34c57cf83e1cb481d712de4460d16c08774,windows,odin_dev_2026_09_windows_amd64_v3,large_pyramid_16206,headless_api,2,step,600,0,1,16211,16211,0,0,median_ms_per_step,19.403644000,ms,lower_is_better,19.403644000,51.536711352,0,ok,ok,engine_runner_cli,work_unit_wall_sum_inline,2,large_pyramid,1,velocity_iterations=1; substeps=4; linear_damping=0; angular_damping=0; sleep=disabled; ccd=discrete; friction=0.5; restitution=0; worker_count=1,odin_dev_2026_09_windows_amd64_v3,2,1,,,1,yes,,,,,,,,,,,600,11642.186400000,,,,,results/large-pyramid-16206/intel-core-i7-13700k/2026-10-05_0940_ddr5-4800_threads-1-2-3-4-5-6-8-10-12-14-16-24_r5/raw/entasis/t2/entasis_t2_raw.csv
2026-10-05_0940_ddr5-4800_threads-1-2-3-4-5-6-8-10-12-14-16-24_r5,entasis,c380d34c57cf83e1cb481d712de4460d16c08774,windows,odin_dev_2026_09_windows_amd64_v3,large_pyramid_16206,headless_api,2,step,600,0,2,16211,16211,0,0,median_ms_per_step,20.141166167,ms,lower_is_better,20.141166167,49.649558110,0,ok,ok,engine_runner_cli,work_unit_wall_sum_inline,2,large_pyramid,1,velocity_iterations=1; substeps=4; linear_damping=0; angular_damping=0; sleep=disabled; ccd=discrete; friction=0.5; restitution=0; worker_count=1,odin_dev_2026_09_windows_amd64_v3,2,1,,,1,yes,,,,,,,,,,,600,12084.699700000,,,,,results/large-pyramid-16206/intel-core-i7-13700k/2026-10-05_0940_ddr5-4800_threads-1-2-3-4-5-6-8-10-12-14-16-24_r5/raw/entasis/t2/entasis_t2_raw.csv
2026-10-05_0940_ddr5-4800_threads-1-2-3-4-5-6-8-10-12-14-16-24_r5,entasis,c380d34c57cf83e1cb481d712de4460d16c08774,windows,odin_dev_2026_09_windows_amd64_v3,large_pyramid_16206,headless_api,2,step,600,0,3,16211,16211,0,0,median_ms_per_step,19.423307333,ms,lower_is_better,19.423307333,51.484537769,0,ok,ok,engine_runner_cli,work_unit_wall_sum_inline,2,large_pyramid,1,velocity_iterations=1; substeps=4; linear_damping=0; angular_damping=0; sleep=disabled; ccd=discrete; friction=0.5; restitution=0; worker_count=1,odin_dev_2026_09_windows_amd64_v3,2,1,,,1,yes,,,,,,,,,,,600,11653.984400000,,,,,results/large-pyramid-16206/intel-core-i7-13700k/2026-10-05_0940_ddr5-4800_threads-1-2-3-4-5-6-8-10-12-14-16-24_r5/raw/entasis/t2/entasis_t2_raw.csv
2026-10-05_0940_ddr5-4800_threads-1-2-3-4-5-6-8-10-12-14-16-24_r5,entasis,c380d34c57cf83e1cb481d712de4460d16c08774,windows,odin_dev_2026_09_windows_amd64_v3,large_pyramid_16206,headless_api,2,step,600,0,4,16211,16211,0,0,median_ms_per_step,19.450193167,ms,lower_is_better,19.450193167,51.413371139,0,ok,ok,engine_runner_cli,work_unit_wall_sum_inline,2,large_pyramid,1,velocity_iterations=1; substeps=4; linear_damping=0; angular_damping=0; sleep=disabled; ccd=discrete; friction=0.5; restitution=0; worker_count=1,odin_dev_2026_09_windows_amd64_v3,2,1,,,1,yes,,,,,,,,,,,600,11670.115900000,,,,,results/large-pyramid-16206/intel-core-i7-13700k/2026-10-05_0940_ddr5-4800_threads-1-2-3-4-5-6-8-10-12-14-16-24_r5/raw/entasis/t2/entasis_t2_raw.csv
2026-10-05_0940_ddr5-4800_threads-1-2-3-4-5-6-8-10-12-14-16-24_r5,entasis,c380d34c57cf83e1cb481d712de4460d16c08774,windows,odin_dev_2026_09_windows_amd64_v3,large_pyramid_16206,headless_api,3,step,600,0,0,16211,16211,0,0,median_ms_per_step,14.660879000,ms,lower_is_better,14.660879000,68.208734278,0,ok,ok,engine_runner_cli,work_unit_wall_sum_inline,3,large_pyramid,1,velocity_iterations=1; substeps=4; linear_damping=0; angular_damping=0; sleep=disabled; ccd=discrete; friction=0.5; restitution=0; worker_count=2,odin_dev_2026_09_windows_amd64_v3,3,2,,,2,yes,,,,,,,,,,,600,8796.527400000,,,,,results/large-pyramid-16206/intel-core-i7-13700k/2026-10-05_0940_ddr5-4800_threads-1-2-3-4-5-6-8-10-12-14-16-24_r5/raw/entasis/t3/entasis_t3_raw.csv
2026-10-05_0940_ddr5-4800_threads-1-2-3-4-5-6-8-10-12-14-16-24_r5,entasis,c380d34c57cf83e1cb481d712de4460d16c08774,windows,odin_dev_2026_09_windows_amd64_v3,large_pyramid_16206,headless_api,3,step,600,0,1,16211,16211,0,0,median_ms_per_step,15.211144667,ms,lower_is_better,15.211144667,65.741272068,0,ok,ok,engine_runner_cli,work_unit_wall_sum_inline,3,large_pyramid,1,velocity_iterations=1; substeps=4; linear_damping=0; angular_damping=0; sleep=disabled; ccd=discrete; friction=0.5; restitution=0; worker_count=2,odin_dev_2026_09_windows_amd64_v3,3,2,,,2,yes,,,,,,,,,,,600,9126.686800000,,,,,results/large-pyramid-16206/intel-core-i7-13700k/2026-10-05_0940_ddr5-4800_threads-1-2-3-4-5-6-8-10-12-14-16-24_r5/raw/entasis/t3/entasis_t3_raw.csv
2026-10-05_0940_ddr5-4800_threads-1-2-3-4-5-6-8-10-12-14-16-24_r5,entasis,c380d34c57cf83e1cb481d712de4460d16c08774,windows,odin_dev_2026_09_windows_amd64_v3,large_pyramid_16206,headless_api,3,step,600,0,2,16211,16211,0,0,median_ms_per_step,14.671633667,ms,lower_is_better,14.671633667,68.158735606,0,ok,ok,engine_runner_cli,work_unit_wall_sum_inline,3,large_pyramid,1,velocity_iterations=1; substeps=4; linear_damping=0; angular_damping=0; sleep=disabled; ccd=discrete; friction=0.5; restitution=0; worker_count=2,odin_dev_2026_09_windows_amd64_v3,3,2,,,2,yes,,,,,,,,,,,600,8802.980200000,,,,,results/large-pyramid-16206/intel-core-i7-13700k/2026-10-05_0940_ddr5-4800_threads-1-2-3-4-5-6-8-10-12-14-16-24_r5/raw/entasis/t3/entasis_t3_raw.csv
2026-10-05_0940_ddr5-4800_threads-1-2-3-4-5-6-8-10-12-14-16-24_r5,entasis,c380d34c57cf83e1cb481d712de4460d16c08774,windows,odin_dev_2026_09_windows_amd64_v3,large_pyramid_16206,headless_api,3,step,600,0,3,16211,16211,0,0,median_ms_per_step,14.647763167,ms,lower_is_better,14.647763167,68.269809432,0,ok,ok,engine_runner_cli,work_unit_wall_sum_inline,3,large_pyramid,1,velocity_iterations=1; substeps=4; linear_damping=0; angular_damping=0; sleep=disabled; ccd=discrete; friction=0.5; restitution=0; worker_count=2,odin_dev_2026_09_windows_amd64_v3,3,2,,,2,yes,,,,,,,,,,,600,8788.657900000,,,,,results/large-pyramid-16206/intel-core-i7-13700k/2026-10-05_0940_ddr5-4800_threads-1-2-3-4-5-6-8-10-12-14-16-24_r5/raw/entasis/t3/entasis_t3_raw.csv
2026-10-05_0940_ddr5-4800_threads-1-2-3-4-5-6-8-10-12-14-16-24_r5,entasis,c380d34c57cf83e1cb481d712de4460d16c08774,windows,odin_dev_2026_09_windows_amd64_v3,large_pyramid_16206,headless_api,3,step,600,0,4,16211,16211,0,0,median_ms_per_step,14.540089333,ms,lower_is_better,14.540089333,68.775368368,0,ok,ok,engine_runner_cli,work_unit_wall_sum_inline,3,large_pyramid,1,velocity_iterations=1; substeps=4; linear_damping=0; angular_damping=0; sleep=disabled; ccd=discrete; friction=0.5; restitution=0; worker_count=2,odin_dev_2026_09_windows_amd64_v3,3,2,,,2,yes,,,,,,,,,,,600,8724.053600000,,,,,results/large-pyramid-16206/intel-core-i7-13700k/2026-10-05_0940_ddr5-4800_threads-1-2-3-4-5-6-8-10-12-14-16-24_r5/raw/entasis/t3/entasis_t3_raw.csv
2026-10-05_0940_ddr5-4800_threads-1-2-3-4-5-6-8-10-12-14-16-24_r5,entasis,c380d34c57cf83e1cb481d712de4460d16c08774,windows,odin_dev_2026_09_windows_amd64_v3,large_pyramid_16206,headless_api,4,step,600,0,0,16211,16211,0,0,median_ms_per_step,12.228201833,ms,lower_is_better,12.228201833,81.778172591,0,ok,ok,engine_runner_cli,work_unit_wall_sum_inline,4,large_pyramid,1,velocity_iterations=1; substeps=4; linear_damping=0; angular_damping=0; sleep=disabled; ccd=discrete; friction=0.5; restitution=0; worker_count=3,odin_dev_2026_09_windows_amd64_v3,4,3,,,3,yes,,,,,,,,,,,600,7336.921100000,,,,,results/large-pyramid-16206/intel-core-i7-13700k/2026-10-05_0940_ddr5-4800_threads-1-2-3-4-5-6-8-10-12-14-16-24_r5/raw/entasis/t4/entasis_t4_raw.csv
2026-10-05_0940_ddr5-4800_threads-1-2-3-4-5-6-8-10-12-14-16-24_r5,entasis,c380d34c57cf83e1cb481d712de4460d16c08774,windows,odin_dev_2026_09_windows_amd64_v3,large_pyramid_16206,headless_api,4,step,600,0,1,16211,16211,0,0,median_ms_per_step,12.462683000,ms,lower_is_better,12.462683000,80.239543925,0,ok,ok,engine_runner_cli,work_unit_wall_sum_inline,4,large_pyramid,1,velocity_iterations=1; substeps=4; linear_damping=0; angular_damping=0; sleep=disabled; ccd=discrete; friction=0.5; restitution=0; worker_count=3,odin_dev_2026_09_windows_amd64_v3,4,3,,,3,yes,,,,,,,,,,,600,7477.609800000,,,,,results/large-pyramid-16206/intel-core-i7-13700k/2026-10-05_0940_ddr5-4800_threads-1-2-3-4-5-6-8-10-12-14-16-24_r5/raw/entasis/t4/entasis_t4_raw.csv
2026-10-05_0940_ddr5-4800_threads-1-2-3-4-5-6-8-10-12-14-16-24_r5,entasis,c380d34c57cf83e1cb481d712de4460d16c08774,windows,odin_dev_2026_09_windows_amd64_v3,large_pyramid_16206,headless_api,4,step,600,0,2,16211,16211,0,0,median_ms_per_step,12.100799833,ms,lower_is_better,12.100799833,82.639165491,0,ok,ok,engine_runner_cli,work_unit_wall_sum_inline,4,large_pyramid,1,velocity_iterations=1; substeps=4; linear_damping=0; angular_damping=0; sleep=disabled; ccd=discrete; friction=0.5; restitution=0; worker_count=3,odin_dev_2026_09_windows_amd64_v3,4,3,,,3,yes,,,,,,,,,,,600,7260.479900000,,,,,results/large-pyramid-16206/intel-core-i7-13700k/2026-10-05_0940_ddr5-4800_threads-1-2-3-4-5-6-8-10-12-14-16-24_r5/raw/entasis/t4/entasis_t4_raw.csv
2026-10-05_0940_ddr5-4800_threads-1-2-3-4-5-6-8-10-12-14-16-24_r5,entasis,c380d34c57cf83e1cb481d712de4460d16c08774,windows,odin_dev_2026_09_windows_amd64_v3,large_pyramid_16206,headless_api,4,step,600,0,3,16211,16211,0,0,median_ms_per_step,12.075824500,ms,lower_is_better,12.075824500,82.810080587,0,ok,ok,engine_runner_cli,work_unit_wall_sum_inline,4,large_pyramid,1,velocity_iterations=1; substeps=4; linear_damping=0; angular_damping=0; sleep=disabled; ccd=discrete; friction=0.5; restitution=0; worker_count=3,odin_dev_2026_09_windows_amd64_v3,4,3,,,3,yes,,,,,,,,,,,600,7245.494700000,,,,,results/large-pyramid-16206/intel-core-i7-13700k/2026-10-05_0940_ddr5-4800_threads-1-2-3-4-5-6-8-10-12-14-16-24_r5/raw/entasis/t4/entasis_t4_raw.csv
2026-10-05_0940_ddr5-4800_threads-1-2-3-4-5-6-8-10-12-14-16-24_r5,entasis,c380d34c57cf83e1cb481d712de4460d16c08774,windows,odin_dev_2026_09_windows_amd64_v3,large_pyramid_16206,headless_api,4,step,600,0,4,16211,16211,0,0,median_ms_per_step,12.133481000,ms,lower_is_better,12.133481000,82.416579381,0,ok,ok,engine_runner_cli,work_unit_wall_sum_inline,4,large_pyramid,1,velocity_iterations=1; substeps=4; linear_damping=0; angular_damping=0; sleep=disabled; ccd=discrete; friction=0.5; restitution=0; worker_count=3,odin_dev_2026_09_windows_amd64_v3,4,3,,,3,yes,,,,,,,,,,,600,7280.088600000,,,,,results/large-pyramid-16206/intel-core-i7-13700k/2026-10-05_0940_ddr5-4800_threads-1-2-3-4-5-6-8-10-12-14-16-24_r5/raw/entasis/t4/entasis_t4_raw.csv
2026-10-05_0940_ddr5-4800_threads-1-2-3-4-5-6-8-10-12-14-16-24_r5,entasis,c380d34c57cf83e1cb481d712de4460d16c08774,windows,odin_dev_2026_09_windows_amd64_v3,large_pyramid_16206,headless_api,5,step,600,0,0,16211,16211,0,0,median_ms_per_step,10.487417500,ms,lower_is_better,10.487417500,95.352359148,0,ok,ok,engine_runner_cli,work_unit_wall_sum_inline,5,large_pyramid,1,velocity_iterations=1; substeps=4; linear_damping=0; angular_damping=0; sleep=disabled; ccd=discrete; friction=0.5; restitution=0; worker_count=4,odin_dev_2026_09_windows_amd64_v3,5,4,,,4,yes,,,,,,,,,,,600,6292.450500000,,,,,results/large-pyramid-16206/intel-core-i7-13700k/2026-10-05_0940_ddr5-4800_threads-1-2-3-4-5-6-8-10-12-14-16-24_r5/raw/entasis/t5/entasis_t5_raw.csv
2026-10-05_0940_ddr5-4800_threads-1-2-3-4-5-6-8-10-12-14-16-24_r5,entasis,c380d34c57cf83e1cb481d712de4460d16c08774,windows,odin_dev_2026_09_windows_amd64_v3,large_pyramid_16206,headless_api,5,step,600,0,1,16211,16211,0,0,median_ms_per_step,10.761497000,ms,lower_is_better,10.761497000,92.923874810,0,ok,ok,engine_runner_cli,work_unit_wall_sum_inline,5,large_pyramid,1,velocity_iterations=1; substeps=4; linear_damping=0; angular_damping=0; sleep=disabled; ccd=discrete; friction=0.5; restitution=0; worker_count=4,odin_dev_2026_09_windows_amd64_v3,5,4,,,4,yes,,,,,,,,,,,600,6456.898200000,,,,,results/large-pyramid-16206/intel-core-i7-13700k/2026-10-05_0940_ddr5-4800_threads-1-2-3-4-5-6-8-10-12-14-16-24_r5/raw/entasis/t5/entasis_t5_raw.csv
2026-10-05_0940_ddr5-4800_threads-1-2-3-4-5-6-8-10-12-14-16-24_r5,entasis,c380d34c57cf83e1cb481d712de4460d16c08774,windows,odin_dev_2026_09_windows_amd64_v3,large_pyramid_16206,headless_api,5,step,600,0,2,16211,16211,0,0,median_ms_per_step,10.536135500,ms,lower_is_better,10.536135500,94.911459709,0,ok,ok,engine_runner_cli,work_unit_wall_sum_inline,5,large_pyramid,1,velocity_iterations=1; substeps=4; linear_damping=0; angular_damping=0; sleep=disabled; ccd=discrete; friction=0.5; restitution=0; worker_count=4,odin_dev_2026_09_windows_amd64_v3,5,4,,,4,yes,,,,,,,,,,,600,6321.681300000,,,,,results/large-pyramid-16206/intel-core-i7-13700k/2026-10-05_0940_ddr5-4800_threads-1-2-3-4-5-6-8-10-12-14-16-24_r5/raw/entasis/t5/entasis_t5_raw.csv
2026-10-05_0940_ddr5-4800_threads-1-2-3-4-5-6-8-10-12-14-16-24_r5,entasis,c380d34c57cf83e1cb481d712de4460d16c08774,windows,odin_dev_2026_09_windows_amd64_v3,large_pyramid_16206,headless_api,5,step,600,0,3,16211,16211,0,0,median_ms_per_step,10.422430000,ms,lower_is_better,10.422430000,95.946914491,0,ok,ok,engine_runner_cli,work_unit_wall_sum_inline,5,large_pyramid,1,velocity_iterations=1; substeps=4; linear_damping=0; angular_damping=0; sleep=disabled; ccd=discrete; friction=0.5; restitution=0; worker_count=4,odin_dev_2026_09_windows_amd64_v3,5,4,,,4,yes,,,,,,,,,,,600,6253.458000000,,,,,results/large-pyramid-16206/intel-core-i7-13700k/2026-10-05_0940_ddr5-4800_threads-1-2-3-4-5-6-8-10-12-14-16-24_r5/raw/entasis/t5/entasis_t5_raw.csv
2026-10-05_0940_ddr5-4800_threads-1-2-3-4-5-6-8-10-12-14-16-24_r5,entasis,c380d34c57cf83e1cb481d712de4460d16c08774,windows,odin_dev_2026_09_windows_amd64_v3,large_pyramid_16206,headless_api,5,step,600,0,4,16211,16211,0,0,median_ms_per_step,10.386597167,ms,lower_is_better,10.386597167,96.277922784,0,ok,ok,engine_runner_cli,work_unit_wall_sum_inline,5,large_pyramid,1,velocity_iterations=1; substeps=4; linear_damping=0; angular_damping=0; sleep=disabled; ccd=discrete; friction=0.5; restitution=0; worker_count=4,odin_dev_2026_09_windows_amd64_v3,5,4,,,4,yes,,,,,,,,,,,600,6231.958300000,,,,,results/large-pyramid-16206/intel-core-i7-13700k/2026-10-05_0940_ddr5-4800_threads-1-2-3-4-5-6-8-10-12-14-16-24_r5/raw/entasis/t5/entasis_t5_raw.csv
2026-10-05_0940_ddr5-4800_threads-1-2-3-4-5-6-8-10-12-14-16-24_r5,entasis,c380d34c57cf83e1cb481d712de4460d16c08774,windows,odin_dev_2026_09_windows_amd64_v3,large_pyramid_16206,headless_api,6,step,600,0,0,16211,16211,0,0,median_ms_per_step,9.158054833,ms,lower_is_better,9.158054833,109.193493400,0,ok,ok,engine_runner_cli,work_unit_wall_sum_inline,6,large_pyramid,1,velocity_iterations=1; substeps=4; linear_damping=0; angular_damping=0; sleep=disabled; ccd=discrete; friction=0.5; restitution=0; worker_count=5,odin_dev_2026_09_windows_amd64_v3,6,5,,,5,yes,,,,,,,,,,,600,5494.832900000,,,,,results/large-pyramid-16206/intel-core-i7-13700k/2026-10-05_0940_ddr5-4800_threads-1-2-3-4-5-6-8-10-12-14-16-24_r5/raw/entasis/t6/entasis_t6_raw.csv
2026-10-05_0940_ddr5-4800_threads-1-2-3-4-5-6-8-10-12-14-16-24_r5,entasis,c380d34c57cf83e1cb481d712de4460d16c08774,windows,odin_dev_2026_09_windows_amd64_v3,large_pyramid_16206,headless_api,6,step,600,0,1,16211,16211,0,0,median_ms_per_step,9.075902667,ms,lower_is_better,9.075902667,110.181877960,0,ok,ok,engine_runner_cli,work_unit_wall_sum_inline,6,large_pyramid,1,velocity_iterations=1; substeps=4; linear_damping=0; angular_damping=0; sleep=disabled; ccd=discrete; friction=0.5; restitution=0; worker_count=5,odin_dev_2026_09_windows_amd64_v3,6,5,,,5,yes,,,,,,,,,,,600,5445.541600000,,,,,results/large-pyramid-16206/intel-core-i7-13700k/2026-10-05_0940_ddr5-4800_threads-1-2-3-4-5-6-8-10-12-14-16-24_r5/raw/entasis/t6/entasis_t6_raw.csv
2026-10-05_0940_ddr5-4800_threads-1-2-3-4-5-6-8-10-12-14-16-24_r5,entasis,c380d34c57cf83e1cb481d712de4460d16c08774,windows,odin_dev_2026_09_windows_amd64_v3,large_pyramid_16206,headless_api,6,step,600,0,2,16211,16211,0,0,median_ms_per_step,9.129926667,ms,lower_is_better,9.129926667,109.529904950,0,ok,ok,engine_runner_cli,work_unit_wall_sum_inline,6,large_pyramid,1,velocity_iterations=1; substeps=4; linear_damping=0; angular_damping=0; sleep=disabled; ccd=discrete; friction=0.5; restitution=0; worker_count=5,odin_dev_2026_09_windows_amd64_v3,6,5,,,5,yes,,,,,,,,,,,600,5477.956000000,,,,,results/large-pyramid-16206/intel-core-i7-13700k/2026-10-05_0940_ddr5-4800_threads-1-2-3-4-5-6-8-10-12-14-16-24_r5/raw/entasis/t6/entasis_t6_raw.csv
2026-10-05_0940_ddr5-4800_threads-1-2-3-4-5-6-8-10-12-14-16-24_r5,entasis,c380d34c57cf83e1cb481d712de4460d16c08774,windows,odin_dev_2026_09_windows_amd64_v3,large_pyramid_16206,headless_api,6,step,600,0,3,16211,16211,0,0,median_ms_per_step,9.348413500,ms,lower_is_better,9.348413500,106.970022240,0,ok,ok,engine_runner_cli,work_unit_wall_sum_inline,6,large_pyramid,1,velocity_iterations=1; substeps=4; linear_damping=0; angular_damping=0; sleep=disabled; ccd=discrete; friction=0.5; restitution=0; worker_count=5,odin_dev_2026_09_windows_amd64_v3,6,5,,,5,yes,,,,,,,,,,,600,5609.048100000,,,,,results/large-pyramid-16206/intel-core-i7-13700k/2026-10-05_0940_ddr5-4800_threads-1-2-3-4-5-6-8-10-12-14-16-24_r5/raw/entasis/t6/entasis_t6_raw.csv
2026-10-05_0940_ddr5-4800_threads-1-2-3-4-5-6-8-10-12-14-16-24_r5,entasis,c380d34c57cf83e1cb481d712de4460d16c08774,windows,odin_dev_2026_09_windows_amd64_v3,large_pyramid_16206,headless_api,6,step,600,0,4,16211,16211,0,0,median_ms_per_step,9.230319000,ms,lower_is_better,9.230319000,108.338617549,0,ok,ok,engine_runner_cli,work_unit_wall_sum_inline,6,large_pyramid,1,velocity_iterations=1; substeps=4; linear_damping=0; angular_damping=0; sleep=disabled; ccd=discrete; friction=0.5; restitution=0; worker_count=5,odin_dev_2026_09_windows_amd64_v3,6,5,,,5,yes,,,,,,,,,,,600,5538.191400000,,,,,results/large-pyramid-16206/intel-core-i7-13700k/2026-10-05_0940_ddr5-4800_threads-1-2-3-4-5-6-8-10-12-14-16-24_r5/raw/entasis/t6/entasis_t6_raw.csv
2026-10-05_0940_ddr5-4800_threads-1-2-3-4-5-6-8-10-12-14-16-24_r5,entasis,c380d34c57cf83e1cb481d712de4460d16c08774,windows,odin_dev_2026_09_windows_amd64_v3,large_pyramid_16206,headless_api,8,step,600,0,0,16211,16211,0,0,median_ms_per_step,7.631988500,ms,lower_is_better,7.631988500,131.027451103,0,ok,ok,engine_runner_cli,work_unit_wall_sum_inline,8,large_pyramid,1,velocity_iterations=1; substeps=4; linear_damping=0; angular_damping=0; sleep=disabled; ccd=discrete; friction=0.5; restitution=0; worker_count=7,odin_dev_2026_09_windows_amd64_v3,8,7,,,7,yes,,,,,,,,,,,600,4579.193100000,,,,,results/large-pyramid-16206/intel-core-i7-13700k/2026-10-05_0940_ddr5-4800_threads-1-2-3-4-5-6-8-10-12-14-16-24_r5/raw/entasis/t8/entasis_t8_raw.csv
2026-10-05_0940_ddr5-4800_threads-1-2-3-4-5-6-8-10-12-14-16-24_r5,entasis,c380d34c57cf83e1cb481d712de4460d16c08774,windows,odin_dev_2026_09_windows_amd64_v3,large_pyramid_16206,headless_api,8,step,600,0,1,16211,16211,0,0,median_ms_per_step,7.607073833,ms,lower_is_better,7.607073833,131.456591839,0,ok,ok,engine_runner_cli,work_unit_wall_sum_inline,8,large_pyramid,1,velocity_iterations=1; substeps=4; linear_damping=0; angular_damping=0; sleep=disabled; ccd=discrete; friction=0.5; restitution=0; worker_count=7,odin_dev_2026_09_windows_amd64_v3,8,7,,,7,yes,,,,,,,,,,,600,4564.244300000,,,,,results/large-pyramid-16206/intel-core-i7-13700k/2026-10-05_0940_ddr5-4800_threads-1-2-3-4-5-6-8-10-12-14-16-24_r5/raw/entasis/t8/entasis_t8_raw.csv
2026-10-05_0940_ddr5-4800_threads-1-2-3-4-5-6-8-10-12-14-16-24_r5,entasis,c380d34c57cf83e1cb481d712de4460d16c08774,windows,odin_dev_2026_09_windows_amd64_v3,large_pyramid_16206,headless_api,8,step,600,0,2,16211,16211,0,0,median_ms_per_step,7.660600833,ms,lower_is_better,7.660600833,130.538063757,0,ok,ok,engine_runner_cli,work_unit_wall_sum_inline,8,large_pyramid,1,velocity_iterations=1; substeps=4; linear_damping=0; angular_damping=0; sleep=disabled; ccd=discrete; friction=0.5; restitution=0; worker_count=7,odin_dev_2026_09_windows_amd64_v3,8,7,,,7,yes,,,,,,,,,,,600,4596.360500000,,,,,results/large-pyramid-16206/intel-core-i7-13700k/2026-10-05_0940_ddr5-4800_threads-1-2-3-4-5-6-8-10-12-14-16-24_r5/raw/entasis/t8/entasis_t8_raw.csv
2026-10-05_0940_ddr5-4800_threads-1-2-3-4-5-6-8-10-12-14-16-24_r5,entasis,c380d34c57cf83e1cb481d712de4460d16c08774,windows,odin_dev_2026_09_windows_amd64_v3,large_pyramid_16206,headless_api,8,step,600,0,3,16211,16211,0,0,median_ms_per_step,7.734919500,ms,lower_is_better,7.734919500,129.283827711,0,ok,ok,engine_runner_cli,work_unit_wall_sum_inline,8,large_pyramid,1,velocity_iterations=1; substeps=4; linear_damping=0; angular_damping=0; sleep=disabled; ccd=discrete; friction=0.5; restitution=0; worker_count=7,odin_dev_2026_09_windows_amd64_v3,8,7,,,7,yes,,,,,,,,,,,600,4640.951700000,,,,,results/large-pyramid-16206/intel-core-i7-13700k/2026-10-05_0940_ddr5-4800_threads-1-2-3-4-5-6-8-10-12-14-16-24_r5/raw/entasis/t8/entasis_t8_raw.csv
2026-10-05_0940_ddr5-4800_threads-1-2-3-4-5-6-8-10-12-14-16-24_r5,entasis,c380d34c57cf83e1cb481d712de4460d16c08774,windows,odin_dev_2026_09_windows_amd64_v3,large_pyramid_16206,headless_api,8,step,600,0,4,16211,16211,0,0,median_ms_per_step,7.621153000,ms,lower_is_better,7.621153000,131.213741543,0,ok,ok,engine_runner_cli,work_unit_wall_sum_inline,8,large_pyramid,1,velocity_iterations=1; substeps=4; linear_damping=0; angular_damping=0; sleep=disabled; ccd=discrete; friction=0.5; restitution=0; worker_count=7,odin_dev_2026_09_windows_amd64_v3,8,7,,,7,yes,,,,,,,,,,,600,4572.691800000,,,,,results/large-pyramid-16206/intel-core-i7-13700k/2026-10-05_0940_ddr5-4800_threads-1-2-3-4-5-6-8-10-12-14-16-24_r5/raw/entasis/t8/entasis_t8_raw.csv
2026-10-05_0940_ddr5-4800_threads-1-2-3-4-5-6-8-10-12-14-16-24_r5,entasis,c380d34c57cf83e1cb481d712de4460d16c08774,windows,odin_dev_2026_09_windows_amd64_v3,large_pyramid_16206,headless_api,10,step,600,0,0,16211,16211,0,0,median_ms_per_step,8.641804667,ms,lower_is_better,8.641804667,115.716570621,0,ok,ok,engine_runner_cli,work_unit_wall_sum_inline,10,large_pyramid,1,velocity_iterations=1; substeps=4; linear_damping=0; angular_damping=0; sleep=disabled; ccd=discrete; friction=0.5; restitution=0; worker_count=9,odin_dev_2026_09_windows_amd64_v3,10,9,,,9,yes,,,,,,,,,,,600,5185.082800000,,,,,results/large-pyramid-16206/intel-core-i7-13700k/2026-10-05_0940_ddr5-4800_threads-1-2-3-4-5-6-8-10-12-14-16-24_r5/raw/entasis/t10/entasis_t10_raw.csv
2026-10-05_0940_ddr5-4800_threads-1-2-3-4-5-6-8-10-12-14-16-24_r5,entasis,c380d34c57cf83e1cb481d712de4460d16c08774,windows,odin_dev_2026_09_windows_amd64_v3,large_pyramid_16206,headless_api,10,step,600,0,1,16211,16211,0,0,median_ms_per_step,8.619285167,ms,lower_is_better,8.619285167,116.018901877,0,ok,ok,engine_runner_cli,work_unit_wall_sum_inline,10,large_pyramid,1,velocity_iterations=1; substeps=4; linear_damping=0; angular_damping=0; sleep=disabled; ccd=discrete; friction=0.5; restitution=0; worker_count=9,odin_dev_2026_09_windows_amd64_v3,10,9,,,9,yes,,,,,,,,,,,600,5171.571100000,,,,,results/large-pyramid-16206/intel-core-i7-13700k/2026-10-05_0940_ddr5-4800_threads-1-2-3-4-5-6-8-10-12-14-16-24_r5/raw/entasis/t10/entasis_t10_raw.csv
2026-10-05_0940_ddr5-4800_threads-1-2-3-4-5-6-8-10-12-14-16-24_r5,entasis,c380d34c57cf83e1cb481d712de4460d16c08774,windows,odin_dev_2026_09_windows_amd64_v3,large_pyramid_16206,headless_api,10,step,600,0,2,16211,16211,0,0,median_ms_per_step,8.803072167,ms,lower_is_better,8.803072167,113.596705908,0,ok,ok,engine_runner_cli,work_unit_wall_sum_inline,10,large_pyramid,1,velocity_iterations=1; substeps=4; linear_damping=0; angular_damping=0; sleep=disabled; ccd=discrete; friction=0.5; restitution=0; worker_count=9,odin_dev_2026_09_windows_amd64_v3,10,9,,,9,yes,,,,,,,,,,,600,5281.843300000,,,,,results/large-pyramid-16206/intel-core-i7-13700k/2026-10-05_0940_ddr5-4800_threads-1-2-3-4-5-6-8-10-12-14-16-24_r5/raw/entasis/t10/entasis_t10_raw.csv
2026-10-05_0940_ddr5-4800_threads-1-2-3-4-5-6-8-10-12-14-16-24_r5,entasis,c380d34c57cf83e1cb481d712de4460d16c08774,windows,odin_dev_2026_09_windows_amd64_v3,large_pyramid_16206,headless_api,10,step,600,0,3,16211,16211,0,0,median_ms_per_step,8.781866333,ms,lower_is_better,8.781866333,113.871011246,0,ok,ok,engine_runner_cli,work_unit_wall_sum_inline,10,large_pyramid,1,velocity_iterations=1; substeps=4; linear_damping=0; angular_damping=0; sleep=disabled; ccd=discrete; friction=0.5; restitution=0; worker_count=9,odin_dev_2026_09_windows_amd64_v3,10,9,,,9,yes,,,,,,,,,,,600,5269.119800000,,,,,results/large-pyramid-16206/intel-core-i7-13700k/2026-10-05_0940_ddr5-4800_threads-1-2-3-4-5-6-8-10-12-14-16-24_r5/raw/entasis/t10/entasis_t10_raw.csv
2026-10-05_0940_ddr5-4800_threads-1-2-3-4-5-6-8-10-12-14-16-24_r5,entasis,c380d34c57cf83e1cb481d712de4460d16c08774,windows,odin_dev_2026_09_windows_amd64_v3,large_pyramid_16206,headless_api,10,step,600,0,4,16211,16211,0,0,median_ms_per_step,8.848136000,ms,lower_is_better,8.848136000,113.018154332,0,ok,ok,engine_runner_cli,work_unit_wall_sum_inline,10,large_pyramid,1,velocity_iterations=1; substeps=4; linear_damping=0; angular_damping=0; sleep=disabled; ccd=discrete; friction=0.5; restitution=0; worker_count=9,odin_dev_2026_09_windows_amd64_v3,10,9,,,9,yes,,,,,,,,,,,600,5308.881600000,,,,,results/large-pyramid-16206/intel-core-i7-13700k/2026-10-05_0940_ddr5-4800_threads-1-2-3-4-5-6-8-10-12-14-16-24_r5/raw/entasis/t10/entasis_t10_raw.csv
2026-10-05_0940_ddr5-4800_threads-1-2-3-4-5-6-8-10-12-14-16-24_r5,entasis,c380d34c57cf83e1cb481d712de4460d16c08774,windows,odin_dev_2026_09_windows_amd64_v3,large_pyramid_16206,headless_api,12,step,600,0,0,16211,16211,0,0,median_ms_per_step,8.781747667,ms,lower_is_better,8.781747667,113.872549970,0,ok,ok,engine_runner_cli,work_unit_wall_sum_inline,12,large_pyramid,1,velocity_iterations=1; substeps=4; linear_damping=0; angular_damping=0; sleep=disabled; ccd=discrete; friction=0.5; restitution=0; worker_count=11,odin_dev_2026_09_windows_amd64_v3,12,11,,,11,yes,,,,,,,,,,,600,5269.048600000,,,,,results/large-pyramid-16206/intel-core-i7-13700k/2026-10-05_0940_ddr5-4800_threads-1-2-3-4-5-6-8-10-12-14-16-24_r5/raw/entasis/t12/entasis_t12_raw.csv
2026-10-05_0940_ddr5-4800_threads-1-2-3-4-5-6-8-10-12-14-16-24_r5,entasis,c380d34c57cf83e1cb481d712de4460d16c08774,windows,odin_dev_2026_09_windows_amd64_v3,large_pyramid_16206,headless_api,12,step,600,0,1,16211,16211,0,0,median_ms_per_step,8.820366500,ms,lower_is_better,8.820366500,113.373973746,0,ok,ok,engine_runner_cli,work_unit_wall_sum_inline,12,large_pyramid,1,velocity_iterations=1; substeps=4; linear_damping=0; angular_damping=0; sleep=disabled; ccd=discrete; friction=0.5; restitution=0; worker_count=11,odin_dev_2026_09_windows_amd64_v3,12,11,,,11,yes,,,,,,,,,,,600,5292.219900000,,,,,results/large-pyramid-16206/intel-core-i7-13700k/2026-10-05_0940_ddr5-4800_threads-1-2-3-4-5-6-8-10-12-14-16-24_r5/raw/entasis/t12/entasis_t12_raw.csv
2026-10-05_0940_ddr5-4800_threads-1-2-3-4-5-6-8-10-12-14-16-24_r5,entasis,c380d34c57cf83e1cb481d712de4460d16c08774,windows,odin_dev_2026_09_windows_amd64_v3,large_pyramid_16206,headless_api,12,step,600,0,2,16211,16211,0,0,median_ms_per_step,8.798862000,ms,lower_is_better,8.798862000,113.651060785,0,ok,ok,engine_runner_cli,work_unit_wall_sum_inline,12,large_pyramid,1,velocity_iterations=1; substeps=4; linear_damping=0; angular_damping=0; sleep=disabled; ccd=discrete; friction=0.5; restitution=0; worker_count=11,odin_dev_2026_09_windows_amd64_v3,12,11,,,11,yes,,,,,,,,,,,600,5279.317200000,,,,,results/large-pyramid-16206/intel-core-i7-13700k/2026-10-05_0940_ddr5-4800_threads-1-2-3-4-5-6-8-10-12-14-16-24_r5/raw/entasis/t12/entasis_t12_raw.csv
2026-10-05_0940_ddr5-4800_threads-1-2-3-4-5-6-8-10-12-14-16-24_r5,entasis,c380d34c57cf83e1cb481d712de4460d16c08774,windows,odin_dev_2026_09_windows_amd64_v3,large_pyramid_16206,headless_api,12,step,600,0,3,16211,16211,0,0,median_ms_per_step,8.766542333,ms,lower_is_better,8.766542333,114.070058864,0,ok,ok,engine_runner_cli,work_unit_wall_sum_inline,12,large_pyramid,1,velocity_iterations=1; substeps=4; linear_damping=0; angular_damping=0; sleep=disabled; ccd=discrete; friction=0.5; restitution=0; worker_count=11,odin_dev_2026_09_windows_amd64_v3,12,11,,,11,yes,,,,,,,,,,,600,5259.925400000,,,,,results/large-pyramid-16206/intel-core-i7-13700k/2026-10-05_0940_ddr5-4800_threads-1-2-3-4-5-6-8-10-12-14-16-24_r5/raw/entasis/t12/entasis_t12_raw.csv
2026-10-05_0940_ddr5-4800_threads-1-2-3-4-5-6-8-10-12-14-16-24_r5,entasis,c380d34c57cf83e1cb481d712de4460d16c08774,windows,odin_dev_2026_09_windows_amd64_v3,large_pyramid_16206,headless_api,12,step,600,0,4,16211,16211,0,0,median_ms_per_step,8.844209000,ms,lower_is_better,8.844209000,113.068336580,0,ok,ok,engine_runner_cli,work_unit_wall_sum_inline,12,large_pyramid,1,velocity_iterations=1; substeps=4; linear_damping=0; angular_damping=0; sleep=disabled; ccd=discrete; friction=0.5; restitution=0; worker_count=11,odin_dev_2026_09_windows_amd64_v3,12,11,,,11,yes,,,,,,,,,,,600,5306.525400000,,,,,results/large-pyramid-16206/intel-core-i7-13700k/2026-10-05_0940_ddr5-4800_threads-1-2-3-4-5-6-8-10-12-14-16-24_r5/raw/entasis/t12/entasis_t12_raw.csv
2026-10-05_0940_ddr5-4800_threads-1-2-3-4-5-6-8-10-12-14-16-24_r5,entasis,c380d34c57cf83e1cb481d712de4460d16c08774,windows,odin_dev_2026_09_windows_amd64_v3,large_pyramid_16206,headless_api,14,step,600,0,0,16211,16211,0,0,median_ms_per_step,8.566445333,ms,lower_is_better,8.566445333,116.734533530,0,ok,ok,engine_runner_cli,work_unit_wall_sum_inline,14,large_pyramid,1,velocity_iterations=1; substeps=4; linear_damping=0; angular_damping=0; sleep=disabled; ccd=discrete; friction=0.5; restitution=0; worker_count=13,odin_dev_2026_09_windows_amd64_v3,14,13,,,13,yes,,,,,,,,,,,600,5139.867200000,,,,,results/large-pyramid-16206/intel-core-i7-13700k/2026-10-05_0940_ddr5-4800_threads-1-2-3-4-5-6-8-10-12-14-16-24_r5/raw/entasis/t14/entasis_t14_raw.csv
2026-10-05_0940_ddr5-4800_threads-1-2-3-4-5-6-8-10-12-14-16-24_r5,entasis,c380d34c57cf83e1cb481d712de4460d16c08774,windows,odin_dev_2026_09_windows_amd64_v3,large_pyramid_16206,headless_api,14,step,600,0,1,16211,16211,0,0,median_ms_per_step,8.559912167,ms,lower_is_better,8.559912167,116.823628623,0,ok,ok,engine_runner_cli,work_unit_wall_sum_inline,14,large_pyramid,1,velocity_iterations=1; substeps=4; linear_damping=0; angular_damping=0; sleep=disabled; ccd=discrete; friction=0.5; restitution=0; worker_count=13,odin_dev_2026_09_windows_amd64_v3,14,13,,,13,yes,,,,,,,,,,,600,5135.947300000,,,,,results/large-pyramid-16206/intel-core-i7-13700k/2026-10-05_0940_ddr5-4800_threads-1-2-3-4-5-6-8-10-12-14-16-24_r5/raw/entasis/t14/entasis_t14_raw.csv
2026-10-05_0940_ddr5-4800_threads-1-2-3-4-5-6-8-10-12-14-16-24_r5,entasis,c380d34c57cf83e1cb481d712de4460d16c08774,windows,odin_dev_2026_09_windows_amd64_v3,large_pyramid_16206,headless_api,14,step,600,0,2,16211,16211,0,0,median_ms_per_step,8.543097167,ms,lower_is_better,8.543097167,117.053567400,0,ok,ok,engine_runner_cli,work_unit_wall_sum_inline,14,large_pyramid,1,velocity_iterations=1; substeps=4; linear_damping=0; angular_damping=0; sleep=disabled; ccd=discrete; friction=0.5; restitution=0; worker_count=13,odin_dev_2026_09_windows_amd64_v3,14,13,,,13,yes,,,,,,,,,,,600,5125.858300000,,,,,results/large-pyramid-16206/intel-core-i7-13700k/2026-10-05_0940_ddr5-4800_threads-1-2-3-4-5-6-8-10-12-14-16-24_r5/raw/entasis/t14/entasis_t14_raw.csv
2026-10-05_0940_ddr5-4800_threads-1-2-3-4-5-6-8-10-12-14-16-24_r5,entasis,c380d34c57cf83e1cb481d712de4460d16c08774,windows,odin_dev_2026_09_windows_amd64_v3,large_pyramid_16206,headless_api,14,step,600,0,3,16211,16211,0,0,median_ms_per_step,8.534645833,ms,lower_is_better,8.534645833,117.169478327,0,ok,ok,engine_runner_cli,work_unit_wall_sum_inline,14,large_pyramid,1,velocity_iterations=1; substeps=4; linear_damping=0; angular_damping=0; sleep=disabled; ccd=discrete; friction=0.5; restitution=0; worker_count=13,odin_dev_2026_09_windows_amd64_v3,14,13,,,13,yes,,,,,,,,,,,600,5120.787500000,,,,,results/large-pyramid-16206/intel-core-i7-13700k/2026-10-05_0940_ddr5-4800_threads-1-2-3-4-5-6-8-10-12-14-16-24_r5/raw/entasis/t14/entasis_t14_raw.csv
2026-10-05_0940_ddr5-4800_threads-1-2-3-4-5-6-8-10-12-14-16-24_r5,entasis,c380d34c57cf83e1cb481d712de4460d16c08774,windows,odin_dev_2026_09_windows_amd64_v3,large_pyramid_16206,headless_api,14,step,600,0,4,16211,16211,0,0,median_ms_per_step,8.561019500,ms,lower_is_better,8.561019500,116.808517957,0,ok,ok,engine_runner_cli,work_unit_wall_sum_inline,14,large_pyramid,1,velocity_iterations=1; substeps=4; linear_damping=0; angular_damping=0; sleep=disabled; ccd=discrete; friction=0.5; restitution=0; worker_count=13,odin_dev_2026_09_windows_amd64_v3,14,13,,,13,yes,,,,,,,,,,,600,5136.611700000,,,,,results/large-pyramid-16206/intel-core-i7-13700k/2026-10-05_0940_ddr5-4800_threads-1-2-3-4-5-6-8-10-12-14-16-24_r5/raw/entasis/t14/entasis_t14_raw.csv
2026-10-05_0940_ddr5-4800_threads-1-2-3-4-5-6-8-10-12-14-16-24_r5,entasis,c380d34c57cf83e1cb481d712de4460d16c08774,windows,odin_dev_2026_09_windows_amd64_v3,large_pyramid_16206,headless_api,16,step,600,0,0,16211,16211,0,0,median_ms_per_step,8.241014167,ms,lower_is_better,8.241014167,121.344288431,0,ok,ok,engine_runner_cli,work_unit_wall_sum_inline,16,large_pyramid,1,velocity_iterations=1; substeps=4; linear_damping=0; angular_damping=0; sleep=disabled; ccd=discrete; friction=0.5; restitution=0; worker_count=15,odin_dev_2026_09_windows_amd64_v3,16,15,,,15,yes,,,,,,,,,,,600,4944.608500000,,,,,results/large-pyramid-16206/intel-core-i7-13700k/2026-10-05_0940_ddr5-4800_threads-1-2-3-4-5-6-8-10-12-14-16-24_r5/raw/entasis/t16/entasis_t16_raw.csv
2026-10-05_0940_ddr5-4800_threads-1-2-3-4-5-6-8-10-12-14-16-24_r5,entasis,c380d34c57cf83e1cb481d712de4460d16c08774,windows,odin_dev_2026_09_windows_amd64_v3,large_pyramid_16206,headless_api,16,step,600,0,1,16211,16211,0,0,median_ms_per_step,8.260088167,ms,lower_is_better,8.260088167,121.064083073,0,ok,ok,engine_runner_cli,work_unit_wall_sum_inline,16,large_pyramid,1,velocity_iterations=1; substeps=4; linear_damping=0; angular_damping=0; sleep=disabled; ccd=discrete; friction=0.5; restitution=0; worker_count=15,odin_dev_2026_09_windows_amd64_v3,16,15,,,15,yes,,,,,,,,,,,600,4956.052900000,,,,,results/large-pyramid-16206/intel-core-i7-13700k/2026-10-05_0940_ddr5-4800_threads-1-2-3-4-5-6-8-10-12-14-16-24_r5/raw/entasis/t16/entasis_t16_raw.csv
2026-10-05_0940_ddr5-4800_threads-1-2-3-4-5-6-8-10-12-14-16-24_r5,entasis,c380d34c57cf83e1cb481d712de4460d16c08774,windows,odin_dev_2026_09_windows_amd64_v3,large_pyramid_16206,headless_api,16,step,600,0,2,16211,16211,0,0,median_ms_per_step,8.302532333,ms,lower_is_better,8.302532333,120.445179838,0,ok,ok,engine_runner_cli,work_unit_wall_sum_inline,16,large_pyramid,1,velocity_iterations=1; substeps=4; linear_damping=0; angular_damping=0; sleep=disabled; ccd=discrete; friction=0.5; restitution=0; worker_count=15,odin_dev_2026_09_windows_amd64_v3,16,15,,,15,yes,,,,,,,,,,,600,4981.519400000,,,,,results/large-pyramid-16206/intel-core-i7-13700k/2026-10-05_0940_ddr5-4800_threads-1-2-3-4-5-6-8-10-12-14-16-24_r5/raw/entasis/t16/entasis_t16_raw.csv
2026-10-05_0940_ddr5-4800_threads-1-2-3-4-5-6-8-10-12-14-16-24_r5,entasis,c380d34c57cf83e1cb481d712de4460d16c08774,windows,odin_dev_2026_09_windows_amd64_v3,large_pyramid_16206,headless_api,16,step,600,0,3,16211,16211,0,0,median_ms_per_step,8.302533833,ms,lower_is_better,8.302533833,120.445158078,0,ok,ok,engine_runner_cli,work_unit_wall_sum_inline,16,large_pyramid,1,velocity_iterations=1; substeps=4; linear_damping=0; angular_damping=0; sleep=disabled; ccd=discrete; friction=0.5; restitution=0; worker_count=15,odin_dev_2026_09_windows_amd64_v3,16,15,,,15,yes,,,,,,,,,,,600,4981.520300000,,,,,results/large-pyramid-16206/intel-core-i7-13700k/2026-10-05_0940_ddr5-4800_threads-1-2-3-4-5-6-8-10-12-14-16-24_r5/raw/entasis/t16/entasis_t16_raw.csv
2026-10-05_0940_ddr5-4800_threads-1-2-3-4-5-6-8-10-12-14-16-24_r5,entasis,c380d34c57cf83e1cb481d712de4460d16c08774,windows,odin_dev_2026_09_windows_amd64_v3,large_pyramid_16206,headless_api,16,step,600,0,4,16211,16211,0,0,median_ms_per_step,8.282148833,ms,lower_is_better,8.282148833,120.741611884,0,ok,ok,engine_runner_cli,work_unit_wall_sum_inline,16,large_pyramid,1,velocity_iterations=1; substeps=4; linear_damping=0; angular_damping=0; sleep=disabled; ccd=discrete; friction=0.5; restitution=0; worker_count=15,odin_dev_2026_09_windows_amd64_v3,16,15,,,15,yes,,,,,,,,,,,600,4969.289300000,,,,,results/large-pyramid-16206/intel-core-i7-13700k/2026-10-05_0940_ddr5-4800_threads-1-2-3-4-5-6-8-10-12-14-16-24_r5/raw/entasis/t16/entasis_t16_raw.csv
2026-10-05_0940_ddr5-4800_threads-1-2-3-4-5-6-8-10-12-14-16-24_r5,entasis,c380d34c57cf83e1cb481d712de4460d16c08774,windows,odin_dev_2026_09_windows_amd64_v3,large_pyramid_16206,headless_api,24,step,600,0,0,16211,16211,0,0,median_ms_per_step,7.388367333,ms,lower_is_better,7.388367333,135.347899595,0,ok,ok,engine_runner_cli,work_unit_wall_sum_inline,24,large_pyramid,1,velocity_iterations=1; substeps=4; linear_damping=0; angular_damping=0; sleep=disabled; ccd=discrete; friction=0.5; restitution=0; worker_count=23,odin_dev_2026_09_windows_amd64_v3,24,23,,,23,yes,,,,,,,,,,,600,4433.020400000,,,,,results/large-pyramid-16206/intel-core-i7-13700k/2026-10-05_0940_ddr5-4800_threads-1-2-3-4-5-6-8-10-12-14-16-24_r5/raw/entasis/t24/entasis_t24_raw.csv
2026-10-05_0940_ddr5-4800_threads-1-2-3-4-5-6-8-10-12-14-16-24_r5,entasis,c380d34c57cf83e1cb481d712de4460d16c08774,windows,odin_dev_2026_09_windows_amd64_v3,large_pyramid_16206,headless_api,24,step,600,0,1,16211,16211,0,0,median_ms_per_step,7.374268833,ms,lower_is_better,7.374268833,135.606664552,0,ok,ok,engine_runner_cli,work_unit_wall_sum_inline,24,large_pyramid,1,velocity_iterations=1; substeps=4; linear_damping=0; angular_damping=0; sleep=disabled; ccd=discrete; friction=0.5; restitution=0; worker_count=23,odin_dev_2026_09_windows_amd64_v3,24,23,,,23,yes,,,,,,,,,,,600,4424.561300000,,,,,results/large-pyramid-16206/intel-core-i7-13700k/2026-10-05_0940_ddr5-4800_threads-1-2-3-4-5-6-8-10-12-14-16-24_r5/raw/entasis/t24/entasis_t24_raw.csv
2026-10-05_0940_ddr5-4800_threads-1-2-3-4-5-6-8-10-12-14-16-24_r5,entasis,c380d34c57cf83e1cb481d712de4460d16c08774,windows,odin_dev_2026_09_windows_amd64_v3,large_pyramid_16206,headless_api,24,step,600,0,2,16211,16211,0,0,median_ms_per_step,7.374828833,ms,lower_is_better,7.374828833,135.596367400,0,ok,ok,engine_runner_cli,work_unit_wall_sum_inline,24,large_pyramid,1,velocity_iterations=1; substeps=4; linear_damping=0; angular_damping=0; sleep=disabled; ccd=discrete; friction=0.5; restitution=0; worker_count=23,odin_dev_2026_09_windows_amd64_v3,24,23,,,23,yes,,,,,,,,,,,600,4424.897300000,,,,,results/large-pyramid-16206/intel-core-i7-13700k/2026-10-05_0940_ddr5-4800_threads-1-2-3-4-5-6-8-10-12-14-16-24_r5/raw/entasis/t24/entasis_t24_raw.csv
2026-10-05_0940_ddr5-4800_threads-1-2-3-4-5-6-8-10-12-14-16-24_r5,entasis,c380d34c57cf83e1cb481d712de4460d16c08774,windows,odin_dev_2026_09_windows_amd64_v3,large_pyramid_16206,headless_api,24,step,600,0,3,16211,16211,0,0,median_ms_per_step,7.387045667,ms,lower_is_better,7.387045667,135.372115609,0,ok,ok,engine_runner_cli,work_unit_wall_sum_inline,24,large_pyramid,1,velocity_iterations=1; substeps=4; linear_damping=0; angular_damping=0; sleep=disabled; ccd=discrete; friction=0.5; restitution=0; worker_count=23,odin_dev_2026_09_windows_amd64_v3,24,23,,,23,yes,,,,,,,,,,,600,4432.227400000,,,,,results/large-pyramid-16206/intel-core-i7-13700k/2026-10-05_0940_ddr5-4800_threads-1-2-3-4-5-6-8-10-12-14-16-24_r5/raw/entasis/t24/entasis_t24_raw.csv
2026-10-05_0940_ddr5-4800_threads-1-2-3-4-5-6-8-10-12-14-16-24_r5,entasis,c380d34c57cf83e1cb481d712de4460d16c08774,windows,odin_dev_2026_09_windows_amd64_v3,large_pyramid_16206,headless_api,24,step,600,0,4,16211,16211,0,0,median_ms_per_step,7.399603000,ms,lower_is_better,7.399603000,135.142385341,0,ok,ok,engine_runner_cli,work_unit_wall_sum_inline,24,large_pyramid,1,velocity_iterations=1; substeps=4; linear_damping=0; angular_damping=0; sleep=disabled; ccd=discrete; friction=0.5; restitution=0; worker_count=23,odin_dev_2026_09_windows_amd64_v3,24,23,,,23,yes,,,,,,,,,,,600,4439.761800000,,,,,results/large-pyramid-16206/intel-core-i7-13700k/2026-10-05_0940_ddr5-4800_threads-1-2-3-4-5-6-8-10-12-14-16-24_r5/raw/entasis/t24/entasis_t24_raw.csv
2026-10-05_0940_ddr5-4800_threads-1-2-3-4-5-6-8-10-12-14-16-24_r5,joltphysics,82b24442917ba8d9ced3582c2f2d8a49f4c969f6,windows,windows_clang_cl_distribution,large_pyramid_16206,headless_api,1,step,600,0,0,16211,16211,0,0,median_ms_per_step,130.667581500,ms,lower_is_better,130.667581500,7.653007644,0,ok,ok,engine_runner_cli,work_unit_wall_sum_inline,1,large_pyramid,1,velocity_iterations=4; position_iterations=1; collision_steps=1; sleep=disabled; ccd=disabled; linear_damping=0.05; angular_damping=0.05; worker_count=0,windows_clang_cl_distribution,1,0,,,0,yes,,,,,,,,,,,600,78400.548900000,,,,,results/large-pyramid-16206/intel-core-i7-13700k/2026-10-05_0940_ddr5-4800_threads-1-2-3-4-5-6-8-10-12-14-16-24_r5/raw/joltphysics/t1/joltphysics_t1_raw.csv
2026-10-05_0940_ddr5-4800_threads-1-2-3-4-5-6-8-10-12-14-16-24_r5,nvidia_physx34,3.4.2,windows,vs2026_msbuild_release,large_pyramid_16206,headless_api,1,step,600,0,0,16211,16211,0,0,median_ms_per_step,70.206529500,ms,lower_is_better,70.206529500,14.243689399,0,ok,ok,engine_runner_cli,work_unit_wall_sum_inline,1,large_pyramid,1,position_iterations=5; velocity_iterations=1; sleep=disabled; ccd=disabled; worker_count=1,vs2026_msbuild_release,1,1,,,1,yes,,,,,,,,,,,600,42123.917700000,,,,,results/large-pyramid-16206/intel-core-i7-13700k/2026-10-05_0940_ddr5-4800_threads-1-2-3-4-5-6-8-10-12-14-16-24_r5/raw/nvidia_physx34/t1/nvidia_physx34_t1_raw.csv
2026-10-05_0940_ddr5-4800_threads-1-2-3-4-5-6-8-10-12-14-16-24_r5,nvidia_physx5,5.10.0.75b25f28f9,windows,vs2022_msbuild_release,large_pyramid_16206,headless_api,1,step,600,0,0,16211,16211,0,0,median_ms_per_step,67.576578833,ms,lower_is_better,67.576578833,14.798026436,0,ok,ok,engine_runner_cli,work_unit_wall_sum_inline,1,large_pyramid,1,position_iterations=5; velocity_iterations=1; sleep=disabled; ccd=disabled; worker_count=1,vs2022_msbuild_release,1,1,,,1,yes,,,,,,,,,,,600,40545.947300000,,,,,results/large-pyramid-16206/intel-core-i7-13700k/2026-10-05_0940_ddr5-4800_threads-1-2-3-4-5-6-8-10-12-14-16-24_r5/raw/nvidia_physx5/t1/nvidia_physx5_t1_raw.csv
2026-10-05_0940_ddr5-4800_threads-1-2-3-4-5-6-8-10-12-14-16-24_r5,physx34,2b13cae09734616d07d09ecf645326fa0bf43ef7,windows,windows_clang_cl_release,large_pyramid_16206,headless_api,1,step,600,0,0,16211,16211,0,0,median_ms_per_step,68.259099333,ms,lower_is_better,68.259099333,14.650061454,0,ok,ok,engine_runner_cli,work_unit_wall_sum_inline,1,large_pyramid,1,position_iterations=5; velocity_iterations=1; sleep=disabled; ccd=disabled; worker_count=1,windows_clang_cl_release,1,1,,,1,yes,,,,,,,,,,,600,40955.459600000,,,,,results/large-pyramid-16206/intel-core-i7-13700k/2026-10-05_0940_ddr5-4800_threads-1-2-3-4-5-6-8-10-12-14-16-24_r5/raw/physx34/t1/physx34_t1_raw.csv
2026-10-05_0940_ddr5-4800_threads-1-2-3-4-5-6-8-10-12-14-16-24_r5,rapier3d,28d0ba929b460597f0959fe600c7afd65612f6f9,windows,rust_1_89_msvc_cargo_release,large_pyramid_16206,headless_api,1,step,600,0,0,16211,16211,0,0,median_ms_per_step,77.723407000,ms,lower_is_better,77.723407000,12.866136967,0,ok,ok,engine_runner_cli,work_unit_wall_sum_inline,1,large_pyramid,1,solver_iterations=4; sleep=disabled; ccd=disabled; worker_count=1,rust_1_89_msvc_cargo_release,1,1,,,1,yes,,,,,,,,,,,600,46634.044200000,,,,,results/large-pyramid-16206/intel-core-i7-13700k/2026-10-05_0940_ddr5-4800_threads-1-2-3-4-5-6-8-10-12-14-16-24_r5/raw/rapier3d/t1/rapier3d_t1_raw.csv
2026-10-05_0940_ddr5-4800_threads-1-2-3-4-5-6-8-10-12-14-16-24_r5,rapier3d,28d0ba929b460597f0959fe600c7afd65612f6f9,windows,rust_1_89_msvc_cargo_release,large_pyramid_16206,headless_api,1,step,600,0,1,16211,16211,0,0,median_ms_per_step,81.709160333,ms,lower_is_better,81.709160333,12.238529877,0,ok,ok,engine_runner_cli,work_unit_wall_sum_inline,1,large_pyramid,1,solver_iterations=4; sleep=disabled; ccd=disabled; worker_count=1,rust_1_89_msvc_cargo_release,1,1,,,1,yes,,,,,,,,,,,600,49025.496200000,,,,,results/large-pyramid-16206/intel-core-i7-13700k/2026-10-05_0940_ddr5-4800_threads-1-2-3-4-5-6-8-10-12-14-16-24_r5/raw/rapier3d/t1/rapier3d_t1_raw.csv
2026-10-05_0940_ddr5-4800_threads-1-2-3-4-5-6-8-10-12-14-16-24_r5,rapier3d,28d0ba929b460597f0959fe600c7afd65612f6f9,windows,rust_1_89_msvc_cargo_release,large_pyramid_16206,headless_api,1,step,600,0,2,16211,16211,0,0,median_ms_per_step,79.874344000,ms,lower_is_better,79.874344000,12.519664637,0,ok,ok,engine_runner_cli,work_unit_wall_sum_inline,1,large_pyramid,1,solver_iterations=4; sleep=disabled; ccd=disabled; worker_count=1,rust_1_89_msvc_cargo_release,1,1,,,1,yes,,,,,,,,,,,600,47924.606400000,,,,,results/large-pyramid-16206/intel-core-i7-13700k/2026-10-05_0940_ddr5-4800_threads-1-2-3-4-5-6-8-10-12-14-16-24_r5/raw/rapier3d/t1/rapier3d_t1_raw.csv
2026-10-05_0940_ddr5-4800_threads-1-2-3-4-5-6-8-10-12-14-16-24_r5,rapier3d,28d0ba929b460597f0959fe600c7afd65612f6f9,windows,rust_1_89_msvc_cargo_release,large_pyramid_16206,headless_api,1,step,600,0,3,16211,16211,0,0,median_ms_per_step,78.153697000,ms,lower_is_better,78.153697000,12.795300010,0,ok,ok,engine_runner_cli,work_unit_wall_sum_inline,1,large_pyramid,1,solver_iterations=4; sleep=disabled; ccd=disabled; worker_count=1,rust_1_89_msvc_cargo_release,1,1,,,1,yes,,,,,,,,,,,600,46892.218200000,,,,,results/large-pyramid-16206/intel-core-i7-13700k/2026-10-05_0940_ddr5-4800_threads-1-2-3-4-5-6-8-10-12-14-16-24_r5/raw/rapier3d/t1/rapier3d_t1_raw.csv
2026-10-05_0940_ddr5-4800_threads-1-2-3-4-5-6-8-10-12-14-16-24_r5,rapier3d,28d0ba929b460597f0959fe600c7afd65612f6f9,windows,rust_1_89_msvc_cargo_release,large_pyramid_16206,headless_api,1,step,600,0,4,16211,16211,0,0,median_ms_per_step,76.743636500,ms,lower_is_better,76.743636500,13.030396338,0,ok,ok,engine_runner_cli,work_unit_wall_sum_inline,1,large_pyramid,1,solver_iterations=4; sleep=disabled; ccd=disabled; worker_count=1,rust_1_89_msvc_cargo_release,1,1,,,1,yes,,,,,,,,,,,600,46046.181900000,,,,,results/large-pyramid-16206/intel-core-i7-13700k/2026-10-05_0940_ddr5-4800_threads-1-2-3-4-5-6-8-10-12-14-16-24_r5/raw/rapier3d/t1/rapier3d_t1_raw.csv
2026-10-05_0940_ddr5-4800_threads-1-2-3-4-5-6-8-10-12-14-16-24_r5,rapier3d,28d0ba929b460597f0959fe600c7afd65612f6f9,windows,rust_1_89_msvc_cargo_release,large_pyramid_16206,headless_api,2,step,600,0,0,16211,16211,0,0,median_ms_per_step,41.293573333,ms,lower_is_better,41.293573333,24.216843428,0,ok,ok,engine_runner_cli,work_unit_wall_sum_inline,2,large_pyramid,1,solver_iterations=4; sleep=disabled; ccd=disabled; worker_count=2,rust_1_89_msvc_cargo_release,2,2,,,2,yes,,,,,,,,,,,600,24776.144000000,,,,,results/large-pyramid-16206/intel-core-i7-13700k/2026-10-05_0940_ddr5-4800_threads-1-2-3-4-5-6-8-10-12-14-16-24_r5/raw/rapier3d/t2/rapier3d_t2_raw.csv
2026-10-05_0940_ddr5-4800_threads-1-2-3-4-5-6-8-10-12-14-16-24_r5,rapier3d,28d0ba929b460597f0959fe600c7afd65612f6f9,windows,rust_1_89_msvc_cargo_release,large_pyramid_16206,headless_api,2,step,600,0,1,16211,16211,0,0,median_ms_per_step,36.980400333,ms,lower_is_better,36.980400333,27.041351391,0,ok,ok,engine_runner_cli,work_unit_wall_sum_inline,2,large_pyramid,1,solver_iterations=4; sleep=disabled; ccd=disabled; worker_count=2,rust_1_89_msvc_cargo_release,2,2,,,2,yes,,,,,,,,,,,600,22188.240200000,,,,,results/large-pyramid-16206/intel-core-i7-13700k/2026-10-05_0940_ddr5-4800_threads-1-2-3-4-5-6-8-10-12-14-16-24_r5/raw/rapier3d/t2/rapier3d_t2_raw.csv
2026-10-05_0940_ddr5-4800_threads-1-2-3-4-5-6-8-10-12-14-16-24_r5,rapier3d,28d0ba929b460597f0959fe600c7afd65612f6f9,windows,rust_1_89_msvc_cargo_release,large_pyramid_16206,headless_api,2,step,600,0,2,16211,16211,0,0,median_ms_per_step,39.320087000,ms,lower_is_better,39.320087000,25.432293677,0,ok,ok,engine_runner_cli,work_unit_wall_sum_inline,2,large_pyramid,1,solver_iterations=4; sleep=disabled; ccd=disabled; worker_count=2,rust_1_89_msvc_cargo_release,2,2,,,2,yes,,,,,,,,,,,600,23592.052200000,,,,,results/large-pyramid-16206/intel-core-i7-13700k/2026-10-05_0940_ddr5-4800_threads-1-2-3-4-5-6-8-10-12-14-16-24_r5/raw/rapier3d/t2/rapier3d_t2_raw.csv
2026-10-05_0940_ddr5-4800_threads-1-2-3-4-5-6-8-10-12-14-16-24_r5,rapier3d,28d0ba929b460597f0959fe600c7afd65612f6f9,windows,rust_1_89_msvc_cargo_release,large_pyramid_16206,headless_api,2,step,600,0,3,16211,16211,0,0,median_ms_per_step,39.150244667,ms,lower_is_better,39.150244667,25.542624536,0,ok,ok,engine_runner_cli,work_unit_wall_sum_inline,2,large_pyramid,1,solver_iterations=4; sleep=disabled; ccd=disabled; worker_count=2,rust_1_89_msvc_cargo_release,2,2,,,2,yes,,,,,,,,,,,600,23490.146800000,,,,,results/large-pyramid-16206/intel-core-i7-13700k/2026-10-05_0940_ddr5-4800_threads-1-2-3-4-5-6-8-10-12-14-16-24_r5/raw/rapier3d/t2/rapier3d_t2_raw.csv
2026-10-05_0940_ddr5-4800_threads-1-2-3-4-5-6-8-10-12-14-16-24_r5,rapier3d,28d0ba929b460597f0959fe600c7afd65612f6f9,windows,rust_1_89_msvc_cargo_release,large_pyramid_16206,headless_api,2,step,600,0,4,16211,16211,0,0,median_ms_per_step,39.077271500,ms,lower_is_better,39.077271500,25.590323009,0,ok,ok,engine_runner_cli,work_unit_wall_sum_inline,2,large_pyramid,1,solver_iterations=4; sleep=disabled; ccd=disabled; worker_count=2,rust_1_89_msvc_cargo_release,2,2,,,2,yes,,,,,,,,,,,600,23446.362900000,,,,,results/large-pyramid-16206/intel-core-i7-13700k/2026-10-05_0940_ddr5-4800_threads-1-2-3-4-5-6-8-10-12-14-16-24_r5/raw/rapier3d/t2/rapier3d_t2_raw.csv
2026-10-05_0940_ddr5-4800_threads-1-2-3-4-5-6-8-10-12-14-16-24_r5,rapier3d,28d0ba929b460597f0959fe600c7afd65612f6f9,windows,rust_1_89_msvc_cargo_release,large_pyramid_16206,headless_api,3,step,600,0,0,16211,16211,0,0,median_ms_per_step,29.374051833,ms,lower_is_better,29.374051833,34.043652053,0,ok,ok,engine_runner_cli,work_unit_wall_sum_inline,3,large_pyramid,1,solver_iterations=4; sleep=disabled; ccd=disabled; worker_count=3,rust_1_89_msvc_cargo_release,3,3,,,3,yes,,,,,,,,,,,600,17624.431100000,,,,,results/large-pyramid-16206/intel-core-i7-13700k/2026-10-05_0940_ddr5-4800_threads-1-2-3-4-5-6-8-10-12-14-16-24_r5/raw/rapier3d/t3/rapier3d_t3_raw.csv
2026-10-05_0940_ddr5-4800_threads-1-2-3-4-5-6-8-10-12-14-16-24_r5,rapier3d,28d0ba929b460597f0959fe600c7afd65612f6f9,windows,rust_1_89_msvc_cargo_release,large_pyramid_16206,headless_api,3,step,600,0,1,16211,16211,0,0,median_ms_per_step,29.888761000,ms,lower_is_better,29.888761000,33.457392228,0,ok,ok,engine_runner_cli,work_unit_wall_sum_inline,3,large_pyramid,1,solver_iterations=4; sleep=disabled; ccd=disabled; worker_count=3,rust_1_89_msvc_cargo_release,3,3,,,3,yes,,,,,,,,,,,600,17933.256600000,,,,,results/large-pyramid-16206/intel-core-i7-13700k/2026-10-05_0940_ddr5-4800_threads-1-2-3-4-5-6-8-10-12-14-16-24_r5/raw/rapier3d/t3/rapier3d_t3_raw.csv
2026-10-05_0940_ddr5-4800_threads-1-2-3-4-5-6-8-10-12-14-16-24_r5,rapier3d,28d0ba929b460597f0959fe600c7afd65612f6f9,windows,rust_1_89_msvc_cargo_release,large_pyramid_16206,headless_api,3,step,600,0,2,16211,16211,0,0,median_ms_per_step,32.112289333,ms,lower_is_better,32.112289333,31.140725895,0,ok,ok,engine_runner_cli,work_unit_wall_sum_inline,3,large_pyramid,1,solver_iterations=4; sleep=disabled; ccd=disabled; worker_count=3,rust_1_89_msvc_cargo_release,3,3,,,3,yes,,,,,,,,,,,600,19267.373600000,,,,,results/large-pyramid-16206/intel-core-i7-13700k/2026-10-05_0940_ddr5-4800_threads-1-2-3-4-5-6-8-10-12-14-16-24_r5/raw/rapier3d/t3/rapier3d_t3_raw.csv
2026-10-05_0940_ddr5-4800_threads-1-2-3-4-5-6-8-10-12-14-16-24_r5,rapier3d,28d0ba929b460597f0959fe600c7afd65612f6f9,windows,rust_1_89_msvc_cargo_release,large_pyramid_16206,headless_api,3,step,600,0,3,16211,16211,0,0,median_ms_per_step,30.363880333,ms,lower_is_better,30.363880333,32.933867115,0,ok,ok,engine_runner_cli,work_unit_wall_sum_inline,3,large_pyramid,1,solver_iterations=4; sleep=disabled; ccd=disabled; worker_count=3,rust_1_89_msvc_cargo_release,3,3,,,3,yes,,,,,,,,,,,600,18218.328200000,,,,,results/large-pyramid-16206/intel-core-i7-13700k/2026-10-05_0940_ddr5-4800_threads-1-2-3-4-5-6-8-10-12-14-16-24_r5/raw/rapier3d/t3/rapier3d_t3_raw.csv
2026-10-05_0940_ddr5-4800_threads-1-2-3-4-5-6-8-10-12-14-16-24_r5,rapier3d,28d0ba929b460597f0959fe600c7afd65612f6f9,windows,rust_1_89_msvc_cargo_release,large_pyramid_16206,headless_api,3,step,600,0,4,16211,16211,0,0,median_ms_per_step,29.347897667,ms,lower_is_better,29.347897667,34.073990967,0,ok,ok,engine_runner_cli,work_unit_wall_sum_inline,3,large_pyramid,1,solver_iterations=4; sleep=disabled; ccd=disabled; worker_count=3,rust_1_89_msvc_cargo_release,3,3,,,3,yes,,,,,,,,,,,600,17608.738600000,,,,,results/large-pyramid-16206/intel-core-i7-13700k/2026-10-05_0940_ddr5-4800_threads-1-2-3-4-5-6-8-10-12-14-16-24_r5/raw/rapier3d/t3/rapier3d_t3_raw.csv
2026-10-05_0940_ddr5-4800_threads-1-2-3-4-5-6-8-10-12-14-16-24_r5,rapier3d,28d0ba929b460597f0959fe600c7afd65612f6f9,windows,rust_1_89_msvc_cargo_release,large_pyramid_16206,headless_api,4,step,600,0,0,16211,16211,0,0,median_ms_per_step,26.408112667,ms,lower_is_better,26.408112667,37.867151380,0,ok,ok,engine_runner_cli,work_unit_wall_sum_inline,4,large_pyramid,1,solver_iterations=4; sleep=disabled; ccd=disabled; worker_count=4,rust_1_89_msvc_cargo_release,4,4,,,4,yes,,,,,,,,,,,600,15844.867600000,,,,,results/large-pyramid-16206/intel-core-i7-13700k/2026-10-05_0940_ddr5-4800_threads-1-2-3-4-5-6-8-10-12-14-16-24_r5/raw/rapier3d/t4/rapier3d_t4_raw.csv
2026-10-05_0940_ddr5-4800_threads-1-2-3-4-5-6-8-10-12-14-16-24_r5,rapier3d,28d0ba929b460597f0959fe600c7afd65612f6f9,windows,rust_1_89_msvc_cargo_release,large_pyramid_16206,headless_api,4,step,600,0,1,16211,16211,0,0,median_ms_per_step,25.391283333,ms,lower_is_better,25.391283333,39.383594239,0,ok,ok,engine_runner_cli,work_unit_wall_sum_inline,4,large_pyramid,1,solver_iterations=4; sleep=disabled; ccd=disabled; worker_count=4,rust_1_89_msvc_cargo_release,4,4,,,4,yes,,,,,,,,,,,600,15234.770000000,,,,,results/large-pyramid-16206/intel-core-i7-13700k/2026-10-05_0940_ddr5-4800_threads-1-2-3-4-5-6-8-10-12-14-16-24_r5/raw/rapier3d/t4/rapier3d_t4_raw.csv
2026-10-05_0940_ddr5-4800_threads-1-2-3-4-5-6-8-10-12-14-16-24_r5,rapier3d,28d0ba929b460597f0959fe600c7afd65612f6f9,windows,rust_1_89_msvc_cargo_release,large_pyramid_16206,headless_api,4,step,600,0,2,16211,16211,0,0,median_ms_per_step,24.857299167,ms,lower_is_better,24.857299167,40.229632081,0,ok,ok,engine_runner_cli,work_unit_wall_sum_inline,4,large_pyramid,1,solver_iterations=4; sleep=disabled; ccd=disabled; worker_count=4,rust_1_89_msvc_cargo_release,4,4,,,4,yes,,,,,,,,,,,600,14914.379500000,,,,,results/large-pyramid-16206/intel-core-i7-13700k/2026-10-05_0940_ddr5-4800_threads-1-2-3-4-5-6-8-10-12-14-16-24_r5/raw/rapier3d/t4/rapier3d_t4_raw.csv
2026-10-05_0940_ddr5-4800_threads-1-2-3-4-5-6-8-10-12-14-16-24_r5,rapier3d,28d0ba929b460597f0959fe600c7afd65612f6f9,windows,rust_1_89_msvc_cargo_release,large_pyramid_16206,headless_api,4,step,600,0,3,16211,16211,0,0,median_ms_per_step,26.419156167,ms,lower_is_better,26.419156167,37.851322491,0,ok,ok,engine_runner_cli,work_unit_wall_sum_inline,4,large_pyramid,1,solver_iterations=4; sleep=disabled; ccd=disabled; worker_count=4,rust_1_89_msvc_cargo_release,4,4,,,4,yes,,,,,,,,,,,600,15851.493700000,,,,,results/large-pyramid-16206/intel-core-i7-13700k/2026-10-05_0940_ddr5-4800_threads-1-2-3-4-5-6-8-10-12-14-16-24_r5/raw/rapier3d/t4/rapier3d_t4_raw.csv
2026-10-05_0940_ddr5-4800_threads-1-2-3-4-5-6-8-10-12-14-16-24_r5,rapier3d,28d0ba929b460597f0959fe600c7afd65612f6f9,windows,rust_1_89_msvc_cargo_release,large_pyramid_16206,headless_api,4,step,600,0,4,16211,16211,0,0,median_ms_per_step,24.617688833,ms,lower_is_better,24.617688833,40.621197496,0,ok,ok,engine_runner_cli,work_unit_wall_sum_inline,4,large_pyramid,1,solver_iterations=4; sleep=disabled; ccd=disabled; worker_count=4,rust_1_89_msvc_cargo_release,4,4,,,4,yes,,,,,,,,,,,600,14770.613300000,,,,,results/large-pyramid-16206/intel-core-i7-13700k/2026-10-05_0940_ddr5-4800_threads-1-2-3-4-5-6-8-10-12-14-16-24_r5/raw/rapier3d/t4/rapier3d_t4_raw.csv
2026-10-05_0940_ddr5-4800_threads-1-2-3-4-5-6-8-10-12-14-16-24_r5,rapier3d,28d0ba929b460597f0959fe600c7afd65612f6f9,windows,rust_1_89_msvc_cargo_release,large_pyramid_16206,headless_api,5,step,600,0,0,16211,16211,0,0,median_ms_per_step,22.111692500,ms,lower_is_better,22.111692500,45.224941510,0,ok,ok,engine_runner_cli,work_unit_wall_sum_inline,5,large_pyramid,1,solver_iterations=4; sleep=disabled; ccd=disabled; worker_count=5,rust_1_89_msvc_cargo_release,5,5,,,5,yes,,,,,,,,,,,600,13267.015500000,,,,,results/large-pyramid-16206/intel-core-i7-13700k/2026-10-05_0940_ddr5-4800_threads-1-2-3-4-5-6-8-10-12-14-16-24_r5/raw/rapier3d/t5/rapier3d_t5_raw.csv
2026-10-05_0940_ddr5-4800_threads-1-2-3-4-5-6-8-10-12-14-16-24_r5,rapier3d,28d0ba929b460597f0959fe600c7afd65612f6f9,windows,rust_1_89_msvc_cargo_release,large_pyramid_16206,headless_api,5,step,600,0,1,16211,16211,0,0,median_ms_per_step,22.141596333,ms,lower_is_better,22.141596333,45.163861943,0,ok,ok,engine_runner_cli,work_unit_wall_sum_inline,5,large_pyramid,1,solver_iterations=4; sleep=disabled; ccd=disabled; worker_count=5,rust_1_89_msvc_cargo_release,5,5,,,5,yes,,,,,,,,,,,600,13284.957800000,,,,,results/large-pyramid-16206/intel-core-i7-13700k/2026-10-05_0940_ddr5-4800_threads-1-2-3-4-5-6-8-10-12-14-16-24_r5/raw/rapier3d/t5/rapier3d_t5_raw.csv
2026-10-05_0940_ddr5-4800_threads-1-2-3-4-5-6-8-10-12-14-16-24_r5,rapier3d,28d0ba929b460597f0959fe600c7afd65612f6f9,windows,rust_1_89_msvc_cargo_release,large_pyramid_16206,headless_api,5,step,600,0,2,16211,16211,0,0,median_ms_per_step,24.278533667,ms,lower_is_better,24.278533667,41.188648941,0,ok,ok,engine_runner_cli,work_unit_wall_sum_inline,5,large_pyramid,1,solver_iterations=4; sleep=disabled; ccd=disabled; worker_count=5,rust_1_89_msvc_cargo_release,5,5,,,5,yes,,,,,,,,,,,600,14567.120200000,,,,,results/large-pyramid-16206/intel-core-i7-13700k/2026-10-05_0940_ddr5-4800_threads-1-2-3-4-5-6-8-10-12-14-16-24_r5/raw/rapier3d/t5/rapier3d_t5_raw.csv
2026-10-05_0940_ddr5-4800_threads-1-2-3-4-5-6-8-10-12-14-16-24_r5,rapier3d,28d0ba929b460597f0959fe600c7afd65612f6f9,windows,rust_1_89_msvc_cargo_release,large_pyramid_16206,headless_api,5,step,600,0,3,16211,16211,0,0,median_ms_per_step,23.439415667,ms,lower_is_better,23.439415667,42.663179587,0,ok,ok,engine_runner_cli,work_unit_wall_sum_inline,5,large_pyramid,1,solver_iterations=4; sleep=disabled; ccd=disabled; worker_count=5,rust_1_89_msvc_cargo_release,5,5,,,5,yes,,,,,,,,,,,600,14063.649400000,,,,,results/large-pyramid-16206/intel-core-i7-13700k/2026-10-05_0940_ddr5-4800_threads-1-2-3-4-5-6-8-10-12-14-16-24_r5/raw/rapier3d/t5/rapier3d_t5_raw.csv
2026-10-05_0940_ddr5-4800_threads-1-2-3-4-5-6-8-10-12-14-16-24_r5,rapier3d,28d0ba929b460597f0959fe600c7afd65612f6f9,windows,rust_1_89_msvc_cargo_release,large_pyramid_16206,headless_api,5,step,600,0,4,16211,16211,0,0,median_ms_per_step,23.415374500,ms,lower_is_better,23.415374500,42.706982970,0,ok,ok,engine_runner_cli,work_unit_wall_sum_inline,5,large_pyramid,1,solver_iterations=4; sleep=disabled; ccd=disabled; worker_count=5,rust_1_89_msvc_cargo_release,5,5,,,5,yes,,,,,,,,,,,600,14049.224700000,,,,,results/large-pyramid-16206/intel-core-i7-13700k/2026-10-05_0940_ddr5-4800_threads-1-2-3-4-5-6-8-10-12-14-16-24_r5/raw/rapier3d/t5/rapier3d_t5_raw.csv
2026-10-05_0940_ddr5-4800_threads-1-2-3-4-5-6-8-10-12-14-16-24_r5,rapier3d,28d0ba929b460597f0959fe600c7afd65612f6f9,windows,rust_1_89_msvc_cargo_release,large_pyramid_16206,headless_api,6,step,600,0,0,16211,16211,0,0,median_ms_per_step,21.219429000,ms,lower_is_better,21.219429000,47.126621550,0,ok,ok,engine_runner_cli,work_unit_wall_sum_inline,6,large_pyramid,1,solver_iterations=4; sleep=disabled; ccd=disabled; worker_count=6,rust_1_89_msvc_cargo_release,6,6,,,6,yes,,,,,,,,,,,600,12731.657400000,,,,,results/large-pyramid-16206/intel-core-i7-13700k/2026-10-05_0940_ddr5-4800_threads-1-2-3-4-5-6-8-10-12-14-16-24_r5/raw/rapier3d/t6/rapier3d_t6_raw.csv
2026-10-05_0940_ddr5-4800_threads-1-2-3-4-5-6-8-10-12-14-16-24_r5,rapier3d,28d0ba929b460597f0959fe600c7afd65612f6f9,windows,rust_1_89_msvc_cargo_release,large_pyramid_16206,headless_api,6,step,600,0,1,16211,16211,0,0,median_ms_per_step,21.122454833,ms,lower_is_better,21.122454833,47.342982049,0,ok,ok,engine_runner_cli,work_unit_wall_sum_inline,6,large_pyramid,1,solver_iterations=4; sleep=disabled; ccd=disabled; worker_count=6,rust_1_89_msvc_cargo_release,6,6,,,6,yes,,,,,,,,,,,600,12673.472900000,,,,,results/large-pyramid-16206/intel-core-i7-13700k/2026-10-05_0940_ddr5-4800_threads-1-2-3-4-5-6-8-10-12-14-16-24_r5/raw/rapier3d/t6/rapier3d_t6_raw.csv
2026-10-05_0940_ddr5-4800_threads-1-2-3-4-5-6-8-10-12-14-16-24_r5,rapier3d,28d0ba929b460597f0959fe600c7afd65612f6f9,windows,rust_1_89_msvc_cargo_release,large_pyramid_16206,headless_api,6,step,600,0,2,16211,16211,0,0,median_ms_per_step,20.806812500,ms,lower_is_better,20.806812500,48.061181885,0,ok,ok,engine_runner_cli,work_unit_wall_sum_inline,6,large_pyramid,1,solver_iterations=4; sleep=disabled; ccd=disabled; worker_count=6,rust_1_89_msvc_cargo_release,6,6,,,6,yes,,,,,,,,,,,600,12484.087500000,,,,,results/large-pyramid-16206/intel-core-i7-13700k/2026-10-05_0940_ddr5-4800_threads-1-2-3-4-5-6-8-10-12-14-16-24_r5/raw/rapier3d/t6/rapier3d_t6_raw.csv
2026-10-05_0940_ddr5-4800_threads-1-2-3-4-5-6-8-10-12-14-16-24_r5,rapier3d,28d0ba929b460597f0959fe600c7afd65612f6f9,windows,rust_1_89_msvc_cargo_release,large_pyramid_16206,headless_api,6,step,600,0,3,16211,16211,0,0,median_ms_per_step,20.806304333,ms,lower_is_better,20.806304333,48.062355716,0,ok,ok,engine_runner_cli,work_unit_wall_sum_inline,6,large_pyramid,1,solver_iterations=4; sleep=disabled; ccd=disabled; worker_count=6,rust_1_89_msvc_cargo_release,6,6,,,6,yes,,,,,,,,,,,600,12483.782600000,,,,,results/large-pyramid-16206/intel-core-i7-13700k/2026-10-05_0940_ddr5-4800_threads-1-2-3-4-5-6-8-10-12-14-16-24_r5/raw/rapier3d/t6/rapier3d_t6_raw.csv
2026-10-05_0940_ddr5-4800_threads-1-2-3-4-5-6-8-10-12-14-16-24_r5,rapier3d,28d0ba929b460597f0959fe600c7afd65612f6f9,windows,rust_1_89_msvc_cargo_release,large_pyramid_16206,headless_api,6,step,600,0,4,16211,16211,0,0,median_ms_per_step,20.562327000,ms,lower_is_better,20.562327000,48.632628009,0,ok,ok,engine_runner_cli,work_unit_wall_sum_inline,6,large_pyramid,1,solver_iterations=4; sleep=disabled; ccd=disabled; worker_count=6,rust_1_89_msvc_cargo_release,6,6,,,6,yes,,,,,,,,,,,600,12337.396200000,,,,,results/large-pyramid-16206/intel-core-i7-13700k/2026-10-05_0940_ddr5-4800_threads-1-2-3-4-5-6-8-10-12-14-16-24_r5/raw/rapier3d/t6/rapier3d_t6_raw.csv
2026-10-05_0940_ddr5-4800_threads-1-2-3-4-5-6-8-10-12-14-16-24_r5,rapier3d,28d0ba929b460597f0959fe600c7afd65612f6f9,windows,rust_1_89_msvc_cargo_release,large_pyramid_16206,headless_api,8,step,600,0,0,16211,16211,0,0,median_ms_per_step,18.174360500,ms,lower_is_better,18.174360500,55.022568745,0,ok,ok,engine_runner_cli,work_unit_wall_sum_inline,8,large_pyramid,1,solver_iterations=4; sleep=disabled; ccd=disabled; worker_count=8,rust_1_89_msvc_cargo_release,8,8,,,8,yes,,,,,,,,,,,600,10904.616300000,,,,,results/large-pyramid-16206/intel-core-i7-13700k/2026-10-05_0940_ddr5-4800_threads-1-2-3-4-5-6-8-10-12-14-16-24_r5/raw/rapier3d/t8/rapier3d_t8_raw.csv
2026-10-05_0940_ddr5-4800_threads-1-2-3-4-5-6-8-10-12-14-16-24_r5,rapier3d,28d0ba929b460597f0959fe600c7afd65612f6f9,windows,rust_1_89_msvc_cargo_release,large_pyramid_16206,headless_api,8,step,600,0,1,16211,16211,0,0,median_ms_per_step,18.648874833,ms,lower_is_better,18.648874833,53.622538032,0,ok,ok,engine_runner_cli,work_unit_wall_sum_inline,8,large_pyramid,1,solver_iterations=4; sleep=disabled; ccd=disabled; worker_count=8,rust_1_89_msvc_cargo_release,8,8,,,8,yes,,,,,,,,,,,600,11189.324900000,,,,,results/large-pyramid-16206/intel-core-i7-13700k/2026-10-05_0940_ddr5-4800_threads-1-2-3-4-5-6-8-10-12-14-16-24_r5/raw/rapier3d/t8/rapier3d_t8_raw.csv
2026-10-05_0940_ddr5-4800_threads-1-2-3-4-5-6-8-10-12-14-16-24_r5,rapier3d,28d0ba929b460597f0959fe600c7afd65612f6f9,windows,rust_1_89_msvc_cargo_release,large_pyramid_16206,headless_api,8,step,600,0,2,16211,16211,0,0,median_ms_per_step,17.709325667,ms,lower_is_better,17.709325667,56.467423934,0,ok,ok,engine_runner_cli,work_unit_wall_sum_inline,8,large_pyramid,1,solver_iterations=4; sleep=disabled; ccd=disabled; worker_count=8,rust_1_89_msvc_cargo_release,8,8,,,8,yes,,,,,,,,,,,600,10625.595400000,,,,,results/large-pyramid-16206/intel-core-i7-13700k/2026-10-05_0940_ddr5-4800_threads-1-2-3-4-5-6-8-10-12-14-16-24_r5/raw/rapier3d/t8/rapier3d_t8_raw.csv
2026-10-05_0940_ddr5-4800_threads-1-2-3-4-5-6-8-10-12-14-16-24_r5,rapier3d,28d0ba929b460597f0959fe600c7afd65612f6f9,windows,rust_1_89_msvc_cargo_release,large_pyramid_16206,headless_api,8,step,600,0,3,16211,16211,0,0,median_ms_per_step,18.311511500,ms,lower_is_better,18.311511500,54.610456379,0,ok,ok,engine_runner_cli,work_unit_wall_sum_inline,8,large_pyramid,1,solver_iterations=4; sleep=disabled; ccd=disabled; worker_count=8,rust_1_89_msvc_cargo_release,8,8,,,8,yes,,,,,,,,,,,600,10986.906900000,,,,,results/large-pyramid-16206/intel-core-i7-13700k/2026-10-05_0940_ddr5-4800_threads-1-2-3-4-5-6-8-10-12-14-16-24_r5/raw/rapier3d/t8/rapier3d_t8_raw.csv
2026-10-05_0940_ddr5-4800_threads-1-2-3-4-5-6-8-10-12-14-16-24_r5,rapier3d,28d0ba929b460597f0959fe600c7afd65612f6f9,windows,rust_1_89_msvc_cargo_release,large_pyramid_16206,headless_api,8,step,600,0,4,16211,16211,0,0,median_ms_per_step,18.063498833,ms,lower_is_better,18.063498833,55.360260447,0,ok,ok,engine_runner_cli,work_unit_wall_sum_inline,8,large_pyramid,1,solver_iterations=4; sleep=disabled; ccd=disabled; worker_count=8,rust_1_89_msvc_cargo_release,8,8,,,8,yes,,,,,,,,,,,600,10838.099300000,,,,,results/large-pyramid-16206/intel-core-i7-13700k/2026-10-05_0940_ddr5-4800_threads-1-2-3-4-5-6-8-10-12-14-16-24_r5/raw/rapier3d/t8/rapier3d_t8_raw.csv
2026-10-05_0940_ddr5-4800_threads-1-2-3-4-5-6-8-10-12-14-16-24_r5,rapier3d,28d0ba929b460597f0959fe600c7afd65612f6f9,windows,rust_1_89_msvc_cargo_release,large_pyramid_16206,headless_api,10,step,600,0,0,16211,16211,0,0,median_ms_per_step,17.512319500,ms,lower_is_better,17.512319500,57.102658503,0,ok,ok,engine_runner_cli,work_unit_wall_sum_inline,10,large_pyramid,1,solver_iterations=4; sleep=disabled; ccd=disabled; worker_count=10,rust_1_89_msvc_cargo_release,10,10,,,10,yes,,,,,,,,,,,600,10507.391700000,,,,,results/large-pyramid-16206/intel-core-i7-13700k/2026-10-05_0940_ddr5-4800_threads-1-2-3-4-5-6-8-10-12-14-16-24_r5/raw/rapier3d/t10/rapier3d_t10_raw.csv
2026-10-05_0940_ddr5-4800_threads-1-2-3-4-5-6-8-10-12-14-16-24_r5,rapier3d,28d0ba929b460597f0959fe600c7afd65612f6f9,windows,rust_1_89_msvc_cargo_release,large_pyramid_16206,headless_api,10,step,600,0,1,16211,16211,0,0,median_ms_per_step,17.825328500,ms,lower_is_better,17.825328500,56.099947892,0,ok,ok,engine_runner_cli,work_unit_wall_sum_inline,10,large_pyramid,1,solver_iterations=4; sleep=disabled; ccd=disabled; worker_count=10,rust_1_89_msvc_cargo_release,10,10,,,10,yes,,,,,,,,,,,600,10695.197100000,,,,,results/large-pyramid-16206/intel-core-i7-13700k/2026-10-05_0940_ddr5-4800_threads-1-2-3-4-5-6-8-10-12-14-16-24_r5/raw/rapier3d/t10/rapier3d_t10_raw.csv
2026-10-05_0940_ddr5-4800_threads-1-2-3-4-5-6-8-10-12-14-16-24_r5,rapier3d,28d0ba929b460597f0959fe600c7afd65612f6f9,windows,rust_1_89_msvc_cargo_release,large_pyramid_16206,headless_api,10,step,600,0,2,16211,16211,0,0,median_ms_per_step,16.929684667,ms,lower_is_better,16.929684667,59.067845603,0,ok,ok,engine_runner_cli,work_unit_wall_sum_inline,10,large_pyramid,1,solver_iterations=4; sleep=disabled; ccd=disabled; worker_count=10,rust_1_89_msvc_cargo_release,10,10,,,10,yes,,,,,,,,,,,600,10157.810800000,,,,,results/large-pyramid-16206/intel-core-i7-13700k/2026-10-05_0940_ddr5-4800_threads-1-2-3-4-5-6-8-10-12-14-16-24_r5/raw/rapier3d/t10/rapier3d_t10_raw.csv
2026-10-05_0940_ddr5-4800_threads-1-2-3-4-5-6-8-10-12-14-16-24_r5,rapier3d,28d0ba929b460597f0959fe600c7afd65612f6f9,windows,rust_1_89_msvc_cargo_release,large_pyramid_16206,headless_api,10,step,600,0,3,16211,16211,0,0,median_ms_per_step,16.868456667,ms,lower_is_better,16.868456667,59.282246133,0,ok,ok,engine_runner_cli,work_unit_wall_sum_inline,10,large_pyramid,1,solver_iterations=4; sleep=disabled; ccd=disabled; worker_count=10,rust_1_89_msvc_cargo_release,10,10,,,10,yes,,,,,,,,,,,600,10121.074000000,,,,,results/large-pyramid-16206/intel-core-i7-13700k/2026-10-05_0940_ddr5-4800_threads-1-2-3-4-5-6-8-10-12-14-16-24_r5/raw/rapier3d/t10/rapier3d_t10_raw.csv
2026-10-05_0940_ddr5-4800_threads-1-2-3-4-5-6-8-10-12-14-16-24_r5,rapier3d,28d0ba929b460597f0959fe600c7afd65612f6f9,windows,rust_1_89_msvc_cargo_release,large_pyramid_16206,headless_api,10,step,600,0,4,16211,16211,0,0,median_ms_per_step,17.513639000,ms,lower_is_better,17.513639000,57.098356315,0,ok,ok,engine_runner_cli,work_unit_wall_sum_inline,10,large_pyramid,1,solver_iterations=4; sleep=disabled; ccd=disabled; worker_count=10,rust_1_89_msvc_cargo_release,10,10,,,10,yes,,,,,,,,,,,600,10508.183400000,,,,,results/large-pyramid-16206/intel-core-i7-13700k/2026-10-05_0940_ddr5-4800_threads-1-2-3-4-5-6-8-10-12-14-16-24_r5/raw/rapier3d/t10/rapier3d_t10_raw.csv
2026-10-05_0940_ddr5-4800_threads-1-2-3-4-5-6-8-10-12-14-16-24_r5,rapier3d,28d0ba929b460597f0959fe600c7afd65612f6f9,windows,rust_1_89_msvc_cargo_release,large_pyramid_16206,headless_api,12,step,600,0,0,16211,16211,0,0,median_ms_per_step,16.921798000,ms,lower_is_better,16.921798000,59.095375090,0,ok,ok,engine_runner_cli,work_unit_wall_sum_inline,12,large_pyramid,1,solver_iterations=4; sleep=disabled; ccd=disabled; worker_count=12,rust_1_89_msvc_cargo_release,12,12,,,12,yes,,,,,,,,,,,600,10153.078800000,,,,,results/large-pyramid-16206/intel-core-i7-13700k/2026-10-05_0940_ddr5-4800_threads-1-2-3-4-5-6-8-10-12-14-16-24_r5/raw/rapier3d/t12/rapier3d_t12_raw.csv
2026-10-05_0940_ddr5-4800_threads-1-2-3-4-5-6-8-10-12-14-16-24_r5,rapier3d,28d0ba929b460597f0959fe600c7afd65612f6f9,windows,rust_1_89_msvc_cargo_release,large_pyramid_16206,headless_api,12,step,600,0,1,16211,16211,0,0,median_ms_per_step,16.967346500,ms,lower_is_better,16.967346500,58.936734745,0,ok,ok,engine_runner_cli,work_unit_wall_sum_inline,12,large_pyramid,1,solver_iterations=4; sleep=disabled; ccd=disabled; worker_count=12,rust_1_89_msvc_cargo_release,12,12,,,12,yes,,,,,,,,,,,600,10180.407900000,,,,,results/large-pyramid-16206/intel-core-i7-13700k/2026-10-05_0940_ddr5-4800_threads-1-2-3-4-5-6-8-10-12-14-16-24_r5/raw/rapier3d/t12/rapier3d_t12_raw.csv
2026-10-05_0940_ddr5-4800_threads-1-2-3-4-5-6-8-10-12-14-16-24_r5,rapier3d,28d0ba929b460597f0959fe600c7afd65612f6f9,windows,rust_1_89_msvc_cargo_release,large_pyramid_16206,headless_api,12,step,600,0,2,16211,16211,0,0,median_ms_per_step,17.044604000,ms,lower_is_better,17.044604000,58.669594201,0,ok,ok,engine_runner_cli,work_unit_wall_sum_inline,12,large_pyramid,1,solver_iterations=4; sleep=disabled; ccd=disabled; worker_count=12,rust_1_89_msvc_cargo_release,12,12,,,12,yes,,,,,,,,,,,600,10226.762400000,,,,,results/large-pyramid-16206/intel-core-i7-13700k/2026-10-05_0940_ddr5-4800_threads-1-2-3-4-5-6-8-10-12-14-16-24_r5/raw/rapier3d/t12/rapier3d_t12_raw.csv
2026-10-05_0940_ddr5-4800_threads-1-2-3-4-5-6-8-10-12-14-16-24_r5,rapier3d,28d0ba929b460597f0959fe600c7afd65612f6f9,windows,rust_1_89_msvc_cargo_release,large_pyramid_16206,headless_api,12,step,600,0,3,16211,16211,0,0,median_ms_per_step,16.811703333,ms,lower_is_better,16.811703333,59.482372498,0,ok,ok,engine_runner_cli,work_unit_wall_sum_inline,12,large_pyramid,1,solver_iterations=4; sleep=disabled; ccd=disabled; worker_count=12,rust_1_89_msvc_cargo_release,12,12,,,12,yes,,,,,,,,,,,600,10087.022000000,,,,,results/large-pyramid-16206/intel-core-i7-13700k/2026-10-05_0940_ddr5-4800_threads-1-2-3-4-5-6-8-10-12-14-16-24_r5/raw/rapier3d/t12/rapier3d_t12_raw.csv
2026-10-05_0940_ddr5-4800_threads-1-2-3-4-5-6-8-10-12-14-16-24_r5,rapier3d,28d0ba929b460597f0959fe600c7afd65612f6f9,windows,rust_1_89_msvc_cargo_release,large_pyramid_16206,headless_api,12,step,600,0,4,16211,16211,0,0,median_ms_per_step,17.203562000,ms,lower_is_better,17.203562000,58.127497085,0,ok,ok,engine_runner_cli,work_unit_wall_sum_inline,12,large_pyramid,1,solver_iterations=4; sleep=disabled; ccd=disabled; worker_count=12,rust_1_89_msvc_cargo_release,12,12,,,12,yes,,,,,,,,,,,600,10322.137200000,,,,,results/large-pyramid-16206/intel-core-i7-13700k/2026-10-05_0940_ddr5-4800_threads-1-2-3-4-5-6-8-10-12-14-16-24_r5/raw/rapier3d/t12/rapier3d_t12_raw.csv
2026-10-05_0940_ddr5-4800_threads-1-2-3-4-5-6-8-10-12-14-16-24_r5,rapier3d,28d0ba929b460597f0959fe600c7afd65612f6f9,windows,rust_1_89_msvc_cargo_release,large_pyramid_16206,headless_api,14,step,600,0,0,16211,16211,0,0,median_ms_per_step,16.651829500,ms,lower_is_better,16.651829500,60.053461393,0,ok,ok,engine_runner_cli,work_unit_wall_sum_inline,14,large_pyramid,1,solver_iterations=4; sleep=disabled; ccd=disabled; worker_count=14,rust_1_89_msvc_cargo_release,14,14,,,14,yes,,,,,,,,,,,600,9991.097700000,,,,,results/large-pyramid-16206/intel-core-i7-13700k/2026-10-05_0940_ddr5-4800_threads-1-2-3-4-5-6-8-10-12-14-16-24_r5/raw/rapier3d/t14/rapier3d_t14_raw.csv
2026-10-05_0940_ddr5-4800_threads-1-2-3-4-5-6-8-10-12-14-16-24_r5,rapier3d,28d0ba929b460597f0959fe600c7afd65612f6f9,windows,rust_1_89_msvc_cargo_release,large_pyramid_16206,headless_api,14,step,600,0,1,16211,16211,0,0,median_ms_per_step,16.697998167,ms,lower_is_better,16.697998167,59.887418241,0,ok,ok,engine_runner_cli,work_unit_wall_sum_inline,14,large_pyramid,1,solver_iterations=4; sleep=disabled; ccd=disabled; worker_count=14,rust_1_89_msvc_cargo_release,14,14,,,14,yes,,,,,,,,,,,600,10018.798900000,,,,,results/large-pyramid-16206/intel-core-i7-13700k/2026-10-05_0940_ddr5-4800_threads-1-2-3-4-5-6-8-10-12-14-16-24_r5/raw/rapier3d/t14/rapier3d_t14_raw.csv
2026-10-05_0940_ddr5-4800_threads-1-2-3-4-5-6-8-10-12-14-16-24_r5,rapier3d,28d0ba929b460597f0959fe600c7afd65612f6f9,windows,rust_1_89_msvc_cargo_release,large_pyramid_16206,headless_api,14,step,600,0,2,16211,16211,0,0,median_ms_per_step,16.126144000,ms,lower_is_better,16.126144000,62.011104452,0,ok,ok,engine_runner_cli,work_unit_wall_sum_inline,14,large_pyramid,1,solver_iterations=4; sleep=disabled; ccd=disabled; worker_count=14,rust_1_89_msvc_cargo_release,14,14,,,14,yes,,,,,,,,,,,600,9675.686400000,,,,,results/large-pyramid-16206/intel-core-i7-13700k/2026-10-05_0940_ddr5-4800_threads-1-2-3-4-5-6-8-10-12-14-16-24_r5/raw/rapier3d/t14/rapier3d_t14_raw.csv
2026-10-05_0940_ddr5-4800_threads-1-2-3-4-5-6-8-10-12-14-16-24_r5,rapier3d,28d0ba929b460597f0959fe600c7afd65612f6f9,windows,rust_1_89_msvc_cargo_release,large_pyramid_16206,headless_api,14,step,600,0,3,16211,16211,0,0,median_ms_per_step,16.493360333,ms,lower_is_better,16.493360333,60.630458548,0,ok,ok,engine_runner_cli,work_unit_wall_sum_inline,14,large_pyramid,1,solver_iterations=4; sleep=disabled; ccd=disabled; worker_count=14,rust_1_89_msvc_cargo_release,14,14,,,14,yes,,,,,,,,,,,600,9896.016200000,,,,,results/large-pyramid-16206/intel-core-i7-13700k/2026-10-05_0940_ddr5-4800_threads-1-2-3-4-5-6-8-10-12-14-16-24_r5/raw/rapier3d/t14/rapier3d_t14_raw.csv
2026-10-05_0940_ddr5-4800_threads-1-2-3-4-5-6-8-10-12-14-16-24_r5,rapier3d,28d0ba929b460597f0959fe600c7afd65612f6f9,windows,rust_1_89_msvc_cargo_release,large_pyramid_16206,headless_api,14,step,600,0,4,16211,16211,0,0,median_ms_per_step,16.514602667,ms,lower_is_better,16.514602667,60.552471058,0,ok,ok,engine_runner_cli,work_unit_wall_sum_inline,14,large_pyramid,1,solver_iterations=4; sleep=disabled; ccd=disabled; worker_count=14,rust_1_89_msvc_cargo_release,14,14,,,14,yes,,,,,,,,,,,600,9908.761600000,,,,,results/large-pyramid-16206/intel-core-i7-13700k/2026-10-05_0940_ddr5-4800_threads-1-2-3-4-5-6-8-10-12-14-16-24_r5/raw/rapier3d/t14/rapier3d_t14_raw.csv
2026-10-05_0940_ddr5-4800_threads-1-2-3-4-5-6-8-10-12-14-16-24_r5,rapier3d,28d0ba929b460597f0959fe600c7afd65612f6f9,windows,rust_1_89_msvc_cargo_release,large_pyramid_16206,headless_api,16,step,600,0,0,16211,16211,0,0,median_ms_per_step,16.082337667,ms,lower_is_better,16.082337667,62.180015165,0,ok,ok,engine_runner_cli,work_unit_wall_sum_inline,16,large_pyramid,1,solver_iterations=4; sleep=disabled; ccd=disabled; worker_count=16,rust_1_89_msvc_cargo_release,16,16,,,16,yes,,,,,,,,,,,600,9649.402600000,,,,,results/large-pyramid-16206/intel-core-i7-13700k/2026-10-05_0940_ddr5-4800_threads-1-2-3-4-5-6-8-10-12-14-16-24_r5/raw/rapier3d/t16/rapier3d_t16_raw.csv
2026-10-05_0940_ddr5-4800_threads-1-2-3-4-5-6-8-10-12-14-16-24_r5,rapier3d,28d0ba929b460597f0959fe600c7afd65612f6f9,windows,rust_1_89_msvc_cargo_release,large_pyramid_16206,headless_api,16,step,600,0,1,16211,16211,0,0,median_ms_per_step,16.083734667,ms,lower_is_better,16.083734667,62.174614337,0,ok,ok,engine_runner_cli,work_unit_wall_sum_inline,16,large_pyramid,1,solver_iterations=4; sleep=disabled; ccd=disabled; worker_count=16,rust_1_89_msvc_cargo_release,16,16,,,16,yes,,,,,,,,,,,600,9650.240800000,,,,,results/large-pyramid-16206/intel-core-i7-13700k/2026-10-05_0940_ddr5-4800_threads-1-2-3-4-5-6-8-10-12-14-16-24_r5/raw/rapier3d/t16/rapier3d_t16_raw.csv
2026-10-05_0940_ddr5-4800_threads-1-2-3-4-5-6-8-10-12-14-16-24_r5,rapier3d,28d0ba929b460597f0959fe600c7afd65612f6f9,windows,rust_1_89_msvc_cargo_release,large_pyramid_16206,headless_api,16,step,600,0,2,16211,16211,0,0,median_ms_per_step,16.335951333,ms,lower_is_better,16.335951333,61.214677958,0,ok,ok,engine_runner_cli,work_unit_wall_sum_inline,16,large_pyramid,1,solver_iterations=4; sleep=disabled; ccd=disabled; worker_count=16,rust_1_89_msvc_cargo_release,16,16,,,16,yes,,,,,,,,,,,600,9801.570800000,,,,,results/large-pyramid-16206/intel-core-i7-13700k/2026-10-05_0940_ddr5-4800_threads-1-2-3-4-5-6-8-10-12-14-16-24_r5/raw/rapier3d/t16/rapier3d_t16_raw.csv
2026-10-05_0940_ddr5-4800_threads-1-2-3-4-5-6-8-10-12-14-16-24_r5,rapier3d,28d0ba929b460597f0959fe600c7afd65612f6f9,windows,rust_1_89_msvc_cargo_release,large_pyramid_16206,headless_api,16,step,600,0,3,16211,16211,0,0,median_ms_per_step,16.363955167,ms,lower_is_better,16.363955167,61.109920543,0,ok,ok,engine_runner_cli,work_unit_wall_sum_inline,16,large_pyramid,1,solver_iterations=4; sleep=disabled; ccd=disabled; worker_count=16,rust_1_89_msvc_cargo_release,16,16,,,16,yes,,,,,,,,,,,600,9818.373100000,,,,,results/large-pyramid-16206/intel-core-i7-13700k/2026-10-05_0940_ddr5-4800_threads-1-2-3-4-5-6-8-10-12-14-16-24_r5/raw/rapier3d/t16/rapier3d_t16_raw.csv
2026-10-05_0940_ddr5-4800_threads-1-2-3-4-5-6-8-10-12-14-16-24_r5,rapier3d,28d0ba929b460597f0959fe600c7afd65612f6f9,windows,rust_1_89_msvc_cargo_release,large_pyramid_16206,headless_api,16,step,600,0,4,16211,16211,0,0,median_ms_per_step,15.981577500,ms,lower_is_better,15.981577500,62.572045845,0,ok,ok,engine_runner_cli,work_unit_wall_sum_inline,16,large_pyramid,1,solver_iterations=4; sleep=disabled; ccd=disabled; worker_count=16,rust_1_89_msvc_cargo_release,16,16,,,16,yes,,,,,,,,,,,600,9588.946500000,,,,,results/large-pyramid-16206/intel-core-i7-13700k/2026-10-05_0940_ddr5-4800_threads-1-2-3-4-5-6-8-10-12-14-16-24_r5/raw/rapier3d/t16/rapier3d_t16_raw.csv
2026-10-05_0940_ddr5-4800_threads-1-2-3-4-5-6-8-10-12-14-16-24_r5,rapier3d,28d0ba929b460597f0959fe600c7afd65612f6f9,windows,rust_1_89_msvc_cargo_release,large_pyramid_16206,headless_api,24,step,600,0,0,16211,16211,0,0,median_ms_per_step,15.193861000,ms,lower_is_better,15.193861000,65.816055577,0,ok,ok,engine_runner_cli,work_unit_wall_sum_inline,24,large_pyramid,1,solver_iterations=4; sleep=disabled; ccd=disabled; worker_count=24,rust_1_89_msvc_cargo_release,24,24,,,24,yes,,,,,,,,,,,600,9116.316600000,,,,,results/large-pyramid-16206/intel-core-i7-13700k/2026-10-05_0940_ddr5-4800_threads-1-2-3-4-5-6-8-10-12-14-16-24_r5/raw/rapier3d/t24/rapier3d_t24_raw.csv
2026-10-05_0940_ddr5-4800_threads-1-2-3-4-5-6-8-10-12-14-16-24_r5,rapier3d,28d0ba929b460597f0959fe600c7afd65612f6f9,windows,rust_1_89_msvc_cargo_release,large_pyramid_16206,headless_api,24,step,600,0,1,16211,16211,0,0,median_ms_per_step,15.264317333,ms,lower_is_better,15.264317333,65.512264857,0,ok,ok,engine_runner_cli,work_unit_wall_sum_inline,24,large_pyramid,1,solver_iterations=4; sleep=disabled; ccd=disabled; worker_count=24,rust_1_89_msvc_cargo_release,24,24,,,24,yes,,,,,,,,,,,600,9158.590400000,,,,,results/large-pyramid-16206/intel-core-i7-13700k/2026-10-05_0940_ddr5-4800_threads-1-2-3-4-5-6-8-10-12-14-16-24_r5/raw/rapier3d/t24/rapier3d_t24_raw.csv
2026-10-05_0940_ddr5-4800_threads-1-2-3-4-5-6-8-10-12-14-16-24_r5,rapier3d,28d0ba929b460597f0959fe600c7afd65612f6f9,windows,rust_1_89_msvc_cargo_release,large_pyramid_16206,headless_api,24,step,600,0,2,16211,16211,0,0,median_ms_per_step,15.431467833,ms,lower_is_better,15.431467833,64.802649417,0,ok,ok,engine_runner_cli,work_unit_wall_sum_inline,24,large_pyramid,1,solver_iterations=4; sleep=disabled; ccd=disabled; worker_count=24,rust_1_89_msvc_cargo_release,24,24,,,24,yes,,,,,,,,,,,600,9258.880700000,,,,,results/large-pyramid-16206/intel-core-i7-13700k/2026-10-05_0940_ddr5-4800_threads-1-2-3-4-5-6-8-10-12-14-16-24_r5/raw/rapier3d/t24/rapier3d_t24_raw.csv
2026-10-05_0940_ddr5-4800_threads-1-2-3-4-5-6-8-10-12-14-16-24_r5,rapier3d,28d0ba929b460597f0959fe600c7afd65612f6f9,windows,rust_1_89_msvc_cargo_release,large_pyramid_16206,headless_api,24,step,600,0,3,16211,16211,0,0,median_ms_per_step,15.618593000,ms,lower_is_better,15.618593000,64.026253837,0,ok,ok,engine_runner_cli,work_unit_wall_sum_inline,24,large_pyramid,1,solver_iterations=4; sleep=disabled; ccd=disabled; worker_count=24,rust_1_89_msvc_cargo_release,24,24,,,24,yes,,,,,,,,,,,600,9371.155800000,,,,,results/large-pyramid-16206/intel-core-i7-13700k/2026-10-05_0940_ddr5-4800_threads-1-2-3-4-5-6-8-10-12-14-16-24_r5/raw/rapier3d/t24/rapier3d_t24_raw.csv
2026-10-05_0940_ddr5-4800_threads-1-2-3-4-5-6-8-10-12-14-16-24_r5,rapier3d,28d0ba929b460597f0959fe600c7afd65612f6f9,windows,rust_1_89_msvc_cargo_release,large_pyramid_16206,headless_api,24,step,600,0,4,16211,16211,0,0,median_ms_per_step,15.209757833,ms,lower_is_better,15.209757833,65.747266390,0,ok,ok,engine_runner_cli,work_unit_wall_sum_inline,24,large_pyramid,1,solver_iterations=4; sleep=disabled; ccd=disabled; worker_count=24,rust_1_89_msvc_cargo_release,24,24,,,24,yes,,,,,,,,,,,600,9125.854700000,,,,,results/large-pyramid-16206/intel-core-i7-13700k/2026-10-05_0940_ddr5-4800_threads-1-2-3-4-5-6-8-10-12-14-16-24_r5/raw/rapier3d/t24/rapier3d_t24_raw.csv
2026-10-05_0940_ddr5-4800_threads-1-2-3-4-5-6-8-10-12-14-16-24_r5,unity_physics,unity-6000.5.2f1-com.unity.physics-6.5.0,windows,unity_player,large_pyramid_16206,headless_api,1,step,600,0,0,16211,16211,0,0,median_ms_per_step,81.942560333,ms,lower_is_better,81.942560333,12.203670424,0,ok,ok,engine_runner_cli,work_unit_wall_sum_inline,1,large_pyramid,1,solver_iterations=2; substeps=3; solver_type=iterative; stabilization=on; linear_damping=0; angular_damping=0; synchronize_collision_world=on; sleep=not_applicable; worker_count=0,unity_player,1,0,,,0,yes,,,,,,,,,,,600,49165.536200000,,,,,results/large-pyramid-16206/intel-core-i7-13700k/2026-10-05_0940_ddr5-4800_threads-1-2-3-4-5-6-8-10-12-14-16-24_r5/raw/unity_physics/t1/unity_physics_t1_raw.csv
2026-10-05_0940_ddr5-4800_threads-1-2-3-4-5-6-8-10-12-14-16-24_r5,unreal_chaos,7deeb413d3dc1fc034f48d1aacc0861301829d32,windows,unreal_chaos_ubt_win64_shipping,large_pyramid_16206,headless_api,1,step,600,0,0,16211,16211,0,0,median_ms_per_step,91.931418667,ms,lower_is_better,91.931418667,10.877673972,0,ok,ok,engine_runner_cli,work_unit_wall_sum_inline,1,large_pyramid,1,position_iterations=3; velocity_iterations=1; projection_iterations=1; sleep=disabled; ccd=disabled; unit_scale=100_chaos_units_per_meter; worker_count=1,unreal_chaos_ubt_win64_shipping,1,1,,,1,yes,,,,,,,,,,,600,55158.851200000,,,,,results/large-pyramid-16206/intel-core-i7-13700k/2026-10-05_0940_ddr5-4800_threads-1-2-3-4-5-6-8-10-12-14-16-24_r5/raw/unreal_chaos/t1/unreal_chaos_t1_raw.csv
2026-10-05_0940_ddr5-4800_threads-1-2-3-4-5-6-8-10-12-14-16-24_r5,unreal_chaos,7deeb413d3dc1fc034f48d1aacc0861301829d32,windows,unreal_chaos_ubt_win64_shipping,large_pyramid_16206,headless_api,1,step,600,0,1,16211,16211,0,0,median_ms_per_step,93.440251167,ms,lower_is_better,93.440251167,10.702026027,0,ok,ok,engine_runner_cli,work_unit_wall_sum_inline,1,large_pyramid,1,position_iterations=3; velocity_iterations=1; projection_iterations=1; sleep=disabled; ccd=disabled; unit_scale=100_chaos_units_per_meter; worker_count=1,unreal_chaos_ubt_win64_shipping,1,1,,,1,yes,,,,,,,,,,,600,56064.150700000,,,,,results/large-pyramid-16206/intel-core-i7-13700k/2026-10-05_0940_ddr5-4800_threads-1-2-3-4-5-6-8-10-12-14-16-24_r5/raw/unreal_chaos/t1/unreal_chaos_t1_raw.csv
2026-10-05_0940_ddr5-4800_threads-1-2-3-4-5-6-8-10-12-14-16-24_r5,unreal_chaos,7deeb413d3dc1fc034f48d1aacc0861301829d32,windows,unreal_chaos_ubt_win64_shipping,large_pyramid_16206,headless_api,1,step,600,0,2,16211,16211,0,0,median_ms_per_step,95.190193000,ms,lower_is_better,95.190193000,10.505283879,0,ok,ok,engine_runner_cli,work_unit_wall_sum_inline,1,large_pyramid,1,position_iterations=3; velocity_iterations=1; projection_iterations=1; sleep=disabled; ccd=disabled; unit_scale=100_chaos_units_per_meter; worker_count=1,unreal_chaos_ubt_win64_shipping,1,1,,,1,yes,,,,,,,,,,,600,57114.115800000,,,,,results/large-pyramid-16206/intel-core-i7-13700k/2026-10-05_0940_ddr5-4800_threads-1-2-3-4-5-6-8-10-12-14-16-24_r5/raw/unreal_chaos/t1/unreal_chaos_t1_raw.csv
2026-10-05_0940_ddr5-4800_threads-1-2-3-4-5-6-8-10-12-14-16-24_r5,unreal_chaos,7deeb413d3dc1fc034f48d1aacc0861301829d32,windows,unreal_chaos_ubt_win64_shipping,large_pyramid_16206,headless_api,1,step,600,0,3,16211,16211,0,0,median_ms_per_step,93.653247333,ms,lower_is_better,93.653247333,10.677686343,0,ok,ok,engine_runner_cli,work_unit_wall_sum_inline,1,large_pyramid,1,position_iterations=3; velocity_iterations=1; projection_iterations=1; sleep=disabled; ccd=disabled; unit_scale=100_chaos_units_per_meter; worker_count=1,unreal_chaos_ubt_win64_shipping,1,1,,,1,yes,,,,,,,,,,,600,56191.948400000,,,,,results/large-pyramid-16206/intel-core-i7-13700k/2026-10-05_0940_ddr5-4800_threads-1-2-3-4-5-6-8-10-12-14-16-24_r5/raw/unreal_chaos/t1/unreal_chaos_t1_raw.csv
2026-10-05_0940_ddr5-4800_threads-1-2-3-4-5-6-8-10-12-14-16-24_r5,unreal_chaos,7deeb413d3dc1fc034f48d1aacc0861301829d32,windows,unreal_chaos_ubt_win64_shipping,large_pyramid_16206,headless_api,1,step,600,0,4,16211,16211,0,0,median_ms_per_step,93.698392000,ms,lower_is_better,93.698392000,10.672541744,0,ok,ok,engine_runner_cli,work_unit_wall_sum_inline,1,large_pyramid,1,position_iterations=3; velocity_iterations=1; projection_iterations=1; sleep=disabled; ccd=disabled; unit_scale=100_chaos_units_per_meter; worker_count=1,unreal_chaos_ubt_win64_shipping,1,1,,,1,yes,,,,,,,,,,,600,56219.035200000,,,,,results/large-pyramid-16206/intel-core-i7-13700k/2026-10-05_0940_ddr5-4800_threads-1-2-3-4-5-6-8-10-12-14-16-24_r5/raw/unreal_chaos/t1/unreal_chaos_t1_raw.csv
2026-10-05_0940_ddr5-4800_threads-1-2-3-4-5-6-8-10-12-14-16-24_r5,unreal_chaos,7deeb413d3dc1fc034f48d1aacc0861301829d32,windows,unreal_chaos_ubt_win64_shipping,large_pyramid_16206,headless_api,2,step,600,0,0,16211,16211,0,0,median_ms_per_step,66.685285833,ms,lower_is_better,66.685285833,14.995811857,0,ok,ok,engine_runner_cli,work_unit_wall_sum_inline,2,large_pyramid,1,position_iterations=3; velocity_iterations=1; projection_iterations=1; sleep=disabled; ccd=disabled; unit_scale=100_chaos_units_per_meter; worker_count=2,unreal_chaos_ubt_win64_shipping,2,2,,,2,yes,,,,,,,,,,,600,40011.171500000,,,,,results/large-pyramid-16206/intel-core-i7-13700k/2026-10-05_0940_ddr5-4800_threads-1-2-3-4-5-6-8-10-12-14-16-24_r5/raw/unreal_chaos/t2/unreal_chaos_t2_raw.csv
2026-10-05_0940_ddr5-4800_threads-1-2-3-4-5-6-8-10-12-14-16-24_r5,unreal_chaos,7deeb413d3dc1fc034f48d1aacc0861301829d32,windows,unreal_chaos_ubt_win64_shipping,large_pyramid_16206,headless_api,2,step,600,0,1,16211,16211,0,0,median_ms_per_step,64.769263333,ms,lower_is_better,64.769263333,15.439422166,0,ok,ok,engine_runner_cli,work_unit_wall_sum_inline,2,large_pyramid,1,position_iterations=3; velocity_iterations=1; projection_iterations=1; sleep=disabled; ccd=disabled; unit_scale=100_chaos_units_per_meter; worker_count=2,unreal_chaos_ubt_win64_shipping,2,2,,,2,yes,,,,,,,,,,,600,38861.558000000,,,,,results/large-pyramid-16206/intel-core-i7-13700k/2026-10-05_0940_ddr5-4800_threads-1-2-3-4-5-6-8-10-12-14-16-24_r5/raw/unreal_chaos/t2/unreal_chaos_t2_raw.csv
2026-10-05_0940_ddr5-4800_threads-1-2-3-4-5-6-8-10-12-14-16-24_r5,unreal_chaos,7deeb413d3dc1fc034f48d1aacc0861301829d32,windows,unreal_chaos_ubt_win64_shipping,large_pyramid_16206,headless_api,2,step,600,0,2,16211,16211,0,0,median_ms_per_step,63.492349000,ms,lower_is_better,63.492349000,15.749929177,0,ok,ok,engine_runner_cli,work_unit_wall_sum_inline,2,large_pyramid,1,position_iterations=3; velocity_iterations=1; projection_iterations=1; sleep=disabled; ccd=disabled; unit_scale=100_chaos_units_per_meter; worker_count=2,unreal_chaos_ubt_win64_shipping,2,2,,,2,yes,,,,,,,,,,,600,38095.409400000,,,,,results/large-pyramid-16206/intel-core-i7-13700k/2026-10-05_0940_ddr5-4800_threads-1-2-3-4-5-6-8-10-12-14-16-24_r5/raw/unreal_chaos/t2/unreal_chaos_t2_raw.csv
2026-10-05_0940_ddr5-4800_threads-1-2-3-4-5-6-8-10-12-14-16-24_r5,unreal_chaos,7deeb413d3dc1fc034f48d1aacc0861301829d32,windows,unreal_chaos_ubt_win64_shipping,large_pyramid_16206,headless_api,2,step,600,0,3,16211,16211,0,0,median_ms_per_step,66.524280000,ms,lower_is_better,66.524280000,15.032105571,0,ok,ok,engine_runner_cli,work_unit_wall_sum_inline,2,large_pyramid,1,position_iterations=3; velocity_iterations=1; projection_iterations=1; sleep=disabled; ccd=disabled; unit_scale=100_chaos_units_per_meter; worker_count=2,unreal_chaos_ubt_win64_shipping,2,2,,,2,yes,,,,,,,,,,,600,39914.568000000,,,,,results/large-pyramid-16206/intel-core-i7-13700k/2026-10-05_0940_ddr5-4800_threads-1-2-3-4-5-6-8-10-12-14-16-24_r5/raw/unreal_chaos/t2/unreal_chaos_t2_raw.csv
2026-10-05_0940_ddr5-4800_threads-1-2-3-4-5-6-8-10-12-14-16-24_r5,unreal_chaos,7deeb413d3dc1fc034f48d1aacc0861301829d32,windows,unreal_chaos_ubt_win64_shipping,large_pyramid_16206,headless_api,2,step,600,0,4,16211,16211,0,0,median_ms_per_step,64.922552667,ms,lower_is_better,64.922552667,15.402967981,0,ok,ok,engine_runner_cli,work_unit_wall_sum_inline,2,large_pyramid,1,position_iterations=3; velocity_iterations=1; projection_iterations=1; sleep=disabled; ccd=disabled; unit_scale=100_chaos_units_per_meter; worker_count=2,unreal_chaos_ubt_win64_shipping,2,2,,,2,yes,,,,,,,,,,,600,38953.531600000,,,,,results/large-pyramid-16206/intel-core-i7-13700k/2026-10-05_0940_ddr5-4800_threads-1-2-3-4-5-6-8-10-12-14-16-24_r5/raw/unreal_chaos/t2/unreal_chaos_t2_raw.csv
2026-10-05_0940_ddr5-4800_threads-1-2-3-4-5-6-8-10-12-14-16-24_r5,unreal_chaos,7deeb413d3dc1fc034f48d1aacc0861301829d32,windows,unreal_chaos_ubt_win64_shipping,large_pyramid_16206,headless_api,3,step,600,0,0,16211,16211,0,0,median_ms_per_step,58.511201167,ms,lower_is_better,58.511201167,17.090744679,0,ok,ok,engine_runner_cli,work_unit_wall_sum_inline,3,large_pyramid,1,position_iterations=3; velocity_iterations=1; projection_iterations=1; sleep=disabled; ccd=disabled; unit_scale=100_chaos_units_per_meter; worker_count=3,unreal_chaos_ubt_win64_shipping,3,3,,,3,yes,,,,,,,,,,,600,35106.720700000,,,,,results/large-pyramid-16206/intel-core-i7-13700k/2026-10-05_0940_ddr5-4800_threads-1-2-3-4-5-6-8-10-12-14-16-24_r5/raw/unreal_chaos/t3/unreal_chaos_t3_raw.csv
2026-10-05_0940_ddr5-4800_threads-1-2-3-4-5-6-8-10-12-14-16-24_r5,unreal_chaos,7deeb413d3dc1fc034f48d1aacc0861301829d32,windows,unreal_chaos_ubt_win64_shipping,large_pyramid_16206,headless_api,3,step,600,0,1,16211,16211,0,0,median_ms_per_step,60.256684833,ms,lower_is_better,60.256684833,16.595669058,0,ok,ok,engine_runner_cli,work_unit_wall_sum_inline,3,large_pyramid,1,position_iterations=3; velocity_iterations=1; projection_iterations=1; sleep=disabled; ccd=disabled; unit_scale=100_chaos_units_per_meter; worker_count=3,unreal_chaos_ubt_win64_shipping,3,3,,,3,yes,,,,,,,,,,,600,36154.010900000,,,,,results/large-pyramid-16206/intel-core-i7-13700k/2026-10-05_0940_ddr5-4800_threads-1-2-3-4-5-6-8-10-12-14-16-24_r5/raw/unreal_chaos/t3/unreal_chaos_t3_raw.csv
2026-10-05_0940_ddr5-4800_threads-1-2-3-4-5-6-8-10-12-14-16-24_r5,unreal_chaos,7deeb413d3dc1fc034f48d1aacc0861301829d32,windows,unreal_chaos_ubt_win64_shipping,large_pyramid_16206,headless_api,3,step,600,0,2,16211,16211,0,0,median_ms_per_step,58.096814000,ms,lower_is_better,58.096814000,17.212647840,0,ok,ok,engine_runner_cli,work_unit_wall_sum_inline,3,large_pyramid,1,position_iterations=3; velocity_iterations=1; projection_iterations=1; sleep=disabled; ccd=disabled; unit_scale=100_chaos_units_per_meter; worker_count=3,unreal_chaos_ubt_win64_shipping,3,3,,,3,yes,,,,,,,,,,,600,34858.088400000,,,,,results/large-pyramid-16206/intel-core-i7-13700k/2026-10-05_0940_ddr5-4800_threads-1-2-3-4-5-6-8-10-12-14-16-24_r5/raw/unreal_chaos/t3/unreal_chaos_t3_raw.csv
2026-10-05_0940_ddr5-4800_threads-1-2-3-4-5-6-8-10-12-14-16-24_r5,unreal_chaos,7deeb413d3dc1fc034f48d1aacc0861301829d32,windows,unreal_chaos_ubt_win64_shipping,large_pyramid_16206,headless_api,3,step,600,0,3,16211,16211,0,0,median_ms_per_step,58.570627667,ms,lower_is_better,58.570627667,17.073404193,0,ok,ok,engine_runner_cli,work_unit_wall_sum_inline,3,large_pyramid,1,position_iterations=3; velocity_iterations=1; projection_iterations=1; sleep=disabled; ccd=disabled; unit_scale=100_chaos_units_per_meter; worker_count=3,unreal_chaos_ubt_win64_shipping,3,3,,,3,yes,,,,,,,,,,,600,35142.376600000,,,,,results/large-pyramid-16206/intel-core-i7-13700k/2026-10-05_0940_ddr5-4800_threads-1-2-3-4-5-6-8-10-12-14-16-24_r5/raw/unreal_chaos/t3/unreal_chaos_t3_raw.csv
2026-10-05_0940_ddr5-4800_threads-1-2-3-4-5-6-8-10-12-14-16-24_r5,unreal_chaos,7deeb413d3dc1fc034f48d1aacc0861301829d32,windows,unreal_chaos_ubt_win64_shipping,large_pyramid_16206,headless_api,3,step,600,0,4,16211,16211,0,0,median_ms_per_step,61.317827167,ms,lower_is_better,61.317827167,16.308470900,0,ok,ok,engine_runner_cli,work_unit_wall_sum_inline,3,large_pyramid,1,position_iterations=3; velocity_iterations=1; projection_iterations=1; sleep=disabled; ccd=disabled; unit_scale=100_chaos_units_per_meter; worker_count=3,unreal_chaos_ubt_win64_shipping,3,3,,,3,yes,,,,,,,,,,,600,36790.696300000,,,,,results/large-pyramid-16206/intel-core-i7-13700k/2026-10-05_0940_ddr5-4800_threads-1-2-3-4-5-6-8-10-12-14-16-24_r5/raw/unreal_chaos/t3/unreal_chaos_t3_raw.csv
2026-10-05_0940_ddr5-4800_threads-1-2-3-4-5-6-8-10-12-14-16-24_r5,unreal_chaos,7deeb413d3dc1fc034f48d1aacc0861301829d32,windows,unreal_chaos_ubt_win64_shipping,large_pyramid_16206,headless_api,4,step,600,0,0,16211,16211,0,0,median_ms_per_step,54.123349500,ms,lower_is_better,54.123349500,18.476313998,0,ok,ok,engine_runner_cli,work_unit_wall_sum_inline,4,large_pyramid,1,position_iterations=3; velocity_iterations=1; projection_iterations=1; sleep=disabled; ccd=disabled; unit_scale=100_chaos_units_per_meter; worker_count=4,unreal_chaos_ubt_win64_shipping,4,4,,,4,yes,,,,,,,,,,,600,32474.009700000,,,,,results/large-pyramid-16206/intel-core-i7-13700k/2026-10-05_0940_ddr5-4800_threads-1-2-3-4-5-6-8-10-12-14-16-24_r5/raw/unreal_chaos/t4/unreal_chaos_t4_raw.csv
2026-10-05_0940_ddr5-4800_threads-1-2-3-4-5-6-8-10-12-14-16-24_r5,unreal_chaos,7deeb413d3dc1fc034f48d1aacc0861301829d32,windows,unreal_chaos_ubt_win64_shipping,large_pyramid_16206,headless_api,4,step,600,0,1,16211,16211,0,0,median_ms_per_step,56.417271167,ms,lower_is_better,56.417271167,17.725068571,0,ok,ok,engine_runner_cli,work_unit_wall_sum_inline,4,large_pyramid,1,position_iterations=3; velocity_iterations=1; projection_iterations=1; sleep=disabled; ccd=disabled; unit_scale=100_chaos_units_per_meter; worker_count=4,unreal_chaos_ubt_win64_shipping,4,4,,,4,yes,,,,,,,,,,,600,33850.362700000,,,,,results/large-pyramid-16206/intel-core-i7-13700k/2026-10-05_0940_ddr5-4800_threads-1-2-3-4-5-6-8-10-12-14-16-24_r5/raw/unreal_chaos/t4/unreal_chaos_t4_raw.csv
2026-10-05_0940_ddr5-4800_threads-1-2-3-4-5-6-8-10-12-14-16-24_r5,unreal_chaos,7deeb413d3dc1fc034f48d1aacc0861301829d32,windows,unreal_chaos_ubt_win64_shipping,large_pyramid_16206,headless_api,4,step,600,0,2,16211,16211,0,0,median_ms_per_step,55.739418000,ms,lower_is_better,55.739418000,17.940625071,0,ok,ok,engine_runner_cli,work_unit_wall_sum_inline,4,large_pyramid,1,position_iterations=3; velocity_iterations=1; projection_iterations=1; sleep=disabled; ccd=disabled; unit_scale=100_chaos_units_per_meter; worker_count=4,unreal_chaos_ubt_win64_shipping,4,4,,,4,yes,,,,,,,,,,,600,33443.650800000,,,,,results/large-pyramid-16206/intel-core-i7-13700k/2026-10-05_0940_ddr5-4800_threads-1-2-3-4-5-6-8-10-12-14-16-24_r5/raw/unreal_chaos/t4/unreal_chaos_t4_raw.csv
2026-10-05_0940_ddr5-4800_threads-1-2-3-4-5-6-8-10-12-14-16-24_r5,unreal_chaos,7deeb413d3dc1fc034f48d1aacc0861301829d32,windows,unreal_chaos_ubt_win64_shipping,large_pyramid_16206,headless_api,4,step,600,0,3,16211,16211,0,0,median_ms_per_step,54.257257667,ms,lower_is_better,54.257257667,18.430714028,0,ok,ok,engine_runner_cli,work_unit_wall_sum_inline,4,large_pyramid,1,position_iterations=3; velocity_iterations=1; projection_iterations=1; sleep=disabled; ccd=disabled; unit_scale=100_chaos_units_per_meter; worker_count=4,unreal_chaos_ubt_win64_shipping,4,4,,,4,yes,,,,,,,,,,,600,32554.354600000,,,,,results/large-pyramid-16206/intel-core-i7-13700k/2026-10-05_0940_ddr5-4800_threads-1-2-3-4-5-6-8-10-12-14-16-24_r5/raw/unreal_chaos/t4/unreal_chaos_t4_raw.csv
2026-10-05_0940_ddr5-4800_threads-1-2-3-4-5-6-8-10-12-14-16-24_r5,unreal_chaos,7deeb413d3dc1fc034f48d1aacc0861301829d32,windows,unreal_chaos_ubt_win64_shipping,large_pyramid_16206,headless_api,4,step,600,0,4,16211,16211,0,0,median_ms_per_step,56.406051500,ms,lower_is_better,56.406051500,17.728594245,0,ok,ok,engine_runner_cli,work_unit_wall_sum_inline,4,large_pyramid,1,position_iterations=3; velocity_iterations=1; projection_iterations=1; sleep=disabled; ccd=disabled; unit_scale=100_chaos_units_per_meter; worker_count=4,unreal_chaos_ubt_win64_shipping,4,4,,,4,yes,,,,,,,,,,,600,33843.630900000,,,,,results/large-pyramid-16206/intel-core-i7-13700k/2026-10-05_0940_ddr5-4800_threads-1-2-3-4-5-6-8-10-12-14-16-24_r5/raw/unreal_chaos/t4/unreal_chaos_t4_raw.csv
2026-10-05_0940_ddr5-4800_threads-1-2-3-4-5-6-8-10-12-14-16-24_r5,unreal_chaos,7deeb413d3dc1fc034f48d1aacc0861301829d32,windows,unreal_chaos_ubt_win64_shipping,large_pyramid_16206,headless_api,5,step,600,0,0,16211,16211,0,0,median_ms_per_step,52.141568667,ms,lower_is_better,52.141568667,19.178556104,0,ok,ok,engine_runner_cli,work_unit_wall_sum_inline,5,large_pyramid,1,position_iterations=3; velocity_iterations=1; projection_iterations=1; sleep=disabled; ccd=disabled; unit_scale=100_chaos_units_per_meter; worker_count=5,unreal_chaos_ubt_win64_shipping,5,5,,,5,yes,,,,,,,,,,,600,31284.941200000,,,,,results/large-pyramid-16206/intel-core-i7-13700k/2026-10-05_0940_ddr5-4800_threads-1-2-3-4-5-6-8-10-12-14-16-24_r5/raw/unreal_chaos/t5/unreal_chaos_t5_raw.csv
2026-10-05_0940_ddr5-4800_threads-1-2-3-4-5-6-8-10-12-14-16-24_r5,unreal_chaos,7deeb413d3dc1fc034f48d1aacc0861301829d32,windows,unreal_chaos_ubt_win64_shipping,large_pyramid_16206,headless_api,5,step,600,0,1,16211,16211,0,0,median_ms_per_step,54.204311333,ms,lower_is_better,54.204311333,18.448717001,0,ok,ok,engine_runner_cli,work_unit_wall_sum_inline,5,large_pyramid,1,position_iterations=3; velocity_iterations=1; projection_iterations=1; sleep=disabled; ccd=disabled; unit_scale=100_chaos_units_per_meter; worker_count=5,unreal_chaos_ubt_win64_shipping,5,5,,,5,yes,,,,,,,,,,,600,32522.586800000,,,,,results/large-pyramid-16206/intel-core-i7-13700k/2026-10-05_0940_ddr5-4800_threads-1-2-3-4-5-6-8-10-12-14-16-24_r5/raw/unreal_chaos/t5/unreal_chaos_t5_raw.csv
2026-10-05_0940_ddr5-4800_threads-1-2-3-4-5-6-8-10-12-14-16-24_r5,unreal_chaos,7deeb413d3dc1fc034f48d1aacc0861301829d32,windows,unreal_chaos_ubt_win64_shipping,large_pyramid_16206,headless_api,5,step,600,0,2,16211,16211,0,0,median_ms_per_step,52.904892833,ms,lower_is_better,52.904892833,18.901843411,0,ok,ok,engine_runner_cli,work_unit_wall_sum_inline,5,large_pyramid,1,position_iterations=3; velocity_iterations=1; projection_iterations=1; sleep=disabled; ccd=disabled; unit_scale=100_chaos_units_per_meter; worker_count=5,unreal_chaos_ubt_win64_shipping,5,5,,,5,yes,,,,,,,,,,,600,31742.935700000,,,,,results/large-pyramid-16206/intel-core-i7-13700k/2026-10-05_0940_ddr5-4800_threads-1-2-3-4-5-6-8-10-12-14-16-24_r5/raw/unreal_chaos/t5/unreal_chaos_t5_raw.csv
2026-10-05_0940_ddr5-4800_threads-1-2-3-4-5-6-8-10-12-14-16-24_r5,unreal_chaos,7deeb413d3dc1fc034f48d1aacc0861301829d32,windows,unreal_chaos_ubt_win64_shipping,large_pyramid_16206,headless_api,5,step,600,0,3,16211,16211,0,0,median_ms_per_step,54.499851000,ms,lower_is_better,54.499851000,18.348674017,0,ok,ok,engine_runner_cli,work_unit_wall_sum_inline,5,large_pyramid,1,position_iterations=3; velocity_iterations=1; projection_iterations=1; sleep=disabled; ccd=disabled; unit_scale=100_chaos_units_per_meter; worker_count=5,unreal_chaos_ubt_win64_shipping,5,5,,,5,yes,,,,,,,,,,,600,32699.910600000,,,,,results/large-pyramid-16206/intel-core-i7-13700k/2026-10-05_0940_ddr5-4800_threads-1-2-3-4-5-6-8-10-12-14-16-24_r5/raw/unreal_chaos/t5/unreal_chaos_t5_raw.csv
2026-10-05_0940_ddr5-4800_threads-1-2-3-4-5-6-8-10-12-14-16-24_r5,unreal_chaos,7deeb413d3dc1fc034f48d1aacc0861301829d32,windows,unreal_chaos_ubt_win64_shipping,large_pyramid_16206,headless_api,5,step,600,0,4,16211,16211,0,0,median_ms_per_step,53.939092333,ms,lower_is_better,53.939092333,18.539429507,0,ok,ok,engine_runner_cli,work_unit_wall_sum_inline,5,large_pyramid,1,position_iterations=3; velocity_iterations=1; projection_iterations=1; sleep=disabled; ccd=disabled; unit_scale=100_chaos_units_per_meter; worker_count=5,unreal_chaos_ubt_win64_shipping,5,5,,,5,yes,,,,,,,,,,,600,32363.455400000,,,,,results/large-pyramid-16206/intel-core-i7-13700k/2026-10-05_0940_ddr5-4800_threads-1-2-3-4-5-6-8-10-12-14-16-24_r5/raw/unreal_chaos/t5/unreal_chaos_t5_raw.csv
2026-10-05_0940_ddr5-4800_threads-1-2-3-4-5-6-8-10-12-14-16-24_r5,unreal_chaos,7deeb413d3dc1fc034f48d1aacc0861301829d32,windows,unreal_chaos_ubt_win64_shipping,large_pyramid_16206,headless_api,6,step,600,0,0,16211,16211,0,0,median_ms_per_step,51.062239667,ms,lower_is_better,51.062239667,19.583943175,0,ok,ok,engine_runner_cli,work_unit_wall_sum_inline,6,large_pyramid,1,position_iterations=3; velocity_iterations=1; projection_iterations=1; sleep=disabled; ccd=disabled; unit_scale=100_chaos_units_per_meter; worker_count=6,unreal_chaos_ubt_win64_shipping,6,6,,,6,yes,,,,,,,,,,,600,30637.343800000,,,,,results/large-pyramid-16206/intel-core-i7-13700k/2026-10-05_0940_ddr5-4800_threads-1-2-3-4-5-6-8-10-12-14-16-24_r5/raw/unreal_chaos/t6/unreal_chaos_t6_raw.csv
2026-10-05_0940_ddr5-4800_threads-1-2-3-4-5-6-8-10-12-14-16-24_r5,unreal_chaos,7deeb413d3dc1fc034f48d1aacc0861301829d32,windows,unreal_chaos_ubt_win64_shipping,large_pyramid_16206,headless_api,6,step,600,0,1,16211,16211,0,0,median_ms_per_step,53.316938333,ms,lower_is_better,53.316938333,18.755765640,0,ok,ok,engine_runner_cli,work_unit_wall_sum_inline,6,large_pyramid,1,position_iterations=3; velocity_iterations=1; projection_iterations=1; sleep=disabled; ccd=disabled; unit_scale=100_chaos_units_per_meter; worker_count=6,unreal_chaos_ubt_win64_shipping,6,6,,,6,yes,,,,,,,,,,,600,31990.163000000,,,,,results/large-pyramid-16206/intel-core-i7-13700k/2026-10-05_0940_ddr5-4800_threads-1-2-3-4-5-6-8-10-12-14-16-24_r5/raw/unreal_chaos/t6/unreal_chaos_t6_raw.csv
2026-10-05_0940_ddr5-4800_threads-1-2-3-4-5-6-8-10-12-14-16-24_r5,unreal_chaos,7deeb413d3dc1fc034f48d1aacc0861301829d32,windows,unreal_chaos_ubt_win64_shipping,large_pyramid_16206,headless_api,6,step,600,0,2,16211,16211,0,0,median_ms_per_step,50.915985000,ms,lower_is_better,50.915985000,19.640197474,0,ok,ok,engine_runner_cli,work_unit_wall_sum_inline,6,large_pyramid,1,position_iterations=3; velocity_iterations=1; projection_iterations=1; sleep=disabled; ccd=disabled; unit_scale=100_chaos_units_per_meter; worker_count=6,unreal_chaos_ubt_win64_shipping,6,6,,,6,yes,,,,,,,,,,,600,30549.591000000,,,,,results/large-pyramid-16206/intel-core-i7-13700k/2026-10-05_0940_ddr5-4800_threads-1-2-3-4-5-6-8-10-12-14-16-24_r5/raw/unreal_chaos/t6/unreal_chaos_t6_raw.csv
2026-10-05_0940_ddr5-4800_threads-1-2-3-4-5-6-8-10-12-14-16-24_r5,unreal_chaos,7deeb413d3dc1fc034f48d1aacc0861301829d32,windows,unreal_chaos_ubt_win64_shipping,large_pyramid_16206,headless_api,6,step,600,0,3,16211,16211,0,0,median_ms_per_step,52.202532500,ms,lower_is_better,52.202532500,19.156158755,0,ok,ok,engine_runner_cli,work_unit_wall_sum_inline,6,large_pyramid,1,position_iterations=3; velocity_iterations=1; projection_iterations=1; sleep=disabled; ccd=disabled; unit_scale=100_chaos_units_per_meter; worker_count=6,unreal_chaos_ubt_win64_shipping,6,6,,,6,yes,,,,,,,,,,,600,31321.519500000,,,,,results/large-pyramid-16206/intel-core-i7-13700k/2026-10-05_0940_ddr5-4800_threads-1-2-3-4-5-6-8-10-12-14-16-24_r5/raw/unreal_chaos/t6/unreal_chaos_t6_raw.csv
2026-10-05_0940_ddr5-4800_threads-1-2-3-4-5-6-8-10-12-14-16-24_r5,unreal_chaos,7deeb413d3dc1fc034f48d1aacc0861301829d32,windows,unreal_chaos_ubt_win64_shipping,large_pyramid_16206,headless_api,6,step,600,0,4,16211,16211,0,0,median_ms_per_step,51.334957500,ms,lower_is_better,51.334957500,19.479903144,0,ok,ok,engine_runner_cli,work_unit_wall_sum_inline,6,large_pyramid,1,position_iterations=3; velocity_iterations=1; projection_iterations=1; sleep=disabled; ccd=disabled; unit_scale=100_chaos_units_per_meter; worker_count=6,unreal_chaos_ubt_win64_shipping,6,6,,,6,yes,,,,,,,,,,,600,30800.974500000,,,,,results/large-pyramid-16206/intel-core-i7-13700k/2026-10-05_0940_ddr5-4800_threads-1-2-3-4-5-6-8-10-12-14-16-24_r5/raw/unreal_chaos/t6/unreal_chaos_t6_raw.csv
2026-10-05_0940_ddr5-4800_threads-1-2-3-4-5-6-8-10-12-14-16-24_r5,unreal_chaos,7deeb413d3dc1fc034f48d1aacc0861301829d32,windows,unreal_chaos_ubt_win64_shipping,large_pyramid_16206,headless_api,8,step,600,0,0,16211,16211,0,0,median_ms_per_step,51.683891667,ms,lower_is_better,51.683891667,19.348388207,0,ok,ok,engine_runner_cli,work_unit_wall_sum_inline,8,large_pyramid,1,position_iterations=3; velocity_iterations=1; projection_iterations=1; sleep=disabled; ccd=disabled; unit_scale=100_chaos_units_per_meter; worker_count=8,unreal_chaos_ubt_win64_shipping,8,8,,,8,yes,,,,,,,,,,,600,31010.335000000,,,,,results/large-pyramid-16206/intel-core-i7-13700k/2026-10-05_0940_ddr5-4800_threads-1-2-3-4-5-6-8-10-12-14-16-24_r5/raw/unreal_chaos/t8/unreal_chaos_t8_raw.csv
2026-10-05_0940_ddr5-4800_threads-1-2-3-4-5-6-8-10-12-14-16-24_r5,unreal_chaos,7deeb413d3dc1fc034f48d1aacc0861301829d32,windows,unreal_chaos_ubt_win64_shipping,large_pyramid_16206,headless_api,8,step,600,0,1,16211,16211,0,0,median_ms_per_step,50.097700333,ms,lower_is_better,50.097700333,19.960996081,0,ok,ok,engine_runner_cli,work_unit_wall_sum_inline,8,large_pyramid,1,position_iterations=3; velocity_iterations=1; projection_iterations=1; sleep=disabled; ccd=disabled; unit_scale=100_chaos_units_per_meter; worker_count=8,unreal_chaos_ubt_win64_shipping,8,8,,,8,yes,,,,,,,,,,,600,30058.620200000,,,,,results/large-pyramid-16206/intel-core-i7-13700k/2026-10-05_0940_ddr5-4800_threads-1-2-3-4-5-6-8-10-12-14-16-24_r5/raw/unreal_chaos/t8/unreal_chaos_t8_raw.csv
2026-10-05_0940_ddr5-4800_threads-1-2-3-4-5-6-8-10-12-14-16-24_r5,unreal_chaos,7deeb413d3dc1fc034f48d1aacc0861301829d32,windows,unreal_chaos_ubt_win64_shipping,large_pyramid_16206,headless_api,8,step,600,0,2,16211,16211,0,0,median_ms_per_step,51.416041167,ms,lower_is_better,51.416041167,19.449183121,0,ok,ok,engine_runner_cli,work_unit_wall_sum_inline,8,large_pyramid,1,position_iterations=3; velocity_iterations=1; projection_iterations=1; sleep=disabled; ccd=disabled; unit_scale=100_chaos_units_per_meter; worker_count=8,unreal_chaos_ubt_win64_shipping,8,8,,,8,yes,,,,,,,,,,,600,30849.624700000,,,,,results/large-pyramid-16206/intel-core-i7-13700k/2026-10-05_0940_ddr5-4800_threads-1-2-3-4-5-6-8-10-12-14-16-24_r5/raw/unreal_chaos/t8/unreal_chaos_t8_raw.csv
2026-10-05_0940_ddr5-4800_threads-1-2-3-4-5-6-8-10-12-14-16-24_r5,unreal_chaos,7deeb413d3dc1fc034f48d1aacc0861301829d32,windows,unreal_chaos_ubt_win64_shipping,large_pyramid_16206,headless_api,8,step,600,0,3,16211,16211,0,0,median_ms_per_step,50.890721833,ms,lower_is_better,50.890721833,19.649947259,0,ok,ok,engine_runner_cli,work_unit_wall_sum_inline,8,large_pyramid,1,position_iterations=3; velocity_iterations=1; projection_iterations=1; sleep=disabled; ccd=disabled; unit_scale=100_chaos_units_per_meter; worker_count=8,unreal_chaos_ubt_win64_shipping,8,8,,,8,yes,,,,,,,,,,,600,30534.433100000,,,,,results/large-pyramid-16206/intel-core-i7-13700k/2026-10-05_0940_ddr5-4800_threads-1-2-3-4-5-6-8-10-12-14-16-24_r5/raw/unreal_chaos/t8/unreal_chaos_t8_raw.csv
2026-10-05_0940_ddr5-4800_threads-1-2-3-4-5-6-8-10-12-14-16-24_r5,unreal_chaos,7deeb413d3dc1fc034f48d1aacc0861301829d32,windows,unreal_chaos_ubt_win64_shipping,large_pyramid_16206,headless_api,8,step,600,0,4,16211,16211,0,0,median_ms_per_step,50.509532333,ms,lower_is_better,50.509532333,19.798243100,0,ok,ok,engine_runner_cli,work_unit_wall_sum_inline,8,large_pyramid,1,position_iterations=3; velocity_iterations=1; projection_iterations=1; sleep=disabled; ccd=disabled; unit_scale=100_chaos_units_per_meter; worker_count=8,unreal_chaos_ubt_win64_shipping,8,8,,,8,yes,,,,,,,,,,,600,30305.719400000,,,,,results/large-pyramid-16206/intel-core-i7-13700k/2026-10-05_0940_ddr5-4800_threads-1-2-3-4-5-6-8-10-12-14-16-24_r5/raw/unreal_chaos/t8/unreal_chaos_t8_raw.csv
2026-10-05_0940_ddr5-4800_threads-1-2-3-4-5-6-8-10-12-14-16-24_r5,unreal_chaos,7deeb413d3dc1fc034f48d1aacc0861301829d32,windows,unreal_chaos_ubt_win64_shipping,large_pyramid_16206,headless_api,10,step,600,0,0,16211,16211,0,0,median_ms_per_step,52.185351333,ms,lower_is_better,52.185351333,19.162465605,0,ok,ok,engine_runner_cli,work_unit_wall_sum_inline,10,large_pyramid,1,position_iterations=3; velocity_iterations=1; projection_iterations=1; sleep=disabled; ccd=disabled; unit_scale=100_chaos_units_per_meter; worker_count=10,unreal_chaos_ubt_win64_shipping,10,10,,,10,yes,,,,,,,,,,,600,31311.210800000,,,,,results/large-pyramid-16206/intel-core-i7-13700k/2026-10-05_0940_ddr5-4800_threads-1-2-3-4-5-6-8-10-12-14-16-24_r5/raw/unreal_chaos/t10/unreal_chaos_t10_raw.csv
2026-10-05_0940_ddr5-4800_threads-1-2-3-4-5-6-8-10-12-14-16-24_r5,unreal_chaos,7deeb413d3dc1fc034f48d1aacc0861301829d32,windows,unreal_chaos_ubt_win64_shipping,large_pyramid_16206,headless_api,10,step,600,0,1,16211,16211,0,0,median_ms_per_step,50.434525833,ms,lower_is_better,50.434525833,19.827687154,0,ok,ok,engine_runner_cli,work_unit_wall_sum_inline,10,large_pyramid,1,position_iterations=3; velocity_iterations=1; projection_iterations=1; sleep=disabled; ccd=disabled; unit_scale=100_chaos_units_per_meter; worker_count=10,unreal_chaos_ubt_win64_shipping,10,10,,,10,yes,,,,,,,,,,,600,30260.715500000,,,,,results/large-pyramid-16206/intel-core-i7-13700k/2026-10-05_0940_ddr5-4800_threads-1-2-3-4-5-6-8-10-12-14-16-24_r5/raw/unreal_chaos/t10/unreal_chaos_t10_raw.csv
2026-10-05_0940_ddr5-4800_threads-1-2-3-4-5-6-8-10-12-14-16-24_r5,unreal_chaos,7deeb413d3dc1fc034f48d1aacc0861301829d32,windows,unreal_chaos_ubt_win64_shipping,large_pyramid_16206,headless_api,10,step,600,0,2,16211,16211,0,0,median_ms_per_step,52.161424833,ms,lower_is_better,52.161424833,19.171255448,0,ok,ok,engine_runner_cli,work_unit_wall_sum_inline,10,large_pyramid,1,position_iterations=3; velocity_iterations=1; projection_iterations=1; sleep=disabled; ccd=disabled; unit_scale=100_chaos_units_per_meter; worker_count=10,unreal_chaos_ubt_win64_shipping,10,10,,,10,yes,,,,,,,,,,,600,31296.854900000,,,,,results/large-pyramid-16206/intel-core-i7-13700k/2026-10-05_0940_ddr5-4800_threads-1-2-3-4-5-6-8-10-12-14-16-24_r5/raw/unreal_chaos/t10/unreal_chaos_t10_raw.csv
2026-10-05_0940_ddr5-4800_threads-1-2-3-4-5-6-8-10-12-14-16-24_r5,unreal_chaos,7deeb413d3dc1fc034f48d1aacc0861301829d32,windows,unreal_chaos_ubt_win64_shipping,large_pyramid_16206,headless_api,10,step,600,0,3,16211,16211,0,0,median_ms_per_step,49.791848667,ms,lower_is_better,49.791848667,20.083608598,0,ok,ok,engine_runner_cli,work_unit_wall_sum_inline,10,large_pyramid,1,position_iterations=3; velocity_iterations=1; projection_iterations=1; sleep=disabled; ccd=disabled; unit_scale=100_chaos_units_per_meter; worker_count=10,unreal_chaos_ubt_win64_shipping,10,10,,,10,yes,,,,,,,,,,,600,29875.109200000,,,,,results/large-pyramid-16206/intel-core-i7-13700k/2026-10-05_0940_ddr5-4800_threads-1-2-3-4-5-6-8-10-12-14-16-24_r5/raw/unreal_chaos/t10/unreal_chaos_t10_raw.csv
2026-10-05_0940_ddr5-4800_threads-1-2-3-4-5-6-8-10-12-14-16-24_r5,unreal_chaos,7deeb413d3dc1fc034f48d1aacc0861301829d32,windows,unreal_chaos_ubt_win64_shipping,large_pyramid_16206,headless_api,10,step,600,0,4,16211,16211,0,0,median_ms_per_step,51.731380667,ms,lower_is_better,51.731380667,19.330626539,0,ok,ok,engine_runner_cli,work_unit_wall_sum_inline,10,large_pyramid,1,position_iterations=3; velocity_iterations=1; projection_iterations=1; sleep=disabled; ccd=disabled; unit_scale=100_chaos_units_per_meter; worker_count=10,unreal_chaos_ubt_win64_shipping,10,10,,,10,yes,,,,,,,,,,,600,31038.828400000,,,,,results/large-pyramid-16206/intel-core-i7-13700k/2026-10-05_0940_ddr5-4800_threads-1-2-3-4-5-6-8-10-12-14-16-24_r5/raw/unreal_chaos/t10/unreal_chaos_t10_raw.csv
2026-10-05_0940_ddr5-4800_threads-1-2-3-4-5-6-8-10-12-14-16-24_r5,unreal_chaos,7deeb413d3dc1fc034f48d1aacc0861301829d32,windows,unreal_chaos_ubt_win64_shipping,large_pyramid_16206,headless_api,12,step,600,0,0,16211,16211,0,0,median_ms_per_step,49.450364333,ms,lower_is_better,49.450364333,20.222297924,0,ok,ok,engine_runner_cli,work_unit_wall_sum_inline,12,large_pyramid,1,position_iterations=3; velocity_iterations=1; projection_iterations=1; sleep=disabled; ccd=disabled; unit_scale=100_chaos_units_per_meter; worker_count=12,unreal_chaos_ubt_win64_shipping,12,12,,,12,yes,,,,,,,,,,,600,29670.218600000,,,,,results/large-pyramid-16206/intel-core-i7-13700k/2026-10-05_0940_ddr5-4800_threads-1-2-3-4-5-6-8-10-12-14-16-24_r5/raw/unreal_chaos/t12/unreal_chaos_t12_raw.csv
2026-10-05_0940_ddr5-4800_threads-1-2-3-4-5-6-8-10-12-14-16-24_r5,unreal_chaos,7deeb413d3dc1fc034f48d1aacc0861301829d32,windows,unreal_chaos_ubt_win64_shipping,large_pyramid_16206,headless_api,12,step,600,0,1,16211,16211,0,0,median_ms_per_step,51.501193500,ms,lower_is_better,51.501193500,19.417025743,0,ok,ok,engine_runner_cli,work_unit_wall_sum_inline,12,large_pyramid,1,position_iterations=3; velocity_iterations=1; projection_iterations=1; sleep=disabled; ccd=disabled; unit_scale=100_chaos_units_per_meter; worker_count=12,unreal_chaos_ubt_win64_shipping,12,12,,,12,yes,,,,,,,,,,,600,30900.716100000,,,,,results/large-pyramid-16206/intel-core-i7-13700k/2026-10-05_0940_ddr5-4800_threads-1-2-3-4-5-6-8-10-12-14-16-24_r5/raw/unreal_chaos/t12/unreal_chaos_t12_raw.csv
2026-10-05_0940_ddr5-4800_threads-1-2-3-4-5-6-8-10-12-14-16-24_r5,unreal_chaos,7deeb413d3dc1fc034f48d1aacc0861301829d32,windows,unreal_chaos_ubt_win64_shipping,large_pyramid_16206,headless_api,12,step,600,0,2,16211,16211,0,0,median_ms_per_step,49.475052333,ms,lower_is_better,49.475052333,20.212207018,0,ok,ok,engine_runner_cli,work_unit_wall_sum_inline,12,large_pyramid,1,position_iterations=3; velocity_iterations=1; projection_iterations=1; sleep=disabled; ccd=disabled; unit_scale=100_chaos_units_per_meter; worker_count=12,unreal_chaos_ubt_win64_shipping,12,12,,,12,yes,,,,,,,,,,,600,29685.031400000,,,,,results/large-pyramid-16206/intel-core-i7-13700k/2026-10-05_0940_ddr5-4800_threads-1-2-3-4-5-6-8-10-12-14-16-24_r5/raw/unreal_chaos/t12/unreal_chaos_t12_raw.csv
2026-10-05_0940_ddr5-4800_threads-1-2-3-4-5-6-8-10-12-14-16-24_r5,unreal_chaos,7deeb413d3dc1fc034f48d1aacc0861301829d32,windows,unreal_chaos_ubt_win64_shipping,large_pyramid_16206,headless_api,12,step,600,0,3,16211,16211,0,0,median_ms_per_step,51.398796667,ms,lower_is_better,51.398796667,19.455708399,0,ok,ok,engine_runner_cli,work_unit_wall_sum_inline,12,large_pyramid,1,position_iterations=3; velocity_iterations=1; projection_iterations=1; sleep=disabled; ccd=disabled; unit_scale=100_chaos_units_per_meter; worker_count=12,unreal_chaos_ubt_win64_shipping,12,12,,,12,yes,,,,,,,,,,,600,30839.278000000,,,,,results/large-pyramid-16206/intel-core-i7-13700k/2026-10-05_0940_ddr5-4800_threads-1-2-3-4-5-6-8-10-12-14-16-24_r5/raw/unreal_chaos/t12/unreal_chaos_t12_raw.csv
2026-10-05_0940_ddr5-4800_threads-1-2-3-4-5-6-8-10-12-14-16-24_r5,unreal_chaos,7deeb413d3dc1fc034f48d1aacc0861301829d32,windows,unreal_chaos_ubt_win64_shipping,large_pyramid_16206,headless_api,12,step,600,0,4,16211,16211,0,0,median_ms_per_step,49.945499000,ms,lower_is_better,49.945499000,20.021824189,0,ok,ok,engine_runner_cli,work_unit_wall_sum_inline,12,large_pyramid,1,position_iterations=3; velocity_iterations=1; projection_iterations=1; sleep=disabled; ccd=disabled; unit_scale=100_chaos_units_per_meter; worker_count=12,unreal_chaos_ubt_win64_shipping,12,12,,,12,yes,,,,,,,,,,,600,29967.299400000,,,,,results/large-pyramid-16206/intel-core-i7-13700k/2026-10-05_0940_ddr5-4800_threads-1-2-3-4-5-6-8-10-12-14-16-24_r5/raw/unreal_chaos/t12/unreal_chaos_t12_raw.csv
2026-10-05_0940_ddr5-4800_threads-1-2-3-4-5-6-8-10-12-14-16-24_r5,unreal_chaos,7deeb413d3dc1fc034f48d1aacc0861301829d32,windows,unreal_chaos_ubt_win64_shipping,large_pyramid_16206,headless_api,14,step,600,0,0,16211,16211,0,0,median_ms_per_step,50.651960000,ms,lower_is_better,50.651960000,19.742572647,0,ok,ok,engine_runner_cli,work_unit_wall_sum_inline,14,large_pyramid,1,position_iterations=3; velocity_iterations=1; projection_iterations=1; sleep=disabled; ccd=disabled; unit_scale=100_chaos_units_per_meter; worker_count=14,unreal_chaos_ubt_win64_shipping,14,14,,,14,yes,,,,,,,,,,,600,30391.176000000,,,,,results/large-pyramid-16206/intel-core-i7-13700k/2026-10-05_0940_ddr5-4800_threads-1-2-3-4-5-6-8-10-12-14-16-24_r5/raw/unreal_chaos/t14/unreal_chaos_t14_raw.csv
2026-10-05_0940_ddr5-4800_threads-1-2-3-4-5-6-8-10-12-14-16-24_r5,unreal_chaos,7deeb413d3dc1fc034f48d1aacc0861301829d32,windows,unreal_chaos_ubt_win64_shipping,large_pyramid_16206,headless_api,14,step,600,0,1,16211,16211,0,0,median_ms_per_step,50.133080833,ms,lower_is_better,50.133080833,19.946908975,0,ok,ok,engine_runner_cli,work_unit_wall_sum_inline,14,large_pyramid,1,position_iterations=3; velocity_iterations=1; projection_iterations=1; sleep=disabled; ccd=disabled; unit_scale=100_chaos_units_per_meter; worker_count=14,unreal_chaos_ubt_win64_shipping,14,14,,,14,yes,,,,,,,,,,,600,30079.848500000,,,,,results/large-pyramid-16206/intel-core-i7-13700k/2026-10-05_0940_ddr5-4800_threads-1-2-3-4-5-6-8-10-12-14-16-24_r5/raw/unreal_chaos/t14/unreal_chaos_t14_raw.csv
2026-10-05_0940_ddr5-4800_threads-1-2-3-4-5-6-8-10-12-14-16-24_r5,unreal_chaos,7deeb413d3dc1fc034f48d1aacc0861301829d32,windows,unreal_chaos_ubt_win64_shipping,large_pyramid_16206,headless_api,14,step,600,0,2,16211,16211,0,0,median_ms_per_step,50.161191333,ms,lower_is_better,50.161191333,19.935730660,0,ok,ok,engine_runner_cli,work_unit_wall_sum_inline,14,large_pyramid,1,position_iterations=3; velocity_iterations=1; projection_iterations=1; sleep=disabled; ccd=disabled; unit_scale=100_chaos_units_per_meter; worker_count=14,unreal_chaos_ubt_win64_shipping,14,14,,,14,yes,,,,,,,,,,,600,30096.714800000,,,,,results/large-pyramid-16206/intel-core-i7-13700k/2026-10-05_0940_ddr5-4800_threads-1-2-3-4-5-6-8-10-12-14-16-24_r5/raw/unreal_chaos/t14/unreal_chaos_t14_raw.csv
2026-10-05_0940_ddr5-4800_threads-1-2-3-4-5-6-8-10-12-14-16-24_r5,unreal_chaos,7deeb413d3dc1fc034f48d1aacc0861301829d32,windows,unreal_chaos_ubt_win64_shipping,large_pyramid_16206,headless_api,14,step,600,0,3,16211,16211,0,0,median_ms_per_step,50.753976500,ms,lower_is_better,50.753976500,19.702889684,0,ok,ok,engine_runner_cli,work_unit_wall_sum_inline,14,large_pyramid,1,position_iterations=3; velocity_iterations=1; projection_iterations=1; sleep=disabled; ccd=disabled; unit_scale=100_chaos_units_per_meter; worker_count=14,unreal_chaos_ubt_win64_shipping,14,14,,,14,yes,,,,,,,,,,,600,30452.385900000,,,,,results/large-pyramid-16206/intel-core-i7-13700k/2026-10-05_0940_ddr5-4800_threads-1-2-3-4-5-6-8-10-12-14-16-24_r5/raw/unreal_chaos/t14/unreal_chaos_t14_raw.csv
2026-10-05_0940_ddr5-4800_threads-1-2-3-4-5-6-8-10-12-14-16-24_r5,unreal_chaos,7deeb413d3dc1fc034f48d1aacc0861301829d32,windows,unreal_chaos_ubt_win64_shipping,large_pyramid_16206,headless_api,14,step,600,0,4,16211,16211,0,0,median_ms_per_step,49.456727333,ms,lower_is_better,49.456727333,20.219696165,0,ok,ok,engine_runner_cli,work_unit_wall_sum_inline,14,large_pyramid,1,position_iterations=3; velocity_iterations=1; projection_iterations=1; sleep=disabled; ccd=disabled; unit_scale=100_chaos_units_per_meter; worker_count=14,unreal_chaos_ubt_win64_shipping,14,14,,,14,yes,,,,,,,,,,,600,29674.036400000,,,,,results/large-pyramid-16206/intel-core-i7-13700k/2026-10-05_0940_ddr5-4800_threads-1-2-3-4-5-6-8-10-12-14-16-24_r5/raw/unreal_chaos/t14/unreal_chaos_t14_raw.csv
2026-10-05_0940_ddr5-4800_threads-1-2-3-4-5-6-8-10-12-14-16-24_r5,unreal_chaos,7deeb413d3dc1fc034f48d1aacc0861301829d32,windows,unreal_chaos_ubt_win64_shipping,large_pyramid_16206,headless_api,16,step,600,0,0,16211,16211,0,0,median_ms_per_step,49.972270833,ms,lower_is_better,49.972270833,20.011097821,0,ok,ok,engine_runner_cli,work_unit_wall_sum_inline,16,large_pyramid,1,position_iterations=3; velocity_iterations=1; projection_iterations=1; sleep=disabled; ccd=disabled; unit_scale=100_chaos_units_per_meter; worker_count=16,unreal_chaos_ubt_win64_shipping,16,16,,,16,yes,,,,,,,,,,,600,29983.362500000,,,,,results/large-pyramid-16206/intel-core-i7-13700k/2026-10-05_0940_ddr5-4800_threads-1-2-3-4-5-6-8-10-12-14-16-24_r5/raw/unreal_chaos/t16/unreal_chaos_t16_raw.csv
2026-10-05_0940_ddr5-4800_threads-1-2-3-4-5-6-8-10-12-14-16-24_r5,unreal_chaos,7deeb413d3dc1fc034f48d1aacc0861301829d32,windows,unreal_chaos_ubt_win64_shipping,large_pyramid_16206,headless_api,16,step,600,0,1,16211,16211,0,0,median_ms_per_step,48.205674167,ms,lower_is_better,48.205674167,20.744445904,0,ok,ok,engine_runner_cli,work_unit_wall_sum_inline,16,large_pyramid,1,position_iterations=3; velocity_iterations=1; projection_iterations=1; sleep=disabled; ccd=disabled; unit_scale=100_chaos_units_per_meter; worker_count=16,unreal_chaos_ubt_win64_shipping,16,16,,,16,yes,,,,,,,,,,,600,28923.404500000,,,,,results/large-pyramid-16206/intel-core-i7-13700k/2026-10-05_0940_ddr5-4800_threads-1-2-3-4-5-6-8-10-12-14-16-24_r5/raw/unreal_chaos/t16/unreal_chaos_t16_raw.csv
2026-10-05_0940_ddr5-4800_threads-1-2-3-4-5-6-8-10-12-14-16-24_r5,unreal_chaos,7deeb413d3dc1fc034f48d1aacc0861301829d32,windows,unreal_chaos_ubt_win64_shipping,large_pyramid_16206,headless_api,16,step,600,0,2,16211,16211,0,0,median_ms_per_step,50.122026833,ms,lower_is_better,50.122026833,19.951308101,0,ok,ok,engine_runner_cli,work_unit_wall_sum_inline,16,large_pyramid,1,position_iterations=3; velocity_iterations=1; projection_iterations=1; sleep=disabled; ccd=disabled; unit_scale=100_chaos_units_per_meter; worker_count=16,unreal_chaos_ubt_win64_shipping,16,16,,,16,yes,,,,,,,,,,,600,30073.216100000,,,,,results/large-pyramid-16206/intel-core-i7-13700k/2026-10-05_0940_ddr5-4800_threads-1-2-3-4-5-6-8-10-12-14-16-24_r5/raw/unreal_chaos/t16/unreal_chaos_t16_raw.csv
2026-10-05_0940_ddr5-4800_threads-1-2-3-4-5-6-8-10-12-14-16-24_r5,unreal_chaos,7deeb413d3dc1fc034f48d1aacc0861301829d32,windows,unreal_chaos_ubt_win64_shipping,large_pyramid_16206,headless_api,16,step,600,0,3,16211,16211,0,0,median_ms_per_step,48.565538000,ms,lower_is_better,48.565538000,20.590732465,0,ok,ok,engine_runner_cli,work_unit_wall_sum_inline,16,large_pyramid,1,position_iterations=3; velocity_iterations=1; projection_iterations=1; sleep=disabled; ccd=disabled; unit_scale=100_chaos_units_per_meter; worker_count=16,unreal_chaos_ubt_win64_shipping,16,16,,,16,yes,,,,,,,,,,,600,29139.322800000,,,,,results/large-pyramid-16206/intel-core-i7-13700k/2026-10-05_0940_ddr5-4800_threads-1-2-3-4-5-6-8-10-12-14-16-24_r5/raw/unreal_chaos/t16/unreal_chaos_t16_raw.csv
2026-10-05_0940_ddr5-4800_threads-1-2-3-4-5-6-8-10-12-14-16-24_r5,unreal_chaos,7deeb413d3dc1fc034f48d1aacc0861301829d32,windows,unreal_chaos_ubt_win64_shipping,large_pyramid_16206,headless_api,16,step,600,0,4,16211,16211,0,0,median_ms_per_step,50.081872333,ms,lower_is_better,50.081872333,19.967304604,0,ok,ok,engine_runner_cli,work_unit_wall_sum_inline,16,large_pyramid,1,position_iterations=3; velocity_iterations=1; projection_iterations=1; sleep=disabled; ccd=disabled; unit_scale=100_chaos_units_per_meter; worker_count=16,unreal_chaos_ubt_win64_shipping,16,16,,,16,yes,,,,,,,,,,,600,30049.123400000,,,,,results/large-pyramid-16206/intel-core-i7-13700k/2026-10-05_0940_ddr5-4800_threads-1-2-3-4-5-6-8-10-12-14-16-24_r5/raw/unreal_chaos/t16/unreal_chaos_t16_raw.csv
2026-10-05_0940_ddr5-4800_threads-1-2-3-4-5-6-8-10-12-14-16-24_r5,unreal_chaos,7deeb413d3dc1fc034f48d1aacc0861301829d32,windows,unreal_chaos_ubt_win64_shipping,large_pyramid_16206,headless_api,24,step,600,0,0,16211,16211,0,0,median_ms_per_step,46.157979833,ms,lower_is_better,46.157979833,21.664726308,0,ok,ok,engine_runner_cli,work_unit_wall_sum_inline,24,large_pyramid,1,position_iterations=3; velocity_iterations=1; projection_iterations=1; sleep=disabled; ccd=disabled; unit_scale=100_chaos_units_per_meter; worker_count=24,unreal_chaos_ubt_win64_shipping,24,24,,,24,yes,,,,,,,,,,,600,27694.787900000,,,,,results/large-pyramid-16206/intel-core-i7-13700k/2026-10-05_0940_ddr5-4800_threads-1-2-3-4-5-6-8-10-12-14-16-24_r5/raw/unreal_chaos/t24/unreal_chaos_t24_raw.csv
2026-10-05_0940_ddr5-4800_threads-1-2-3-4-5-6-8-10-12-14-16-24_r5,unreal_chaos,7deeb413d3dc1fc034f48d1aacc0861301829d32,windows,unreal_chaos_ubt_win64_shipping,large_pyramid_16206,headless_api,24,step,600,0,1,16211,16211,0,0,median_ms_per_step,46.705811000,ms,lower_is_better,46.705811000,21.410612054,0,ok,ok,engine_runner_cli,work_unit_wall_sum_inline,24,large_pyramid,1,position_iterations=3; velocity_iterations=1; projection_iterations=1; sleep=disabled; ccd=disabled; unit_scale=100_chaos_units_per_meter; worker_count=24,unreal_chaos_ubt_win64_shipping,24,24,,,24,yes,,,,,,,,,,,600,28023.486600000,,,,,results/large-pyramid-16206/intel-core-i7-13700k/2026-10-05_0940_ddr5-4800_threads-1-2-3-4-5-6-8-10-12-14-16-24_r5/raw/unreal_chaos/t24/unreal_chaos_t24_raw.csv
2026-10-05_0940_ddr5-4800_threads-1-2-3-4-5-6-8-10-12-14-16-24_r5,unreal_chaos,7deeb413d3dc1fc034f48d1aacc0861301829d32,windows,unreal_chaos_ubt_win64_shipping,large_pyramid_16206,headless_api,24,step,600,0,2,16211,16211,0,0,median_ms_per_step,46.093987000,ms,lower_is_better,46.093987000,21.694803706,0,ok,ok,engine_runner_cli,work_unit_wall_sum_inline,24,large_pyramid,1,position_iterations=3; velocity_iterations=1; projection_iterations=1; sleep=disabled; ccd=disabled; unit_scale=100_chaos_units_per_meter; worker_count=24,unreal_chaos_ubt_win64_shipping,24,24,,,24,yes,,,,,,,,,,,600,27656.392200000,,,,,results/large-pyramid-16206/intel-core-i7-13700k/2026-10-05_0940_ddr5-4800_threads-1-2-3-4-5-6-8-10-12-14-16-24_r5/raw/unreal_chaos/t24/unreal_chaos_t24_raw.csv
2026-10-05_0940_ddr5-4800_threads-1-2-3-4-5-6-8-10-12-14-16-24_r5,unreal_chaos,7deeb413d3dc1fc034f48d1aacc0861301829d32,windows,unreal_chaos_ubt_win64_shipping,large_pyramid_16206,headless_api,24,step,600,0,3,16211,16211,0,0,median_ms_per_step,46.275195833,ms,lower_is_better,46.275195833,21.609849121,0,ok,ok,engine_runner_cli,work_unit_wall_sum_inline,24,large_pyramid,1,position_iterations=3; velocity_iterations=1; projection_iterations=1; sleep=disabled; ccd=disabled; unit_scale=100_chaos_units_per_meter; worker_count=24,unreal_chaos_ubt_win64_shipping,24,24,,,24,yes,,,,,,,,,,,600,27765.117500000,,,,,results/large-pyramid-16206/intel-core-i7-13700k/2026-10-05_0940_ddr5-4800_threads-1-2-3-4-5-6-8-10-12-14-16-24_r5/raw/unreal_chaos/t24/unreal_chaos_t24_raw.csv
2026-10-05_0940_ddr5-4800_threads-1-2-3-4-5-6-8-10-12-14-16-24_r5,unreal_chaos,7deeb413d3dc1fc034f48d1aacc0861301829d32,windows,unreal_chaos_ubt_win64_shipping,large_pyramid_16206,headless_api,24,step,600,0,4,16211,16211,0,0,median_ms_per_step,46.256912167,ms,lower_is_better,46.256912167,21.618390704,0,ok,ok,engine_runner_cli,work_unit_wall_sum_inline,24,large_pyramid,1,position_iterations=3; velocity_iterations=1; projection_iterations=1; sleep=disabled; ccd=disabled; unit_scale=100_chaos_units_per_meter; worker_count=24,unreal_chaos_ubt_win64_shipping,24,24,,,24,yes,,,,,,,,,,,600,27754.147300000,,,,,results/large-pyramid-16206/intel-core-i7-13700k/2026-10-05_0940_ddr5-4800_threads-1-2-3-4-5-6-8-10-12-14-16-24_r5/raw/unreal_chaos/t24/unreal_chaos_t24_raw.csv
