run_id,engine_id,thread_count,repeat_index,assessment,coverage,reason,margin_m,first_segment,first_phase,first_step,last_segment,last_phase,last_step,impact_present,impact_segment,impact_phase,impact_step,sample_seconds,first_rule,first_body,breach_segment,breach_phase,breach_step,metric,value_m,body,segment,phase,step,capture_elapsed_ms,analysis_elapsed_ms,criterion,margin_policy
2026-10-05_0940_ddr5-4800_threads-1-2-3-4-5-6-8-10-12-14-16-24_r5,box3d,1,0,2,1,evaluated,0.10000000000000001,0,0,0,0,2,161,1,0,2,162,0.016666666666666666,9,16203,0,2,76,rest_envelope,0.18039931556065228,16205,0,2,161,236.09629999999973,1578.2122999999999,pyramid-safety-and-unforced-shape,unforced-shape-0.10-m
2026-10-05_0940_ddr5-4800_threads-1-2-3-4-5-6-8-10-12-14-16-24_r5,box3d,1,0,2,1,evaluated,0.10000000000000001,0,0,0,0,2,161,1,0,2,162,0.016666666666666666,9,16203,0,2,76,upward_excursion,0.052812576293945312,16193,0,2,14,236.09629999999973,1578.2122999999999,pyramid-safety-and-unforced-shape,unforced-shape-0.10-m
2026-10-05_0940_ddr5-4800_threads-1-2-3-4-5-6-8-10-12-14-16-24_r5,box3d,1,0,2,1,evaluated,0.10000000000000001,0,0,0,0,2,161,1,0,2,162,0.016666666666666666,9,16203,0,2,76,unforced_stack_shape_excess,0.18037160812768671,16205,0,2,161,236.09629999999973,1578.2122999999999,pyramid-safety-and-unforced-shape,unforced-shape-0.10-m
2026-10-05_0940_ddr5-4800_threads-1-2-3-4-5-6-8-10-12-14-16-24_r5,joltphysics,1,0,2,1,evaluated,0.10000000000000001,0,0,0,0,2,161,1,0,2,162,0.016666666666666666,9,13136,0,2,9,rest_envelope,0.2230666209235288,16205,0,2,16,289.13700000000017,1584.6948,pyramid-safety-and-unforced-shape,unforced-shape-0.10-m
2026-10-05_0940_ddr5-4800_threads-1-2-3-4-5-6-8-10-12-14-16-24_r5,joltphysics,1,0,2,1,evaluated,0.10000000000000001,0,0,0,0,2,161,1,0,2,162,0.016666666666666666,9,13136,0,2,9,upward_excursion,0.20393180847167969,16205,0,2,32,289.13700000000017,1584.6948,pyramid-safety-and-unforced-shape,unforced-shape-0.10-m
2026-10-05_0940_ddr5-4800_threads-1-2-3-4-5-6-8-10-12-14-16-24_r5,joltphysics,1,0,2,1,evaluated,0.10000000000000001,0,0,0,0,2,161,1,0,2,162,0.016666666666666666,9,13136,0,2,9,unforced_stack_shape_excess,0.22306545133304057,16205,0,2,16,289.13700000000017,1584.6948,pyramid-safety-and-unforced-shape,unforced-shape-0.10-m
2026-10-05_0940_ddr5-4800_threads-1-2-3-4-5-6-8-10-12-14-16-24_r5,bepuphysics2,1,0,1,1,evaluated,0.10000000000000001,0,0,0,0,2,161,1,0,2,162,0.016666666666666666,0,0,0,0,0,rest_envelope,0.070729788090321932,16205,0,2,8,161.36730000000006,1580.492,pyramid-safety-and-unforced-shape,unforced-shape-0.10-m
2026-10-05_0940_ddr5-4800_threads-1-2-3-4-5-6-8-10-12-14-16-24_r5,bepuphysics2,1,0,1,1,evaluated,0.10000000000000001,0,0,0,0,2,161,1,0,2,162,0.016666666666666666,0,0,0,0,0,upward_excursion,0.061483383178710938,16205,0,2,17,161.36730000000006,1580.492,pyramid-safety-and-unforced-shape,unforced-shape-0.10-m
2026-10-05_0940_ddr5-4800_threads-1-2-3-4-5-6-8-10-12-14-16-24_r5,bepuphysics2,1,0,1,1,evaluated,0.10000000000000001,0,0,0,0,2,161,1,0,2,162,0.016666666666666666,0,0,0,0,0,unforced_stack_shape_excess,0.070729701826960201,16205,0,2,8,161.36730000000006,1580.492,pyramid-safety-and-unforced-shape,unforced-shape-0.10-m
2026-10-05_0940_ddr5-4800_threads-1-2-3-4-5-6-8-10-12-14-16-24_r5,bepuphysics2,1,1,1,1,evaluated,0.10000000000000001,0,0,0,0,2,161,1,0,2,162,0.016666666666666666,0,0,0,0,0,rest_envelope,0.070729788090321932,16205,0,2,8,165.65280000000018,1584.4059999999999,pyramid-safety-and-unforced-shape,unforced-shape-0.10-m
2026-10-05_0940_ddr5-4800_threads-1-2-3-4-5-6-8-10-12-14-16-24_r5,bepuphysics2,1,1,1,1,evaluated,0.10000000000000001,0,0,0,0,2,161,1,0,2,162,0.016666666666666666,0,0,0,0,0,upward_excursion,0.061483383178710938,16205,0,2,17,165.65280000000018,1584.4059999999999,pyramid-safety-and-unforced-shape,unforced-shape-0.10-m
2026-10-05_0940_ddr5-4800_threads-1-2-3-4-5-6-8-10-12-14-16-24_r5,bepuphysics2,1,1,1,1,evaluated,0.10000000000000001,0,0,0,0,2,161,1,0,2,162,0.016666666666666666,0,0,0,0,0,unforced_stack_shape_excess,0.070729701826960201,16205,0,2,8,165.65280000000018,1584.4059999999999,pyramid-safety-and-unforced-shape,unforced-shape-0.10-m
2026-10-05_0940_ddr5-4800_threads-1-2-3-4-5-6-8-10-12-14-16-24_r5,bepuphysics2,1,2,1,1,evaluated,0.10000000000000001,0,0,0,0,2,161,1,0,2,162,0.016666666666666666,0,0,0,0,0,rest_envelope,0.070729788090321932,16205,0,2,8,164.26899999999983,1580.2748999999999,pyramid-safety-and-unforced-shape,unforced-shape-0.10-m
2026-10-05_0940_ddr5-4800_threads-1-2-3-4-5-6-8-10-12-14-16-24_r5,bepuphysics2,1,2,1,1,evaluated,0.10000000000000001,0,0,0,0,2,161,1,0,2,162,0.016666666666666666,0,0,0,0,0,upward_excursion,0.061483383178710938,16205,0,2,17,164.26899999999983,1580.2748999999999,pyramid-safety-and-unforced-shape,unforced-shape-0.10-m
2026-10-05_0940_ddr5-4800_threads-1-2-3-4-5-6-8-10-12-14-16-24_r5,bepuphysics2,1,2,1,1,evaluated,0.10000000000000001,0,0,0,0,2,161,1,0,2,162,0.016666666666666666,0,0,0,0,0,unforced_stack_shape_excess,0.070729701826960201,16205,0,2,8,164.26899999999983,1580.2748999999999,pyramid-safety-and-unforced-shape,unforced-shape-0.10-m
2026-10-05_0940_ddr5-4800_threads-1-2-3-4-5-6-8-10-12-14-16-24_r5,bepuphysics2,1,3,1,1,evaluated,0.10000000000000001,0,0,0,0,2,161,1,0,2,162,0.016666666666666666,0,0,0,0,0,rest_envelope,0.070729788090321932,16205,0,2,8,169.73369999999974,1587.5146999999999,pyramid-safety-and-unforced-shape,unforced-shape-0.10-m
2026-10-05_0940_ddr5-4800_threads-1-2-3-4-5-6-8-10-12-14-16-24_r5,bepuphysics2,1,3,1,1,evaluated,0.10000000000000001,0,0,0,0,2,161,1,0,2,162,0.016666666666666666,0,0,0,0,0,upward_excursion,0.061483383178710938,16205,0,2,17,169.73369999999974,1587.5146999999999,pyramid-safety-and-unforced-shape,unforced-shape-0.10-m
2026-10-05_0940_ddr5-4800_threads-1-2-3-4-5-6-8-10-12-14-16-24_r5,bepuphysics2,1,3,1,1,evaluated,0.10000000000000001,0,0,0,0,2,161,1,0,2,162,0.016666666666666666,0,0,0,0,0,unforced_stack_shape_excess,0.070729701826960201,16205,0,2,8,169.73369999999974,1587.5146999999999,pyramid-safety-and-unforced-shape,unforced-shape-0.10-m
2026-10-05_0940_ddr5-4800_threads-1-2-3-4-5-6-8-10-12-14-16-24_r5,bepuphysics2,1,4,1,1,evaluated,0.10000000000000001,0,0,0,0,2,161,1,0,2,162,0.016666666666666666,0,0,0,0,0,rest_envelope,0.070729788090321932,16205,0,2,8,165.80550000000011,1580.9776999999999,pyramid-safety-and-unforced-shape,unforced-shape-0.10-m
2026-10-05_0940_ddr5-4800_threads-1-2-3-4-5-6-8-10-12-14-16-24_r5,bepuphysics2,1,4,1,1,evaluated,0.10000000000000001,0,0,0,0,2,161,1,0,2,162,0.016666666666666666,0,0,0,0,0,upward_excursion,0.061483383178710938,16205,0,2,17,165.80550000000011,1580.9776999999999,pyramid-safety-and-unforced-shape,unforced-shape-0.10-m
2026-10-05_0940_ddr5-4800_threads-1-2-3-4-5-6-8-10-12-14-16-24_r5,bepuphysics2,1,4,1,1,evaluated,0.10000000000000001,0,0,0,0,2,161,1,0,2,162,0.016666666666666666,0,0,0,0,0,unforced_stack_shape_excess,0.070729701826960201,16205,0,2,8,165.80550000000011,1580.9776999999999,pyramid-safety-and-unforced-shape,unforced-shape-0.10-m
2026-10-05_0940_ddr5-4800_threads-1-2-3-4-5-6-8-10-12-14-16-24_r5,bepuphysics2,2,0,2,1,evaluated,0.10000000000000001,0,0,0,0,2,161,1,0,2,162,0.016666666666666666,9,16205,0,2,56,rest_envelope,0.13252031553564783,16205,0,2,92,162.13029999999975,1581.8679999999999,pyramid-safety-and-unforced-shape,unforced-shape-0.10-m
2026-10-05_0940_ddr5-4800_threads-1-2-3-4-5-6-8-10-12-14-16-24_r5,bepuphysics2,2,0,2,1,evaluated,0.10000000000000001,0,0,0,0,2,161,1,0,2,162,0.016666666666666666,9,16205,0,2,56,upward_excursion,0.065067291259765625,16200,0,2,17,162.13029999999975,1581.8679999999999,pyramid-safety-and-unforced-shape,unforced-shape-0.10-m
2026-10-05_0940_ddr5-4800_threads-1-2-3-4-5-6-8-10-12-14-16-24_r5,bepuphysics2,2,0,2,1,evaluated,0.10000000000000001,0,0,0,0,2,161,1,0,2,162,0.016666666666666666,9,16205,0,2,56,unforced_stack_shape_excess,0.13251708501936005,16205,0,2,92,162.13029999999975,1581.8679999999999,pyramid-safety-and-unforced-shape,unforced-shape-0.10-m
2026-10-05_0940_ddr5-4800_threads-1-2-3-4-5-6-8-10-12-14-16-24_r5,rapier3d,1,0,1,1,evaluated,0.10000000000000001,0,0,0,0,2,161,1,0,2,162,0.016666666666666666,0,0,0,0,0,rest_envelope,0.063936567000567213,16205,0,2,42,185.33750000000006,1581.1793,pyramid-safety-and-unforced-shape,unforced-shape-0.10-m
2026-10-05_0940_ddr5-4800_threads-1-2-3-4-5-6-8-10-12-14-16-24_r5,rapier3d,1,0,1,1,evaluated,0.10000000000000001,0,0,0,0,2,161,1,0,2,162,0.016666666666666666,0,0,0,0,0,upward_excursion,0.04351043701171875,16193,0,2,14,185.33750000000006,1581.1793,pyramid-safety-and-unforced-shape,unforced-shape-0.10-m
2026-10-05_0940_ddr5-4800_threads-1-2-3-4-5-6-8-10-12-14-16-24_r5,rapier3d,1,0,1,1,evaluated,0.10000000000000001,0,0,0,0,2,161,1,0,2,162,0.016666666666666666,0,0,0,0,0,unforced_stack_shape_excess,0.06393078017318865,16205,0,2,42,185.33750000000006,1581.1793,pyramid-safety-and-unforced-shape,unforced-shape-0.10-m
2026-10-05_0940_ddr5-4800_threads-1-2-3-4-5-6-8-10-12-14-16-24_r5,rapier3d,1,1,1,1,evaluated,0.10000000000000001,0,0,0,0,2,161,1,0,2,162,0.016666666666666666,0,0,0,0,0,rest_envelope,0.063936567000567213,16205,0,2,42,187.9208000000003,1575.7475999999999,pyramid-safety-and-unforced-shape,unforced-shape-0.10-m
2026-10-05_0940_ddr5-4800_threads-1-2-3-4-5-6-8-10-12-14-16-24_r5,rapier3d,1,1,1,1,evaluated,0.10000000000000001,0,0,0,0,2,161,1,0,2,162,0.016666666666666666,0,0,0,0,0,upward_excursion,0.04351043701171875,16193,0,2,14,187.9208000000003,1575.7475999999999,pyramid-safety-and-unforced-shape,unforced-shape-0.10-m
2026-10-05_0940_ddr5-4800_threads-1-2-3-4-5-6-8-10-12-14-16-24_r5,rapier3d,1,1,1,1,evaluated,0.10000000000000001,0,0,0,0,2,161,1,0,2,162,0.016666666666666666,0,0,0,0,0,unforced_stack_shape_excess,0.06393078017318865,16205,0,2,42,187.9208000000003,1575.7475999999999,pyramid-safety-and-unforced-shape,unforced-shape-0.10-m
2026-10-05_0940_ddr5-4800_threads-1-2-3-4-5-6-8-10-12-14-16-24_r5,rapier3d,1,2,1,1,evaluated,0.10000000000000001,0,0,0,0,2,161,1,0,2,162,0.016666666666666666,0,0,0,0,0,rest_envelope,0.063936567000567213,16205,0,2,42,182.21589999999989,1577.0101,pyramid-safety-and-unforced-shape,unforced-shape-0.10-m
2026-10-05_0940_ddr5-4800_threads-1-2-3-4-5-6-8-10-12-14-16-24_r5,rapier3d,1,2,1,1,evaluated,0.10000000000000001,0,0,0,0,2,161,1,0,2,162,0.016666666666666666,0,0,0,0,0,upward_excursion,0.04351043701171875,16193,0,2,14,182.21589999999989,1577.0101,pyramid-safety-and-unforced-shape,unforced-shape-0.10-m
2026-10-05_0940_ddr5-4800_threads-1-2-3-4-5-6-8-10-12-14-16-24_r5,rapier3d,1,2,1,1,evaluated,0.10000000000000001,0,0,0,0,2,161,1,0,2,162,0.016666666666666666,0,0,0,0,0,unforced_stack_shape_excess,0.06393078017318865,16205,0,2,42,182.21589999999989,1577.0101,pyramid-safety-and-unforced-shape,unforced-shape-0.10-m
2026-10-05_0940_ddr5-4800_threads-1-2-3-4-5-6-8-10-12-14-16-24_r5,rapier3d,1,3,1,1,evaluated,0.10000000000000001,0,0,0,0,2,161,1,0,2,162,0.016666666666666666,0,0,0,0,0,rest_envelope,0.063936567000567213,16205,0,2,42,185.91759999999988,1577.6203,pyramid-safety-and-unforced-shape,unforced-shape-0.10-m
2026-10-05_0940_ddr5-4800_threads-1-2-3-4-5-6-8-10-12-14-16-24_r5,rapier3d,1,3,1,1,evaluated,0.10000000000000001,0,0,0,0,2,161,1,0,2,162,0.016666666666666666,0,0,0,0,0,upward_excursion,0.04351043701171875,16193,0,2,14,185.91759999999988,1577.6203,pyramid-safety-and-unforced-shape,unforced-shape-0.10-m
2026-10-05_0940_ddr5-4800_threads-1-2-3-4-5-6-8-10-12-14-16-24_r5,rapier3d,1,3,1,1,evaluated,0.10000000000000001,0,0,0,0,2,161,1,0,2,162,0.016666666666666666,0,0,0,0,0,unforced_stack_shape_excess,0.06393078017318865,16205,0,2,42,185.91759999999988,1577.6203,pyramid-safety-and-unforced-shape,unforced-shape-0.10-m
2026-10-05_0940_ddr5-4800_threads-1-2-3-4-5-6-8-10-12-14-16-24_r5,rapier3d,1,4,1,1,evaluated,0.10000000000000001,0,0,0,0,2,161,1,0,2,162,0.016666666666666666,0,0,0,0,0,rest_envelope,0.063936567000567213,16205,0,2,42,182.34089999999995,1579.3349000000001,pyramid-safety-and-unforced-shape,unforced-shape-0.10-m
2026-10-05_0940_ddr5-4800_threads-1-2-3-4-5-6-8-10-12-14-16-24_r5,rapier3d,1,4,1,1,evaluated,0.10000000000000001,0,0,0,0,2,161,1,0,2,162,0.016666666666666666,0,0,0,0,0,upward_excursion,0.04351043701171875,16193,0,2,14,182.34089999999995,1579.3349000000001,pyramid-safety-and-unforced-shape,unforced-shape-0.10-m
2026-10-05_0940_ddr5-4800_threads-1-2-3-4-5-6-8-10-12-14-16-24_r5,rapier3d,1,4,1,1,evaluated,0.10000000000000001,0,0,0,0,2,161,1,0,2,162,0.016666666666666666,0,0,0,0,0,unforced_stack_shape_excess,0.06393078017318865,16205,0,2,42,182.34089999999995,1579.3349000000001,pyramid-safety-and-unforced-shape,unforced-shape-0.10-m
2026-10-05_0940_ddr5-4800_threads-1-2-3-4-5-6-8-10-12-14-16-24_r5,rapier3d,2,0,1,1,evaluated,0.10000000000000001,0,0,0,0,2,161,1,0,2,162,0.016666666666666666,0,0,0,0,0,rest_envelope,0.063936567000567213,16205,0,2,42,195.13099999999991,1572.2411,pyramid-safety-and-unforced-shape,unforced-shape-0.10-m
2026-10-05_0940_ddr5-4800_threads-1-2-3-4-5-6-8-10-12-14-16-24_r5,rapier3d,2,0,1,1,evaluated,0.10000000000000001,0,0,0,0,2,161,1,0,2,162,0.016666666666666666,0,0,0,0,0,upward_excursion,0.04351043701171875,16193,0,2,14,195.13099999999991,1572.2411,pyramid-safety-and-unforced-shape,unforced-shape-0.10-m
2026-10-05_0940_ddr5-4800_threads-1-2-3-4-5-6-8-10-12-14-16-24_r5,rapier3d,2,0,1,1,evaluated,0.10000000000000001,0,0,0,0,2,161,1,0,2,162,0.016666666666666666,0,0,0,0,0,unforced_stack_shape_excess,0.06393078017318865,16205,0,2,42,195.13099999999991,1572.2411,pyramid-safety-and-unforced-shape,unforced-shape-0.10-m
2026-10-05_0940_ddr5-4800_threads-1-2-3-4-5-6-8-10-12-14-16-24_r5,rapier3d,2,1,1,1,evaluated,0.10000000000000001,0,0,0,0,2,161,1,0,2,162,0.016666666666666666,0,0,0,0,0,rest_envelope,0.063936567000567213,16205,0,2,42,194.15060000000017,1583.0821000000001,pyramid-safety-and-unforced-shape,unforced-shape-0.10-m
2026-10-05_0940_ddr5-4800_threads-1-2-3-4-5-6-8-10-12-14-16-24_r5,rapier3d,2,1,1,1,evaluated,0.10000000000000001,0,0,0,0,2,161,1,0,2,162,0.016666666666666666,0,0,0,0,0,upward_excursion,0.04351043701171875,16193,0,2,14,194.15060000000017,1583.0821000000001,pyramid-safety-and-unforced-shape,unforced-shape-0.10-m
2026-10-05_0940_ddr5-4800_threads-1-2-3-4-5-6-8-10-12-14-16-24_r5,rapier3d,2,1,1,1,evaluated,0.10000000000000001,0,0,0,0,2,161,1,0,2,162,0.016666666666666666,0,0,0,0,0,unforced_stack_shape_excess,0.06393078017318865,16205,0,2,42,194.15060000000017,1583.0821000000001,pyramid-safety-and-unforced-shape,unforced-shape-0.10-m
2026-10-05_0940_ddr5-4800_threads-1-2-3-4-5-6-8-10-12-14-16-24_r5,rapier3d,2,2,1,1,evaluated,0.10000000000000001,0,0,0,0,2,161,1,0,2,162,0.016666666666666666,0,0,0,0,0,rest_envelope,0.063936567000567213,16205,0,2,42,192.34740000000002,1596.7085,pyramid-safety-and-unforced-shape,unforced-shape-0.10-m
2026-10-05_0940_ddr5-4800_threads-1-2-3-4-5-6-8-10-12-14-16-24_r5,rapier3d,2,2,1,1,evaluated,0.10000000000000001,0,0,0,0,2,161,1,0,2,162,0.016666666666666666,0,0,0,0,0,upward_excursion,0.04351043701171875,16193,0,2,14,192.34740000000002,1596.7085,pyramid-safety-and-unforced-shape,unforced-shape-0.10-m
2026-10-05_0940_ddr5-4800_threads-1-2-3-4-5-6-8-10-12-14-16-24_r5,rapier3d,2,2,1,1,evaluated,0.10000000000000001,0,0,0,0,2,161,1,0,2,162,0.016666666666666666,0,0,0,0,0,unforced_stack_shape_excess,0.06393078017318865,16205,0,2,42,192.34740000000002,1596.7085,pyramid-safety-and-unforced-shape,unforced-shape-0.10-m
2026-10-05_0940_ddr5-4800_threads-1-2-3-4-5-6-8-10-12-14-16-24_r5,rapier3d,2,3,1,1,evaluated,0.10000000000000001,0,0,0,0,2,161,1,0,2,162,0.016666666666666666,0,0,0,0,0,rest_envelope,0.063936567000567213,16205,0,2,42,192.53709999999995,1577.7321999999999,pyramid-safety-and-unforced-shape,unforced-shape-0.10-m
2026-10-05_0940_ddr5-4800_threads-1-2-3-4-5-6-8-10-12-14-16-24_r5,rapier3d,2,3,1,1,evaluated,0.10000000000000001,0,0,0,0,2,161,1,0,2,162,0.016666666666666666,0,0,0,0,0,upward_excursion,0.04351043701171875,16193,0,2,14,192.53709999999995,1577.7321999999999,pyramid-safety-and-unforced-shape,unforced-shape-0.10-m
2026-10-05_0940_ddr5-4800_threads-1-2-3-4-5-6-8-10-12-14-16-24_r5,rapier3d,2,3,1,1,evaluated,0.10000000000000001,0,0,0,0,2,161,1,0,2,162,0.016666666666666666,0,0,0,0,0,unforced_stack_shape_excess,0.06393078017318865,16205,0,2,42,192.53709999999995,1577.7321999999999,pyramid-safety-and-unforced-shape,unforced-shape-0.10-m
2026-10-05_0940_ddr5-4800_threads-1-2-3-4-5-6-8-10-12-14-16-24_r5,rapier3d,2,4,1,1,evaluated,0.10000000000000001,0,0,0,0,2,161,1,0,2,162,0.016666666666666666,0,0,0,0,0,rest_envelope,0.063936567000567213,16205,0,2,42,196.17680000000004,1579.0431000000001,pyramid-safety-and-unforced-shape,unforced-shape-0.10-m
2026-10-05_0940_ddr5-4800_threads-1-2-3-4-5-6-8-10-12-14-16-24_r5,rapier3d,2,4,1,1,evaluated,0.10000000000000001,0,0,0,0,2,161,1,0,2,162,0.016666666666666666,0,0,0,0,0,upward_excursion,0.04351043701171875,16193,0,2,14,196.17680000000004,1579.0431000000001,pyramid-safety-and-unforced-shape,unforced-shape-0.10-m
2026-10-05_0940_ddr5-4800_threads-1-2-3-4-5-6-8-10-12-14-16-24_r5,rapier3d,2,4,1,1,evaluated,0.10000000000000001,0,0,0,0,2,161,1,0,2,162,0.016666666666666666,0,0,0,0,0,unforced_stack_shape_excess,0.06393078017318865,16205,0,2,42,196.17680000000004,1579.0431000000001,pyramid-safety-and-unforced-shape,unforced-shape-0.10-m
2026-10-05_0940_ddr5-4800_threads-1-2-3-4-5-6-8-10-12-14-16-24_r5,rapier3d,3,0,1,1,evaluated,0.10000000000000001,0,0,0,0,2,161,1,0,2,162,0.016666666666666666,0,0,0,0,0,rest_envelope,0.063936567000567213,16205,0,2,42,195.75740000000002,1574.4627,pyramid-safety-and-unforced-shape,unforced-shape-0.10-m
2026-10-05_0940_ddr5-4800_threads-1-2-3-4-5-6-8-10-12-14-16-24_r5,rapier3d,3,0,1,1,evaluated,0.10000000000000001,0,0,0,0,2,161,1,0,2,162,0.016666666666666666,0,0,0,0,0,upward_excursion,0.04351043701171875,16193,0,2,14,195.75740000000002,1574.4627,pyramid-safety-and-unforced-shape,unforced-shape-0.10-m
2026-10-05_0940_ddr5-4800_threads-1-2-3-4-5-6-8-10-12-14-16-24_r5,rapier3d,3,0,1,1,evaluated,0.10000000000000001,0,0,0,0,2,161,1,0,2,162,0.016666666666666666,0,0,0,0,0,unforced_stack_shape_excess,0.06393078017318865,16205,0,2,42,195.75740000000002,1574.4627,pyramid-safety-and-unforced-shape,unforced-shape-0.10-m
2026-10-05_0940_ddr5-4800_threads-1-2-3-4-5-6-8-10-12-14-16-24_r5,rapier3d,3,1,1,1,evaluated,0.10000000000000001,0,0,0,0,2,161,1,0,2,162,0.016666666666666666,0,0,0,0,0,rest_envelope,0.063936567000567213,16205,0,2,42,192.58890000000008,1577.3960999999999,pyramid-safety-and-unforced-shape,unforced-shape-0.10-m
2026-10-05_0940_ddr5-4800_threads-1-2-3-4-5-6-8-10-12-14-16-24_r5,rapier3d,3,1,1,1,evaluated,0.10000000000000001,0,0,0,0,2,161,1,0,2,162,0.016666666666666666,0,0,0,0,0,upward_excursion,0.04351043701171875,16193,0,2,14,192.58890000000008,1577.3960999999999,pyramid-safety-and-unforced-shape,unforced-shape-0.10-m
2026-10-05_0940_ddr5-4800_threads-1-2-3-4-5-6-8-10-12-14-16-24_r5,rapier3d,3,1,1,1,evaluated,0.10000000000000001,0,0,0,0,2,161,1,0,2,162,0.016666666666666666,0,0,0,0,0,unforced_stack_shape_excess,0.06393078017318865,16205,0,2,42,192.58890000000008,1577.3960999999999,pyramid-safety-and-unforced-shape,unforced-shape-0.10-m
2026-10-05_0940_ddr5-4800_threads-1-2-3-4-5-6-8-10-12-14-16-24_r5,rapier3d,3,2,1,1,evaluated,0.10000000000000001,0,0,0,0,2,161,1,0,2,162,0.016666666666666666,0,0,0,0,0,rest_envelope,0.063936567000567213,16205,0,2,42,193.46219999999994,1579.8381999999999,pyramid-safety-and-unforced-shape,unforced-shape-0.10-m
2026-10-05_0940_ddr5-4800_threads-1-2-3-4-5-6-8-10-12-14-16-24_r5,rapier3d,3,2,1,1,evaluated,0.10000000000000001,0,0,0,0,2,161,1,0,2,162,0.016666666666666666,0,0,0,0,0,upward_excursion,0.04351043701171875,16193,0,2,14,193.46219999999994,1579.8381999999999,pyramid-safety-and-unforced-shape,unforced-shape-0.10-m
2026-10-05_0940_ddr5-4800_threads-1-2-3-4-5-6-8-10-12-14-16-24_r5,rapier3d,3,2,1,1,evaluated,0.10000000000000001,0,0,0,0,2,161,1,0,2,162,0.016666666666666666,0,0,0,0,0,unforced_stack_shape_excess,0.06393078017318865,16205,0,2,42,193.46219999999994,1579.8381999999999,pyramid-safety-and-unforced-shape,unforced-shape-0.10-m
2026-10-05_0940_ddr5-4800_threads-1-2-3-4-5-6-8-10-12-14-16-24_r5,rapier3d,3,3,1,1,evaluated,0.10000000000000001,0,0,0,0,2,161,1,0,2,162,0.016666666666666666,0,0,0,0,0,rest_envelope,0.063936567000567213,16205,0,2,42,190.42110000000011,1571.7337,pyramid-safety-and-unforced-shape,unforced-shape-0.10-m
2026-10-05_0940_ddr5-4800_threads-1-2-3-4-5-6-8-10-12-14-16-24_r5,rapier3d,3,3,1,1,evaluated,0.10000000000000001,0,0,0,0,2,161,1,0,2,162,0.016666666666666666,0,0,0,0,0,upward_excursion,0.04351043701171875,16193,0,2,14,190.42110000000011,1571.7337,pyramid-safety-and-unforced-shape,unforced-shape-0.10-m
2026-10-05_0940_ddr5-4800_threads-1-2-3-4-5-6-8-10-12-14-16-24_r5,rapier3d,3,3,1,1,evaluated,0.10000000000000001,0,0,0,0,2,161,1,0,2,162,0.016666666666666666,0,0,0,0,0,unforced_stack_shape_excess,0.06393078017318865,16205,0,2,42,190.42110000000011,1571.7337,pyramid-safety-and-unforced-shape,unforced-shape-0.10-m
2026-10-05_0940_ddr5-4800_threads-1-2-3-4-5-6-8-10-12-14-16-24_r5,rapier3d,3,4,1,1,evaluated,0.10000000000000001,0,0,0,0,2,161,1,0,2,162,0.016666666666666666,0,0,0,0,0,rest_envelope,0.063936567000567213,16205,0,2,42,182.77410000000003,1574.5454999999999,pyramid-safety-and-unforced-shape,unforced-shape-0.10-m
2026-10-05_0940_ddr5-4800_threads-1-2-3-4-5-6-8-10-12-14-16-24_r5,rapier3d,3,4,1,1,evaluated,0.10000000000000001,0,0,0,0,2,161,1,0,2,162,0.016666666666666666,0,0,0,0,0,upward_excursion,0.04351043701171875,16193,0,2,14,182.77410000000003,1574.5454999999999,pyramid-safety-and-unforced-shape,unforced-shape-0.10-m
2026-10-05_0940_ddr5-4800_threads-1-2-3-4-5-6-8-10-12-14-16-24_r5,rapier3d,3,4,1,1,evaluated,0.10000000000000001,0,0,0,0,2,161,1,0,2,162,0.016666666666666666,0,0,0,0,0,unforced_stack_shape_excess,0.06393078017318865,16205,0,2,42,182.77410000000003,1574.5454999999999,pyramid-safety-and-unforced-shape,unforced-shape-0.10-m
2026-10-05_0940_ddr5-4800_threads-1-2-3-4-5-6-8-10-12-14-16-24_r5,rapier3d,4,0,1,1,evaluated,0.10000000000000001,0,0,0,0,2,161,1,0,2,162,0.016666666666666666,0,0,0,0,0,rest_envelope,0.063936567000567213,16205,0,2,42,184.54929999999996,1570.3746000000001,pyramid-safety-and-unforced-shape,unforced-shape-0.10-m
2026-10-05_0940_ddr5-4800_threads-1-2-3-4-5-6-8-10-12-14-16-24_r5,rapier3d,4,0,1,1,evaluated,0.10000000000000001,0,0,0,0,2,161,1,0,2,162,0.016666666666666666,0,0,0,0,0,upward_excursion,0.04351043701171875,16193,0,2,14,184.54929999999996,1570.3746000000001,pyramid-safety-and-unforced-shape,unforced-shape-0.10-m
2026-10-05_0940_ddr5-4800_threads-1-2-3-4-5-6-8-10-12-14-16-24_r5,rapier3d,4,0,1,1,evaluated,0.10000000000000001,0,0,0,0,2,161,1,0,2,162,0.016666666666666666,0,0,0,0,0,unforced_stack_shape_excess,0.06393078017318865,16205,0,2,42,184.54929999999996,1570.3746000000001,pyramid-safety-and-unforced-shape,unforced-shape-0.10-m
2026-10-05_0940_ddr5-4800_threads-1-2-3-4-5-6-8-10-12-14-16-24_r5,rapier3d,4,1,1,1,evaluated,0.10000000000000001,0,0,0,0,2,161,1,0,2,162,0.016666666666666666,0,0,0,0,0,rest_envelope,0.063936567000567213,16205,0,2,42,183.34400000000002,1568.9137000000001,pyramid-safety-and-unforced-shape,unforced-shape-0.10-m
2026-10-05_0940_ddr5-4800_threads-1-2-3-4-5-6-8-10-12-14-16-24_r5,rapier3d,4,1,1,1,evaluated,0.10000000000000001,0,0,0,0,2,161,1,0,2,162,0.016666666666666666,0,0,0,0,0,upward_excursion,0.04351043701171875,16193,0,2,14,183.34400000000002,1568.9137000000001,pyramid-safety-and-unforced-shape,unforced-shape-0.10-m
2026-10-05_0940_ddr5-4800_threads-1-2-3-4-5-6-8-10-12-14-16-24_r5,rapier3d,4,1,1,1,evaluated,0.10000000000000001,0,0,0,0,2,161,1,0,2,162,0.016666666666666666,0,0,0,0,0,unforced_stack_shape_excess,0.06393078017318865,16205,0,2,42,183.34400000000002,1568.9137000000001,pyramid-safety-and-unforced-shape,unforced-shape-0.10-m
2026-10-05_0940_ddr5-4800_threads-1-2-3-4-5-6-8-10-12-14-16-24_r5,rapier3d,4,2,1,1,evaluated,0.10000000000000001,0,0,0,0,2,161,1,0,2,162,0.016666666666666666,0,0,0,0,0,rest_envelope,0.063936567000567213,16205,0,2,42,189.51909999999992,1569.5454,pyramid-safety-and-unforced-shape,unforced-shape-0.10-m
2026-10-05_0940_ddr5-4800_threads-1-2-3-4-5-6-8-10-12-14-16-24_r5,rapier3d,4,2,1,1,evaluated,0.10000000000000001,0,0,0,0,2,161,1,0,2,162,0.016666666666666666,0,0,0,0,0,upward_excursion,0.04351043701171875,16193,0,2,14,189.51909999999992,1569.5454,pyramid-safety-and-unforced-shape,unforced-shape-0.10-m
2026-10-05_0940_ddr5-4800_threads-1-2-3-4-5-6-8-10-12-14-16-24_r5,rapier3d,4,2,1,1,evaluated,0.10000000000000001,0,0,0,0,2,161,1,0,2,162,0.016666666666666666,0,0,0,0,0,unforced_stack_shape_excess,0.06393078017318865,16205,0,2,42,189.51909999999992,1569.5454,pyramid-safety-and-unforced-shape,unforced-shape-0.10-m
2026-10-05_0940_ddr5-4800_threads-1-2-3-4-5-6-8-10-12-14-16-24_r5,rapier3d,4,3,1,1,evaluated,0.10000000000000001,0,0,0,0,2,161,1,0,2,162,0.016666666666666666,0,0,0,0,0,rest_envelope,0.063936567000567213,16205,0,2,42,185.24439999999996,1574.2822000000001,pyramid-safety-and-unforced-shape,unforced-shape-0.10-m
2026-10-05_0940_ddr5-4800_threads-1-2-3-4-5-6-8-10-12-14-16-24_r5,rapier3d,4,3,1,1,evaluated,0.10000000000000001,0,0,0,0,2,161,1,0,2,162,0.016666666666666666,0,0,0,0,0,upward_excursion,0.04351043701171875,16193,0,2,14,185.24439999999996,1574.2822000000001,pyramid-safety-and-unforced-shape,unforced-shape-0.10-m
2026-10-05_0940_ddr5-4800_threads-1-2-3-4-5-6-8-10-12-14-16-24_r5,rapier3d,4,3,1,1,evaluated,0.10000000000000001,0,0,0,0,2,161,1,0,2,162,0.016666666666666666,0,0,0,0,0,unforced_stack_shape_excess,0.06393078017318865,16205,0,2,42,185.24439999999996,1574.2822000000001,pyramid-safety-and-unforced-shape,unforced-shape-0.10-m
2026-10-05_0940_ddr5-4800_threads-1-2-3-4-5-6-8-10-12-14-16-24_r5,rapier3d,4,4,1,1,evaluated,0.10000000000000001,0,0,0,0,2,161,1,0,2,162,0.016666666666666666,0,0,0,0,0,rest_envelope,0.063936567000567213,16205,0,2,42,178.68400000000022,1570.6667,pyramid-safety-and-unforced-shape,unforced-shape-0.10-m
2026-10-05_0940_ddr5-4800_threads-1-2-3-4-5-6-8-10-12-14-16-24_r5,rapier3d,4,4,1,1,evaluated,0.10000000000000001,0,0,0,0,2,161,1,0,2,162,0.016666666666666666,0,0,0,0,0,upward_excursion,0.04351043701171875,16193,0,2,14,178.68400000000022,1570.6667,pyramid-safety-and-unforced-shape,unforced-shape-0.10-m
2026-10-05_0940_ddr5-4800_threads-1-2-3-4-5-6-8-10-12-14-16-24_r5,rapier3d,4,4,1,1,evaluated,0.10000000000000001,0,0,0,0,2,161,1,0,2,162,0.016666666666666666,0,0,0,0,0,unforced_stack_shape_excess,0.06393078017318865,16205,0,2,42,178.68400000000022,1570.6667,pyramid-safety-and-unforced-shape,unforced-shape-0.10-m
2026-10-05_0940_ddr5-4800_threads-1-2-3-4-5-6-8-10-12-14-16-24_r5,rapier3d,5,0,1,1,evaluated,0.10000000000000001,0,0,0,0,2,161,1,0,2,162,0.016666666666666666,0,0,0,0,0,rest_envelope,0.063936567000567213,16205,0,2,42,182.44910000000004,1570.0392999999999,pyramid-safety-and-unforced-shape,unforced-shape-0.10-m
2026-10-05_0940_ddr5-4800_threads-1-2-3-4-5-6-8-10-12-14-16-24_r5,rapier3d,5,0,1,1,evaluated,0.10000000000000001,0,0,0,0,2,161,1,0,2,162,0.016666666666666666,0,0,0,0,0,upward_excursion,0.04351043701171875,16193,0,2,14,182.44910000000004,1570.0392999999999,pyramid-safety-and-unforced-shape,unforced-shape-0.10-m
2026-10-05_0940_ddr5-4800_threads-1-2-3-4-5-6-8-10-12-14-16-24_r5,rapier3d,5,0,1,1,evaluated,0.10000000000000001,0,0,0,0,2,161,1,0,2,162,0.016666666666666666,0,0,0,0,0,unforced_stack_shape_excess,0.06393078017318865,16205,0,2,42,182.44910000000004,1570.0392999999999,pyramid-safety-and-unforced-shape,unforced-shape-0.10-m
2026-10-05_0940_ddr5-4800_threads-1-2-3-4-5-6-8-10-12-14-16-24_r5,rapier3d,5,1,1,1,evaluated,0.10000000000000001,0,0,0,0,2,161,1,0,2,162,0.016666666666666666,0,0,0,0,0,rest_envelope,0.063936567000567213,16205,0,2,42,180.94889999999998,1574.7056,pyramid-safety-and-unforced-shape,unforced-shape-0.10-m
2026-10-05_0940_ddr5-4800_threads-1-2-3-4-5-6-8-10-12-14-16-24_r5,rapier3d,5,1,1,1,evaluated,0.10000000000000001,0,0,0,0,2,161,1,0,2,162,0.016666666666666666,0,0,0,0,0,upward_excursion,0.04351043701171875,16193,0,2,14,180.94889999999998,1574.7056,pyramid-safety-and-unforced-shape,unforced-shape-0.10-m
2026-10-05_0940_ddr5-4800_threads-1-2-3-4-5-6-8-10-12-14-16-24_r5,rapier3d,5,1,1,1,evaluated,0.10000000000000001,0,0,0,0,2,161,1,0,2,162,0.016666666666666666,0,0,0,0,0,unforced_stack_shape_excess,0.06393078017318865,16205,0,2,42,180.94889999999998,1574.7056,pyramid-safety-and-unforced-shape,unforced-shape-0.10-m
2026-10-05_0940_ddr5-4800_threads-1-2-3-4-5-6-8-10-12-14-16-24_r5,rapier3d,5,2,1,1,evaluated,0.10000000000000001,0,0,0,0,2,161,1,0,2,162,0.016666666666666666,0,0,0,0,0,rest_envelope,0.063936567000567213,16205,0,2,42,188.77079999999981,1572.1831999999999,pyramid-safety-and-unforced-shape,unforced-shape-0.10-m
2026-10-05_0940_ddr5-4800_threads-1-2-3-4-5-6-8-10-12-14-16-24_r5,rapier3d,5,2,1,1,evaluated,0.10000000000000001,0,0,0,0,2,161,1,0,2,162,0.016666666666666666,0,0,0,0,0,upward_excursion,0.04351043701171875,16193,0,2,14,188.77079999999981,1572.1831999999999,pyramid-safety-and-unforced-shape,unforced-shape-0.10-m
2026-10-05_0940_ddr5-4800_threads-1-2-3-4-5-6-8-10-12-14-16-24_r5,rapier3d,5,2,1,1,evaluated,0.10000000000000001,0,0,0,0,2,161,1,0,2,162,0.016666666666666666,0,0,0,0,0,unforced_stack_shape_excess,0.06393078017318865,16205,0,2,42,188.77079999999981,1572.1831999999999,pyramid-safety-and-unforced-shape,unforced-shape-0.10-m
2026-10-05_0940_ddr5-4800_threads-1-2-3-4-5-6-8-10-12-14-16-24_r5,rapier3d,5,3,1,1,evaluated,0.10000000000000001,0,0,0,0,2,161,1,0,2,162,0.016666666666666666,0,0,0,0,0,rest_envelope,0.063936567000567213,16205,0,2,42,187.34279999999993,1575.2394999999999,pyramid-safety-and-unforced-shape,unforced-shape-0.10-m
2026-10-05_0940_ddr5-4800_threads-1-2-3-4-5-6-8-10-12-14-16-24_r5,rapier3d,5,3,1,1,evaluated,0.10000000000000001,0,0,0,0,2,161,1,0,2,162,0.016666666666666666,0,0,0,0,0,upward_excursion,0.04351043701171875,16193,0,2,14,187.34279999999993,1575.2394999999999,pyramid-safety-and-unforced-shape,unforced-shape-0.10-m
2026-10-05_0940_ddr5-4800_threads-1-2-3-4-5-6-8-10-12-14-16-24_r5,rapier3d,5,3,1,1,evaluated,0.10000000000000001,0,0,0,0,2,161,1,0,2,162,0.016666666666666666,0,0,0,0,0,unforced_stack_shape_excess,0.06393078017318865,16205,0,2,42,187.34279999999993,1575.2394999999999,pyramid-safety-and-unforced-shape,unforced-shape-0.10-m
2026-10-05_0940_ddr5-4800_threads-1-2-3-4-5-6-8-10-12-14-16-24_r5,rapier3d,5,4,1,1,evaluated,0.10000000000000001,0,0,0,0,2,161,1,0,2,162,0.016666666666666666,0,0,0,0,0,rest_envelope,0.063936567000567213,16205,0,2,42,183.55739999999997,1567.4395999999999,pyramid-safety-and-unforced-shape,unforced-shape-0.10-m
2026-10-05_0940_ddr5-4800_threads-1-2-3-4-5-6-8-10-12-14-16-24_r5,rapier3d,5,4,1,1,evaluated,0.10000000000000001,0,0,0,0,2,161,1,0,2,162,0.016666666666666666,0,0,0,0,0,upward_excursion,0.04351043701171875,16193,0,2,14,183.55739999999997,1567.4395999999999,pyramid-safety-and-unforced-shape,unforced-shape-0.10-m
2026-10-05_0940_ddr5-4800_threads-1-2-3-4-5-6-8-10-12-14-16-24_r5,rapier3d,5,4,1,1,evaluated,0.10000000000000001,0,0,0,0,2,161,1,0,2,162,0.016666666666666666,0,0,0,0,0,unforced_stack_shape_excess,0.06393078017318865,16205,0,2,42,183.55739999999997,1567.4395999999999,pyramid-safety-and-unforced-shape,unforced-shape-0.10-m
2026-10-05_0940_ddr5-4800_threads-1-2-3-4-5-6-8-10-12-14-16-24_r5,rapier3d,6,0,1,1,evaluated,0.10000000000000001,0,0,0,0,2,161,1,0,2,162,0.016666666666666666,0,0,0,0,0,rest_envelope,0.063936567000567213,16205,0,2,42,181.1987,1581.7589,pyramid-safety-and-unforced-shape,unforced-shape-0.10-m
2026-10-05_0940_ddr5-4800_threads-1-2-3-4-5-6-8-10-12-14-16-24_r5,rapier3d,6,0,1,1,evaluated,0.10000000000000001,0,0,0,0,2,161,1,0,2,162,0.016666666666666666,0,0,0,0,0,upward_excursion,0.04351043701171875,16193,0,2,14,181.1987,1581.7589,pyramid-safety-and-unforced-shape,unforced-shape-0.10-m
2026-10-05_0940_ddr5-4800_threads-1-2-3-4-5-6-8-10-12-14-16-24_r5,rapier3d,6,0,1,1,evaluated,0.10000000000000001,0,0,0,0,2,161,1,0,2,162,0.016666666666666666,0,0,0,0,0,unforced_stack_shape_excess,0.06393078017318865,16205,0,2,42,181.1987,1581.7589,pyramid-safety-and-unforced-shape,unforced-shape-0.10-m
2026-10-05_0940_ddr5-4800_threads-1-2-3-4-5-6-8-10-12-14-16-24_r5,rapier3d,6,1,1,1,evaluated,0.10000000000000001,0,0,0,0,2,161,1,0,2,162,0.016666666666666666,0,0,0,0,0,rest_envelope,0.063936567000567213,16205,0,2,42,176.87170000000017,1574.8558,pyramid-safety-and-unforced-shape,unforced-shape-0.10-m
2026-10-05_0940_ddr5-4800_threads-1-2-3-4-5-6-8-10-12-14-16-24_r5,rapier3d,6,1,1,1,evaluated,0.10000000000000001,0,0,0,0,2,161,1,0,2,162,0.016666666666666666,0,0,0,0,0,upward_excursion,0.04351043701171875,16193,0,2,14,176.87170000000017,1574.8558,pyramid-safety-and-unforced-shape,unforced-shape-0.10-m
2026-10-05_0940_ddr5-4800_threads-1-2-3-4-5-6-8-10-12-14-16-24_r5,rapier3d,6,1,1,1,evaluated,0.10000000000000001,0,0,0,0,2,161,1,0,2,162,0.016666666666666666,0,0,0,0,0,unforced_stack_shape_excess,0.06393078017318865,16205,0,2,42,176.87170000000017,1574.8558,pyramid-safety-and-unforced-shape,unforced-shape-0.10-m
2026-10-05_0940_ddr5-4800_threads-1-2-3-4-5-6-8-10-12-14-16-24_r5,rapier3d,6,2,1,1,evaluated,0.10000000000000001,0,0,0,0,2,161,1,0,2,162,0.016666666666666666,0,0,0,0,0,rest_envelope,0.063936567000567213,16205,0,2,42,183.25569999999996,1571.6922999999999,pyramid-safety-and-unforced-shape,unforced-shape-0.10-m
2026-10-05_0940_ddr5-4800_threads-1-2-3-4-5-6-8-10-12-14-16-24_r5,rapier3d,6,2,1,1,evaluated,0.10000000000000001,0,0,0,0,2,161,1,0,2,162,0.016666666666666666,0,0,0,0,0,upward_excursion,0.04351043701171875,16193,0,2,14,183.25569999999996,1571.6922999999999,pyramid-safety-and-unforced-shape,unforced-shape-0.10-m
2026-10-05_0940_ddr5-4800_threads-1-2-3-4-5-6-8-10-12-14-16-24_r5,rapier3d,6,2,1,1,evaluated,0.10000000000000001,0,0,0,0,2,161,1,0,2,162,0.016666666666666666,0,0,0,0,0,unforced_stack_shape_excess,0.06393078017318865,16205,0,2,42,183.25569999999996,1571.6922999999999,pyramid-safety-and-unforced-shape,unforced-shape-0.10-m
2026-10-05_0940_ddr5-4800_threads-1-2-3-4-5-6-8-10-12-14-16-24_r5,rapier3d,6,3,1,1,evaluated,0.10000000000000001,0,0,0,0,2,161,1,0,2,162,0.016666666666666666,0,0,0,0,0,rest_envelope,0.063936567000567213,16205,0,2,42,177.84020000000007,1571.0473999999999,pyramid-safety-and-unforced-shape,unforced-shape-0.10-m
2026-10-05_0940_ddr5-4800_threads-1-2-3-4-5-6-8-10-12-14-16-24_r5,rapier3d,6,3,1,1,evaluated,0.10000000000000001,0,0,0,0,2,161,1,0,2,162,0.016666666666666666,0,0,0,0,0,upward_excursion,0.04351043701171875,16193,0,2,14,177.84020000000007,1571.0473999999999,pyramid-safety-and-unforced-shape,unforced-shape-0.10-m
2026-10-05_0940_ddr5-4800_threads-1-2-3-4-5-6-8-10-12-14-16-24_r5,rapier3d,6,3,1,1,evaluated,0.10000000000000001,0,0,0,0,2,161,1,0,2,162,0.016666666666666666,0,0,0,0,0,unforced_stack_shape_excess,0.06393078017318865,16205,0,2,42,177.84020000000007,1571.0473999999999,pyramid-safety-and-unforced-shape,unforced-shape-0.10-m
2026-10-05_0940_ddr5-4800_threads-1-2-3-4-5-6-8-10-12-14-16-24_r5,rapier3d,6,4,1,1,evaluated,0.10000000000000001,0,0,0,0,2,161,1,0,2,162,0.016666666666666666,0,0,0,0,0,rest_envelope,0.063936567000567213,16205,0,2,42,180.12770000000006,1574.3116,pyramid-safety-and-unforced-shape,unforced-shape-0.10-m
2026-10-05_0940_ddr5-4800_threads-1-2-3-4-5-6-8-10-12-14-16-24_r5,rapier3d,6,4,1,1,evaluated,0.10000000000000001,0,0,0,0,2,161,1,0,2,162,0.016666666666666666,0,0,0,0,0,upward_excursion,0.04351043701171875,16193,0,2,14,180.12770000000006,1574.3116,pyramid-safety-and-unforced-shape,unforced-shape-0.10-m
2026-10-05_0940_ddr5-4800_threads-1-2-3-4-5-6-8-10-12-14-16-24_r5,rapier3d,6,4,1,1,evaluated,0.10000000000000001,0,0,0,0,2,161,1,0,2,162,0.016666666666666666,0,0,0,0,0,unforced_stack_shape_excess,0.06393078017318865,16205,0,2,42,180.12770000000006,1574.3116,pyramid-safety-and-unforced-shape,unforced-shape-0.10-m
2026-10-05_0940_ddr5-4800_threads-1-2-3-4-5-6-8-10-12-14-16-24_r5,rapier3d,8,0,1,1,evaluated,0.10000000000000001,0,0,0,0,2,161,1,0,2,162,0.016666666666666666,0,0,0,0,0,rest_envelope,0.063936567000567213,16205,0,2,42,184.75410000000011,1580.5214000000001,pyramid-safety-and-unforced-shape,unforced-shape-0.10-m
2026-10-05_0940_ddr5-4800_threads-1-2-3-4-5-6-8-10-12-14-16-24_r5,rapier3d,8,0,1,1,evaluated,0.10000000000000001,0,0,0,0,2,161,1,0,2,162,0.016666666666666666,0,0,0,0,0,upward_excursion,0.04351043701171875,16193,0,2,14,184.75410000000011,1580.5214000000001,pyramid-safety-and-unforced-shape,unforced-shape-0.10-m
2026-10-05_0940_ddr5-4800_threads-1-2-3-4-5-6-8-10-12-14-16-24_r5,rapier3d,8,0,1,1,evaluated,0.10000000000000001,0,0,0,0,2,161,1,0,2,162,0.016666666666666666,0,0,0,0,0,unforced_stack_shape_excess,0.06393078017318865,16205,0,2,42,184.75410000000011,1580.5214000000001,pyramid-safety-and-unforced-shape,unforced-shape-0.10-m
2026-10-05_0940_ddr5-4800_threads-1-2-3-4-5-6-8-10-12-14-16-24_r5,rapier3d,8,1,1,1,evaluated,0.10000000000000001,0,0,0,0,2,161,1,0,2,162,0.016666666666666666,0,0,0,0,0,rest_envelope,0.063936567000567213,16205,0,2,42,187.19990000000013,1569.8655000000001,pyramid-safety-and-unforced-shape,unforced-shape-0.10-m
2026-10-05_0940_ddr5-4800_threads-1-2-3-4-5-6-8-10-12-14-16-24_r5,rapier3d,8,1,1,1,evaluated,0.10000000000000001,0,0,0,0,2,161,1,0,2,162,0.016666666666666666,0,0,0,0,0,upward_excursion,0.04351043701171875,16193,0,2,14,187.19990000000013,1569.8655000000001,pyramid-safety-and-unforced-shape,unforced-shape-0.10-m
2026-10-05_0940_ddr5-4800_threads-1-2-3-4-5-6-8-10-12-14-16-24_r5,rapier3d,8,1,1,1,evaluated,0.10000000000000001,0,0,0,0,2,161,1,0,2,162,0.016666666666666666,0,0,0,0,0,unforced_stack_shape_excess,0.06393078017318865,16205,0,2,42,187.19990000000013,1569.8655000000001,pyramid-safety-and-unforced-shape,unforced-shape-0.10-m
2026-10-05_0940_ddr5-4800_threads-1-2-3-4-5-6-8-10-12-14-16-24_r5,rapier3d,8,2,1,1,evaluated,0.10000000000000001,0,0,0,0,2,161,1,0,2,162,0.016666666666666666,0,0,0,0,0,rest_envelope,0.063936567000567213,16205,0,2,42,188.17210000000006,1571.3188,pyramid-safety-and-unforced-shape,unforced-shape-0.10-m
2026-10-05_0940_ddr5-4800_threads-1-2-3-4-5-6-8-10-12-14-16-24_r5,rapier3d,8,2,1,1,evaluated,0.10000000000000001,0,0,0,0,2,161,1,0,2,162,0.016666666666666666,0,0,0,0,0,upward_excursion,0.04351043701171875,16193,0,2,14,188.17210000000006,1571.3188,pyramid-safety-and-unforced-shape,unforced-shape-0.10-m
2026-10-05_0940_ddr5-4800_threads-1-2-3-4-5-6-8-10-12-14-16-24_r5,rapier3d,8,2,1,1,evaluated,0.10000000000000001,0,0,0,0,2,161,1,0,2,162,0.016666666666666666,0,0,0,0,0,unforced_stack_shape_excess,0.06393078017318865,16205,0,2,42,188.17210000000006,1571.3188,pyramid-safety-and-unforced-shape,unforced-shape-0.10-m
2026-10-05_0940_ddr5-4800_threads-1-2-3-4-5-6-8-10-12-14-16-24_r5,rapier3d,8,3,1,1,evaluated,0.10000000000000001,0,0,0,0,2,161,1,0,2,162,0.016666666666666666,0,0,0,0,0,rest_envelope,0.063936567000567213,16205,0,2,42,182.6603999999999,1567.0257999999999,pyramid-safety-and-unforced-shape,unforced-shape-0.10-m
2026-10-05_0940_ddr5-4800_threads-1-2-3-4-5-6-8-10-12-14-16-24_r5,rapier3d,8,3,1,1,evaluated,0.10000000000000001,0,0,0,0,2,161,1,0,2,162,0.016666666666666666,0,0,0,0,0,upward_excursion,0.04351043701171875,16193,0,2,14,182.6603999999999,1567.0257999999999,pyramid-safety-and-unforced-shape,unforced-shape-0.10-m
2026-10-05_0940_ddr5-4800_threads-1-2-3-4-5-6-8-10-12-14-16-24_r5,rapier3d,8,3,1,1,evaluated,0.10000000000000001,0,0,0,0,2,161,1,0,2,162,0.016666666666666666,0,0,0,0,0,unforced_stack_shape_excess,0.06393078017318865,16205,0,2,42,182.6603999999999,1567.0257999999999,pyramid-safety-and-unforced-shape,unforced-shape-0.10-m
2026-10-05_0940_ddr5-4800_threads-1-2-3-4-5-6-8-10-12-14-16-24_r5,rapier3d,8,4,1,1,evaluated,0.10000000000000001,0,0,0,0,2,161,1,0,2,162,0.016666666666666666,0,0,0,0,0,rest_envelope,0.063936567000567213,16205,0,2,42,192.66319999999996,1581.1637000000001,pyramid-safety-and-unforced-shape,unforced-shape-0.10-m
2026-10-05_0940_ddr5-4800_threads-1-2-3-4-5-6-8-10-12-14-16-24_r5,rapier3d,8,4,1,1,evaluated,0.10000000000000001,0,0,0,0,2,161,1,0,2,162,0.016666666666666666,0,0,0,0,0,upward_excursion,0.04351043701171875,16193,0,2,14,192.66319999999996,1581.1637000000001,pyramid-safety-and-unforced-shape,unforced-shape-0.10-m
2026-10-05_0940_ddr5-4800_threads-1-2-3-4-5-6-8-10-12-14-16-24_r5,rapier3d,8,4,1,1,evaluated,0.10000000000000001,0,0,0,0,2,161,1,0,2,162,0.016666666666666666,0,0,0,0,0,unforced_stack_shape_excess,0.06393078017318865,16205,0,2,42,192.66319999999996,1581.1637000000001,pyramid-safety-and-unforced-shape,unforced-shape-0.10-m
2026-10-05_0940_ddr5-4800_threads-1-2-3-4-5-6-8-10-12-14-16-24_r5,rapier3d,10,0,1,1,evaluated,0.10000000000000001,0,0,0,0,2,161,1,0,2,162,0.016666666666666666,0,0,0,0,0,rest_envelope,0.063936567000567213,16205,0,2,42,180.98429999999988,1573.8188,pyramid-safety-and-unforced-shape,unforced-shape-0.10-m
2026-10-05_0940_ddr5-4800_threads-1-2-3-4-5-6-8-10-12-14-16-24_r5,rapier3d,10,0,1,1,evaluated,0.10000000000000001,0,0,0,0,2,161,1,0,2,162,0.016666666666666666,0,0,0,0,0,upward_excursion,0.04351043701171875,16193,0,2,14,180.98429999999988,1573.8188,pyramid-safety-and-unforced-shape,unforced-shape-0.10-m
2026-10-05_0940_ddr5-4800_threads-1-2-3-4-5-6-8-10-12-14-16-24_r5,rapier3d,10,0,1,1,evaluated,0.10000000000000001,0,0,0,0,2,161,1,0,2,162,0.016666666666666666,0,0,0,0,0,unforced_stack_shape_excess,0.06393078017318865,16205,0,2,42,180.98429999999988,1573.8188,pyramid-safety-and-unforced-shape,unforced-shape-0.10-m
2026-10-05_0940_ddr5-4800_threads-1-2-3-4-5-6-8-10-12-14-16-24_r5,rapier3d,10,1,1,1,evaluated,0.10000000000000001,0,0,0,0,2,161,1,0,2,162,0.016666666666666666,0,0,0,0,0,rest_envelope,0.063936567000567213,16205,0,2,42,195.89020000000011,1572.3947000000001,pyramid-safety-and-unforced-shape,unforced-shape-0.10-m
2026-10-05_0940_ddr5-4800_threads-1-2-3-4-5-6-8-10-12-14-16-24_r5,rapier3d,10,1,1,1,evaluated,0.10000000000000001,0,0,0,0,2,161,1,0,2,162,0.016666666666666666,0,0,0,0,0,upward_excursion,0.04351043701171875,16193,0,2,14,195.89020000000011,1572.3947000000001,pyramid-safety-and-unforced-shape,unforced-shape-0.10-m
2026-10-05_0940_ddr5-4800_threads-1-2-3-4-5-6-8-10-12-14-16-24_r5,rapier3d,10,1,1,1,evaluated,0.10000000000000001,0,0,0,0,2,161,1,0,2,162,0.016666666666666666,0,0,0,0,0,unforced_stack_shape_excess,0.06393078017318865,16205,0,2,42,195.89020000000011,1572.3947000000001,pyramid-safety-and-unforced-shape,unforced-shape-0.10-m
2026-10-05_0940_ddr5-4800_threads-1-2-3-4-5-6-8-10-12-14-16-24_r5,rapier3d,10,2,1,1,evaluated,0.10000000000000001,0,0,0,0,2,161,1,0,2,162,0.016666666666666666,0,0,0,0,0,rest_envelope,0.063936567000567213,16205,0,2,42,188.91760000000014,1572.0326,pyramid-safety-and-unforced-shape,unforced-shape-0.10-m
2026-10-05_0940_ddr5-4800_threads-1-2-3-4-5-6-8-10-12-14-16-24_r5,rapier3d,10,2,1,1,evaluated,0.10000000000000001,0,0,0,0,2,161,1,0,2,162,0.016666666666666666,0,0,0,0,0,upward_excursion,0.04351043701171875,16193,0,2,14,188.91760000000014,1572.0326,pyramid-safety-and-unforced-shape,unforced-shape-0.10-m
2026-10-05_0940_ddr5-4800_threads-1-2-3-4-5-6-8-10-12-14-16-24_r5,rapier3d,10,2,1,1,evaluated,0.10000000000000001,0,0,0,0,2,161,1,0,2,162,0.016666666666666666,0,0,0,0,0,unforced_stack_shape_excess,0.06393078017318865,16205,0,2,42,188.91760000000014,1572.0326,pyramid-safety-and-unforced-shape,unforced-shape-0.10-m
2026-10-05_0940_ddr5-4800_threads-1-2-3-4-5-6-8-10-12-14-16-24_r5,rapier3d,10,3,1,1,evaluated,0.10000000000000001,0,0,0,0,2,161,1,0,2,162,0.016666666666666666,0,0,0,0,0,rest_envelope,0.063936567000567213,16205,0,2,42,184.1418000000001,1569.9149,pyramid-safety-and-unforced-shape,unforced-shape-0.10-m
2026-10-05_0940_ddr5-4800_threads-1-2-3-4-5-6-8-10-12-14-16-24_r5,rapier3d,10,3,1,1,evaluated,0.10000000000000001,0,0,0,0,2,161,1,0,2,162,0.016666666666666666,0,0,0,0,0,upward_excursion,0.04351043701171875,16193,0,2,14,184.1418000000001,1569.9149,pyramid-safety-and-unforced-shape,unforced-shape-0.10-m
2026-10-05_0940_ddr5-4800_threads-1-2-3-4-5-6-8-10-12-14-16-24_r5,rapier3d,10,3,1,1,evaluated,0.10000000000000001,0,0,0,0,2,161,1,0,2,162,0.016666666666666666,0,0,0,0,0,unforced_stack_shape_excess,0.06393078017318865,16205,0,2,42,184.1418000000001,1569.9149,pyramid-safety-and-unforced-shape,unforced-shape-0.10-m
2026-10-05_0940_ddr5-4800_threads-1-2-3-4-5-6-8-10-12-14-16-24_r5,rapier3d,10,4,1,1,evaluated,0.10000000000000001,0,0,0,0,2,161,1,0,2,162,0.016666666666666666,0,0,0,0,0,rest_envelope,0.063936567000567213,16205,0,2,42,189.11309999999952,1573.8533,pyramid-safety-and-unforced-shape,unforced-shape-0.10-m
2026-10-05_0940_ddr5-4800_threads-1-2-3-4-5-6-8-10-12-14-16-24_r5,rapier3d,10,4,1,1,evaluated,0.10000000000000001,0,0,0,0,2,161,1,0,2,162,0.016666666666666666,0,0,0,0,0,upward_excursion,0.04351043701171875,16193,0,2,14,189.11309999999952,1573.8533,pyramid-safety-and-unforced-shape,unforced-shape-0.10-m
2026-10-05_0940_ddr5-4800_threads-1-2-3-4-5-6-8-10-12-14-16-24_r5,rapier3d,10,4,1,1,evaluated,0.10000000000000001,0,0,0,0,2,161,1,0,2,162,0.016666666666666666,0,0,0,0,0,unforced_stack_shape_excess,0.06393078017318865,16205,0,2,42,189.11309999999952,1573.8533,pyramid-safety-and-unforced-shape,unforced-shape-0.10-m
2026-10-05_0940_ddr5-4800_threads-1-2-3-4-5-6-8-10-12-14-16-24_r5,rapier3d,12,0,1,1,evaluated,0.10000000000000001,0,0,0,0,2,161,1,0,2,162,0.016666666666666666,0,0,0,0,0,rest_envelope,0.063936567000567213,16205,0,2,42,183.14190000000019,1569.6899000000001,pyramid-safety-and-unforced-shape,unforced-shape-0.10-m
2026-10-05_0940_ddr5-4800_threads-1-2-3-4-5-6-8-10-12-14-16-24_r5,rapier3d,12,0,1,1,evaluated,0.10000000000000001,0,0,0,0,2,161,1,0,2,162,0.016666666666666666,0,0,0,0,0,upward_excursion,0.04351043701171875,16193,0,2,14,183.14190000000019,1569.6899000000001,pyramid-safety-and-unforced-shape,unforced-shape-0.10-m
2026-10-05_0940_ddr5-4800_threads-1-2-3-4-5-6-8-10-12-14-16-24_r5,rapier3d,12,0,1,1,evaluated,0.10000000000000001,0,0,0,0,2,161,1,0,2,162,0.016666666666666666,0,0,0,0,0,unforced_stack_shape_excess,0.06393078017318865,16205,0,2,42,183.14190000000019,1569.6899000000001,pyramid-safety-and-unforced-shape,unforced-shape-0.10-m
2026-10-05_0940_ddr5-4800_threads-1-2-3-4-5-6-8-10-12-14-16-24_r5,rapier3d,12,1,1,1,evaluated,0.10000000000000001,0,0,0,0,2,161,1,0,2,162,0.016666666666666666,0,0,0,0,0,rest_envelope,0.063936567000567213,16205,0,2,42,182.46030000000002,1571.5871,pyramid-safety-and-unforced-shape,unforced-shape-0.10-m
2026-10-05_0940_ddr5-4800_threads-1-2-3-4-5-6-8-10-12-14-16-24_r5,rapier3d,12,1,1,1,evaluated,0.10000000000000001,0,0,0,0,2,161,1,0,2,162,0.016666666666666666,0,0,0,0,0,upward_excursion,0.04351043701171875,16193,0,2,14,182.46030000000002,1571.5871,pyramid-safety-and-unforced-shape,unforced-shape-0.10-m
2026-10-05_0940_ddr5-4800_threads-1-2-3-4-5-6-8-10-12-14-16-24_r5,rapier3d,12,1,1,1,evaluated,0.10000000000000001,0,0,0,0,2,161,1,0,2,162,0.016666666666666666,0,0,0,0,0,unforced_stack_shape_excess,0.06393078017318865,16205,0,2,42,182.46030000000002,1571.5871,pyramid-safety-and-unforced-shape,unforced-shape-0.10-m
2026-10-05_0940_ddr5-4800_threads-1-2-3-4-5-6-8-10-12-14-16-24_r5,rapier3d,12,2,1,1,evaluated,0.10000000000000001,0,0,0,0,2,161,1,0,2,162,0.016666666666666666,0,0,0,0,0,rest_envelope,0.063936567000567213,16205,0,2,42,184.62850000000006,1574.3892000000001,pyramid-safety-and-unforced-shape,unforced-shape-0.10-m
2026-10-05_0940_ddr5-4800_threads-1-2-3-4-5-6-8-10-12-14-16-24_r5,rapier3d,12,2,1,1,evaluated,0.10000000000000001,0,0,0,0,2,161,1,0,2,162,0.016666666666666666,0,0,0,0,0,upward_excursion,0.04351043701171875,16193,0,2,14,184.62850000000006,1574.3892000000001,pyramid-safety-and-unforced-shape,unforced-shape-0.10-m
2026-10-05_0940_ddr5-4800_threads-1-2-3-4-5-6-8-10-12-14-16-24_r5,rapier3d,12,2,1,1,evaluated,0.10000000000000001,0,0,0,0,2,161,1,0,2,162,0.016666666666666666,0,0,0,0,0,unforced_stack_shape_excess,0.06393078017318865,16205,0,2,42,184.62850000000006,1574.3892000000001,pyramid-safety-and-unforced-shape,unforced-shape-0.10-m
2026-10-05_0940_ddr5-4800_threads-1-2-3-4-5-6-8-10-12-14-16-24_r5,rapier3d,12,3,1,1,evaluated,0.10000000000000001,0,0,0,0,2,161,1,0,2,162,0.016666666666666666,0,0,0,0,0,rest_envelope,0.063936567000567213,16205,0,2,42,179.75979999999993,1569.2709,pyramid-safety-and-unforced-shape,unforced-shape-0.10-m
2026-10-05_0940_ddr5-4800_threads-1-2-3-4-5-6-8-10-12-14-16-24_r5,rapier3d,12,3,1,1,evaluated,0.10000000000000001,0,0,0,0,2,161,1,0,2,162,0.016666666666666666,0,0,0,0,0,upward_excursion,0.04351043701171875,16193,0,2,14,179.75979999999993,1569.2709,pyramid-safety-and-unforced-shape,unforced-shape-0.10-m
2026-10-05_0940_ddr5-4800_threads-1-2-3-4-5-6-8-10-12-14-16-24_r5,rapier3d,12,3,1,1,evaluated,0.10000000000000001,0,0,0,0,2,161,1,0,2,162,0.016666666666666666,0,0,0,0,0,unforced_stack_shape_excess,0.06393078017318865,16205,0,2,42,179.75979999999993,1569.2709,pyramid-safety-and-unforced-shape,unforced-shape-0.10-m
2026-10-05_0940_ddr5-4800_threads-1-2-3-4-5-6-8-10-12-14-16-24_r5,rapier3d,12,4,1,1,evaluated,0.10000000000000001,0,0,0,0,2,161,1,0,2,162,0.016666666666666666,0,0,0,0,0,rest_envelope,0.063936567000567213,16205,0,2,42,187.24429999999992,1570.0044,pyramid-safety-and-unforced-shape,unforced-shape-0.10-m
2026-10-05_0940_ddr5-4800_threads-1-2-3-4-5-6-8-10-12-14-16-24_r5,rapier3d,12,4,1,1,evaluated,0.10000000000000001,0,0,0,0,2,161,1,0,2,162,0.016666666666666666,0,0,0,0,0,upward_excursion,0.04351043701171875,16193,0,2,14,187.24429999999992,1570.0044,pyramid-safety-and-unforced-shape,unforced-shape-0.10-m
2026-10-05_0940_ddr5-4800_threads-1-2-3-4-5-6-8-10-12-14-16-24_r5,rapier3d,12,4,1,1,evaluated,0.10000000000000001,0,0,0,0,2,161,1,0,2,162,0.016666666666666666,0,0,0,0,0,unforced_stack_shape_excess,0.06393078017318865,16205,0,2,42,187.24429999999992,1570.0044,pyramid-safety-and-unforced-shape,unforced-shape-0.10-m
2026-10-05_0940_ddr5-4800_threads-1-2-3-4-5-6-8-10-12-14-16-24_r5,rapier3d,14,0,1,1,evaluated,0.10000000000000001,0,0,0,0,2,161,1,0,2,162,0.016666666666666666,0,0,0,0,0,rest_envelope,0.063936567000567213,16205,0,2,42,182.22299999999984,1573.2270000000001,pyramid-safety-and-unforced-shape,unforced-shape-0.10-m
2026-10-05_0940_ddr5-4800_threads-1-2-3-4-5-6-8-10-12-14-16-24_r5,rapier3d,14,0,1,1,evaluated,0.10000000000000001,0,0,0,0,2,161,1,0,2,162,0.016666666666666666,0,0,0,0,0,upward_excursion,0.04351043701171875,16193,0,2,14,182.22299999999984,1573.2270000000001,pyramid-safety-and-unforced-shape,unforced-shape-0.10-m
2026-10-05_0940_ddr5-4800_threads-1-2-3-4-5-6-8-10-12-14-16-24_r5,rapier3d,14,0,1,1,evaluated,0.10000000000000001,0,0,0,0,2,161,1,0,2,162,0.016666666666666666,0,0,0,0,0,unforced_stack_shape_excess,0.06393078017318865,16205,0,2,42,182.22299999999984,1573.2270000000001,pyramid-safety-and-unforced-shape,unforced-shape-0.10-m
2026-10-05_0940_ddr5-4800_threads-1-2-3-4-5-6-8-10-12-14-16-24_r5,rapier3d,14,1,1,1,evaluated,0.10000000000000001,0,0,0,0,2,161,1,0,2,162,0.016666666666666666,0,0,0,0,0,rest_envelope,0.063936567000567213,16205,0,2,42,187.69769999999991,1572.8978999999999,pyramid-safety-and-unforced-shape,unforced-shape-0.10-m
2026-10-05_0940_ddr5-4800_threads-1-2-3-4-5-6-8-10-12-14-16-24_r5,rapier3d,14,1,1,1,evaluated,0.10000000000000001,0,0,0,0,2,161,1,0,2,162,0.016666666666666666,0,0,0,0,0,upward_excursion,0.04351043701171875,16193,0,2,14,187.69769999999991,1572.8978999999999,pyramid-safety-and-unforced-shape,unforced-shape-0.10-m
2026-10-05_0940_ddr5-4800_threads-1-2-3-4-5-6-8-10-12-14-16-24_r5,rapier3d,14,1,1,1,evaluated,0.10000000000000001,0,0,0,0,2,161,1,0,2,162,0.016666666666666666,0,0,0,0,0,unforced_stack_shape_excess,0.06393078017318865,16205,0,2,42,187.69769999999991,1572.8978999999999,pyramid-safety-and-unforced-shape,unforced-shape-0.10-m
2026-10-05_0940_ddr5-4800_threads-1-2-3-4-5-6-8-10-12-14-16-24_r5,rapier3d,14,2,1,1,evaluated,0.10000000000000001,0,0,0,0,2,161,1,0,2,162,0.016666666666666666,0,0,0,0,0,rest_envelope,0.063936567000567213,16205,0,2,42,179.2573999999999,1570.9152999999999,pyramid-safety-and-unforced-shape,unforced-shape-0.10-m
2026-10-05_0940_ddr5-4800_threads-1-2-3-4-5-6-8-10-12-14-16-24_r5,rapier3d,14,2,1,1,evaluated,0.10000000000000001,0,0,0,0,2,161,1,0,2,162,0.016666666666666666,0,0,0,0,0,upward_excursion,0.04351043701171875,16193,0,2,14,179.2573999999999,1570.9152999999999,pyramid-safety-and-unforced-shape,unforced-shape-0.10-m
2026-10-05_0940_ddr5-4800_threads-1-2-3-4-5-6-8-10-12-14-16-24_r5,rapier3d,14,2,1,1,evaluated,0.10000000000000001,0,0,0,0,2,161,1,0,2,162,0.016666666666666666,0,0,0,0,0,unforced_stack_shape_excess,0.06393078017318865,16205,0,2,42,179.2573999999999,1570.9152999999999,pyramid-safety-and-unforced-shape,unforced-shape-0.10-m
2026-10-05_0940_ddr5-4800_threads-1-2-3-4-5-6-8-10-12-14-16-24_r5,rapier3d,14,3,1,1,evaluated,0.10000000000000001,0,0,0,0,2,161,1,0,2,162,0.016666666666666666,0,0,0,0,0,rest_envelope,0.063936567000567213,16205,0,2,42,177.10109999999995,1577.7375,pyramid-safety-and-unforced-shape,unforced-shape-0.10-m
2026-10-05_0940_ddr5-4800_threads-1-2-3-4-5-6-8-10-12-14-16-24_r5,rapier3d,14,3,1,1,evaluated,0.10000000000000001,0,0,0,0,2,161,1,0,2,162,0.016666666666666666,0,0,0,0,0,upward_excursion,0.04351043701171875,16193,0,2,14,177.10109999999995,1577.7375,pyramid-safety-and-unforced-shape,unforced-shape-0.10-m
2026-10-05_0940_ddr5-4800_threads-1-2-3-4-5-6-8-10-12-14-16-24_r5,rapier3d,14,3,1,1,evaluated,0.10000000000000001,0,0,0,0,2,161,1,0,2,162,0.016666666666666666,0,0,0,0,0,unforced_stack_shape_excess,0.06393078017318865,16205,0,2,42,177.10109999999995,1577.7375,pyramid-safety-and-unforced-shape,unforced-shape-0.10-m
2026-10-05_0940_ddr5-4800_threads-1-2-3-4-5-6-8-10-12-14-16-24_r5,rapier3d,14,4,1,1,evaluated,0.10000000000000001,0,0,0,0,2,161,1,0,2,162,0.016666666666666666,0,0,0,0,0,rest_envelope,0.063936567000567213,16205,0,2,42,177.65259999999995,1573.7322999999999,pyramid-safety-and-unforced-shape,unforced-shape-0.10-m
2026-10-05_0940_ddr5-4800_threads-1-2-3-4-5-6-8-10-12-14-16-24_r5,rapier3d,14,4,1,1,evaluated,0.10000000000000001,0,0,0,0,2,161,1,0,2,162,0.016666666666666666,0,0,0,0,0,upward_excursion,0.04351043701171875,16193,0,2,14,177.65259999999995,1573.7322999999999,pyramid-safety-and-unforced-shape,unforced-shape-0.10-m
2026-10-05_0940_ddr5-4800_threads-1-2-3-4-5-6-8-10-12-14-16-24_r5,rapier3d,14,4,1,1,evaluated,0.10000000000000001,0,0,0,0,2,161,1,0,2,162,0.016666666666666666,0,0,0,0,0,unforced_stack_shape_excess,0.06393078017318865,16205,0,2,42,177.65259999999995,1573.7322999999999,pyramid-safety-and-unforced-shape,unforced-shape-0.10-m
2026-10-05_0940_ddr5-4800_threads-1-2-3-4-5-6-8-10-12-14-16-24_r5,rapier3d,16,0,1,1,evaluated,0.10000000000000001,0,0,0,0,2,161,1,0,2,162,0.016666666666666666,0,0,0,0,0,rest_envelope,0.063936567000567213,16205,0,2,42,181.87310000000022,1575.7923000000001,pyramid-safety-and-unforced-shape,unforced-shape-0.10-m
2026-10-05_0940_ddr5-4800_threads-1-2-3-4-5-6-8-10-12-14-16-24_r5,rapier3d,16,0,1,1,evaluated,0.10000000000000001,0,0,0,0,2,161,1,0,2,162,0.016666666666666666,0,0,0,0,0,upward_excursion,0.04351043701171875,16193,0,2,14,181.87310000000022,1575.7923000000001,pyramid-safety-and-unforced-shape,unforced-shape-0.10-m
2026-10-05_0940_ddr5-4800_threads-1-2-3-4-5-6-8-10-12-14-16-24_r5,rapier3d,16,0,1,1,evaluated,0.10000000000000001,0,0,0,0,2,161,1,0,2,162,0.016666666666666666,0,0,0,0,0,unforced_stack_shape_excess,0.06393078017318865,16205,0,2,42,181.87310000000022,1575.7923000000001,pyramid-safety-and-unforced-shape,unforced-shape-0.10-m
2026-10-05_0940_ddr5-4800_threads-1-2-3-4-5-6-8-10-12-14-16-24_r5,rapier3d,16,1,1,1,evaluated,0.10000000000000001,0,0,0,0,2,161,1,0,2,162,0.016666666666666666,0,0,0,0,0,rest_envelope,0.063936567000567213,16205,0,2,42,177.50010000000012,1573.3692000000001,pyramid-safety-and-unforced-shape,unforced-shape-0.10-m
2026-10-05_0940_ddr5-4800_threads-1-2-3-4-5-6-8-10-12-14-16-24_r5,rapier3d,16,1,1,1,evaluated,0.10000000000000001,0,0,0,0,2,161,1,0,2,162,0.016666666666666666,0,0,0,0,0,upward_excursion,0.04351043701171875,16193,0,2,14,177.50010000000012,1573.3692000000001,pyramid-safety-and-unforced-shape,unforced-shape-0.10-m
2026-10-05_0940_ddr5-4800_threads-1-2-3-4-5-6-8-10-12-14-16-24_r5,rapier3d,16,1,1,1,evaluated,0.10000000000000001,0,0,0,0,2,161,1,0,2,162,0.016666666666666666,0,0,0,0,0,unforced_stack_shape_excess,0.06393078017318865,16205,0,2,42,177.50010000000012,1573.3692000000001,pyramid-safety-and-unforced-shape,unforced-shape-0.10-m
2026-10-05_0940_ddr5-4800_threads-1-2-3-4-5-6-8-10-12-14-16-24_r5,rapier3d,16,2,1,1,evaluated,0.10000000000000001,0,0,0,0,2,161,1,0,2,162,0.016666666666666666,0,0,0,0,0,rest_envelope,0.063936567000567213,16205,0,2,42,180.38040000000001,1568.3372999999999,pyramid-safety-and-unforced-shape,unforced-shape-0.10-m
2026-10-05_0940_ddr5-4800_threads-1-2-3-4-5-6-8-10-12-14-16-24_r5,rapier3d,16,2,1,1,evaluated,0.10000000000000001,0,0,0,0,2,161,1,0,2,162,0.016666666666666666,0,0,0,0,0,upward_excursion,0.04351043701171875,16193,0,2,14,180.38040000000001,1568.3372999999999,pyramid-safety-and-unforced-shape,unforced-shape-0.10-m
2026-10-05_0940_ddr5-4800_threads-1-2-3-4-5-6-8-10-12-14-16-24_r5,rapier3d,16,2,1,1,evaluated,0.10000000000000001,0,0,0,0,2,161,1,0,2,162,0.016666666666666666,0,0,0,0,0,unforced_stack_shape_excess,0.06393078017318865,16205,0,2,42,180.38040000000001,1568.3372999999999,pyramid-safety-and-unforced-shape,unforced-shape-0.10-m
2026-10-05_0940_ddr5-4800_threads-1-2-3-4-5-6-8-10-12-14-16-24_r5,rapier3d,16,3,1,1,evaluated,0.10000000000000001,0,0,0,0,2,161,1,0,2,162,0.016666666666666666,0,0,0,0,0,rest_envelope,0.063936567000567213,16205,0,2,42,179.43850000000012,1577.479,pyramid-safety-and-unforced-shape,unforced-shape-0.10-m
2026-10-05_0940_ddr5-4800_threads-1-2-3-4-5-6-8-10-12-14-16-24_r5,rapier3d,16,3,1,1,evaluated,0.10000000000000001,0,0,0,0,2,161,1,0,2,162,0.016666666666666666,0,0,0,0,0,upward_excursion,0.04351043701171875,16193,0,2,14,179.43850000000012,1577.479,pyramid-safety-and-unforced-shape,unforced-shape-0.10-m
2026-10-05_0940_ddr5-4800_threads-1-2-3-4-5-6-8-10-12-14-16-24_r5,rapier3d,16,3,1,1,evaluated,0.10000000000000001,0,0,0,0,2,161,1,0,2,162,0.016666666666666666,0,0,0,0,0,unforced_stack_shape_excess,0.06393078017318865,16205,0,2,42,179.43850000000012,1577.479,pyramid-safety-and-unforced-shape,unforced-shape-0.10-m
2026-10-05_0940_ddr5-4800_threads-1-2-3-4-5-6-8-10-12-14-16-24_r5,rapier3d,16,4,1,1,evaluated,0.10000000000000001,0,0,0,0,2,161,1,0,2,162,0.016666666666666666,0,0,0,0,0,rest_envelope,0.063936567000567213,16205,0,2,42,179.65890000000022,1574.3671999999999,pyramid-safety-and-unforced-shape,unforced-shape-0.10-m
2026-10-05_0940_ddr5-4800_threads-1-2-3-4-5-6-8-10-12-14-16-24_r5,rapier3d,16,4,1,1,evaluated,0.10000000000000001,0,0,0,0,2,161,1,0,2,162,0.016666666666666666,0,0,0,0,0,upward_excursion,0.04351043701171875,16193,0,2,14,179.65890000000022,1574.3671999999999,pyramid-safety-and-unforced-shape,unforced-shape-0.10-m
2026-10-05_0940_ddr5-4800_threads-1-2-3-4-5-6-8-10-12-14-16-24_r5,rapier3d,16,4,1,1,evaluated,0.10000000000000001,0,0,0,0,2,161,1,0,2,162,0.016666666666666666,0,0,0,0,0,unforced_stack_shape_excess,0.06393078017318865,16205,0,2,42,179.65890000000022,1574.3671999999999,pyramid-safety-and-unforced-shape,unforced-shape-0.10-m
2026-10-05_0940_ddr5-4800_threads-1-2-3-4-5-6-8-10-12-14-16-24_r5,rapier3d,24,0,1,1,evaluated,0.10000000000000001,0,0,0,0,2,161,1,0,2,162,0.016666666666666666,0,0,0,0,0,rest_envelope,0.063936567000567213,16205,0,2,42,185.73209999999995,1578.0838000000001,pyramid-safety-and-unforced-shape,unforced-shape-0.10-m
2026-10-05_0940_ddr5-4800_threads-1-2-3-4-5-6-8-10-12-14-16-24_r5,rapier3d,24,0,1,1,evaluated,0.10000000000000001,0,0,0,0,2,161,1,0,2,162,0.016666666666666666,0,0,0,0,0,upward_excursion,0.04351043701171875,16193,0,2,14,185.73209999999995,1578.0838000000001,pyramid-safety-and-unforced-shape,unforced-shape-0.10-m
2026-10-05_0940_ddr5-4800_threads-1-2-3-4-5-6-8-10-12-14-16-24_r5,rapier3d,24,0,1,1,evaluated,0.10000000000000001,0,0,0,0,2,161,1,0,2,162,0.016666666666666666,0,0,0,0,0,unforced_stack_shape_excess,0.06393078017318865,16205,0,2,42,185.73209999999995,1578.0838000000001,pyramid-safety-and-unforced-shape,unforced-shape-0.10-m
2026-10-05_0940_ddr5-4800_threads-1-2-3-4-5-6-8-10-12-14-16-24_r5,rapier3d,24,1,1,1,evaluated,0.10000000000000001,0,0,0,0,2,161,1,0,2,162,0.016666666666666666,0,0,0,0,0,rest_envelope,0.063936567000567213,16205,0,2,42,181.86150000000023,1578.8900000000001,pyramid-safety-and-unforced-shape,unforced-shape-0.10-m
2026-10-05_0940_ddr5-4800_threads-1-2-3-4-5-6-8-10-12-14-16-24_r5,rapier3d,24,1,1,1,evaluated,0.10000000000000001,0,0,0,0,2,161,1,0,2,162,0.016666666666666666,0,0,0,0,0,upward_excursion,0.04351043701171875,16193,0,2,14,181.86150000000023,1578.8900000000001,pyramid-safety-and-unforced-shape,unforced-shape-0.10-m
2026-10-05_0940_ddr5-4800_threads-1-2-3-4-5-6-8-10-12-14-16-24_r5,rapier3d,24,1,1,1,evaluated,0.10000000000000001,0,0,0,0,2,161,1,0,2,162,0.016666666666666666,0,0,0,0,0,unforced_stack_shape_excess,0.06393078017318865,16205,0,2,42,181.86150000000023,1578.8900000000001,pyramid-safety-and-unforced-shape,unforced-shape-0.10-m
2026-10-05_0940_ddr5-4800_threads-1-2-3-4-5-6-8-10-12-14-16-24_r5,rapier3d,24,2,1,1,evaluated,0.10000000000000001,0,0,0,0,2,161,1,0,2,162,0.016666666666666666,0,0,0,0,0,rest_envelope,0.063936567000567213,16205,0,2,42,184.82859999999985,1571.8901000000001,pyramid-safety-and-unforced-shape,unforced-shape-0.10-m
2026-10-05_0940_ddr5-4800_threads-1-2-3-4-5-6-8-10-12-14-16-24_r5,rapier3d,24,2,1,1,evaluated,0.10000000000000001,0,0,0,0,2,161,1,0,2,162,0.016666666666666666,0,0,0,0,0,upward_excursion,0.04351043701171875,16193,0,2,14,184.82859999999985,1571.8901000000001,pyramid-safety-and-unforced-shape,unforced-shape-0.10-m
2026-10-05_0940_ddr5-4800_threads-1-2-3-4-5-6-8-10-12-14-16-24_r5,rapier3d,24,2,1,1,evaluated,0.10000000000000001,0,0,0,0,2,161,1,0,2,162,0.016666666666666666,0,0,0,0,0,unforced_stack_shape_excess,0.06393078017318865,16205,0,2,42,184.82859999999985,1571.8901000000001,pyramid-safety-and-unforced-shape,unforced-shape-0.10-m
2026-10-05_0940_ddr5-4800_threads-1-2-3-4-5-6-8-10-12-14-16-24_r5,rapier3d,24,3,1,1,evaluated,0.10000000000000001,0,0,0,0,2,161,1,0,2,162,0.016666666666666666,0,0,0,0,0,rest_envelope,0.063936567000567213,16205,0,2,42,181.6289000000001,1570.6107999999999,pyramid-safety-and-unforced-shape,unforced-shape-0.10-m
2026-10-05_0940_ddr5-4800_threads-1-2-3-4-5-6-8-10-12-14-16-24_r5,rapier3d,24,3,1,1,evaluated,0.10000000000000001,0,0,0,0,2,161,1,0,2,162,0.016666666666666666,0,0,0,0,0,upward_excursion,0.04351043701171875,16193,0,2,14,181.6289000000001,1570.6107999999999,pyramid-safety-and-unforced-shape,unforced-shape-0.10-m
2026-10-05_0940_ddr5-4800_threads-1-2-3-4-5-6-8-10-12-14-16-24_r5,rapier3d,24,3,1,1,evaluated,0.10000000000000001,0,0,0,0,2,161,1,0,2,162,0.016666666666666666,0,0,0,0,0,unforced_stack_shape_excess,0.06393078017318865,16205,0,2,42,181.6289000000001,1570.6107999999999,pyramid-safety-and-unforced-shape,unforced-shape-0.10-m
2026-10-05_0940_ddr5-4800_threads-1-2-3-4-5-6-8-10-12-14-16-24_r5,rapier3d,24,4,1,1,evaluated,0.10000000000000001,0,0,0,0,2,161,1,0,2,162,0.016666666666666666,0,0,0,0,0,rest_envelope,0.063936567000567213,16205,0,2,42,181.12009999999998,1571.5852,pyramid-safety-and-unforced-shape,unforced-shape-0.10-m
2026-10-05_0940_ddr5-4800_threads-1-2-3-4-5-6-8-10-12-14-16-24_r5,rapier3d,24,4,1,1,evaluated,0.10000000000000001,0,0,0,0,2,161,1,0,2,162,0.016666666666666666,0,0,0,0,0,upward_excursion,0.04351043701171875,16193,0,2,14,181.12009999999998,1571.5852,pyramid-safety-and-unforced-shape,unforced-shape-0.10-m
2026-10-05_0940_ddr5-4800_threads-1-2-3-4-5-6-8-10-12-14-16-24_r5,rapier3d,24,4,1,1,evaluated,0.10000000000000001,0,0,0,0,2,161,1,0,2,162,0.016666666666666666,0,0,0,0,0,unforced_stack_shape_excess,0.06393078017318865,16205,0,2,42,181.12009999999998,1571.5852,pyramid-safety-and-unforced-shape,unforced-shape-0.10-m
2026-10-05_0940_ddr5-4800_threads-1-2-3-4-5-6-8-10-12-14-16-24_r5,avian3d,1,0,1,1,evaluated,0.10000000000000001,0,0,0,0,2,161,1,0,2,162,0.016666666666666666,0,0,0,0,0,rest_envelope,0.076647390021756578,12674,0,2,160,207.05200000000005,1596.0289,pyramid-safety-and-unforced-shape,unforced-shape-0.10-m
2026-10-05_0940_ddr5-4800_threads-1-2-3-4-5-6-8-10-12-14-16-24_r5,avian3d,1,0,1,1,evaluated,0.10000000000000001,0,0,0,0,2,161,1,0,2,162,0.016666666666666666,0,0,0,0,0,upward_excursion,0.059244155883789062,16201,0,2,15,207.05200000000005,1596.0289,pyramid-safety-and-unforced-shape,unforced-shape-0.10-m
2026-10-05_0940_ddr5-4800_threads-1-2-3-4-5-6-8-10-12-14-16-24_r5,avian3d,1,0,1,1,evaluated,0.10000000000000001,0,0,0,0,2,161,1,0,2,162,0.016666666666666666,0,0,0,0,0,unforced_stack_shape_excess,0.076629203426555215,12674,0,2,160,207.05200000000005,1596.0289,pyramid-safety-and-unforced-shape,unforced-shape-0.10-m
2026-10-05_0940_ddr5-4800_threads-1-2-3-4-5-6-8-10-12-14-16-24_r5,avian3d,1,1,1,1,evaluated,0.10000000000000001,0,0,0,0,2,161,1,0,2,162,0.016666666666666666,0,0,0,0,0,rest_envelope,0.076647390021756578,12674,0,2,160,207.04510000000013,1598.6353999999999,pyramid-safety-and-unforced-shape,unforced-shape-0.10-m
2026-10-05_0940_ddr5-4800_threads-1-2-3-4-5-6-8-10-12-14-16-24_r5,avian3d,1,1,1,1,evaluated,0.10000000000000001,0,0,0,0,2,161,1,0,2,162,0.016666666666666666,0,0,0,0,0,upward_excursion,0.059244155883789062,16201,0,2,15,207.04510000000013,1598.6353999999999,pyramid-safety-and-unforced-shape,unforced-shape-0.10-m
2026-10-05_0940_ddr5-4800_threads-1-2-3-4-5-6-8-10-12-14-16-24_r5,avian3d,1,1,1,1,evaluated,0.10000000000000001,0,0,0,0,2,161,1,0,2,162,0.016666666666666666,0,0,0,0,0,unforced_stack_shape_excess,0.076629203426555215,12674,0,2,160,207.04510000000013,1598.6353999999999,pyramid-safety-and-unforced-shape,unforced-shape-0.10-m
2026-10-05_0940_ddr5-4800_threads-1-2-3-4-5-6-8-10-12-14-16-24_r5,avian3d,1,2,1,1,evaluated,0.10000000000000001,0,0,0,0,2,161,1,0,2,162,0.016666666666666666,0,0,0,0,0,rest_envelope,0.076647390021756578,12674,0,2,160,207.03450000000004,1646.7775999999999,pyramid-safety-and-unforced-shape,unforced-shape-0.10-m
2026-10-05_0940_ddr5-4800_threads-1-2-3-4-5-6-8-10-12-14-16-24_r5,avian3d,1,2,1,1,evaluated,0.10000000000000001,0,0,0,0,2,161,1,0,2,162,0.016666666666666666,0,0,0,0,0,upward_excursion,0.059244155883789062,16201,0,2,15,207.03450000000004,1646.7775999999999,pyramid-safety-and-unforced-shape,unforced-shape-0.10-m
2026-10-05_0940_ddr5-4800_threads-1-2-3-4-5-6-8-10-12-14-16-24_r5,avian3d,1,2,1,1,evaluated,0.10000000000000001,0,0,0,0,2,161,1,0,2,162,0.016666666666666666,0,0,0,0,0,unforced_stack_shape_excess,0.076629203426555215,12674,0,2,160,207.03450000000004,1646.7775999999999,pyramid-safety-and-unforced-shape,unforced-shape-0.10-m
2026-10-05_0940_ddr5-4800_threads-1-2-3-4-5-6-8-10-12-14-16-24_r5,avian3d,1,3,1,1,evaluated,0.10000000000000001,0,0,0,0,2,161,1,0,2,162,0.016666666666666666,0,0,0,0,0,rest_envelope,0.076647390021756578,12674,0,2,160,207.08509999999984,1595.643,pyramid-safety-and-unforced-shape,unforced-shape-0.10-m
2026-10-05_0940_ddr5-4800_threads-1-2-3-4-5-6-8-10-12-14-16-24_r5,avian3d,1,3,1,1,evaluated,0.10000000000000001,0,0,0,0,2,161,1,0,2,162,0.016666666666666666,0,0,0,0,0,upward_excursion,0.059244155883789062,16201,0,2,15,207.08509999999984,1595.643,pyramid-safety-and-unforced-shape,unforced-shape-0.10-m
2026-10-05_0940_ddr5-4800_threads-1-2-3-4-5-6-8-10-12-14-16-24_r5,avian3d,1,3,1,1,evaluated,0.10000000000000001,0,0,0,0,2,161,1,0,2,162,0.016666666666666666,0,0,0,0,0,unforced_stack_shape_excess,0.076629203426555215,12674,0,2,160,207.08509999999984,1595.643,pyramid-safety-and-unforced-shape,unforced-shape-0.10-m
2026-10-05_0940_ddr5-4800_threads-1-2-3-4-5-6-8-10-12-14-16-24_r5,avian3d,1,4,1,1,evaluated,0.10000000000000001,0,0,0,0,2,161,1,0,2,162,0.016666666666666666,0,0,0,0,0,rest_envelope,0.076647390021756578,12674,0,2,160,202.63810000000024,1599.0081,pyramid-safety-and-unforced-shape,unforced-shape-0.10-m
2026-10-05_0940_ddr5-4800_threads-1-2-3-4-5-6-8-10-12-14-16-24_r5,avian3d,1,4,1,1,evaluated,0.10000000000000001,0,0,0,0,2,161,1,0,2,162,0.016666666666666666,0,0,0,0,0,upward_excursion,0.059244155883789062,16201,0,2,15,202.63810000000024,1599.0081,pyramid-safety-and-unforced-shape,unforced-shape-0.10-m
2026-10-05_0940_ddr5-4800_threads-1-2-3-4-5-6-8-10-12-14-16-24_r5,avian3d,1,4,1,1,evaluated,0.10000000000000001,0,0,0,0,2,161,1,0,2,162,0.016666666666666666,0,0,0,0,0,unforced_stack_shape_excess,0.076629203426555215,12674,0,2,160,202.63810000000024,1599.0081,pyramid-safety-and-unforced-shape,unforced-shape-0.10-m
2026-10-05_0940_ddr5-4800_threads-1-2-3-4-5-6-8-10-12-14-16-24_r5,avian3d,2,0,1,1,evaluated,0.10000000000000001,0,0,0,0,2,161,1,0,2,162,0.016666666666666666,0,0,0,0,0,rest_envelope,0.076647390021756578,12674,0,2,160,205.06440000000015,1595.1722,pyramid-safety-and-unforced-shape,unforced-shape-0.10-m
2026-10-05_0940_ddr5-4800_threads-1-2-3-4-5-6-8-10-12-14-16-24_r5,avian3d,2,0,1,1,evaluated,0.10000000000000001,0,0,0,0,2,161,1,0,2,162,0.016666666666666666,0,0,0,0,0,upward_excursion,0.059244155883789062,16201,0,2,15,205.06440000000015,1595.1722,pyramid-safety-and-unforced-shape,unforced-shape-0.10-m
2026-10-05_0940_ddr5-4800_threads-1-2-3-4-5-6-8-10-12-14-16-24_r5,avian3d,2,0,1,1,evaluated,0.10000000000000001,0,0,0,0,2,161,1,0,2,162,0.016666666666666666,0,0,0,0,0,unforced_stack_shape_excess,0.076629203426555215,12674,0,2,160,205.06440000000015,1595.1722,pyramid-safety-and-unforced-shape,unforced-shape-0.10-m
2026-10-05_0940_ddr5-4800_threads-1-2-3-4-5-6-8-10-12-14-16-24_r5,avian3d,2,1,1,1,evaluated,0.10000000000000001,0,0,0,0,2,161,1,0,2,162,0.016666666666666666,0,0,0,0,0,rest_envelope,0.076647390021756578,12674,0,2,160,200.39620000000025,1601.6139000000001,pyramid-safety-and-unforced-shape,unforced-shape-0.10-m
2026-10-05_0940_ddr5-4800_threads-1-2-3-4-5-6-8-10-12-14-16-24_r5,avian3d,2,1,1,1,evaluated,0.10000000000000001,0,0,0,0,2,161,1,0,2,162,0.016666666666666666,0,0,0,0,0,upward_excursion,0.059244155883789062,16201,0,2,15,200.39620000000025,1601.6139000000001,pyramid-safety-and-unforced-shape,unforced-shape-0.10-m
2026-10-05_0940_ddr5-4800_threads-1-2-3-4-5-6-8-10-12-14-16-24_r5,avian3d,2,1,1,1,evaluated,0.10000000000000001,0,0,0,0,2,161,1,0,2,162,0.016666666666666666,0,0,0,0,0,unforced_stack_shape_excess,0.076629203426555215,12674,0,2,160,200.39620000000025,1601.6139000000001,pyramid-safety-and-unforced-shape,unforced-shape-0.10-m
2026-10-05_0940_ddr5-4800_threads-1-2-3-4-5-6-8-10-12-14-16-24_r5,avian3d,2,2,1,1,evaluated,0.10000000000000001,0,0,0,0,2,161,1,0,2,162,0.016666666666666666,0,0,0,0,0,rest_envelope,0.076647390021756578,12674,0,2,160,205.3238999999999,1594.7068999999999,pyramid-safety-and-unforced-shape,unforced-shape-0.10-m
2026-10-05_0940_ddr5-4800_threads-1-2-3-4-5-6-8-10-12-14-16-24_r5,avian3d,2,2,1,1,evaluated,0.10000000000000001,0,0,0,0,2,161,1,0,2,162,0.016666666666666666,0,0,0,0,0,upward_excursion,0.059244155883789062,16201,0,2,15,205.3238999999999,1594.7068999999999,pyramid-safety-and-unforced-shape,unforced-shape-0.10-m
2026-10-05_0940_ddr5-4800_threads-1-2-3-4-5-6-8-10-12-14-16-24_r5,avian3d,2,2,1,1,evaluated,0.10000000000000001,0,0,0,0,2,161,1,0,2,162,0.016666666666666666,0,0,0,0,0,unforced_stack_shape_excess,0.076629203426555215,12674,0,2,160,205.3238999999999,1594.7068999999999,pyramid-safety-and-unforced-shape,unforced-shape-0.10-m
2026-10-05_0940_ddr5-4800_threads-1-2-3-4-5-6-8-10-12-14-16-24_r5,avian3d,2,3,1,1,evaluated,0.10000000000000001,0,0,0,0,2,161,1,0,2,162,0.016666666666666666,0,0,0,0,0,rest_envelope,0.076647390021756578,12674,0,2,160,206.55229999999995,1594.3511000000001,pyramid-safety-and-unforced-shape,unforced-shape-0.10-m
2026-10-05_0940_ddr5-4800_threads-1-2-3-4-5-6-8-10-12-14-16-24_r5,avian3d,2,3,1,1,evaluated,0.10000000000000001,0,0,0,0,2,161,1,0,2,162,0.016666666666666666,0,0,0,0,0,upward_excursion,0.059244155883789062,16201,0,2,15,206.55229999999995,1594.3511000000001,pyramid-safety-and-unforced-shape,unforced-shape-0.10-m
2026-10-05_0940_ddr5-4800_threads-1-2-3-4-5-6-8-10-12-14-16-24_r5,avian3d,2,3,1,1,evaluated,0.10000000000000001,0,0,0,0,2,161,1,0,2,162,0.016666666666666666,0,0,0,0,0,unforced_stack_shape_excess,0.076629203426555215,12674,0,2,160,206.55229999999995,1594.3511000000001,pyramid-safety-and-unforced-shape,unforced-shape-0.10-m
2026-10-05_0940_ddr5-4800_threads-1-2-3-4-5-6-8-10-12-14-16-24_r5,avian3d,2,4,1,1,evaluated,0.10000000000000001,0,0,0,0,2,161,1,0,2,162,0.016666666666666666,0,0,0,0,0,rest_envelope,0.076647390021756578,12674,0,2,160,203.48929999999982,1593.8888999999999,pyramid-safety-and-unforced-shape,unforced-shape-0.10-m
2026-10-05_0940_ddr5-4800_threads-1-2-3-4-5-6-8-10-12-14-16-24_r5,avian3d,2,4,1,1,evaluated,0.10000000000000001,0,0,0,0,2,161,1,0,2,162,0.016666666666666666,0,0,0,0,0,upward_excursion,0.059244155883789062,16201,0,2,15,203.48929999999982,1593.8888999999999,pyramid-safety-and-unforced-shape,unforced-shape-0.10-m
2026-10-05_0940_ddr5-4800_threads-1-2-3-4-5-6-8-10-12-14-16-24_r5,avian3d,2,4,1,1,evaluated,0.10000000000000001,0,0,0,0,2,161,1,0,2,162,0.016666666666666666,0,0,0,0,0,unforced_stack_shape_excess,0.076629203426555215,12674,0,2,160,203.48929999999982,1593.8888999999999,pyramid-safety-and-unforced-shape,unforced-shape-0.10-m
2026-10-05_0940_ddr5-4800_threads-1-2-3-4-5-6-8-10-12-14-16-24_r5,avian3d,3,0,1,1,evaluated,0.10000000000000001,0,0,0,0,2,161,1,0,2,162,0.016666666666666666,0,0,0,0,0,rest_envelope,0.076647390021756578,12674,0,2,160,211.09040000000002,1594.3779999999999,pyramid-safety-and-unforced-shape,unforced-shape-0.10-m
2026-10-05_0940_ddr5-4800_threads-1-2-3-4-5-6-8-10-12-14-16-24_r5,avian3d,3,0,1,1,evaluated,0.10000000000000001,0,0,0,0,2,161,1,0,2,162,0.016666666666666666,0,0,0,0,0,upward_excursion,0.059244155883789062,16201,0,2,15,211.09040000000002,1594.3779999999999,pyramid-safety-and-unforced-shape,unforced-shape-0.10-m
2026-10-05_0940_ddr5-4800_threads-1-2-3-4-5-6-8-10-12-14-16-24_r5,avian3d,3,0,1,1,evaluated,0.10000000000000001,0,0,0,0,2,161,1,0,2,162,0.016666666666666666,0,0,0,0,0,unforced_stack_shape_excess,0.076629203426555215,12674,0,2,160,211.09040000000002,1594.3779999999999,pyramid-safety-and-unforced-shape,unforced-shape-0.10-m
2026-10-05_0940_ddr5-4800_threads-1-2-3-4-5-6-8-10-12-14-16-24_r5,avian3d,3,1,1,1,evaluated,0.10000000000000001,0,0,0,0,2,161,1,0,2,162,0.016666666666666666,0,0,0,0,0,rest_envelope,0.076647390021756578,12674,0,2,160,204.69150000000008,1595.7956999999999,pyramid-safety-and-unforced-shape,unforced-shape-0.10-m
2026-10-05_0940_ddr5-4800_threads-1-2-3-4-5-6-8-10-12-14-16-24_r5,avian3d,3,1,1,1,evaluated,0.10000000000000001,0,0,0,0,2,161,1,0,2,162,0.016666666666666666,0,0,0,0,0,upward_excursion,0.059244155883789062,16201,0,2,15,204.69150000000008,1595.7956999999999,pyramid-safety-and-unforced-shape,unforced-shape-0.10-m
2026-10-05_0940_ddr5-4800_threads-1-2-3-4-5-6-8-10-12-14-16-24_r5,avian3d,3,1,1,1,evaluated,0.10000000000000001,0,0,0,0,2,161,1,0,2,162,0.016666666666666666,0,0,0,0,0,unforced_stack_shape_excess,0.076629203426555215,12674,0,2,160,204.69150000000008,1595.7956999999999,pyramid-safety-and-unforced-shape,unforced-shape-0.10-m
2026-10-05_0940_ddr5-4800_threads-1-2-3-4-5-6-8-10-12-14-16-24_r5,avian3d,3,2,1,1,evaluated,0.10000000000000001,0,0,0,0,2,161,1,0,2,162,0.016666666666666666,0,0,0,0,0,rest_envelope,0.076647390021756578,12674,0,2,160,207.21190000000018,1594.6781000000001,pyramid-safety-and-unforced-shape,unforced-shape-0.10-m
2026-10-05_0940_ddr5-4800_threads-1-2-3-4-5-6-8-10-12-14-16-24_r5,avian3d,3,2,1,1,evaluated,0.10000000000000001,0,0,0,0,2,161,1,0,2,162,0.016666666666666666,0,0,0,0,0,upward_excursion,0.059244155883789062,16201,0,2,15,207.21190000000018,1594.6781000000001,pyramid-safety-and-unforced-shape,unforced-shape-0.10-m
2026-10-05_0940_ddr5-4800_threads-1-2-3-4-5-6-8-10-12-14-16-24_r5,avian3d,3,2,1,1,evaluated,0.10000000000000001,0,0,0,0,2,161,1,0,2,162,0.016666666666666666,0,0,0,0,0,unforced_stack_shape_excess,0.076629203426555215,12674,0,2,160,207.21190000000018,1594.6781000000001,pyramid-safety-and-unforced-shape,unforced-shape-0.10-m
2026-10-05_0940_ddr5-4800_threads-1-2-3-4-5-6-8-10-12-14-16-24_r5,avian3d,3,3,1,1,evaluated,0.10000000000000001,0,0,0,0,2,161,1,0,2,162,0.016666666666666666,0,0,0,0,0,rest_envelope,0.076647390021756578,12674,0,2,160,203.44939999999991,1594.2019,pyramid-safety-and-unforced-shape,unforced-shape-0.10-m
2026-10-05_0940_ddr5-4800_threads-1-2-3-4-5-6-8-10-12-14-16-24_r5,avian3d,3,3,1,1,evaluated,0.10000000000000001,0,0,0,0,2,161,1,0,2,162,0.016666666666666666,0,0,0,0,0,upward_excursion,0.059244155883789062,16201,0,2,15,203.44939999999991,1594.2019,pyramid-safety-and-unforced-shape,unforced-shape-0.10-m
2026-10-05_0940_ddr5-4800_threads-1-2-3-4-5-6-8-10-12-14-16-24_r5,avian3d,3,3,1,1,evaluated,0.10000000000000001,0,0,0,0,2,161,1,0,2,162,0.016666666666666666,0,0,0,0,0,unforced_stack_shape_excess,0.076629203426555215,12674,0,2,160,203.44939999999991,1594.2019,pyramid-safety-and-unforced-shape,unforced-shape-0.10-m
2026-10-05_0940_ddr5-4800_threads-1-2-3-4-5-6-8-10-12-14-16-24_r5,avian3d,3,4,1,1,evaluated,0.10000000000000001,0,0,0,0,2,161,1,0,2,162,0.016666666666666666,0,0,0,0,0,rest_envelope,0.076647390021756578,12674,0,2,160,202.79549999999989,1591.3869999999999,pyramid-safety-and-unforced-shape,unforced-shape-0.10-m
2026-10-05_0940_ddr5-4800_threads-1-2-3-4-5-6-8-10-12-14-16-24_r5,avian3d,3,4,1,1,evaluated,0.10000000000000001,0,0,0,0,2,161,1,0,2,162,0.016666666666666666,0,0,0,0,0,upward_excursion,0.059244155883789062,16201,0,2,15,202.79549999999989,1591.3869999999999,pyramid-safety-and-unforced-shape,unforced-shape-0.10-m
2026-10-05_0940_ddr5-4800_threads-1-2-3-4-5-6-8-10-12-14-16-24_r5,avian3d,3,4,1,1,evaluated,0.10000000000000001,0,0,0,0,2,161,1,0,2,162,0.016666666666666666,0,0,0,0,0,unforced_stack_shape_excess,0.076629203426555215,12674,0,2,160,202.79549999999989,1591.3869999999999,pyramid-safety-and-unforced-shape,unforced-shape-0.10-m
2026-10-05_0940_ddr5-4800_threads-1-2-3-4-5-6-8-10-12-14-16-24_r5,avian3d,4,0,1,1,evaluated,0.10000000000000001,0,0,0,0,2,161,1,0,2,162,0.016666666666666666,0,0,0,0,0,rest_envelope,0.076647390021756578,12674,0,2,160,203.13359999999992,1591.7651000000001,pyramid-safety-and-unforced-shape,unforced-shape-0.10-m
2026-10-05_0940_ddr5-4800_threads-1-2-3-4-5-6-8-10-12-14-16-24_r5,avian3d,4,0,1,1,evaluated,0.10000000000000001,0,0,0,0,2,161,1,0,2,162,0.016666666666666666,0,0,0,0,0,upward_excursion,0.059244155883789062,16201,0,2,15,203.13359999999992,1591.7651000000001,pyramid-safety-and-unforced-shape,unforced-shape-0.10-m
2026-10-05_0940_ddr5-4800_threads-1-2-3-4-5-6-8-10-12-14-16-24_r5,avian3d,4,0,1,1,evaluated,0.10000000000000001,0,0,0,0,2,161,1,0,2,162,0.016666666666666666,0,0,0,0,0,unforced_stack_shape_excess,0.076629203426555215,12674,0,2,160,203.13359999999992,1591.7651000000001,pyramid-safety-and-unforced-shape,unforced-shape-0.10-m
2026-10-05_0940_ddr5-4800_threads-1-2-3-4-5-6-8-10-12-14-16-24_r5,avian3d,4,1,1,1,evaluated,0.10000000000000001,0,0,0,0,2,161,1,0,2,162,0.016666666666666666,0,0,0,0,0,rest_envelope,0.076647390021756578,12674,0,2,160,202.79490000000013,1596.9429,pyramid-safety-and-unforced-shape,unforced-shape-0.10-m
2026-10-05_0940_ddr5-4800_threads-1-2-3-4-5-6-8-10-12-14-16-24_r5,avian3d,4,1,1,1,evaluated,0.10000000000000001,0,0,0,0,2,161,1,0,2,162,0.016666666666666666,0,0,0,0,0,upward_excursion,0.059244155883789062,16201,0,2,15,202.79490000000013,1596.9429,pyramid-safety-and-unforced-shape,unforced-shape-0.10-m
2026-10-05_0940_ddr5-4800_threads-1-2-3-4-5-6-8-10-12-14-16-24_r5,avian3d,4,1,1,1,evaluated,0.10000000000000001,0,0,0,0,2,161,1,0,2,162,0.016666666666666666,0,0,0,0,0,unforced_stack_shape_excess,0.076629203426555215,12674,0,2,160,202.79490000000013,1596.9429,pyramid-safety-and-unforced-shape,unforced-shape-0.10-m
2026-10-05_0940_ddr5-4800_threads-1-2-3-4-5-6-8-10-12-14-16-24_r5,avian3d,4,2,1,1,evaluated,0.10000000000000001,0,0,0,0,2,161,1,0,2,162,0.016666666666666666,0,0,0,0,0,rest_envelope,0.076647390021756578,12674,0,2,160,206.40600000000026,1591.4404,pyramid-safety-and-unforced-shape,unforced-shape-0.10-m
2026-10-05_0940_ddr5-4800_threads-1-2-3-4-5-6-8-10-12-14-16-24_r5,avian3d,4,2,1,1,evaluated,0.10000000000000001,0,0,0,0,2,161,1,0,2,162,0.016666666666666666,0,0,0,0,0,upward_excursion,0.059244155883789062,16201,0,2,15,206.40600000000026,1591.4404,pyramid-safety-and-unforced-shape,unforced-shape-0.10-m
2026-10-05_0940_ddr5-4800_threads-1-2-3-4-5-6-8-10-12-14-16-24_r5,avian3d,4,2,1,1,evaluated,0.10000000000000001,0,0,0,0,2,161,1,0,2,162,0.016666666666666666,0,0,0,0,0,unforced_stack_shape_excess,0.076629203426555215,12674,0,2,160,206.40600000000026,1591.4404,pyramid-safety-and-unforced-shape,unforced-shape-0.10-m
2026-10-05_0940_ddr5-4800_threads-1-2-3-4-5-6-8-10-12-14-16-24_r5,avian3d,4,3,1,1,evaluated,0.10000000000000001,0,0,0,0,2,161,1,0,2,162,0.016666666666666666,0,0,0,0,0,rest_envelope,0.076647390021756578,12674,0,2,160,205.10190000000009,1597.3566000000001,pyramid-safety-and-unforced-shape,unforced-shape-0.10-m
2026-10-05_0940_ddr5-4800_threads-1-2-3-4-5-6-8-10-12-14-16-24_r5,avian3d,4,3,1,1,evaluated,0.10000000000000001,0,0,0,0,2,161,1,0,2,162,0.016666666666666666,0,0,0,0,0,upward_excursion,0.059244155883789062,16201,0,2,15,205.10190000000009,1597.3566000000001,pyramid-safety-and-unforced-shape,unforced-shape-0.10-m
2026-10-05_0940_ddr5-4800_threads-1-2-3-4-5-6-8-10-12-14-16-24_r5,avian3d,4,3,1,1,evaluated,0.10000000000000001,0,0,0,0,2,161,1,0,2,162,0.016666666666666666,0,0,0,0,0,unforced_stack_shape_excess,0.076629203426555215,12674,0,2,160,205.10190000000009,1597.3566000000001,pyramid-safety-and-unforced-shape,unforced-shape-0.10-m
2026-10-05_0940_ddr5-4800_threads-1-2-3-4-5-6-8-10-12-14-16-24_r5,avian3d,4,4,1,1,evaluated,0.10000000000000001,0,0,0,0,2,161,1,0,2,162,0.016666666666666666,0,0,0,0,0,rest_envelope,0.076647390021756578,12674,0,2,160,203.97640000000021,1590.6116999999999,pyramid-safety-and-unforced-shape,unforced-shape-0.10-m
2026-10-05_0940_ddr5-4800_threads-1-2-3-4-5-6-8-10-12-14-16-24_r5,avian3d,4,4,1,1,evaluated,0.10000000000000001,0,0,0,0,2,161,1,0,2,162,0.016666666666666666,0,0,0,0,0,upward_excursion,0.059244155883789062,16201,0,2,15,203.97640000000021,1590.6116999999999,pyramid-safety-and-unforced-shape,unforced-shape-0.10-m
2026-10-05_0940_ddr5-4800_threads-1-2-3-4-5-6-8-10-12-14-16-24_r5,avian3d,4,4,1,1,evaluated,0.10000000000000001,0,0,0,0,2,161,1,0,2,162,0.016666666666666666,0,0,0,0,0,unforced_stack_shape_excess,0.076629203426555215,12674,0,2,160,203.97640000000021,1590.6116999999999,pyramid-safety-and-unforced-shape,unforced-shape-0.10-m
2026-10-05_0940_ddr5-4800_threads-1-2-3-4-5-6-8-10-12-14-16-24_r5,avian3d,5,0,1,1,evaluated,0.10000000000000001,0,0,0,0,2,161,1,0,2,162,0.016666666666666666,0,0,0,0,0,rest_envelope,0.076647390021756578,12674,0,2,160,206.45100000000005,1594.7718,pyramid-safety-and-unforced-shape,unforced-shape-0.10-m
2026-10-05_0940_ddr5-4800_threads-1-2-3-4-5-6-8-10-12-14-16-24_r5,avian3d,5,0,1,1,evaluated,0.10000000000000001,0,0,0,0,2,161,1,0,2,162,0.016666666666666666,0,0,0,0,0,upward_excursion,0.059244155883789062,16201,0,2,15,206.45100000000005,1594.7718,pyramid-safety-and-unforced-shape,unforced-shape-0.10-m
2026-10-05_0940_ddr5-4800_threads-1-2-3-4-5-6-8-10-12-14-16-24_r5,avian3d,5,0,1,1,evaluated,0.10000000000000001,0,0,0,0,2,161,1,0,2,162,0.016666666666666666,0,0,0,0,0,unforced_stack_shape_excess,0.076629203426555215,12674,0,2,160,206.45100000000005,1594.7718,pyramid-safety-and-unforced-shape,unforced-shape-0.10-m
2026-10-05_0940_ddr5-4800_threads-1-2-3-4-5-6-8-10-12-14-16-24_r5,avian3d,5,1,1,1,evaluated,0.10000000000000001,0,0,0,0,2,161,1,0,2,162,0.016666666666666666,0,0,0,0,0,rest_envelope,0.076647390021756578,12674,0,2,160,206.17169999999996,1592.9366,pyramid-safety-and-unforced-shape,unforced-shape-0.10-m
2026-10-05_0940_ddr5-4800_threads-1-2-3-4-5-6-8-10-12-14-16-24_r5,avian3d,5,1,1,1,evaluated,0.10000000000000001,0,0,0,0,2,161,1,0,2,162,0.016666666666666666,0,0,0,0,0,upward_excursion,0.059244155883789062,16201,0,2,15,206.17169999999996,1592.9366,pyramid-safety-and-unforced-shape,unforced-shape-0.10-m
2026-10-05_0940_ddr5-4800_threads-1-2-3-4-5-6-8-10-12-14-16-24_r5,avian3d,5,1,1,1,evaluated,0.10000000000000001,0,0,0,0,2,161,1,0,2,162,0.016666666666666666,0,0,0,0,0,unforced_stack_shape_excess,0.076629203426555215,12674,0,2,160,206.17169999999996,1592.9366,pyramid-safety-and-unforced-shape,unforced-shape-0.10-m
2026-10-05_0940_ddr5-4800_threads-1-2-3-4-5-6-8-10-12-14-16-24_r5,avian3d,5,2,1,1,evaluated,0.10000000000000001,0,0,0,0,2,161,1,0,2,162,0.016666666666666666,0,0,0,0,0,rest_envelope,0.076647390021756578,12674,0,2,160,204.58129999999994,1602.5336,pyramid-safety-and-unforced-shape,unforced-shape-0.10-m
2026-10-05_0940_ddr5-4800_threads-1-2-3-4-5-6-8-10-12-14-16-24_r5,avian3d,5,2,1,1,evaluated,0.10000000000000001,0,0,0,0,2,161,1,0,2,162,0.016666666666666666,0,0,0,0,0,upward_excursion,0.059244155883789062,16201,0,2,15,204.58129999999994,1602.5336,pyramid-safety-and-unforced-shape,unforced-shape-0.10-m
2026-10-05_0940_ddr5-4800_threads-1-2-3-4-5-6-8-10-12-14-16-24_r5,avian3d,5,2,1,1,evaluated,0.10000000000000001,0,0,0,0,2,161,1,0,2,162,0.016666666666666666,0,0,0,0,0,unforced_stack_shape_excess,0.076629203426555215,12674,0,2,160,204.58129999999994,1602.5336,pyramid-safety-and-unforced-shape,unforced-shape-0.10-m
2026-10-05_0940_ddr5-4800_threads-1-2-3-4-5-6-8-10-12-14-16-24_r5,avian3d,5,3,1,1,evaluated,0.10000000000000001,0,0,0,0,2,161,1,0,2,162,0.016666666666666666,0,0,0,0,0,rest_envelope,0.076647390021756578,12674,0,2,160,205.08099999999988,1596.5228999999999,pyramid-safety-and-unforced-shape,unforced-shape-0.10-m
2026-10-05_0940_ddr5-4800_threads-1-2-3-4-5-6-8-10-12-14-16-24_r5,avian3d,5,3,1,1,evaluated,0.10000000000000001,0,0,0,0,2,161,1,0,2,162,0.016666666666666666,0,0,0,0,0,upward_excursion,0.059244155883789062,16201,0,2,15,205.08099999999988,1596.5228999999999,pyramid-safety-and-unforced-shape,unforced-shape-0.10-m
2026-10-05_0940_ddr5-4800_threads-1-2-3-4-5-6-8-10-12-14-16-24_r5,avian3d,5,3,1,1,evaluated,0.10000000000000001,0,0,0,0,2,161,1,0,2,162,0.016666666666666666,0,0,0,0,0,unforced_stack_shape_excess,0.076629203426555215,12674,0,2,160,205.08099999999988,1596.5228999999999,pyramid-safety-and-unforced-shape,unforced-shape-0.10-m
2026-10-05_0940_ddr5-4800_threads-1-2-3-4-5-6-8-10-12-14-16-24_r5,avian3d,5,4,1,1,evaluated,0.10000000000000001,0,0,0,0,2,161,1,0,2,162,0.016666666666666666,0,0,0,0,0,rest_envelope,0.076647390021756578,12674,0,2,160,207.83559999999983,1593.0161000000001,pyramid-safety-and-unforced-shape,unforced-shape-0.10-m
2026-10-05_0940_ddr5-4800_threads-1-2-3-4-5-6-8-10-12-14-16-24_r5,avian3d,5,4,1,1,evaluated,0.10000000000000001,0,0,0,0,2,161,1,0,2,162,0.016666666666666666,0,0,0,0,0,upward_excursion,0.059244155883789062,16201,0,2,15,207.83559999999983,1593.0161000000001,pyramid-safety-and-unforced-shape,unforced-shape-0.10-m
2026-10-05_0940_ddr5-4800_threads-1-2-3-4-5-6-8-10-12-14-16-24_r5,avian3d,5,4,1,1,evaluated,0.10000000000000001,0,0,0,0,2,161,1,0,2,162,0.016666666666666666,0,0,0,0,0,unforced_stack_shape_excess,0.076629203426555215,12674,0,2,160,207.83559999999983,1593.0161000000001,pyramid-safety-and-unforced-shape,unforced-shape-0.10-m
2026-10-05_0940_ddr5-4800_threads-1-2-3-4-5-6-8-10-12-14-16-24_r5,avian3d,6,0,1,1,evaluated,0.10000000000000001,0,0,0,0,2,161,1,0,2,162,0.016666666666666666,0,0,0,0,0,rest_envelope,0.076647390021756578,12674,0,2,160,209.8819,1606.0419999999999,pyramid-safety-and-unforced-shape,unforced-shape-0.10-m
2026-10-05_0940_ddr5-4800_threads-1-2-3-4-5-6-8-10-12-14-16-24_r5,avian3d,6,0,1,1,evaluated,0.10000000000000001,0,0,0,0,2,161,1,0,2,162,0.016666666666666666,0,0,0,0,0,upward_excursion,0.059244155883789062,16201,0,2,15,209.8819,1606.0419999999999,pyramid-safety-and-unforced-shape,unforced-shape-0.10-m
2026-10-05_0940_ddr5-4800_threads-1-2-3-4-5-6-8-10-12-14-16-24_r5,avian3d,6,0,1,1,evaluated,0.10000000000000001,0,0,0,0,2,161,1,0,2,162,0.016666666666666666,0,0,0,0,0,unforced_stack_shape_excess,0.076629203426555215,12674,0,2,160,209.8819,1606.0419999999999,pyramid-safety-and-unforced-shape,unforced-shape-0.10-m
2026-10-05_0940_ddr5-4800_threads-1-2-3-4-5-6-8-10-12-14-16-24_r5,avian3d,6,1,1,1,evaluated,0.10000000000000001,0,0,0,0,2,161,1,0,2,162,0.016666666666666666,0,0,0,0,0,rest_envelope,0.076647390021756578,12674,0,2,160,203.9825000000001,1626.3861999999999,pyramid-safety-and-unforced-shape,unforced-shape-0.10-m
2026-10-05_0940_ddr5-4800_threads-1-2-3-4-5-6-8-10-12-14-16-24_r5,avian3d,6,1,1,1,evaluated,0.10000000000000001,0,0,0,0,2,161,1,0,2,162,0.016666666666666666,0,0,0,0,0,upward_excursion,0.059244155883789062,16201,0,2,15,203.9825000000001,1626.3861999999999,pyramid-safety-and-unforced-shape,unforced-shape-0.10-m
2026-10-05_0940_ddr5-4800_threads-1-2-3-4-5-6-8-10-12-14-16-24_r5,avian3d,6,1,1,1,evaluated,0.10000000000000001,0,0,0,0,2,161,1,0,2,162,0.016666666666666666,0,0,0,0,0,unforced_stack_shape_excess,0.076629203426555215,12674,0,2,160,203.9825000000001,1626.3861999999999,pyramid-safety-and-unforced-shape,unforced-shape-0.10-m
2026-10-05_0940_ddr5-4800_threads-1-2-3-4-5-6-8-10-12-14-16-24_r5,avian3d,6,2,1,1,evaluated,0.10000000000000001,0,0,0,0,2,161,1,0,2,162,0.016666666666666666,0,0,0,0,0,rest_envelope,0.076647390021756578,12674,0,2,160,204.13929999999979,1599.0338999999999,pyramid-safety-and-unforced-shape,unforced-shape-0.10-m
2026-10-05_0940_ddr5-4800_threads-1-2-3-4-5-6-8-10-12-14-16-24_r5,avian3d,6,2,1,1,evaluated,0.10000000000000001,0,0,0,0,2,161,1,0,2,162,0.016666666666666666,0,0,0,0,0,upward_excursion,0.059244155883789062,16201,0,2,15,204.13929999999979,1599.0338999999999,pyramid-safety-and-unforced-shape,unforced-shape-0.10-m
2026-10-05_0940_ddr5-4800_threads-1-2-3-4-5-6-8-10-12-14-16-24_r5,avian3d,6,2,1,1,evaluated,0.10000000000000001,0,0,0,0,2,161,1,0,2,162,0.016666666666666666,0,0,0,0,0,unforced_stack_shape_excess,0.076629203426555215,12674,0,2,160,204.13929999999979,1599.0338999999999,pyramid-safety-and-unforced-shape,unforced-shape-0.10-m
2026-10-05_0940_ddr5-4800_threads-1-2-3-4-5-6-8-10-12-14-16-24_r5,avian3d,6,3,1,1,evaluated,0.10000000000000001,0,0,0,0,2,161,1,0,2,162,0.016666666666666666,0,0,0,0,0,rest_envelope,0.076647390021756578,12674,0,2,160,198.20689999999988,1595.4590000000001,pyramid-safety-and-unforced-shape,unforced-shape-0.10-m
2026-10-05_0940_ddr5-4800_threads-1-2-3-4-5-6-8-10-12-14-16-24_r5,avian3d,6,3,1,1,evaluated,0.10000000000000001,0,0,0,0,2,161,1,0,2,162,0.016666666666666666,0,0,0,0,0,upward_excursion,0.059244155883789062,16201,0,2,15,198.20689999999988,1595.4590000000001,pyramid-safety-and-unforced-shape,unforced-shape-0.10-m
2026-10-05_0940_ddr5-4800_threads-1-2-3-4-5-6-8-10-12-14-16-24_r5,avian3d,6,3,1,1,evaluated,0.10000000000000001,0,0,0,0,2,161,1,0,2,162,0.016666666666666666,0,0,0,0,0,unforced_stack_shape_excess,0.076629203426555215,12674,0,2,160,198.20689999999988,1595.4590000000001,pyramid-safety-and-unforced-shape,unforced-shape-0.10-m
2026-10-05_0940_ddr5-4800_threads-1-2-3-4-5-6-8-10-12-14-16-24_r5,avian3d,6,4,1,1,evaluated,0.10000000000000001,0,0,0,0,2,161,1,0,2,162,0.016666666666666666,0,0,0,0,0,rest_envelope,0.076647390021756578,12674,0,2,160,206.65579999999991,1623.5614,pyramid-safety-and-unforced-shape,unforced-shape-0.10-m
2026-10-05_0940_ddr5-4800_threads-1-2-3-4-5-6-8-10-12-14-16-24_r5,avian3d,6,4,1,1,evaluated,0.10000000000000001,0,0,0,0,2,161,1,0,2,162,0.016666666666666666,0,0,0,0,0,upward_excursion,0.059244155883789062,16201,0,2,15,206.65579999999991,1623.5614,pyramid-safety-and-unforced-shape,unforced-shape-0.10-m
2026-10-05_0940_ddr5-4800_threads-1-2-3-4-5-6-8-10-12-14-16-24_r5,avian3d,6,4,1,1,evaluated,0.10000000000000001,0,0,0,0,2,161,1,0,2,162,0.016666666666666666,0,0,0,0,0,unforced_stack_shape_excess,0.076629203426555215,12674,0,2,160,206.65579999999991,1623.5614,pyramid-safety-and-unforced-shape,unforced-shape-0.10-m
2026-10-05_0940_ddr5-4800_threads-1-2-3-4-5-6-8-10-12-14-16-24_r5,avian3d,8,0,1,1,evaluated,0.10000000000000001,0,0,0,0,2,161,1,0,2,162,0.016666666666666666,0,0,0,0,0,rest_envelope,0.076647390021756578,12674,0,2,160,199.13660000000007,1594.9517000000001,pyramid-safety-and-unforced-shape,unforced-shape-0.10-m
2026-10-05_0940_ddr5-4800_threads-1-2-3-4-5-6-8-10-12-14-16-24_r5,avian3d,8,0,1,1,evaluated,0.10000000000000001,0,0,0,0,2,161,1,0,2,162,0.016666666666666666,0,0,0,0,0,upward_excursion,0.059244155883789062,16201,0,2,15,199.13660000000007,1594.9517000000001,pyramid-safety-and-unforced-shape,unforced-shape-0.10-m
2026-10-05_0940_ddr5-4800_threads-1-2-3-4-5-6-8-10-12-14-16-24_r5,avian3d,8,0,1,1,evaluated,0.10000000000000001,0,0,0,0,2,161,1,0,2,162,0.016666666666666666,0,0,0,0,0,unforced_stack_shape_excess,0.076629203426555215,12674,0,2,160,199.13660000000007,1594.9517000000001,pyramid-safety-and-unforced-shape,unforced-shape-0.10-m
2026-10-05_0940_ddr5-4800_threads-1-2-3-4-5-6-8-10-12-14-16-24_r5,avian3d,8,1,1,1,evaluated,0.10000000000000001,0,0,0,0,2,161,1,0,2,162,0.016666666666666666,0,0,0,0,0,rest_envelope,0.076647390021756578,12674,0,2,160,196.32330000000005,1627.5192999999999,pyramid-safety-and-unforced-shape,unforced-shape-0.10-m
2026-10-05_0940_ddr5-4800_threads-1-2-3-4-5-6-8-10-12-14-16-24_r5,avian3d,8,1,1,1,evaluated,0.10000000000000001,0,0,0,0,2,161,1,0,2,162,0.016666666666666666,0,0,0,0,0,upward_excursion,0.059244155883789062,16201,0,2,15,196.32330000000005,1627.5192999999999,pyramid-safety-and-unforced-shape,unforced-shape-0.10-m
2026-10-05_0940_ddr5-4800_threads-1-2-3-4-5-6-8-10-12-14-16-24_r5,avian3d,8,1,1,1,evaluated,0.10000000000000001,0,0,0,0,2,161,1,0,2,162,0.016666666666666666,0,0,0,0,0,unforced_stack_shape_excess,0.076629203426555215,12674,0,2,160,196.32330000000005,1627.5192999999999,pyramid-safety-and-unforced-shape,unforced-shape-0.10-m
2026-10-05_0940_ddr5-4800_threads-1-2-3-4-5-6-8-10-12-14-16-24_r5,avian3d,8,2,1,1,evaluated,0.10000000000000001,0,0,0,0,2,161,1,0,2,162,0.016666666666666666,0,0,0,0,0,rest_envelope,0.076647390021756578,12674,0,2,160,199.4430000000001,1593.4582,pyramid-safety-and-unforced-shape,unforced-shape-0.10-m
2026-10-05_0940_ddr5-4800_threads-1-2-3-4-5-6-8-10-12-14-16-24_r5,avian3d,8,2,1,1,evaluated,0.10000000000000001,0,0,0,0,2,161,1,0,2,162,0.016666666666666666,0,0,0,0,0,upward_excursion,0.059244155883789062,16201,0,2,15,199.4430000000001,1593.4582,pyramid-safety-and-unforced-shape,unforced-shape-0.10-m
2026-10-05_0940_ddr5-4800_threads-1-2-3-4-5-6-8-10-12-14-16-24_r5,avian3d,8,2,1,1,evaluated,0.10000000000000001,0,0,0,0,2,161,1,0,2,162,0.016666666666666666,0,0,0,0,0,unforced_stack_shape_excess,0.076629203426555215,12674,0,2,160,199.4430000000001,1593.4582,pyramid-safety-and-unforced-shape,unforced-shape-0.10-m
2026-10-05_0940_ddr5-4800_threads-1-2-3-4-5-6-8-10-12-14-16-24_r5,avian3d,8,3,1,1,evaluated,0.10000000000000001,0,0,0,0,2,161,1,0,2,162,0.016666666666666666,0,0,0,0,0,rest_envelope,0.076647390021756578,12674,0,2,160,202.79149999999976,1592.7266999999999,pyramid-safety-and-unforced-shape,unforced-shape-0.10-m
2026-10-05_0940_ddr5-4800_threads-1-2-3-4-5-6-8-10-12-14-16-24_r5,avian3d,8,3,1,1,evaluated,0.10000000000000001,0,0,0,0,2,161,1,0,2,162,0.016666666666666666,0,0,0,0,0,upward_excursion,0.059244155883789062,16201,0,2,15,202.79149999999976,1592.7266999999999,pyramid-safety-and-unforced-shape,unforced-shape-0.10-m
2026-10-05_0940_ddr5-4800_threads-1-2-3-4-5-6-8-10-12-14-16-24_r5,avian3d,8,3,1,1,evaluated,0.10000000000000001,0,0,0,0,2,161,1,0,2,162,0.016666666666666666,0,0,0,0,0,unforced_stack_shape_excess,0.076629203426555215,12674,0,2,160,202.79149999999976,1592.7266999999999,pyramid-safety-and-unforced-shape,unforced-shape-0.10-m
2026-10-05_0940_ddr5-4800_threads-1-2-3-4-5-6-8-10-12-14-16-24_r5,avian3d,8,4,1,1,evaluated,0.10000000000000001,0,0,0,0,2,161,1,0,2,162,0.016666666666666666,0,0,0,0,0,rest_envelope,0.076647390021756578,12674,0,2,160,201.43680000000001,1592.7325000000001,pyramid-safety-and-unforced-shape,unforced-shape-0.10-m
2026-10-05_0940_ddr5-4800_threads-1-2-3-4-5-6-8-10-12-14-16-24_r5,avian3d,8,4,1,1,evaluated,0.10000000000000001,0,0,0,0,2,161,1,0,2,162,0.016666666666666666,0,0,0,0,0,upward_excursion,0.059244155883789062,16201,0,2,15,201.43680000000001,1592.7325000000001,pyramid-safety-and-unforced-shape,unforced-shape-0.10-m
2026-10-05_0940_ddr5-4800_threads-1-2-3-4-5-6-8-10-12-14-16-24_r5,avian3d,8,4,1,1,evaluated,0.10000000000000001,0,0,0,0,2,161,1,0,2,162,0.016666666666666666,0,0,0,0,0,unforced_stack_shape_excess,0.076629203426555215,12674,0,2,160,201.43680000000001,1592.7325000000001,pyramid-safety-and-unforced-shape,unforced-shape-0.10-m
2026-10-05_0940_ddr5-4800_threads-1-2-3-4-5-6-8-10-12-14-16-24_r5,avian3d,10,0,1,1,evaluated,0.10000000000000001,0,0,0,0,2,161,1,0,2,162,0.016666666666666666,0,0,0,0,0,rest_envelope,0.076647390021756578,12674,0,2,160,202.94140000000013,1599.8828000000001,pyramid-safety-and-unforced-shape,unforced-shape-0.10-m
2026-10-05_0940_ddr5-4800_threads-1-2-3-4-5-6-8-10-12-14-16-24_r5,avian3d,10,0,1,1,evaluated,0.10000000000000001,0,0,0,0,2,161,1,0,2,162,0.016666666666666666,0,0,0,0,0,upward_excursion,0.059244155883789062,16201,0,2,15,202.94140000000013,1599.8828000000001,pyramid-safety-and-unforced-shape,unforced-shape-0.10-m
2026-10-05_0940_ddr5-4800_threads-1-2-3-4-5-6-8-10-12-14-16-24_r5,avian3d,10,0,1,1,evaluated,0.10000000000000001,0,0,0,0,2,161,1,0,2,162,0.016666666666666666,0,0,0,0,0,unforced_stack_shape_excess,0.076629203426555215,12674,0,2,160,202.94140000000013,1599.8828000000001,pyramid-safety-and-unforced-shape,unforced-shape-0.10-m
2026-10-05_0940_ddr5-4800_threads-1-2-3-4-5-6-8-10-12-14-16-24_r5,avian3d,10,1,1,1,evaluated,0.10000000000000001,0,0,0,0,2,161,1,0,2,162,0.016666666666666666,0,0,0,0,0,rest_envelope,0.076647390021756578,12674,0,2,160,202.01059999999993,1597.4395999999999,pyramid-safety-and-unforced-shape,unforced-shape-0.10-m
2026-10-05_0940_ddr5-4800_threads-1-2-3-4-5-6-8-10-12-14-16-24_r5,avian3d,10,1,1,1,evaluated,0.10000000000000001,0,0,0,0,2,161,1,0,2,162,0.016666666666666666,0,0,0,0,0,upward_excursion,0.059244155883789062,16201,0,2,15,202.01059999999993,1597.4395999999999,pyramid-safety-and-unforced-shape,unforced-shape-0.10-m
2026-10-05_0940_ddr5-4800_threads-1-2-3-4-5-6-8-10-12-14-16-24_r5,avian3d,10,1,1,1,evaluated,0.10000000000000001,0,0,0,0,2,161,1,0,2,162,0.016666666666666666,0,0,0,0,0,unforced_stack_shape_excess,0.076629203426555215,12674,0,2,160,202.01059999999993,1597.4395999999999,pyramid-safety-and-unforced-shape,unforced-shape-0.10-m
2026-10-05_0940_ddr5-4800_threads-1-2-3-4-5-6-8-10-12-14-16-24_r5,avian3d,10,2,1,1,evaluated,0.10000000000000001,0,0,0,0,2,161,1,0,2,162,0.016666666666666666,0,0,0,0,0,rest_envelope,0.076647390021756578,12674,0,2,160,202.21359999999987,1595.3674000000001,pyramid-safety-and-unforced-shape,unforced-shape-0.10-m
2026-10-05_0940_ddr5-4800_threads-1-2-3-4-5-6-8-10-12-14-16-24_r5,avian3d,10,2,1,1,evaluated,0.10000000000000001,0,0,0,0,2,161,1,0,2,162,0.016666666666666666,0,0,0,0,0,upward_excursion,0.059244155883789062,16201,0,2,15,202.21359999999987,1595.3674000000001,pyramid-safety-and-unforced-shape,unforced-shape-0.10-m
2026-10-05_0940_ddr5-4800_threads-1-2-3-4-5-6-8-10-12-14-16-24_r5,avian3d,10,2,1,1,evaluated,0.10000000000000001,0,0,0,0,2,161,1,0,2,162,0.016666666666666666,0,0,0,0,0,unforced_stack_shape_excess,0.076629203426555215,12674,0,2,160,202.21359999999987,1595.3674000000001,pyramid-safety-and-unforced-shape,unforced-shape-0.10-m
2026-10-05_0940_ddr5-4800_threads-1-2-3-4-5-6-8-10-12-14-16-24_r5,avian3d,10,3,1,1,evaluated,0.10000000000000001,0,0,0,0,2,161,1,0,2,162,0.016666666666666666,0,0,0,0,0,rest_envelope,0.076647390021756578,12674,0,2,160,203.85299999999989,1600.2953,pyramid-safety-and-unforced-shape,unforced-shape-0.10-m
2026-10-05_0940_ddr5-4800_threads-1-2-3-4-5-6-8-10-12-14-16-24_r5,avian3d,10,3,1,1,evaluated,0.10000000000000001,0,0,0,0,2,161,1,0,2,162,0.016666666666666666,0,0,0,0,0,upward_excursion,0.059244155883789062,16201,0,2,15,203.85299999999989,1600.2953,pyramid-safety-and-unforced-shape,unforced-shape-0.10-m
2026-10-05_0940_ddr5-4800_threads-1-2-3-4-5-6-8-10-12-14-16-24_r5,avian3d,10,3,1,1,evaluated,0.10000000000000001,0,0,0,0,2,161,1,0,2,162,0.016666666666666666,0,0,0,0,0,unforced_stack_shape_excess,0.076629203426555215,12674,0,2,160,203.85299999999989,1600.2953,pyramid-safety-and-unforced-shape,unforced-shape-0.10-m
2026-10-05_0940_ddr5-4800_threads-1-2-3-4-5-6-8-10-12-14-16-24_r5,avian3d,10,4,1,1,evaluated,0.10000000000000001,0,0,0,0,2,161,1,0,2,162,0.016666666666666666,0,0,0,0,0,rest_envelope,0.076647390021756578,12674,0,2,160,202.00359999999978,1612.8556000000001,pyramid-safety-and-unforced-shape,unforced-shape-0.10-m
2026-10-05_0940_ddr5-4800_threads-1-2-3-4-5-6-8-10-12-14-16-24_r5,avian3d,10,4,1,1,evaluated,0.10000000000000001,0,0,0,0,2,161,1,0,2,162,0.016666666666666666,0,0,0,0,0,upward_excursion,0.059244155883789062,16201,0,2,15,202.00359999999978,1612.8556000000001,pyramid-safety-and-unforced-shape,unforced-shape-0.10-m
2026-10-05_0940_ddr5-4800_threads-1-2-3-4-5-6-8-10-12-14-16-24_r5,avian3d,10,4,1,1,evaluated,0.10000000000000001,0,0,0,0,2,161,1,0,2,162,0.016666666666666666,0,0,0,0,0,unforced_stack_shape_excess,0.076629203426555215,12674,0,2,160,202.00359999999978,1612.8556000000001,pyramid-safety-and-unforced-shape,unforced-shape-0.10-m
2026-10-05_0940_ddr5-4800_threads-1-2-3-4-5-6-8-10-12-14-16-24_r5,avian3d,12,0,1,1,evaluated,0.10000000000000001,0,0,0,0,2,161,1,0,2,162,0.016666666666666666,0,0,0,0,0,rest_envelope,0.076647390021756578,12674,0,2,160,200.16099999999994,1601.3814,pyramid-safety-and-unforced-shape,unforced-shape-0.10-m
2026-10-05_0940_ddr5-4800_threads-1-2-3-4-5-6-8-10-12-14-16-24_r5,avian3d,12,0,1,1,evaluated,0.10000000000000001,0,0,0,0,2,161,1,0,2,162,0.016666666666666666,0,0,0,0,0,upward_excursion,0.059244155883789062,16201,0,2,15,200.16099999999994,1601.3814,pyramid-safety-and-unforced-shape,unforced-shape-0.10-m
2026-10-05_0940_ddr5-4800_threads-1-2-3-4-5-6-8-10-12-14-16-24_r5,avian3d,12,0,1,1,evaluated,0.10000000000000001,0,0,0,0,2,161,1,0,2,162,0.016666666666666666,0,0,0,0,0,unforced_stack_shape_excess,0.076629203426555215,12674,0,2,160,200.16099999999994,1601.3814,pyramid-safety-and-unforced-shape,unforced-shape-0.10-m
2026-10-05_0940_ddr5-4800_threads-1-2-3-4-5-6-8-10-12-14-16-24_r5,avian3d,12,1,1,1,evaluated,0.10000000000000001,0,0,0,0,2,161,1,0,2,162,0.016666666666666666,0,0,0,0,0,rest_envelope,0.076647390021756578,12674,0,2,160,204.61080000000001,1597.7719,pyramid-safety-and-unforced-shape,unforced-shape-0.10-m
2026-10-05_0940_ddr5-4800_threads-1-2-3-4-5-6-8-10-12-14-16-24_r5,avian3d,12,1,1,1,evaluated,0.10000000000000001,0,0,0,0,2,161,1,0,2,162,0.016666666666666666,0,0,0,0,0,upward_excursion,0.059244155883789062,16201,0,2,15,204.61080000000001,1597.7719,pyramid-safety-and-unforced-shape,unforced-shape-0.10-m
2026-10-05_0940_ddr5-4800_threads-1-2-3-4-5-6-8-10-12-14-16-24_r5,avian3d,12,1,1,1,evaluated,0.10000000000000001,0,0,0,0,2,161,1,0,2,162,0.016666666666666666,0,0,0,0,0,unforced_stack_shape_excess,0.076629203426555215,12674,0,2,160,204.61080000000001,1597.7719,pyramid-safety-and-unforced-shape,unforced-shape-0.10-m
2026-10-05_0940_ddr5-4800_threads-1-2-3-4-5-6-8-10-12-14-16-24_r5,avian3d,12,2,1,1,evaluated,0.10000000000000001,0,0,0,0,2,161,1,0,2,162,0.016666666666666666,0,0,0,0,0,rest_envelope,0.076647390021756578,12674,0,2,160,198.8096000000001,1593.7547,pyramid-safety-and-unforced-shape,unforced-shape-0.10-m
2026-10-05_0940_ddr5-4800_threads-1-2-3-4-5-6-8-10-12-14-16-24_r5,avian3d,12,2,1,1,evaluated,0.10000000000000001,0,0,0,0,2,161,1,0,2,162,0.016666666666666666,0,0,0,0,0,upward_excursion,0.059244155883789062,16201,0,2,15,198.8096000000001,1593.7547,pyramid-safety-and-unforced-shape,unforced-shape-0.10-m
2026-10-05_0940_ddr5-4800_threads-1-2-3-4-5-6-8-10-12-14-16-24_r5,avian3d,12,2,1,1,evaluated,0.10000000000000001,0,0,0,0,2,161,1,0,2,162,0.016666666666666666,0,0,0,0,0,unforced_stack_shape_excess,0.076629203426555215,12674,0,2,160,198.8096000000001,1593.7547,pyramid-safety-and-unforced-shape,unforced-shape-0.10-m
2026-10-05_0940_ddr5-4800_threads-1-2-3-4-5-6-8-10-12-14-16-24_r5,avian3d,12,3,1,1,evaluated,0.10000000000000001,0,0,0,0,2,161,1,0,2,162,0.016666666666666666,0,0,0,0,0,rest_envelope,0.076647390021756578,12674,0,2,160,202.08120000000008,1595.2695000000001,pyramid-safety-and-unforced-shape,unforced-shape-0.10-m
2026-10-05_0940_ddr5-4800_threads-1-2-3-4-5-6-8-10-12-14-16-24_r5,avian3d,12,3,1,1,evaluated,0.10000000000000001,0,0,0,0,2,161,1,0,2,162,0.016666666666666666,0,0,0,0,0,upward_excursion,0.059244155883789062,16201,0,2,15,202.08120000000008,1595.2695000000001,pyramid-safety-and-unforced-shape,unforced-shape-0.10-m
2026-10-05_0940_ddr5-4800_threads-1-2-3-4-5-6-8-10-12-14-16-24_r5,avian3d,12,3,1,1,evaluated,0.10000000000000001,0,0,0,0,2,161,1,0,2,162,0.016666666666666666,0,0,0,0,0,unforced_stack_shape_excess,0.076629203426555215,12674,0,2,160,202.08120000000008,1595.2695000000001,pyramid-safety-and-unforced-shape,unforced-shape-0.10-m
2026-10-05_0940_ddr5-4800_threads-1-2-3-4-5-6-8-10-12-14-16-24_r5,avian3d,12,4,1,1,evaluated,0.10000000000000001,0,0,0,0,2,161,1,0,2,162,0.016666666666666666,0,0,0,0,0,rest_envelope,0.076647390021756578,12674,0,2,160,197.84810000000013,1590.6152999999999,pyramid-safety-and-unforced-shape,unforced-shape-0.10-m
2026-10-05_0940_ddr5-4800_threads-1-2-3-4-5-6-8-10-12-14-16-24_r5,avian3d,12,4,1,1,evaluated,0.10000000000000001,0,0,0,0,2,161,1,0,2,162,0.016666666666666666,0,0,0,0,0,upward_excursion,0.059244155883789062,16201,0,2,15,197.84810000000013,1590.6152999999999,pyramid-safety-and-unforced-shape,unforced-shape-0.10-m
2026-10-05_0940_ddr5-4800_threads-1-2-3-4-5-6-8-10-12-14-16-24_r5,avian3d,12,4,1,1,evaluated,0.10000000000000001,0,0,0,0,2,161,1,0,2,162,0.016666666666666666,0,0,0,0,0,unforced_stack_shape_excess,0.076629203426555215,12674,0,2,160,197.84810000000013,1590.6152999999999,pyramid-safety-and-unforced-shape,unforced-shape-0.10-m
2026-10-05_0940_ddr5-4800_threads-1-2-3-4-5-6-8-10-12-14-16-24_r5,avian3d,14,0,1,1,evaluated,0.10000000000000001,0,0,0,0,2,161,1,0,2,162,0.016666666666666666,0,0,0,0,0,rest_envelope,0.076647390021756578,12674,0,2,160,198.75169999999972,1594.0187000000001,pyramid-safety-and-unforced-shape,unforced-shape-0.10-m
2026-10-05_0940_ddr5-4800_threads-1-2-3-4-5-6-8-10-12-14-16-24_r5,avian3d,14,0,1,1,evaluated,0.10000000000000001,0,0,0,0,2,161,1,0,2,162,0.016666666666666666,0,0,0,0,0,upward_excursion,0.059244155883789062,16201,0,2,15,198.75169999999972,1594.0187000000001,pyramid-safety-and-unforced-shape,unforced-shape-0.10-m
2026-10-05_0940_ddr5-4800_threads-1-2-3-4-5-6-8-10-12-14-16-24_r5,avian3d,14,0,1,1,evaluated,0.10000000000000001,0,0,0,0,2,161,1,0,2,162,0.016666666666666666,0,0,0,0,0,unforced_stack_shape_excess,0.076629203426555215,12674,0,2,160,198.75169999999972,1594.0187000000001,pyramid-safety-and-unforced-shape,unforced-shape-0.10-m
2026-10-05_0940_ddr5-4800_threads-1-2-3-4-5-6-8-10-12-14-16-24_r5,avian3d,14,1,1,1,evaluated,0.10000000000000001,0,0,0,0,2,161,1,0,2,162,0.016666666666666666,0,0,0,0,0,rest_envelope,0.076647390021756578,12674,0,2,160,200.23070000000013,1593.5255999999999,pyramid-safety-and-unforced-shape,unforced-shape-0.10-m
2026-10-05_0940_ddr5-4800_threads-1-2-3-4-5-6-8-10-12-14-16-24_r5,avian3d,14,1,1,1,evaluated,0.10000000000000001,0,0,0,0,2,161,1,0,2,162,0.016666666666666666,0,0,0,0,0,upward_excursion,0.059244155883789062,16201,0,2,15,200.23070000000013,1593.5255999999999,pyramid-safety-and-unforced-shape,unforced-shape-0.10-m
2026-10-05_0940_ddr5-4800_threads-1-2-3-4-5-6-8-10-12-14-16-24_r5,avian3d,14,1,1,1,evaluated,0.10000000000000001,0,0,0,0,2,161,1,0,2,162,0.016666666666666666,0,0,0,0,0,unforced_stack_shape_excess,0.076629203426555215,12674,0,2,160,200.23070000000013,1593.5255999999999,pyramid-safety-and-unforced-shape,unforced-shape-0.10-m
2026-10-05_0940_ddr5-4800_threads-1-2-3-4-5-6-8-10-12-14-16-24_r5,avian3d,14,2,1,1,evaluated,0.10000000000000001,0,0,0,0,2,161,1,0,2,162,0.016666666666666666,0,0,0,0,0,rest_envelope,0.076647390021756578,12674,0,2,160,201.57199999999992,1592.9308000000001,pyramid-safety-and-unforced-shape,unforced-shape-0.10-m
2026-10-05_0940_ddr5-4800_threads-1-2-3-4-5-6-8-10-12-14-16-24_r5,avian3d,14,2,1,1,evaluated,0.10000000000000001,0,0,0,0,2,161,1,0,2,162,0.016666666666666666,0,0,0,0,0,upward_excursion,0.059244155883789062,16201,0,2,15,201.57199999999992,1592.9308000000001,pyramid-safety-and-unforced-shape,unforced-shape-0.10-m
2026-10-05_0940_ddr5-4800_threads-1-2-3-4-5-6-8-10-12-14-16-24_r5,avian3d,14,2,1,1,evaluated,0.10000000000000001,0,0,0,0,2,161,1,0,2,162,0.016666666666666666,0,0,0,0,0,unforced_stack_shape_excess,0.076629203426555215,12674,0,2,160,201.57199999999992,1592.9308000000001,pyramid-safety-and-unforced-shape,unforced-shape-0.10-m
2026-10-05_0940_ddr5-4800_threads-1-2-3-4-5-6-8-10-12-14-16-24_r5,avian3d,14,3,1,1,evaluated,0.10000000000000001,0,0,0,0,2,161,1,0,2,162,0.016666666666666666,0,0,0,0,0,rest_envelope,0.076647390021756578,12674,0,2,160,201.58159999999998,1592.4893,pyramid-safety-and-unforced-shape,unforced-shape-0.10-m
2026-10-05_0940_ddr5-4800_threads-1-2-3-4-5-6-8-10-12-14-16-24_r5,avian3d,14,3,1,1,evaluated,0.10000000000000001,0,0,0,0,2,161,1,0,2,162,0.016666666666666666,0,0,0,0,0,upward_excursion,0.059244155883789062,16201,0,2,15,201.58159999999998,1592.4893,pyramid-safety-and-unforced-shape,unforced-shape-0.10-m
2026-10-05_0940_ddr5-4800_threads-1-2-3-4-5-6-8-10-12-14-16-24_r5,avian3d,14,3,1,1,evaluated,0.10000000000000001,0,0,0,0,2,161,1,0,2,162,0.016666666666666666,0,0,0,0,0,unforced_stack_shape_excess,0.076629203426555215,12674,0,2,160,201.58159999999998,1592.4893,pyramid-safety-and-unforced-shape,unforced-shape-0.10-m
2026-10-05_0940_ddr5-4800_threads-1-2-3-4-5-6-8-10-12-14-16-24_r5,avian3d,14,4,1,1,evaluated,0.10000000000000001,0,0,0,0,2,161,1,0,2,162,0.016666666666666666,0,0,0,0,0,rest_envelope,0.076647390021756578,12674,0,2,160,198.89460000000008,1593.9979000000001,pyramid-safety-and-unforced-shape,unforced-shape-0.10-m
2026-10-05_0940_ddr5-4800_threads-1-2-3-4-5-6-8-10-12-14-16-24_r5,avian3d,14,4,1,1,evaluated,0.10000000000000001,0,0,0,0,2,161,1,0,2,162,0.016666666666666666,0,0,0,0,0,upward_excursion,0.059244155883789062,16201,0,2,15,198.89460000000008,1593.9979000000001,pyramid-safety-and-unforced-shape,unforced-shape-0.10-m
2026-10-05_0940_ddr5-4800_threads-1-2-3-4-5-6-8-10-12-14-16-24_r5,avian3d,14,4,1,1,evaluated,0.10000000000000001,0,0,0,0,2,161,1,0,2,162,0.016666666666666666,0,0,0,0,0,unforced_stack_shape_excess,0.076629203426555215,12674,0,2,160,198.89460000000008,1593.9979000000001,pyramid-safety-and-unforced-shape,unforced-shape-0.10-m
2026-10-05_0940_ddr5-4800_threads-1-2-3-4-5-6-8-10-12-14-16-24_r5,avian3d,16,0,1,1,evaluated,0.10000000000000001,0,0,0,0,2,161,1,0,2,162,0.016666666666666666,0,0,0,0,0,rest_envelope,0.076647390021756578,12674,0,2,160,200.47630000000001,1595.6497999999999,pyramid-safety-and-unforced-shape,unforced-shape-0.10-m
2026-10-05_0940_ddr5-4800_threads-1-2-3-4-5-6-8-10-12-14-16-24_r5,avian3d,16,0,1,1,evaluated,0.10000000000000001,0,0,0,0,2,161,1,0,2,162,0.016666666666666666,0,0,0,0,0,upward_excursion,0.059244155883789062,16201,0,2,15,200.47630000000001,1595.6497999999999,pyramid-safety-and-unforced-shape,unforced-shape-0.10-m
2026-10-05_0940_ddr5-4800_threads-1-2-3-4-5-6-8-10-12-14-16-24_r5,avian3d,16,0,1,1,evaluated,0.10000000000000001,0,0,0,0,2,161,1,0,2,162,0.016666666666666666,0,0,0,0,0,unforced_stack_shape_excess,0.076629203426555215,12674,0,2,160,200.47630000000001,1595.6497999999999,pyramid-safety-and-unforced-shape,unforced-shape-0.10-m
2026-10-05_0940_ddr5-4800_threads-1-2-3-4-5-6-8-10-12-14-16-24_r5,avian3d,16,1,1,1,evaluated,0.10000000000000001,0,0,0,0,2,161,1,0,2,162,0.016666666666666666,0,0,0,0,0,rest_envelope,0.076647390021756578,12674,0,2,160,201.90600000000012,1595.1316999999999,pyramid-safety-and-unforced-shape,unforced-shape-0.10-m
2026-10-05_0940_ddr5-4800_threads-1-2-3-4-5-6-8-10-12-14-16-24_r5,avian3d,16,1,1,1,evaluated,0.10000000000000001,0,0,0,0,2,161,1,0,2,162,0.016666666666666666,0,0,0,0,0,upward_excursion,0.059244155883789062,16201,0,2,15,201.90600000000012,1595.1316999999999,pyramid-safety-and-unforced-shape,unforced-shape-0.10-m
2026-10-05_0940_ddr5-4800_threads-1-2-3-4-5-6-8-10-12-14-16-24_r5,avian3d,16,1,1,1,evaluated,0.10000000000000001,0,0,0,0,2,161,1,0,2,162,0.016666666666666666,0,0,0,0,0,unforced_stack_shape_excess,0.076629203426555215,12674,0,2,160,201.90600000000012,1595.1316999999999,pyramid-safety-and-unforced-shape,unforced-shape-0.10-m
2026-10-05_0940_ddr5-4800_threads-1-2-3-4-5-6-8-10-12-14-16-24_r5,avian3d,16,2,1,1,evaluated,0.10000000000000001,0,0,0,0,2,161,1,0,2,162,0.016666666666666666,0,0,0,0,0,rest_envelope,0.076647390021756578,12674,0,2,160,198.61300000000003,1610.8054999999999,pyramid-safety-and-unforced-shape,unforced-shape-0.10-m
2026-10-05_0940_ddr5-4800_threads-1-2-3-4-5-6-8-10-12-14-16-24_r5,avian3d,16,2,1,1,evaluated,0.10000000000000001,0,0,0,0,2,161,1,0,2,162,0.016666666666666666,0,0,0,0,0,upward_excursion,0.059244155883789062,16201,0,2,15,198.61300000000003,1610.8054999999999,pyramid-safety-and-unforced-shape,unforced-shape-0.10-m
2026-10-05_0940_ddr5-4800_threads-1-2-3-4-5-6-8-10-12-14-16-24_r5,avian3d,16,2,1,1,evaluated,0.10000000000000001,0,0,0,0,2,161,1,0,2,162,0.016666666666666666,0,0,0,0,0,unforced_stack_shape_excess,0.076629203426555215,12674,0,2,160,198.61300000000003,1610.8054999999999,pyramid-safety-and-unforced-shape,unforced-shape-0.10-m
2026-10-05_0940_ddr5-4800_threads-1-2-3-4-5-6-8-10-12-14-16-24_r5,avian3d,16,3,1,1,evaluated,0.10000000000000001,0,0,0,0,2,161,1,0,2,162,0.016666666666666666,0,0,0,0,0,rest_envelope,0.076647390021756578,12674,0,2,160,200.20819999999992,1593.7524000000001,pyramid-safety-and-unforced-shape,unforced-shape-0.10-m
2026-10-05_0940_ddr5-4800_threads-1-2-3-4-5-6-8-10-12-14-16-24_r5,avian3d,16,3,1,1,evaluated,0.10000000000000001,0,0,0,0,2,161,1,0,2,162,0.016666666666666666,0,0,0,0,0,upward_excursion,0.059244155883789062,16201,0,2,15,200.20819999999992,1593.7524000000001,pyramid-safety-and-unforced-shape,unforced-shape-0.10-m
2026-10-05_0940_ddr5-4800_threads-1-2-3-4-5-6-8-10-12-14-16-24_r5,avian3d,16,3,1,1,evaluated,0.10000000000000001,0,0,0,0,2,161,1,0,2,162,0.016666666666666666,0,0,0,0,0,unforced_stack_shape_excess,0.076629203426555215,12674,0,2,160,200.20819999999992,1593.7524000000001,pyramid-safety-and-unforced-shape,unforced-shape-0.10-m
2026-10-05_0940_ddr5-4800_threads-1-2-3-4-5-6-8-10-12-14-16-24_r5,avian3d,16,4,1,1,evaluated,0.10000000000000001,0,0,0,0,2,161,1,0,2,162,0.016666666666666666,0,0,0,0,0,rest_envelope,0.076647390021756578,12674,0,2,160,201.31190000000018,1596.2315000000001,pyramid-safety-and-unforced-shape,unforced-shape-0.10-m
2026-10-05_0940_ddr5-4800_threads-1-2-3-4-5-6-8-10-12-14-16-24_r5,avian3d,16,4,1,1,evaluated,0.10000000000000001,0,0,0,0,2,161,1,0,2,162,0.016666666666666666,0,0,0,0,0,upward_excursion,0.059244155883789062,16201,0,2,15,201.31190000000018,1596.2315000000001,pyramid-safety-and-unforced-shape,unforced-shape-0.10-m
2026-10-05_0940_ddr5-4800_threads-1-2-3-4-5-6-8-10-12-14-16-24_r5,avian3d,16,4,1,1,evaluated,0.10000000000000001,0,0,0,0,2,161,1,0,2,162,0.016666666666666666,0,0,0,0,0,unforced_stack_shape_excess,0.076629203426555215,12674,0,2,160,201.31190000000018,1596.2315000000001,pyramid-safety-and-unforced-shape,unforced-shape-0.10-m
2026-10-05_0940_ddr5-4800_threads-1-2-3-4-5-6-8-10-12-14-16-24_r5,avian3d,24,0,1,1,evaluated,0.10000000000000001,0,0,0,0,2,161,1,0,2,162,0.016666666666666666,0,0,0,0,0,rest_envelope,0.076647390021756578,12674,0,2,160,203.90189999999998,1597.1741,pyramid-safety-and-unforced-shape,unforced-shape-0.10-m
2026-10-05_0940_ddr5-4800_threads-1-2-3-4-5-6-8-10-12-14-16-24_r5,avian3d,24,0,1,1,evaluated,0.10000000000000001,0,0,0,0,2,161,1,0,2,162,0.016666666666666666,0,0,0,0,0,upward_excursion,0.059244155883789062,16201,0,2,15,203.90189999999998,1597.1741,pyramid-safety-and-unforced-shape,unforced-shape-0.10-m
2026-10-05_0940_ddr5-4800_threads-1-2-3-4-5-6-8-10-12-14-16-24_r5,avian3d,24,0,1,1,evaluated,0.10000000000000001,0,0,0,0,2,161,1,0,2,162,0.016666666666666666,0,0,0,0,0,unforced_stack_shape_excess,0.076629203426555215,12674,0,2,160,203.90189999999998,1597.1741,pyramid-safety-and-unforced-shape,unforced-shape-0.10-m
2026-10-05_0940_ddr5-4800_threads-1-2-3-4-5-6-8-10-12-14-16-24_r5,avian3d,24,1,1,1,evaluated,0.10000000000000001,0,0,0,0,2,161,1,0,2,162,0.016666666666666666,0,0,0,0,0,rest_envelope,0.076647390021756578,12674,0,2,160,197.87800000000024,1594.5739000000001,pyramid-safety-and-unforced-shape,unforced-shape-0.10-m
2026-10-05_0940_ddr5-4800_threads-1-2-3-4-5-6-8-10-12-14-16-24_r5,avian3d,24,1,1,1,evaluated,0.10000000000000001,0,0,0,0,2,161,1,0,2,162,0.016666666666666666,0,0,0,0,0,upward_excursion,0.059244155883789062,16201,0,2,15,197.87800000000024,1594.5739000000001,pyramid-safety-and-unforced-shape,unforced-shape-0.10-m
2026-10-05_0940_ddr5-4800_threads-1-2-3-4-5-6-8-10-12-14-16-24_r5,avian3d,24,1,1,1,evaluated,0.10000000000000001,0,0,0,0,2,161,1,0,2,162,0.016666666666666666,0,0,0,0,0,unforced_stack_shape_excess,0.076629203426555215,12674,0,2,160,197.87800000000024,1594.5739000000001,pyramid-safety-and-unforced-shape,unforced-shape-0.10-m
2026-10-05_0940_ddr5-4800_threads-1-2-3-4-5-6-8-10-12-14-16-24_r5,avian3d,24,2,1,1,evaluated,0.10000000000000001,0,0,0,0,2,161,1,0,2,162,0.016666666666666666,0,0,0,0,0,rest_envelope,0.076647390021756578,12674,0,2,160,197.98480000000032,1595.2358999999999,pyramid-safety-and-unforced-shape,unforced-shape-0.10-m
2026-10-05_0940_ddr5-4800_threads-1-2-3-4-5-6-8-10-12-14-16-24_r5,avian3d,24,2,1,1,evaluated,0.10000000000000001,0,0,0,0,2,161,1,0,2,162,0.016666666666666666,0,0,0,0,0,upward_excursion,0.059244155883789062,16201,0,2,15,197.98480000000032,1595.2358999999999,pyramid-safety-and-unforced-shape,unforced-shape-0.10-m
2026-10-05_0940_ddr5-4800_threads-1-2-3-4-5-6-8-10-12-14-16-24_r5,avian3d,24,2,1,1,evaluated,0.10000000000000001,0,0,0,0,2,161,1,0,2,162,0.016666666666666666,0,0,0,0,0,unforced_stack_shape_excess,0.076629203426555215,12674,0,2,160,197.98480000000032,1595.2358999999999,pyramid-safety-and-unforced-shape,unforced-shape-0.10-m
2026-10-05_0940_ddr5-4800_threads-1-2-3-4-5-6-8-10-12-14-16-24_r5,avian3d,24,3,1,1,evaluated,0.10000000000000001,0,0,0,0,2,161,1,0,2,162,0.016666666666666666,0,0,0,0,0,rest_envelope,0.076647390021756578,12674,0,2,160,201.4234999999999,1597.3462999999999,pyramid-safety-and-unforced-shape,unforced-shape-0.10-m
2026-10-05_0940_ddr5-4800_threads-1-2-3-4-5-6-8-10-12-14-16-24_r5,avian3d,24,3,1,1,evaluated,0.10000000000000001,0,0,0,0,2,161,1,0,2,162,0.016666666666666666,0,0,0,0,0,upward_excursion,0.059244155883789062,16201,0,2,15,201.4234999999999,1597.3462999999999,pyramid-safety-and-unforced-shape,unforced-shape-0.10-m
2026-10-05_0940_ddr5-4800_threads-1-2-3-4-5-6-8-10-12-14-16-24_r5,avian3d,24,3,1,1,evaluated,0.10000000000000001,0,0,0,0,2,161,1,0,2,162,0.016666666666666666,0,0,0,0,0,unforced_stack_shape_excess,0.076629203426555215,12674,0,2,160,201.4234999999999,1597.3462999999999,pyramid-safety-and-unforced-shape,unforced-shape-0.10-m
2026-10-05_0940_ddr5-4800_threads-1-2-3-4-5-6-8-10-12-14-16-24_r5,avian3d,24,4,1,1,evaluated,0.10000000000000001,0,0,0,0,2,161,1,0,2,162,0.016666666666666666,0,0,0,0,0,rest_envelope,0.076647390021756578,12674,0,2,160,200.17589999999996,1612.4926,pyramid-safety-and-unforced-shape,unforced-shape-0.10-m
2026-10-05_0940_ddr5-4800_threads-1-2-3-4-5-6-8-10-12-14-16-24_r5,avian3d,24,4,1,1,evaluated,0.10000000000000001,0,0,0,0,2,161,1,0,2,162,0.016666666666666666,0,0,0,0,0,upward_excursion,0.059244155883789062,16201,0,2,15,200.17589999999996,1612.4926,pyramid-safety-and-unforced-shape,unforced-shape-0.10-m
2026-10-05_0940_ddr5-4800_threads-1-2-3-4-5-6-8-10-12-14-16-24_r5,avian3d,24,4,1,1,evaluated,0.10000000000000001,0,0,0,0,2,161,1,0,2,162,0.016666666666666666,0,0,0,0,0,unforced_stack_shape_excess,0.076629203426555215,12674,0,2,160,200.17589999999996,1612.4926,pyramid-safety-and-unforced-shape,unforced-shape-0.10-m
2026-10-05_0940_ddr5-4800_threads-1-2-3-4-5-6-8-10-12-14-16-24_r5,unity_physics,1,0,2,1,evaluated,0.10000000000000001,0,0,0,0,2,160,1,0,2,161,0.016666666666666666,9,14495,0,2,9,rest_envelope,0.89005720913504049,14430,0,2,160,750.66859999999917,1584.3303000000001,pyramid-safety-and-unforced-shape,unforced-shape-0.10-m
2026-10-05_0940_ddr5-4800_threads-1-2-3-4-5-6-8-10-12-14-16-24_r5,unity_physics,1,0,2,1,evaluated,0.10000000000000001,0,0,0,0,2,160,1,0,2,161,0.016666666666666666,9,14495,0,2,9,upward_excursion,0.20969581604003906,16186,0,2,35,750.66859999999917,1584.3303000000001,pyramid-safety-and-unforced-shape,unforced-shape-0.10-m
2026-10-05_0940_ddr5-4800_threads-1-2-3-4-5-6-8-10-12-14-16-24_r5,unity_physics,1,0,2,1,evaluated,0.10000000000000001,0,0,0,0,2,160,1,0,2,161,0.016666666666666666,9,14495,0,2,9,unforced_stack_shape_excess,0.88982318583798281,14430,0,2,160,750.66859999999917,1584.3303000000001,pyramid-safety-and-unforced-shape,unforced-shape-0.10-m
2026-10-05_0940_ddr5-4800_threads-1-2-3-4-5-6-8-10-12-14-16-24_r5,physx34,1,0,2,1,evaluated,0.10000000000000001,0,0,0,0,2,161,1,0,2,162,0.016666666666666666,9,13444,0,2,9,rest_envelope,0.24602108493764163,16205,0,2,17,333.44269999999972,1596.5208,pyramid-safety-and-unforced-shape,unforced-shape-0.10-m
2026-10-05_0940_ddr5-4800_threads-1-2-3-4-5-6-8-10-12-14-16-24_r5,physx34,1,0,2,1,evaluated,0.10000000000000001,0,0,0,0,2,161,1,0,2,162,0.016666666666666666,9,13444,0,2,9,upward_excursion,0.22581291198730469,16205,0,2,36,333.44269999999972,1596.5208,pyramid-safety-and-unforced-shape,unforced-shape-0.10-m
2026-10-05_0940_ddr5-4800_threads-1-2-3-4-5-6-8-10-12-14-16-24_r5,physx34,1,0,2,1,evaluated,0.10000000000000001,0,0,0,0,2,161,1,0,2,162,0.016666666666666666,9,13444,0,2,9,unforced_stack_shape_excess,0.24602020038933503,16205,0,2,17,333.44269999999972,1596.5208,pyramid-safety-and-unforced-shape,unforced-shape-0.10-m
2026-10-05_0940_ddr5-4800_threads-1-2-3-4-5-6-8-10-12-14-16-24_r5,nvidia_physx34,1,0,2,1,evaluated,0.10000000000000001,0,0,0,0,2,161,1,0,2,162,0.016666666666666666,9,13115,0,2,9,rest_envelope,0.24208189630014232,16204,0,2,17,316.30649999999969,1574.9297999999999,pyramid-safety-and-unforced-shape,unforced-shape-0.10-m
2026-10-05_0940_ddr5-4800_threads-1-2-3-4-5-6-8-10-12-14-16-24_r5,nvidia_physx34,1,0,2,1,evaluated,0.10000000000000001,0,0,0,0,2,161,1,0,2,162,0.016666666666666666,9,13115,0,2,9,upward_excursion,0.20693016052246094,16205,0,2,35,316.30649999999969,1574.9297999999999,pyramid-safety-and-unforced-shape,unforced-shape-0.10-m
2026-10-05_0940_ddr5-4800_threads-1-2-3-4-5-6-8-10-12-14-16-24_r5,nvidia_physx34,1,0,2,1,evaluated,0.10000000000000001,0,0,0,0,2,161,1,0,2,162,0.016666666666666666,9,13115,0,2,9,unforced_stack_shape_excess,0.24207932014214045,16204,0,2,17,316.30649999999969,1574.9297999999999,pyramid-safety-and-unforced-shape,unforced-shape-0.10-m
2026-10-05_0940_ddr5-4800_threads-1-2-3-4-5-6-8-10-12-14-16-24_r5,nvidia_physx5,1,0,2,1,evaluated,0.10000000000000001,0,0,0,0,2,161,1,0,2,162,0.016666666666666666,9,13818,0,2,9,rest_envelope,0.24890624424319441,16205,0,2,17,347.7420999999996,1582.2897,pyramid-safety-and-unforced-shape,unforced-shape-0.10-m
2026-10-05_0940_ddr5-4800_threads-1-2-3-4-5-6-8-10-12-14-16-24_r5,nvidia_physx5,1,0,2,1,evaluated,0.10000000000000001,0,0,0,0,2,161,1,0,2,162,0.016666666666666666,9,13818,0,2,9,upward_excursion,0.18274116516113281,16205,0,2,34,347.7420999999996,1582.2897,pyramid-safety-and-unforced-shape,unforced-shape-0.10-m
2026-10-05_0940_ddr5-4800_threads-1-2-3-4-5-6-8-10-12-14-16-24_r5,nvidia_physx5,1,0,2,1,evaluated,0.10000000000000001,0,0,0,0,2,161,1,0,2,162,0.016666666666666666,9,13818,0,2,9,unforced_stack_shape_excess,0.2489060627114541,16205,0,2,17,347.7420999999996,1582.2897,pyramid-safety-and-unforced-shape,unforced-shape-0.10-m
2026-10-05_0940_ddr5-4800_threads-1-2-3-4-5-6-8-10-12-14-16-24_r5,unreal_chaos,1,0,1,1,evaluated,0.10000000000000001,0,0,0,0,2,161,1,0,2,162,0.016666666666666666,0,0,0,0,0,rest_envelope,0.057529875133910835,16158,0,2,8,194.34270000000006,1568.8177000000001,pyramid-safety-and-unforced-shape,unforced-shape-0.10-m
2026-10-05_0940_ddr5-4800_threads-1-2-3-4-5-6-8-10-12-14-16-24_r5,unreal_chaos,1,0,1,1,evaluated,0.10000000000000001,0,0,0,0,2,161,1,0,2,162,0.016666666666666666,0,0,0,0,0,upward_excursion,0.036045074462890625,16193,0,2,16,194.34270000000006,1568.8177000000001,pyramid-safety-and-unforced-shape,unforced-shape-0.10-m
2026-10-05_0940_ddr5-4800_threads-1-2-3-4-5-6-8-10-12-14-16-24_r5,unreal_chaos,1,0,1,1,evaluated,0.10000000000000001,0,0,0,0,2,161,1,0,2,162,0.016666666666666666,0,0,0,0,0,unforced_stack_shape_excess,0.057527007423975873,16158,0,2,8,194.34270000000006,1568.8177000000001,pyramid-safety-and-unforced-shape,unforced-shape-0.10-m
2026-10-05_0940_ddr5-4800_threads-1-2-3-4-5-6-8-10-12-14-16-24_r5,unreal_chaos,1,1,1,1,evaluated,0.10000000000000001,0,0,0,0,2,161,1,0,2,162,0.016666666666666666,0,0,0,0,0,rest_envelope,0.057529875133910835,16158,0,2,8,187.99900000000005,1609.73,pyramid-safety-and-unforced-shape,unforced-shape-0.10-m
2026-10-05_0940_ddr5-4800_threads-1-2-3-4-5-6-8-10-12-14-16-24_r5,unreal_chaos,1,1,1,1,evaluated,0.10000000000000001,0,0,0,0,2,161,1,0,2,162,0.016666666666666666,0,0,0,0,0,upward_excursion,0.036045074462890625,16193,0,2,16,187.99900000000005,1609.73,pyramid-safety-and-unforced-shape,unforced-shape-0.10-m
2026-10-05_0940_ddr5-4800_threads-1-2-3-4-5-6-8-10-12-14-16-24_r5,unreal_chaos,1,1,1,1,evaluated,0.10000000000000001,0,0,0,0,2,161,1,0,2,162,0.016666666666666666,0,0,0,0,0,unforced_stack_shape_excess,0.057527007423975873,16158,0,2,8,187.99900000000005,1609.73,pyramid-safety-and-unforced-shape,unforced-shape-0.10-m
2026-10-05_0940_ddr5-4800_threads-1-2-3-4-5-6-8-10-12-14-16-24_r5,unreal_chaos,1,2,1,1,evaluated,0.10000000000000001,0,0,0,0,2,161,1,0,2,162,0.016666666666666666,0,0,0,0,0,rest_envelope,0.057529875133910835,16158,0,2,8,193.72420000000002,1571.0154,pyramid-safety-and-unforced-shape,unforced-shape-0.10-m
2026-10-05_0940_ddr5-4800_threads-1-2-3-4-5-6-8-10-12-14-16-24_r5,unreal_chaos,1,2,1,1,evaluated,0.10000000000000001,0,0,0,0,2,161,1,0,2,162,0.016666666666666666,0,0,0,0,0,upward_excursion,0.036045074462890625,16193,0,2,16,193.72420000000002,1571.0154,pyramid-safety-and-unforced-shape,unforced-shape-0.10-m
2026-10-05_0940_ddr5-4800_threads-1-2-3-4-5-6-8-10-12-14-16-24_r5,unreal_chaos,1,2,1,1,evaluated,0.10000000000000001,0,0,0,0,2,161,1,0,2,162,0.016666666666666666,0,0,0,0,0,unforced_stack_shape_excess,0.057527007423975873,16158,0,2,8,193.72420000000002,1571.0154,pyramid-safety-and-unforced-shape,unforced-shape-0.10-m
2026-10-05_0940_ddr5-4800_threads-1-2-3-4-5-6-8-10-12-14-16-24_r5,unreal_chaos,1,3,1,1,evaluated,0.10000000000000001,0,0,0,0,2,161,1,0,2,162,0.016666666666666666,0,0,0,0,0,rest_envelope,0.057529875133910835,16158,0,2,8,192.06379999999993,1571.1991,pyramid-safety-and-unforced-shape,unforced-shape-0.10-m
2026-10-05_0940_ddr5-4800_threads-1-2-3-4-5-6-8-10-12-14-16-24_r5,unreal_chaos,1,3,1,1,evaluated,0.10000000000000001,0,0,0,0,2,161,1,0,2,162,0.016666666666666666,0,0,0,0,0,upward_excursion,0.036045074462890625,16193,0,2,16,192.06379999999993,1571.1991,pyramid-safety-and-unforced-shape,unforced-shape-0.10-m
2026-10-05_0940_ddr5-4800_threads-1-2-3-4-5-6-8-10-12-14-16-24_r5,unreal_chaos,1,3,1,1,evaluated,0.10000000000000001,0,0,0,0,2,161,1,0,2,162,0.016666666666666666,0,0,0,0,0,unforced_stack_shape_excess,0.057527007423975873,16158,0,2,8,192.06379999999993,1571.1991,pyramid-safety-and-unforced-shape,unforced-shape-0.10-m
2026-10-05_0940_ddr5-4800_threads-1-2-3-4-5-6-8-10-12-14-16-24_r5,unreal_chaos,1,4,1,1,evaluated,0.10000000000000001,0,0,0,0,2,161,1,0,2,162,0.016666666666666666,0,0,0,0,0,rest_envelope,0.057529875133910835,16158,0,2,8,194.38049999999984,1571.1564000000001,pyramid-safety-and-unforced-shape,unforced-shape-0.10-m
2026-10-05_0940_ddr5-4800_threads-1-2-3-4-5-6-8-10-12-14-16-24_r5,unreal_chaos,1,4,1,1,evaluated,0.10000000000000001,0,0,0,0,2,161,1,0,2,162,0.016666666666666666,0,0,0,0,0,upward_excursion,0.036045074462890625,16193,0,2,16,194.38049999999984,1571.1564000000001,pyramid-safety-and-unforced-shape,unforced-shape-0.10-m
2026-10-05_0940_ddr5-4800_threads-1-2-3-4-5-6-8-10-12-14-16-24_r5,unreal_chaos,1,4,1,1,evaluated,0.10000000000000001,0,0,0,0,2,161,1,0,2,162,0.016666666666666666,0,0,0,0,0,unforced_stack_shape_excess,0.057527007423975873,16158,0,2,8,194.38049999999984,1571.1564000000001,pyramid-safety-and-unforced-shape,unforced-shape-0.10-m
2026-10-05_0940_ddr5-4800_threads-1-2-3-4-5-6-8-10-12-14-16-24_r5,unreal_chaos,2,0,1,1,evaluated,0.10000000000000001,0,0,0,0,2,161,1,0,2,162,0.016666666666666666,0,0,0,0,0,rest_envelope,0.057529875133910835,16158,0,2,8,196.31979999999982,1569.1548,pyramid-safety-and-unforced-shape,unforced-shape-0.10-m
2026-10-05_0940_ddr5-4800_threads-1-2-3-4-5-6-8-10-12-14-16-24_r5,unreal_chaos,2,0,1,1,evaluated,0.10000000000000001,0,0,0,0,2,161,1,0,2,162,0.016666666666666666,0,0,0,0,0,upward_excursion,0.036045074462890625,16193,0,2,16,196.31979999999982,1569.1548,pyramid-safety-and-unforced-shape,unforced-shape-0.10-m
2026-10-05_0940_ddr5-4800_threads-1-2-3-4-5-6-8-10-12-14-16-24_r5,unreal_chaos,2,0,1,1,evaluated,0.10000000000000001,0,0,0,0,2,161,1,0,2,162,0.016666666666666666,0,0,0,0,0,unforced_stack_shape_excess,0.057527007423975873,16158,0,2,8,196.31979999999982,1569.1548,pyramid-safety-and-unforced-shape,unforced-shape-0.10-m
2026-10-05_0940_ddr5-4800_threads-1-2-3-4-5-6-8-10-12-14-16-24_r5,unreal_chaos,2,1,1,1,evaluated,0.10000000000000001,0,0,0,0,2,161,1,0,2,162,0.016666666666666666,0,0,0,0,0,rest_envelope,0.057529875133910835,16158,0,2,8,198.79970000000009,1571.0600999999999,pyramid-safety-and-unforced-shape,unforced-shape-0.10-m
2026-10-05_0940_ddr5-4800_threads-1-2-3-4-5-6-8-10-12-14-16-24_r5,unreal_chaos,2,1,1,1,evaluated,0.10000000000000001,0,0,0,0,2,161,1,0,2,162,0.016666666666666666,0,0,0,0,0,upward_excursion,0.036045074462890625,16193,0,2,16,198.79970000000009,1571.0600999999999,pyramid-safety-and-unforced-shape,unforced-shape-0.10-m
2026-10-05_0940_ddr5-4800_threads-1-2-3-4-5-6-8-10-12-14-16-24_r5,unreal_chaos,2,1,1,1,evaluated,0.10000000000000001,0,0,0,0,2,161,1,0,2,162,0.016666666666666666,0,0,0,0,0,unforced_stack_shape_excess,0.057527007423975873,16158,0,2,8,198.79970000000009,1571.0600999999999,pyramid-safety-and-unforced-shape,unforced-shape-0.10-m
2026-10-05_0940_ddr5-4800_threads-1-2-3-4-5-6-8-10-12-14-16-24_r5,unreal_chaos,2,2,1,1,evaluated,0.10000000000000001,0,0,0,0,2,161,1,0,2,162,0.016666666666666666,0,0,0,0,0,rest_envelope,0.057529875133910835,16158,0,2,8,194.65220000000008,1569.5565999999999,pyramid-safety-and-unforced-shape,unforced-shape-0.10-m
2026-10-05_0940_ddr5-4800_threads-1-2-3-4-5-6-8-10-12-14-16-24_r5,unreal_chaos,2,2,1,1,evaluated,0.10000000000000001,0,0,0,0,2,161,1,0,2,162,0.016666666666666666,0,0,0,0,0,upward_excursion,0.036045074462890625,16193,0,2,16,194.65220000000008,1569.5565999999999,pyramid-safety-and-unforced-shape,unforced-shape-0.10-m
2026-10-05_0940_ddr5-4800_threads-1-2-3-4-5-6-8-10-12-14-16-24_r5,unreal_chaos,2,2,1,1,evaluated,0.10000000000000001,0,0,0,0,2,161,1,0,2,162,0.016666666666666666,0,0,0,0,0,unforced_stack_shape_excess,0.057527007423975873,16158,0,2,8,194.65220000000008,1569.5565999999999,pyramid-safety-and-unforced-shape,unforced-shape-0.10-m
2026-10-05_0940_ddr5-4800_threads-1-2-3-4-5-6-8-10-12-14-16-24_r5,unreal_chaos,2,3,1,1,evaluated,0.10000000000000001,0,0,0,0,2,161,1,0,2,162,0.016666666666666666,0,0,0,0,0,rest_envelope,0.057529875133910835,16158,0,2,8,203.32029999999983,1567.4946,pyramid-safety-and-unforced-shape,unforced-shape-0.10-m
2026-10-05_0940_ddr5-4800_threads-1-2-3-4-5-6-8-10-12-14-16-24_r5,unreal_chaos,2,3,1,1,evaluated,0.10000000000000001,0,0,0,0,2,161,1,0,2,162,0.016666666666666666,0,0,0,0,0,upward_excursion,0.036045074462890625,16193,0,2,16,203.32029999999983,1567.4946,pyramid-safety-and-unforced-shape,unforced-shape-0.10-m
2026-10-05_0940_ddr5-4800_threads-1-2-3-4-5-6-8-10-12-14-16-24_r5,unreal_chaos,2,3,1,1,evaluated,0.10000000000000001,0,0,0,0,2,161,1,0,2,162,0.016666666666666666,0,0,0,0,0,unforced_stack_shape_excess,0.057527007423975873,16158,0,2,8,203.32029999999983,1567.4946,pyramid-safety-and-unforced-shape,unforced-shape-0.10-m
2026-10-05_0940_ddr5-4800_threads-1-2-3-4-5-6-8-10-12-14-16-24_r5,unreal_chaos,2,4,1,1,evaluated,0.10000000000000001,0,0,0,0,2,161,1,0,2,162,0.016666666666666666,0,0,0,0,0,rest_envelope,0.057529875133910835,16158,0,2,8,201.35440000000003,1568.7436,pyramid-safety-and-unforced-shape,unforced-shape-0.10-m
2026-10-05_0940_ddr5-4800_threads-1-2-3-4-5-6-8-10-12-14-16-24_r5,unreal_chaos,2,4,1,1,evaluated,0.10000000000000001,0,0,0,0,2,161,1,0,2,162,0.016666666666666666,0,0,0,0,0,upward_excursion,0.036045074462890625,16193,0,2,16,201.35440000000003,1568.7436,pyramid-safety-and-unforced-shape,unforced-shape-0.10-m
2026-10-05_0940_ddr5-4800_threads-1-2-3-4-5-6-8-10-12-14-16-24_r5,unreal_chaos,2,4,1,1,evaluated,0.10000000000000001,0,0,0,0,2,161,1,0,2,162,0.016666666666666666,0,0,0,0,0,unforced_stack_shape_excess,0.057527007423975873,16158,0,2,8,201.35440000000003,1568.7436,pyramid-safety-and-unforced-shape,unforced-shape-0.10-m
2026-10-05_0940_ddr5-4800_threads-1-2-3-4-5-6-8-10-12-14-16-24_r5,unreal_chaos,3,0,1,1,evaluated,0.10000000000000001,0,0,0,0,2,161,1,0,2,162,0.016666666666666666,0,0,0,0,0,rest_envelope,0.057529875133910835,16158,0,2,8,198.32369999999995,1571.4579000000001,pyramid-safety-and-unforced-shape,unforced-shape-0.10-m
2026-10-05_0940_ddr5-4800_threads-1-2-3-4-5-6-8-10-12-14-16-24_r5,unreal_chaos,3,0,1,1,evaluated,0.10000000000000001,0,0,0,0,2,161,1,0,2,162,0.016666666666666666,0,0,0,0,0,upward_excursion,0.036045074462890625,16193,0,2,16,198.32369999999995,1571.4579000000001,pyramid-safety-and-unforced-shape,unforced-shape-0.10-m
2026-10-05_0940_ddr5-4800_threads-1-2-3-4-5-6-8-10-12-14-16-24_r5,unreal_chaos,3,0,1,1,evaluated,0.10000000000000001,0,0,0,0,2,161,1,0,2,162,0.016666666666666666,0,0,0,0,0,unforced_stack_shape_excess,0.057527007423975873,16158,0,2,8,198.32369999999995,1571.4579000000001,pyramid-safety-and-unforced-shape,unforced-shape-0.10-m
2026-10-05_0940_ddr5-4800_threads-1-2-3-4-5-6-8-10-12-14-16-24_r5,unreal_chaos,3,1,1,1,evaluated,0.10000000000000001,0,0,0,0,2,161,1,0,2,162,0.016666666666666666,0,0,0,0,0,rest_envelope,0.057529875133910835,16158,0,2,8,196.77759999999978,1568.0509999999999,pyramid-safety-and-unforced-shape,unforced-shape-0.10-m
2026-10-05_0940_ddr5-4800_threads-1-2-3-4-5-6-8-10-12-14-16-24_r5,unreal_chaos,3,1,1,1,evaluated,0.10000000000000001,0,0,0,0,2,161,1,0,2,162,0.016666666666666666,0,0,0,0,0,upward_excursion,0.036045074462890625,16193,0,2,16,196.77759999999978,1568.0509999999999,pyramid-safety-and-unforced-shape,unforced-shape-0.10-m
2026-10-05_0940_ddr5-4800_threads-1-2-3-4-5-6-8-10-12-14-16-24_r5,unreal_chaos,3,1,1,1,evaluated,0.10000000000000001,0,0,0,0,2,161,1,0,2,162,0.016666666666666666,0,0,0,0,0,unforced_stack_shape_excess,0.057527007423975873,16158,0,2,8,196.77759999999978,1568.0509999999999,pyramid-safety-and-unforced-shape,unforced-shape-0.10-m
2026-10-05_0940_ddr5-4800_threads-1-2-3-4-5-6-8-10-12-14-16-24_r5,unreal_chaos,3,2,1,1,evaluated,0.10000000000000001,0,0,0,0,2,161,1,0,2,162,0.016666666666666666,0,0,0,0,0,rest_envelope,0.057529875133910835,16158,0,2,8,198.2739999999998,1571.3806,pyramid-safety-and-unforced-shape,unforced-shape-0.10-m
2026-10-05_0940_ddr5-4800_threads-1-2-3-4-5-6-8-10-12-14-16-24_r5,unreal_chaos,3,2,1,1,evaluated,0.10000000000000001,0,0,0,0,2,161,1,0,2,162,0.016666666666666666,0,0,0,0,0,upward_excursion,0.036045074462890625,16193,0,2,16,198.2739999999998,1571.3806,pyramid-safety-and-unforced-shape,unforced-shape-0.10-m
2026-10-05_0940_ddr5-4800_threads-1-2-3-4-5-6-8-10-12-14-16-24_r5,unreal_chaos,3,2,1,1,evaluated,0.10000000000000001,0,0,0,0,2,161,1,0,2,162,0.016666666666666666,0,0,0,0,0,unforced_stack_shape_excess,0.057527007423975873,16158,0,2,8,198.2739999999998,1571.3806,pyramid-safety-and-unforced-shape,unforced-shape-0.10-m
2026-10-05_0940_ddr5-4800_threads-1-2-3-4-5-6-8-10-12-14-16-24_r5,unreal_chaos,3,3,1,1,evaluated,0.10000000000000001,0,0,0,0,2,161,1,0,2,162,0.016666666666666666,0,0,0,0,0,rest_envelope,0.057529875133910835,16158,0,2,8,188.51670000000016,1570.8731,pyramid-safety-and-unforced-shape,unforced-shape-0.10-m
2026-10-05_0940_ddr5-4800_threads-1-2-3-4-5-6-8-10-12-14-16-24_r5,unreal_chaos,3,3,1,1,evaluated,0.10000000000000001,0,0,0,0,2,161,1,0,2,162,0.016666666666666666,0,0,0,0,0,upward_excursion,0.036045074462890625,16193,0,2,16,188.51670000000016,1570.8731,pyramid-safety-and-unforced-shape,unforced-shape-0.10-m
2026-10-05_0940_ddr5-4800_threads-1-2-3-4-5-6-8-10-12-14-16-24_r5,unreal_chaos,3,3,1,1,evaluated,0.10000000000000001,0,0,0,0,2,161,1,0,2,162,0.016666666666666666,0,0,0,0,0,unforced_stack_shape_excess,0.057527007423975873,16158,0,2,8,188.51670000000016,1570.8731,pyramid-safety-and-unforced-shape,unforced-shape-0.10-m
2026-10-05_0940_ddr5-4800_threads-1-2-3-4-5-6-8-10-12-14-16-24_r5,unreal_chaos,3,4,1,1,evaluated,0.10000000000000001,0,0,0,0,2,161,1,0,2,162,0.016666666666666666,0,0,0,0,0,rest_envelope,0.057529875133910835,16158,0,2,8,197.19850000000014,1567.7882999999999,pyramid-safety-and-unforced-shape,unforced-shape-0.10-m
2026-10-05_0940_ddr5-4800_threads-1-2-3-4-5-6-8-10-12-14-16-24_r5,unreal_chaos,3,4,1,1,evaluated,0.10000000000000001,0,0,0,0,2,161,1,0,2,162,0.016666666666666666,0,0,0,0,0,upward_excursion,0.036045074462890625,16193,0,2,16,197.19850000000014,1567.7882999999999,pyramid-safety-and-unforced-shape,unforced-shape-0.10-m
2026-10-05_0940_ddr5-4800_threads-1-2-3-4-5-6-8-10-12-14-16-24_r5,unreal_chaos,3,4,1,1,evaluated,0.10000000000000001,0,0,0,0,2,161,1,0,2,162,0.016666666666666666,0,0,0,0,0,unforced_stack_shape_excess,0.057527007423975873,16158,0,2,8,197.19850000000014,1567.7882999999999,pyramid-safety-and-unforced-shape,unforced-shape-0.10-m
2026-10-05_0940_ddr5-4800_threads-1-2-3-4-5-6-8-10-12-14-16-24_r5,unreal_chaos,4,0,1,1,evaluated,0.10000000000000001,0,0,0,0,2,161,1,0,2,162,0.016666666666666666,0,0,0,0,0,rest_envelope,0.057529875133910835,16158,0,2,8,198.46109999999979,1572.0237999999999,pyramid-safety-and-unforced-shape,unforced-shape-0.10-m
2026-10-05_0940_ddr5-4800_threads-1-2-3-4-5-6-8-10-12-14-16-24_r5,unreal_chaos,4,0,1,1,evaluated,0.10000000000000001,0,0,0,0,2,161,1,0,2,162,0.016666666666666666,0,0,0,0,0,upward_excursion,0.036045074462890625,16193,0,2,16,198.46109999999979,1572.0237999999999,pyramid-safety-and-unforced-shape,unforced-shape-0.10-m
2026-10-05_0940_ddr5-4800_threads-1-2-3-4-5-6-8-10-12-14-16-24_r5,unreal_chaos,4,0,1,1,evaluated,0.10000000000000001,0,0,0,0,2,161,1,0,2,162,0.016666666666666666,0,0,0,0,0,unforced_stack_shape_excess,0.057527007423975873,16158,0,2,8,198.46109999999979,1572.0237999999999,pyramid-safety-and-unforced-shape,unforced-shape-0.10-m
2026-10-05_0940_ddr5-4800_threads-1-2-3-4-5-6-8-10-12-14-16-24_r5,unreal_chaos,4,1,1,1,evaluated,0.10000000000000001,0,0,0,0,2,161,1,0,2,162,0.016666666666666666,0,0,0,0,0,rest_envelope,0.057529875133910835,16158,0,2,8,192.86619999999988,1570.2811999999999,pyramid-safety-and-unforced-shape,unforced-shape-0.10-m
2026-10-05_0940_ddr5-4800_threads-1-2-3-4-5-6-8-10-12-14-16-24_r5,unreal_chaos,4,1,1,1,evaluated,0.10000000000000001,0,0,0,0,2,161,1,0,2,162,0.016666666666666666,0,0,0,0,0,upward_excursion,0.036045074462890625,16193,0,2,16,192.86619999999988,1570.2811999999999,pyramid-safety-and-unforced-shape,unforced-shape-0.10-m
2026-10-05_0940_ddr5-4800_threads-1-2-3-4-5-6-8-10-12-14-16-24_r5,unreal_chaos,4,1,1,1,evaluated,0.10000000000000001,0,0,0,0,2,161,1,0,2,162,0.016666666666666666,0,0,0,0,0,unforced_stack_shape_excess,0.057527007423975873,16158,0,2,8,192.86619999999988,1570.2811999999999,pyramid-safety-and-unforced-shape,unforced-shape-0.10-m
2026-10-05_0940_ddr5-4800_threads-1-2-3-4-5-6-8-10-12-14-16-24_r5,unreal_chaos,4,2,1,1,evaluated,0.10000000000000001,0,0,0,0,2,161,1,0,2,162,0.016666666666666666,0,0,0,0,0,rest_envelope,0.057529875133910835,16158,0,2,8,195.38830000000013,1571.3755000000001,pyramid-safety-and-unforced-shape,unforced-shape-0.10-m
2026-10-05_0940_ddr5-4800_threads-1-2-3-4-5-6-8-10-12-14-16-24_r5,unreal_chaos,4,2,1,1,evaluated,0.10000000000000001,0,0,0,0,2,161,1,0,2,162,0.016666666666666666,0,0,0,0,0,upward_excursion,0.036045074462890625,16193,0,2,16,195.38830000000013,1571.3755000000001,pyramid-safety-and-unforced-shape,unforced-shape-0.10-m
2026-10-05_0940_ddr5-4800_threads-1-2-3-4-5-6-8-10-12-14-16-24_r5,unreal_chaos,4,2,1,1,evaluated,0.10000000000000001,0,0,0,0,2,161,1,0,2,162,0.016666666666666666,0,0,0,0,0,unforced_stack_shape_excess,0.057527007423975873,16158,0,2,8,195.38830000000013,1571.3755000000001,pyramid-safety-and-unforced-shape,unforced-shape-0.10-m
2026-10-05_0940_ddr5-4800_threads-1-2-3-4-5-6-8-10-12-14-16-24_r5,unreal_chaos,4,3,1,1,evaluated,0.10000000000000001,0,0,0,0,2,161,1,0,2,162,0.016666666666666666,0,0,0,0,0,rest_envelope,0.057529875133910835,16158,0,2,8,195.04129999999992,1570.7565,pyramid-safety-and-unforced-shape,unforced-shape-0.10-m
2026-10-05_0940_ddr5-4800_threads-1-2-3-4-5-6-8-10-12-14-16-24_r5,unreal_chaos,4,3,1,1,evaluated,0.10000000000000001,0,0,0,0,2,161,1,0,2,162,0.016666666666666666,0,0,0,0,0,upward_excursion,0.036045074462890625,16193,0,2,16,195.04129999999992,1570.7565,pyramid-safety-and-unforced-shape,unforced-shape-0.10-m
2026-10-05_0940_ddr5-4800_threads-1-2-3-4-5-6-8-10-12-14-16-24_r5,unreal_chaos,4,3,1,1,evaluated,0.10000000000000001,0,0,0,0,2,161,1,0,2,162,0.016666666666666666,0,0,0,0,0,unforced_stack_shape_excess,0.057527007423975873,16158,0,2,8,195.04129999999992,1570.7565,pyramid-safety-and-unforced-shape,unforced-shape-0.10-m
2026-10-05_0940_ddr5-4800_threads-1-2-3-4-5-6-8-10-12-14-16-24_r5,unreal_chaos,4,4,1,1,evaluated,0.10000000000000001,0,0,0,0,2,161,1,0,2,162,0.016666666666666666,0,0,0,0,0,rest_envelope,0.057529875133910835,16158,0,2,8,199.13410000000005,1569.4967999999999,pyramid-safety-and-unforced-shape,unforced-shape-0.10-m
2026-10-05_0940_ddr5-4800_threads-1-2-3-4-5-6-8-10-12-14-16-24_r5,unreal_chaos,4,4,1,1,evaluated,0.10000000000000001,0,0,0,0,2,161,1,0,2,162,0.016666666666666666,0,0,0,0,0,upward_excursion,0.036045074462890625,16193,0,2,16,199.13410000000005,1569.4967999999999,pyramid-safety-and-unforced-shape,unforced-shape-0.10-m
2026-10-05_0940_ddr5-4800_threads-1-2-3-4-5-6-8-10-12-14-16-24_r5,unreal_chaos,4,4,1,1,evaluated,0.10000000000000001,0,0,0,0,2,161,1,0,2,162,0.016666666666666666,0,0,0,0,0,unforced_stack_shape_excess,0.057527007423975873,16158,0,2,8,199.13410000000005,1569.4967999999999,pyramid-safety-and-unforced-shape,unforced-shape-0.10-m
2026-10-05_0940_ddr5-4800_threads-1-2-3-4-5-6-8-10-12-14-16-24_r5,unreal_chaos,5,0,1,1,evaluated,0.10000000000000001,0,0,0,0,2,161,1,0,2,162,0.016666666666666666,0,0,0,0,0,rest_envelope,0.057529875133910835,16158,0,2,8,194.83580000000021,1586.8602000000001,pyramid-safety-and-unforced-shape,unforced-shape-0.10-m
2026-10-05_0940_ddr5-4800_threads-1-2-3-4-5-6-8-10-12-14-16-24_r5,unreal_chaos,5,0,1,1,evaluated,0.10000000000000001,0,0,0,0,2,161,1,0,2,162,0.016666666666666666,0,0,0,0,0,upward_excursion,0.036045074462890625,16193,0,2,16,194.83580000000021,1586.8602000000001,pyramid-safety-and-unforced-shape,unforced-shape-0.10-m
2026-10-05_0940_ddr5-4800_threads-1-2-3-4-5-6-8-10-12-14-16-24_r5,unreal_chaos,5,0,1,1,evaluated,0.10000000000000001,0,0,0,0,2,161,1,0,2,162,0.016666666666666666,0,0,0,0,0,unforced_stack_shape_excess,0.057527007423975873,16158,0,2,8,194.83580000000021,1586.8602000000001,pyramid-safety-and-unforced-shape,unforced-shape-0.10-m
2026-10-05_0940_ddr5-4800_threads-1-2-3-4-5-6-8-10-12-14-16-24_r5,unreal_chaos,5,1,1,1,evaluated,0.10000000000000001,0,0,0,0,2,161,1,0,2,162,0.016666666666666666,0,0,0,0,0,rest_envelope,0.057529875133910835,16158,0,2,8,193.50960000000006,1570.0195000000001,pyramid-safety-and-unforced-shape,unforced-shape-0.10-m
2026-10-05_0940_ddr5-4800_threads-1-2-3-4-5-6-8-10-12-14-16-24_r5,unreal_chaos,5,1,1,1,evaluated,0.10000000000000001,0,0,0,0,2,161,1,0,2,162,0.016666666666666666,0,0,0,0,0,upward_excursion,0.036045074462890625,16193,0,2,16,193.50960000000006,1570.0195000000001,pyramid-safety-and-unforced-shape,unforced-shape-0.10-m
2026-10-05_0940_ddr5-4800_threads-1-2-3-4-5-6-8-10-12-14-16-24_r5,unreal_chaos,5,1,1,1,evaluated,0.10000000000000001,0,0,0,0,2,161,1,0,2,162,0.016666666666666666,0,0,0,0,0,unforced_stack_shape_excess,0.057527007423975873,16158,0,2,8,193.50960000000006,1570.0195000000001,pyramid-safety-and-unforced-shape,unforced-shape-0.10-m
2026-10-05_0940_ddr5-4800_threads-1-2-3-4-5-6-8-10-12-14-16-24_r5,unreal_chaos,5,2,1,1,evaluated,0.10000000000000001,0,0,0,0,2,161,1,0,2,162,0.016666666666666666,0,0,0,0,0,rest_envelope,0.057529875133910835,16158,0,2,8,191.80580000000029,1573.4548,pyramid-safety-and-unforced-shape,unforced-shape-0.10-m
2026-10-05_0940_ddr5-4800_threads-1-2-3-4-5-6-8-10-12-14-16-24_r5,unreal_chaos,5,2,1,1,evaluated,0.10000000000000001,0,0,0,0,2,161,1,0,2,162,0.016666666666666666,0,0,0,0,0,upward_excursion,0.036045074462890625,16193,0,2,16,191.80580000000029,1573.4548,pyramid-safety-and-unforced-shape,unforced-shape-0.10-m
2026-10-05_0940_ddr5-4800_threads-1-2-3-4-5-6-8-10-12-14-16-24_r5,unreal_chaos,5,2,1,1,evaluated,0.10000000000000001,0,0,0,0,2,161,1,0,2,162,0.016666666666666666,0,0,0,0,0,unforced_stack_shape_excess,0.057527007423975873,16158,0,2,8,191.80580000000029,1573.4548,pyramid-safety-and-unforced-shape,unforced-shape-0.10-m
2026-10-05_0940_ddr5-4800_threads-1-2-3-4-5-6-8-10-12-14-16-24_r5,unreal_chaos,5,3,1,1,evaluated,0.10000000000000001,0,0,0,0,2,161,1,0,2,162,0.016666666666666666,0,0,0,0,0,rest_envelope,0.057529875133910835,16158,0,2,8,192.19630000000015,1605.2059999999999,pyramid-safety-and-unforced-shape,unforced-shape-0.10-m
2026-10-05_0940_ddr5-4800_threads-1-2-3-4-5-6-8-10-12-14-16-24_r5,unreal_chaos,5,3,1,1,evaluated,0.10000000000000001,0,0,0,0,2,161,1,0,2,162,0.016666666666666666,0,0,0,0,0,upward_excursion,0.036045074462890625,16193,0,2,16,192.19630000000015,1605.2059999999999,pyramid-safety-and-unforced-shape,unforced-shape-0.10-m
2026-10-05_0940_ddr5-4800_threads-1-2-3-4-5-6-8-10-12-14-16-24_r5,unreal_chaos,5,3,1,1,evaluated,0.10000000000000001,0,0,0,0,2,161,1,0,2,162,0.016666666666666666,0,0,0,0,0,unforced_stack_shape_excess,0.057527007423975873,16158,0,2,8,192.19630000000015,1605.2059999999999,pyramid-safety-and-unforced-shape,unforced-shape-0.10-m
2026-10-05_0940_ddr5-4800_threads-1-2-3-4-5-6-8-10-12-14-16-24_r5,unreal_chaos,5,4,1,1,evaluated,0.10000000000000001,0,0,0,0,2,161,1,0,2,162,0.016666666666666666,0,0,0,0,0,rest_envelope,0.057529875133910835,16158,0,2,8,198.69709999999981,1572.1782000000001,pyramid-safety-and-unforced-shape,unforced-shape-0.10-m
2026-10-05_0940_ddr5-4800_threads-1-2-3-4-5-6-8-10-12-14-16-24_r5,unreal_chaos,5,4,1,1,evaluated,0.10000000000000001,0,0,0,0,2,161,1,0,2,162,0.016666666666666666,0,0,0,0,0,upward_excursion,0.036045074462890625,16193,0,2,16,198.69709999999981,1572.1782000000001,pyramid-safety-and-unforced-shape,unforced-shape-0.10-m
2026-10-05_0940_ddr5-4800_threads-1-2-3-4-5-6-8-10-12-14-16-24_r5,unreal_chaos,5,4,1,1,evaluated,0.10000000000000001,0,0,0,0,2,161,1,0,2,162,0.016666666666666666,0,0,0,0,0,unforced_stack_shape_excess,0.057527007423975873,16158,0,2,8,198.69709999999981,1572.1782000000001,pyramid-safety-and-unforced-shape,unforced-shape-0.10-m
2026-10-05_0940_ddr5-4800_threads-1-2-3-4-5-6-8-10-12-14-16-24_r5,unreal_chaos,6,0,1,1,evaluated,0.10000000000000001,0,0,0,0,2,161,1,0,2,162,0.016666666666666666,0,0,0,0,0,rest_envelope,0.057529875133910835,16158,0,2,8,194.85470000000007,1570.1746000000001,pyramid-safety-and-unforced-shape,unforced-shape-0.10-m
2026-10-05_0940_ddr5-4800_threads-1-2-3-4-5-6-8-10-12-14-16-24_r5,unreal_chaos,6,0,1,1,evaluated,0.10000000000000001,0,0,0,0,2,161,1,0,2,162,0.016666666666666666,0,0,0,0,0,upward_excursion,0.036045074462890625,16193,0,2,16,194.85470000000007,1570.1746000000001,pyramid-safety-and-unforced-shape,unforced-shape-0.10-m
2026-10-05_0940_ddr5-4800_threads-1-2-3-4-5-6-8-10-12-14-16-24_r5,unreal_chaos,6,0,1,1,evaluated,0.10000000000000001,0,0,0,0,2,161,1,0,2,162,0.016666666666666666,0,0,0,0,0,unforced_stack_shape_excess,0.057527007423975873,16158,0,2,8,194.85470000000007,1570.1746000000001,pyramid-safety-and-unforced-shape,unforced-shape-0.10-m
2026-10-05_0940_ddr5-4800_threads-1-2-3-4-5-6-8-10-12-14-16-24_r5,unreal_chaos,6,1,1,1,evaluated,0.10000000000000001,0,0,0,0,2,161,1,0,2,162,0.016666666666666666,0,0,0,0,0,rest_envelope,0.057529875133910835,16158,0,2,8,192.86700000000008,1595.9349999999999,pyramid-safety-and-unforced-shape,unforced-shape-0.10-m
2026-10-05_0940_ddr5-4800_threads-1-2-3-4-5-6-8-10-12-14-16-24_r5,unreal_chaos,6,1,1,1,evaluated,0.10000000000000001,0,0,0,0,2,161,1,0,2,162,0.016666666666666666,0,0,0,0,0,upward_excursion,0.036045074462890625,16193,0,2,16,192.86700000000008,1595.9349999999999,pyramid-safety-and-unforced-shape,unforced-shape-0.10-m
2026-10-05_0940_ddr5-4800_threads-1-2-3-4-5-6-8-10-12-14-16-24_r5,unreal_chaos,6,1,1,1,evaluated,0.10000000000000001,0,0,0,0,2,161,1,0,2,162,0.016666666666666666,0,0,0,0,0,unforced_stack_shape_excess,0.057527007423975873,16158,0,2,8,192.86700000000008,1595.9349999999999,pyramid-safety-and-unforced-shape,unforced-shape-0.10-m
2026-10-05_0940_ddr5-4800_threads-1-2-3-4-5-6-8-10-12-14-16-24_r5,unreal_chaos,6,2,1,1,evaluated,0.10000000000000001,0,0,0,0,2,161,1,0,2,162,0.016666666666666666,0,0,0,0,0,rest_envelope,0.057529875133910835,16158,0,2,8,189.33920000000009,1571.8005000000001,pyramid-safety-and-unforced-shape,unforced-shape-0.10-m
2026-10-05_0940_ddr5-4800_threads-1-2-3-4-5-6-8-10-12-14-16-24_r5,unreal_chaos,6,2,1,1,evaluated,0.10000000000000001,0,0,0,0,2,161,1,0,2,162,0.016666666666666666,0,0,0,0,0,upward_excursion,0.036045074462890625,16193,0,2,16,189.33920000000009,1571.8005000000001,pyramid-safety-and-unforced-shape,unforced-shape-0.10-m
2026-10-05_0940_ddr5-4800_threads-1-2-3-4-5-6-8-10-12-14-16-24_r5,unreal_chaos,6,2,1,1,evaluated,0.10000000000000001,0,0,0,0,2,161,1,0,2,162,0.016666666666666666,0,0,0,0,0,unforced_stack_shape_excess,0.057527007423975873,16158,0,2,8,189.33920000000009,1571.8005000000001,pyramid-safety-and-unforced-shape,unforced-shape-0.10-m
2026-10-05_0940_ddr5-4800_threads-1-2-3-4-5-6-8-10-12-14-16-24_r5,unreal_chaos,6,3,1,1,evaluated,0.10000000000000001,0,0,0,0,2,161,1,0,2,162,0.016666666666666666,0,0,0,0,0,rest_envelope,0.057529875133910835,16158,0,2,8,194.2482,1570.2754,pyramid-safety-and-unforced-shape,unforced-shape-0.10-m
2026-10-05_0940_ddr5-4800_threads-1-2-3-4-5-6-8-10-12-14-16-24_r5,unreal_chaos,6,3,1,1,evaluated,0.10000000000000001,0,0,0,0,2,161,1,0,2,162,0.016666666666666666,0,0,0,0,0,upward_excursion,0.036045074462890625,16193,0,2,16,194.2482,1570.2754,pyramid-safety-and-unforced-shape,unforced-shape-0.10-m
2026-10-05_0940_ddr5-4800_threads-1-2-3-4-5-6-8-10-12-14-16-24_r5,unreal_chaos,6,3,1,1,evaluated,0.10000000000000001,0,0,0,0,2,161,1,0,2,162,0.016666666666666666,0,0,0,0,0,unforced_stack_shape_excess,0.057527007423975873,16158,0,2,8,194.2482,1570.2754,pyramid-safety-and-unforced-shape,unforced-shape-0.10-m
2026-10-05_0940_ddr5-4800_threads-1-2-3-4-5-6-8-10-12-14-16-24_r5,unreal_chaos,6,4,1,1,evaluated,0.10000000000000001,0,0,0,0,2,161,1,0,2,162,0.016666666666666666,0,0,0,0,0,rest_envelope,0.057529875133910835,16158,0,2,8,190.30979999999988,1589.8139000000001,pyramid-safety-and-unforced-shape,unforced-shape-0.10-m
2026-10-05_0940_ddr5-4800_threads-1-2-3-4-5-6-8-10-12-14-16-24_r5,unreal_chaos,6,4,1,1,evaluated,0.10000000000000001,0,0,0,0,2,161,1,0,2,162,0.016666666666666666,0,0,0,0,0,upward_excursion,0.036045074462890625,16193,0,2,16,190.30979999999988,1589.8139000000001,pyramid-safety-and-unforced-shape,unforced-shape-0.10-m
2026-10-05_0940_ddr5-4800_threads-1-2-3-4-5-6-8-10-12-14-16-24_r5,unreal_chaos,6,4,1,1,evaluated,0.10000000000000001,0,0,0,0,2,161,1,0,2,162,0.016666666666666666,0,0,0,0,0,unforced_stack_shape_excess,0.057527007423975873,16158,0,2,8,190.30979999999988,1589.8139000000001,pyramid-safety-and-unforced-shape,unforced-shape-0.10-m
2026-10-05_0940_ddr5-4800_threads-1-2-3-4-5-6-8-10-12-14-16-24_r5,unreal_chaos,8,0,1,1,evaluated,0.10000000000000001,0,0,0,0,2,161,1,0,2,162,0.016666666666666666,0,0,0,0,0,rest_envelope,0.057529875133910835,16158,0,2,8,196.47079999999985,1568.5864999999999,pyramid-safety-and-unforced-shape,unforced-shape-0.10-m
2026-10-05_0940_ddr5-4800_threads-1-2-3-4-5-6-8-10-12-14-16-24_r5,unreal_chaos,8,0,1,1,evaluated,0.10000000000000001,0,0,0,0,2,161,1,0,2,162,0.016666666666666666,0,0,0,0,0,upward_excursion,0.036045074462890625,16193,0,2,16,196.47079999999985,1568.5864999999999,pyramid-safety-and-unforced-shape,unforced-shape-0.10-m
2026-10-05_0940_ddr5-4800_threads-1-2-3-4-5-6-8-10-12-14-16-24_r5,unreal_chaos,8,0,1,1,evaluated,0.10000000000000001,0,0,0,0,2,161,1,0,2,162,0.016666666666666666,0,0,0,0,0,unforced_stack_shape_excess,0.057527007423975873,16158,0,2,8,196.47079999999985,1568.5864999999999,pyramid-safety-and-unforced-shape,unforced-shape-0.10-m
2026-10-05_0940_ddr5-4800_threads-1-2-3-4-5-6-8-10-12-14-16-24_r5,unreal_chaos,8,1,1,1,evaluated,0.10000000000000001,0,0,0,0,2,161,1,0,2,162,0.016666666666666666,0,0,0,0,0,rest_envelope,0.057529875133910835,16158,0,2,8,192.65200000000013,1571.4861000000001,pyramid-safety-and-unforced-shape,unforced-shape-0.10-m
2026-10-05_0940_ddr5-4800_threads-1-2-3-4-5-6-8-10-12-14-16-24_r5,unreal_chaos,8,1,1,1,evaluated,0.10000000000000001,0,0,0,0,2,161,1,0,2,162,0.016666666666666666,0,0,0,0,0,upward_excursion,0.036045074462890625,16193,0,2,16,192.65200000000013,1571.4861000000001,pyramid-safety-and-unforced-shape,unforced-shape-0.10-m
2026-10-05_0940_ddr5-4800_threads-1-2-3-4-5-6-8-10-12-14-16-24_r5,unreal_chaos,8,1,1,1,evaluated,0.10000000000000001,0,0,0,0,2,161,1,0,2,162,0.016666666666666666,0,0,0,0,0,unforced_stack_shape_excess,0.057527007423975873,16158,0,2,8,192.65200000000013,1571.4861000000001,pyramid-safety-and-unforced-shape,unforced-shape-0.10-m
2026-10-05_0940_ddr5-4800_threads-1-2-3-4-5-6-8-10-12-14-16-24_r5,unreal_chaos,8,2,1,1,evaluated,0.10000000000000001,0,0,0,0,2,161,1,0,2,162,0.016666666666666666,0,0,0,0,0,rest_envelope,0.057529875133910835,16158,0,2,8,194.12499999999991,1582.6457,pyramid-safety-and-unforced-shape,unforced-shape-0.10-m
2026-10-05_0940_ddr5-4800_threads-1-2-3-4-5-6-8-10-12-14-16-24_r5,unreal_chaos,8,2,1,1,evaluated,0.10000000000000001,0,0,0,0,2,161,1,0,2,162,0.016666666666666666,0,0,0,0,0,upward_excursion,0.036045074462890625,16193,0,2,16,194.12499999999991,1582.6457,pyramid-safety-and-unforced-shape,unforced-shape-0.10-m
2026-10-05_0940_ddr5-4800_threads-1-2-3-4-5-6-8-10-12-14-16-24_r5,unreal_chaos,8,2,1,1,evaluated,0.10000000000000001,0,0,0,0,2,161,1,0,2,162,0.016666666666666666,0,0,0,0,0,unforced_stack_shape_excess,0.057527007423975873,16158,0,2,8,194.12499999999991,1582.6457,pyramid-safety-and-unforced-shape,unforced-shape-0.10-m
2026-10-05_0940_ddr5-4800_threads-1-2-3-4-5-6-8-10-12-14-16-24_r5,unreal_chaos,8,3,1,1,evaluated,0.10000000000000001,0,0,0,0,2,161,1,0,2,162,0.016666666666666666,0,0,0,0,0,rest_envelope,0.057529875133910835,16158,0,2,8,191.47959999999986,1572.9103,pyramid-safety-and-unforced-shape,unforced-shape-0.10-m
2026-10-05_0940_ddr5-4800_threads-1-2-3-4-5-6-8-10-12-14-16-24_r5,unreal_chaos,8,3,1,1,evaluated,0.10000000000000001,0,0,0,0,2,161,1,0,2,162,0.016666666666666666,0,0,0,0,0,upward_excursion,0.036045074462890625,16193,0,2,16,191.47959999999986,1572.9103,pyramid-safety-and-unforced-shape,unforced-shape-0.10-m
2026-10-05_0940_ddr5-4800_threads-1-2-3-4-5-6-8-10-12-14-16-24_r5,unreal_chaos,8,3,1,1,evaluated,0.10000000000000001,0,0,0,0,2,161,1,0,2,162,0.016666666666666666,0,0,0,0,0,unforced_stack_shape_excess,0.057527007423975873,16158,0,2,8,191.47959999999986,1572.9103,pyramid-safety-and-unforced-shape,unforced-shape-0.10-m
2026-10-05_0940_ddr5-4800_threads-1-2-3-4-5-6-8-10-12-14-16-24_r5,unreal_chaos,8,4,1,1,evaluated,0.10000000000000001,0,0,0,0,2,161,1,0,2,162,0.016666666666666666,0,0,0,0,0,rest_envelope,0.057529875133910835,16158,0,2,8,192.70659999999987,1572.9185,pyramid-safety-and-unforced-shape,unforced-shape-0.10-m
2026-10-05_0940_ddr5-4800_threads-1-2-3-4-5-6-8-10-12-14-16-24_r5,unreal_chaos,8,4,1,1,evaluated,0.10000000000000001,0,0,0,0,2,161,1,0,2,162,0.016666666666666666,0,0,0,0,0,upward_excursion,0.036045074462890625,16193,0,2,16,192.70659999999987,1572.9185,pyramid-safety-and-unforced-shape,unforced-shape-0.10-m
2026-10-05_0940_ddr5-4800_threads-1-2-3-4-5-6-8-10-12-14-16-24_r5,unreal_chaos,8,4,1,1,evaluated,0.10000000000000001,0,0,0,0,2,161,1,0,2,162,0.016666666666666666,0,0,0,0,0,unforced_stack_shape_excess,0.057527007423975873,16158,0,2,8,192.70659999999987,1572.9185,pyramid-safety-and-unforced-shape,unforced-shape-0.10-m
2026-10-05_0940_ddr5-4800_threads-1-2-3-4-5-6-8-10-12-14-16-24_r5,unreal_chaos,10,0,1,1,evaluated,0.10000000000000001,0,0,0,0,2,161,1,0,2,162,0.016666666666666666,0,0,0,0,0,rest_envelope,0.057529875133910835,16158,0,2,8,196.423,1581.2805000000001,pyramid-safety-and-unforced-shape,unforced-shape-0.10-m
2026-10-05_0940_ddr5-4800_threads-1-2-3-4-5-6-8-10-12-14-16-24_r5,unreal_chaos,10,0,1,1,evaluated,0.10000000000000001,0,0,0,0,2,161,1,0,2,162,0.016666666666666666,0,0,0,0,0,upward_excursion,0.036045074462890625,16193,0,2,16,196.423,1581.2805000000001,pyramid-safety-and-unforced-shape,unforced-shape-0.10-m
2026-10-05_0940_ddr5-4800_threads-1-2-3-4-5-6-8-10-12-14-16-24_r5,unreal_chaos,10,0,1,1,evaluated,0.10000000000000001,0,0,0,0,2,161,1,0,2,162,0.016666666666666666,0,0,0,0,0,unforced_stack_shape_excess,0.057527007423975873,16158,0,2,8,196.423,1581.2805000000001,pyramid-safety-and-unforced-shape,unforced-shape-0.10-m
2026-10-05_0940_ddr5-4800_threads-1-2-3-4-5-6-8-10-12-14-16-24_r5,unreal_chaos,10,1,1,1,evaluated,0.10000000000000001,0,0,0,0,2,161,1,0,2,162,0.016666666666666666,0,0,0,0,0,rest_envelope,0.057529875133910835,16158,0,2,8,194.26149999999978,1569.3028999999999,pyramid-safety-and-unforced-shape,unforced-shape-0.10-m
2026-10-05_0940_ddr5-4800_threads-1-2-3-4-5-6-8-10-12-14-16-24_r5,unreal_chaos,10,1,1,1,evaluated,0.10000000000000001,0,0,0,0,2,161,1,0,2,162,0.016666666666666666,0,0,0,0,0,upward_excursion,0.036045074462890625,16193,0,2,16,194.26149999999978,1569.3028999999999,pyramid-safety-and-unforced-shape,unforced-shape-0.10-m
2026-10-05_0940_ddr5-4800_threads-1-2-3-4-5-6-8-10-12-14-16-24_r5,unreal_chaos,10,1,1,1,evaluated,0.10000000000000001,0,0,0,0,2,161,1,0,2,162,0.016666666666666666,0,0,0,0,0,unforced_stack_shape_excess,0.057527007423975873,16158,0,2,8,194.26149999999978,1569.3028999999999,pyramid-safety-and-unforced-shape,unforced-shape-0.10-m
2026-10-05_0940_ddr5-4800_threads-1-2-3-4-5-6-8-10-12-14-16-24_r5,unreal_chaos,10,2,1,1,evaluated,0.10000000000000001,0,0,0,0,2,161,1,0,2,162,0.016666666666666666,0,0,0,0,0,rest_envelope,0.057529875133910835,16158,0,2,8,190.08419999999973,1607.9114,pyramid-safety-and-unforced-shape,unforced-shape-0.10-m
2026-10-05_0940_ddr5-4800_threads-1-2-3-4-5-6-8-10-12-14-16-24_r5,unreal_chaos,10,2,1,1,evaluated,0.10000000000000001,0,0,0,0,2,161,1,0,2,162,0.016666666666666666,0,0,0,0,0,upward_excursion,0.036045074462890625,16193,0,2,16,190.08419999999973,1607.9114,pyramid-safety-and-unforced-shape,unforced-shape-0.10-m
2026-10-05_0940_ddr5-4800_threads-1-2-3-4-5-6-8-10-12-14-16-24_r5,unreal_chaos,10,2,1,1,evaluated,0.10000000000000001,0,0,0,0,2,161,1,0,2,162,0.016666666666666666,0,0,0,0,0,unforced_stack_shape_excess,0.057527007423975873,16158,0,2,8,190.08419999999973,1607.9114,pyramid-safety-and-unforced-shape,unforced-shape-0.10-m
2026-10-05_0940_ddr5-4800_threads-1-2-3-4-5-6-8-10-12-14-16-24_r5,unreal_chaos,10,3,1,1,evaluated,0.10000000000000001,0,0,0,0,2,161,1,0,2,162,0.016666666666666666,0,0,0,0,0,rest_envelope,0.057529875133910835,16158,0,2,8,192.51369999999997,1572.2388000000001,pyramid-safety-and-unforced-shape,unforced-shape-0.10-m
2026-10-05_0940_ddr5-4800_threads-1-2-3-4-5-6-8-10-12-14-16-24_r5,unreal_chaos,10,3,1,1,evaluated,0.10000000000000001,0,0,0,0,2,161,1,0,2,162,0.016666666666666666,0,0,0,0,0,upward_excursion,0.036045074462890625,16193,0,2,16,192.51369999999997,1572.2388000000001,pyramid-safety-and-unforced-shape,unforced-shape-0.10-m
2026-10-05_0940_ddr5-4800_threads-1-2-3-4-5-6-8-10-12-14-16-24_r5,unreal_chaos,10,3,1,1,evaluated,0.10000000000000001,0,0,0,0,2,161,1,0,2,162,0.016666666666666666,0,0,0,0,0,unforced_stack_shape_excess,0.057527007423975873,16158,0,2,8,192.51369999999997,1572.2388000000001,pyramid-safety-and-unforced-shape,unforced-shape-0.10-m
2026-10-05_0940_ddr5-4800_threads-1-2-3-4-5-6-8-10-12-14-16-24_r5,unreal_chaos,10,4,1,1,evaluated,0.10000000000000001,0,0,0,0,2,161,1,0,2,162,0.016666666666666666,0,0,0,0,0,rest_envelope,0.057529875133910835,16158,0,2,8,196.35280000000012,1579.0785000000001,pyramid-safety-and-unforced-shape,unforced-shape-0.10-m
2026-10-05_0940_ddr5-4800_threads-1-2-3-4-5-6-8-10-12-14-16-24_r5,unreal_chaos,10,4,1,1,evaluated,0.10000000000000001,0,0,0,0,2,161,1,0,2,162,0.016666666666666666,0,0,0,0,0,upward_excursion,0.036045074462890625,16193,0,2,16,196.35280000000012,1579.0785000000001,pyramid-safety-and-unforced-shape,unforced-shape-0.10-m
2026-10-05_0940_ddr5-4800_threads-1-2-3-4-5-6-8-10-12-14-16-24_r5,unreal_chaos,10,4,1,1,evaluated,0.10000000000000001,0,0,0,0,2,161,1,0,2,162,0.016666666666666666,0,0,0,0,0,unforced_stack_shape_excess,0.057527007423975873,16158,0,2,8,196.35280000000012,1579.0785000000001,pyramid-safety-and-unforced-shape,unforced-shape-0.10-m
2026-10-05_0940_ddr5-4800_threads-1-2-3-4-5-6-8-10-12-14-16-24_r5,unreal_chaos,12,0,1,1,evaluated,0.10000000000000001,0,0,0,0,2,161,1,0,2,162,0.016666666666666666,0,0,0,0,0,rest_envelope,0.057529875133910835,16158,0,2,8,190.95650000000006,1601.3864000000001,pyramid-safety-and-unforced-shape,unforced-shape-0.10-m
2026-10-05_0940_ddr5-4800_threads-1-2-3-4-5-6-8-10-12-14-16-24_r5,unreal_chaos,12,0,1,1,evaluated,0.10000000000000001,0,0,0,0,2,161,1,0,2,162,0.016666666666666666,0,0,0,0,0,upward_excursion,0.036045074462890625,16193,0,2,16,190.95650000000006,1601.3864000000001,pyramid-safety-and-unforced-shape,unforced-shape-0.10-m
2026-10-05_0940_ddr5-4800_threads-1-2-3-4-5-6-8-10-12-14-16-24_r5,unreal_chaos,12,0,1,1,evaluated,0.10000000000000001,0,0,0,0,2,161,1,0,2,162,0.016666666666666666,0,0,0,0,0,unforced_stack_shape_excess,0.057527007423975873,16158,0,2,8,190.95650000000006,1601.3864000000001,pyramid-safety-and-unforced-shape,unforced-shape-0.10-m
2026-10-05_0940_ddr5-4800_threads-1-2-3-4-5-6-8-10-12-14-16-24_r5,unreal_chaos,12,1,1,1,evaluated,0.10000000000000001,0,0,0,0,2,161,1,0,2,162,0.016666666666666666,0,0,0,0,0,rest_envelope,0.057529875133910835,16158,0,2,8,195.35000000000025,1570.7209,pyramid-safety-and-unforced-shape,unforced-shape-0.10-m
2026-10-05_0940_ddr5-4800_threads-1-2-3-4-5-6-8-10-12-14-16-24_r5,unreal_chaos,12,1,1,1,evaluated,0.10000000000000001,0,0,0,0,2,161,1,0,2,162,0.016666666666666666,0,0,0,0,0,upward_excursion,0.036045074462890625,16193,0,2,16,195.35000000000025,1570.7209,pyramid-safety-and-unforced-shape,unforced-shape-0.10-m
2026-10-05_0940_ddr5-4800_threads-1-2-3-4-5-6-8-10-12-14-16-24_r5,unreal_chaos,12,1,1,1,evaluated,0.10000000000000001,0,0,0,0,2,161,1,0,2,162,0.016666666666666666,0,0,0,0,0,unforced_stack_shape_excess,0.057527007423975873,16158,0,2,8,195.35000000000025,1570.7209,pyramid-safety-and-unforced-shape,unforced-shape-0.10-m
2026-10-05_0940_ddr5-4800_threads-1-2-3-4-5-6-8-10-12-14-16-24_r5,unreal_chaos,12,2,1,1,evaluated,0.10000000000000001,0,0,0,0,2,161,1,0,2,162,0.016666666666666666,0,0,0,0,0,rest_envelope,0.057529875133910835,16158,0,2,8,186.5651000000002,1611.8661999999999,pyramid-safety-and-unforced-shape,unforced-shape-0.10-m
2026-10-05_0940_ddr5-4800_threads-1-2-3-4-5-6-8-10-12-14-16-24_r5,unreal_chaos,12,2,1,1,evaluated,0.10000000000000001,0,0,0,0,2,161,1,0,2,162,0.016666666666666666,0,0,0,0,0,upward_excursion,0.036045074462890625,16193,0,2,16,186.5651000000002,1611.8661999999999,pyramid-safety-and-unforced-shape,unforced-shape-0.10-m
2026-10-05_0940_ddr5-4800_threads-1-2-3-4-5-6-8-10-12-14-16-24_r5,unreal_chaos,12,2,1,1,evaluated,0.10000000000000001,0,0,0,0,2,161,1,0,2,162,0.016666666666666666,0,0,0,0,0,unforced_stack_shape_excess,0.057527007423975873,16158,0,2,8,186.5651000000002,1611.8661999999999,pyramid-safety-and-unforced-shape,unforced-shape-0.10-m
2026-10-05_0940_ddr5-4800_threads-1-2-3-4-5-6-8-10-12-14-16-24_r5,unreal_chaos,12,3,1,1,evaluated,0.10000000000000001,0,0,0,0,2,161,1,0,2,162,0.016666666666666666,0,0,0,0,0,rest_envelope,0.057529875133910835,16158,0,2,8,198.47370000000006,1569.9072000000001,pyramid-safety-and-unforced-shape,unforced-shape-0.10-m
2026-10-05_0940_ddr5-4800_threads-1-2-3-4-5-6-8-10-12-14-16-24_r5,unreal_chaos,12,3,1,1,evaluated,0.10000000000000001,0,0,0,0,2,161,1,0,2,162,0.016666666666666666,0,0,0,0,0,upward_excursion,0.036045074462890625,16193,0,2,16,198.47370000000006,1569.9072000000001,pyramid-safety-and-unforced-shape,unforced-shape-0.10-m
2026-10-05_0940_ddr5-4800_threads-1-2-3-4-5-6-8-10-12-14-16-24_r5,unreal_chaos,12,3,1,1,evaluated,0.10000000000000001,0,0,0,0,2,161,1,0,2,162,0.016666666666666666,0,0,0,0,0,unforced_stack_shape_excess,0.057527007423975873,16158,0,2,8,198.47370000000006,1569.9072000000001,pyramid-safety-and-unforced-shape,unforced-shape-0.10-m
2026-10-05_0940_ddr5-4800_threads-1-2-3-4-5-6-8-10-12-14-16-24_r5,unreal_chaos,12,4,1,1,evaluated,0.10000000000000001,0,0,0,0,2,161,1,0,2,162,0.016666666666666666,0,0,0,0,0,rest_envelope,0.057529875133910835,16158,0,2,8,200.12139999999994,1574.336,pyramid-safety-and-unforced-shape,unforced-shape-0.10-m
2026-10-05_0940_ddr5-4800_threads-1-2-3-4-5-6-8-10-12-14-16-24_r5,unreal_chaos,12,4,1,1,evaluated,0.10000000000000001,0,0,0,0,2,161,1,0,2,162,0.016666666666666666,0,0,0,0,0,upward_excursion,0.036045074462890625,16193,0,2,16,200.12139999999994,1574.336,pyramid-safety-and-unforced-shape,unforced-shape-0.10-m
2026-10-05_0940_ddr5-4800_threads-1-2-3-4-5-6-8-10-12-14-16-24_r5,unreal_chaos,12,4,1,1,evaluated,0.10000000000000001,0,0,0,0,2,161,1,0,2,162,0.016666666666666666,0,0,0,0,0,unforced_stack_shape_excess,0.057527007423975873,16158,0,2,8,200.12139999999994,1574.336,pyramid-safety-and-unforced-shape,unforced-shape-0.10-m
2026-10-05_0940_ddr5-4800_threads-1-2-3-4-5-6-8-10-12-14-16-24_r5,unreal_chaos,14,0,1,1,evaluated,0.10000000000000001,0,0,0,0,2,161,1,0,2,162,0.016666666666666666,0,0,0,0,0,rest_envelope,0.057529875133910835,16158,0,2,8,199.60750000000004,1602.7854,pyramid-safety-and-unforced-shape,unforced-shape-0.10-m
2026-10-05_0940_ddr5-4800_threads-1-2-3-4-5-6-8-10-12-14-16-24_r5,unreal_chaos,14,0,1,1,evaluated,0.10000000000000001,0,0,0,0,2,161,1,0,2,162,0.016666666666666666,0,0,0,0,0,upward_excursion,0.036045074462890625,16193,0,2,16,199.60750000000004,1602.7854,pyramid-safety-and-unforced-shape,unforced-shape-0.10-m
2026-10-05_0940_ddr5-4800_threads-1-2-3-4-5-6-8-10-12-14-16-24_r5,unreal_chaos,14,0,1,1,evaluated,0.10000000000000001,0,0,0,0,2,161,1,0,2,162,0.016666666666666666,0,0,0,0,0,unforced_stack_shape_excess,0.057527007423975873,16158,0,2,8,199.60750000000004,1602.7854,pyramid-safety-and-unforced-shape,unforced-shape-0.10-m
2026-10-05_0940_ddr5-4800_threads-1-2-3-4-5-6-8-10-12-14-16-24_r5,unreal_chaos,14,1,1,1,evaluated,0.10000000000000001,0,0,0,0,2,161,1,0,2,162,0.016666666666666666,0,0,0,0,0,rest_envelope,0.057529875133910835,16158,0,2,8,202.28840000000017,1575.8155999999999,pyramid-safety-and-unforced-shape,unforced-shape-0.10-m
2026-10-05_0940_ddr5-4800_threads-1-2-3-4-5-6-8-10-12-14-16-24_r5,unreal_chaos,14,1,1,1,evaluated,0.10000000000000001,0,0,0,0,2,161,1,0,2,162,0.016666666666666666,0,0,0,0,0,upward_excursion,0.036045074462890625,16193,0,2,16,202.28840000000017,1575.8155999999999,pyramid-safety-and-unforced-shape,unforced-shape-0.10-m
2026-10-05_0940_ddr5-4800_threads-1-2-3-4-5-6-8-10-12-14-16-24_r5,unreal_chaos,14,1,1,1,evaluated,0.10000000000000001,0,0,0,0,2,161,1,0,2,162,0.016666666666666666,0,0,0,0,0,unforced_stack_shape_excess,0.057527007423975873,16158,0,2,8,202.28840000000017,1575.8155999999999,pyramid-safety-and-unforced-shape,unforced-shape-0.10-m
2026-10-05_0940_ddr5-4800_threads-1-2-3-4-5-6-8-10-12-14-16-24_r5,unreal_chaos,14,2,1,1,evaluated,0.10000000000000001,0,0,0,0,2,161,1,0,2,162,0.016666666666666666,0,0,0,0,0,rest_envelope,0.057529875133910835,16158,0,2,8,195.61860000000001,1569.1023,pyramid-safety-and-unforced-shape,unforced-shape-0.10-m
2026-10-05_0940_ddr5-4800_threads-1-2-3-4-5-6-8-10-12-14-16-24_r5,unreal_chaos,14,2,1,1,evaluated,0.10000000000000001,0,0,0,0,2,161,1,0,2,162,0.016666666666666666,0,0,0,0,0,upward_excursion,0.036045074462890625,16193,0,2,16,195.61860000000001,1569.1023,pyramid-safety-and-unforced-shape,unforced-shape-0.10-m
2026-10-05_0940_ddr5-4800_threads-1-2-3-4-5-6-8-10-12-14-16-24_r5,unreal_chaos,14,2,1,1,evaluated,0.10000000000000001,0,0,0,0,2,161,1,0,2,162,0.016666666666666666,0,0,0,0,0,unforced_stack_shape_excess,0.057527007423975873,16158,0,2,8,195.61860000000001,1569.1023,pyramid-safety-and-unforced-shape,unforced-shape-0.10-m
2026-10-05_0940_ddr5-4800_threads-1-2-3-4-5-6-8-10-12-14-16-24_r5,unreal_chaos,14,3,1,1,evaluated,0.10000000000000001,0,0,0,0,2,161,1,0,2,162,0.016666666666666666,0,0,0,0,0,rest_envelope,0.057529875133910835,16158,0,2,8,198.53100000000023,1596.6692,pyramid-safety-and-unforced-shape,unforced-shape-0.10-m
2026-10-05_0940_ddr5-4800_threads-1-2-3-4-5-6-8-10-12-14-16-24_r5,unreal_chaos,14,3,1,1,evaluated,0.10000000000000001,0,0,0,0,2,161,1,0,2,162,0.016666666666666666,0,0,0,0,0,upward_excursion,0.036045074462890625,16193,0,2,16,198.53100000000023,1596.6692,pyramid-safety-and-unforced-shape,unforced-shape-0.10-m
2026-10-05_0940_ddr5-4800_threads-1-2-3-4-5-6-8-10-12-14-16-24_r5,unreal_chaos,14,3,1,1,evaluated,0.10000000000000001,0,0,0,0,2,161,1,0,2,162,0.016666666666666666,0,0,0,0,0,unforced_stack_shape_excess,0.057527007423975873,16158,0,2,8,198.53100000000023,1596.6692,pyramid-safety-and-unforced-shape,unforced-shape-0.10-m
2026-10-05_0940_ddr5-4800_threads-1-2-3-4-5-6-8-10-12-14-16-24_r5,unreal_chaos,14,4,1,1,evaluated,0.10000000000000001,0,0,0,0,2,161,1,0,2,162,0.016666666666666666,0,0,0,0,0,rest_envelope,0.057529875133910835,16158,0,2,8,198.81540000000018,1577.3373999999999,pyramid-safety-and-unforced-shape,unforced-shape-0.10-m
2026-10-05_0940_ddr5-4800_threads-1-2-3-4-5-6-8-10-12-14-16-24_r5,unreal_chaos,14,4,1,1,evaluated,0.10000000000000001,0,0,0,0,2,161,1,0,2,162,0.016666666666666666,0,0,0,0,0,upward_excursion,0.036045074462890625,16193,0,2,16,198.81540000000018,1577.3373999999999,pyramid-safety-and-unforced-shape,unforced-shape-0.10-m
2026-10-05_0940_ddr5-4800_threads-1-2-3-4-5-6-8-10-12-14-16-24_r5,unreal_chaos,14,4,1,1,evaluated,0.10000000000000001,0,0,0,0,2,161,1,0,2,162,0.016666666666666666,0,0,0,0,0,unforced_stack_shape_excess,0.057527007423975873,16158,0,2,8,198.81540000000018,1577.3373999999999,pyramid-safety-and-unforced-shape,unforced-shape-0.10-m
2026-10-05_0940_ddr5-4800_threads-1-2-3-4-5-6-8-10-12-14-16-24_r5,unreal_chaos,16,0,1,1,evaluated,0.10000000000000001,0,0,0,0,2,161,1,0,2,162,0.016666666666666666,0,0,0,0,0,rest_envelope,0.057529875133910835,16158,0,2,8,191.29940000000002,1602.8868,pyramid-safety-and-unforced-shape,unforced-shape-0.10-m
2026-10-05_0940_ddr5-4800_threads-1-2-3-4-5-6-8-10-12-14-16-24_r5,unreal_chaos,16,0,1,1,evaluated,0.10000000000000001,0,0,0,0,2,161,1,0,2,162,0.016666666666666666,0,0,0,0,0,upward_excursion,0.036045074462890625,16193,0,2,16,191.29940000000002,1602.8868,pyramid-safety-and-unforced-shape,unforced-shape-0.10-m
2026-10-05_0940_ddr5-4800_threads-1-2-3-4-5-6-8-10-12-14-16-24_r5,unreal_chaos,16,0,1,1,evaluated,0.10000000000000001,0,0,0,0,2,161,1,0,2,162,0.016666666666666666,0,0,0,0,0,unforced_stack_shape_excess,0.057527007423975873,16158,0,2,8,191.29940000000002,1602.8868,pyramid-safety-and-unforced-shape,unforced-shape-0.10-m
2026-10-05_0940_ddr5-4800_threads-1-2-3-4-5-6-8-10-12-14-16-24_r5,unreal_chaos,16,1,1,1,evaluated,0.10000000000000001,0,0,0,0,2,161,1,0,2,162,0.016666666666666666,0,0,0,0,0,rest_envelope,0.057529875133910835,16158,0,2,8,198.02709999999996,1579.6532,pyramid-safety-and-unforced-shape,unforced-shape-0.10-m
2026-10-05_0940_ddr5-4800_threads-1-2-3-4-5-6-8-10-12-14-16-24_r5,unreal_chaos,16,1,1,1,evaluated,0.10000000000000001,0,0,0,0,2,161,1,0,2,162,0.016666666666666666,0,0,0,0,0,upward_excursion,0.036045074462890625,16193,0,2,16,198.02709999999996,1579.6532,pyramid-safety-and-unforced-shape,unforced-shape-0.10-m
2026-10-05_0940_ddr5-4800_threads-1-2-3-4-5-6-8-10-12-14-16-24_r5,unreal_chaos,16,1,1,1,evaluated,0.10000000000000001,0,0,0,0,2,161,1,0,2,162,0.016666666666666666,0,0,0,0,0,unforced_stack_shape_excess,0.057527007423975873,16158,0,2,8,198.02709999999996,1579.6532,pyramid-safety-and-unforced-shape,unforced-shape-0.10-m
2026-10-05_0940_ddr5-4800_threads-1-2-3-4-5-6-8-10-12-14-16-24_r5,unreal_chaos,16,2,1,1,evaluated,0.10000000000000001,0,0,0,0,2,161,1,0,2,162,0.016666666666666666,0,0,0,0,0,rest_envelope,0.057529875133910835,16158,0,2,8,189.96630000000025,1612.1261,pyramid-safety-and-unforced-shape,unforced-shape-0.10-m
2026-10-05_0940_ddr5-4800_threads-1-2-3-4-5-6-8-10-12-14-16-24_r5,unreal_chaos,16,2,1,1,evaluated,0.10000000000000001,0,0,0,0,2,161,1,0,2,162,0.016666666666666666,0,0,0,0,0,upward_excursion,0.036045074462890625,16193,0,2,16,189.96630000000025,1612.1261,pyramid-safety-and-unforced-shape,unforced-shape-0.10-m
2026-10-05_0940_ddr5-4800_threads-1-2-3-4-5-6-8-10-12-14-16-24_r5,unreal_chaos,16,2,1,1,evaluated,0.10000000000000001,0,0,0,0,2,161,1,0,2,162,0.016666666666666666,0,0,0,0,0,unforced_stack_shape_excess,0.057527007423975873,16158,0,2,8,189.96630000000025,1612.1261,pyramid-safety-and-unforced-shape,unforced-shape-0.10-m
2026-10-05_0940_ddr5-4800_threads-1-2-3-4-5-6-8-10-12-14-16-24_r5,unreal_chaos,16,3,1,1,evaluated,0.10000000000000001,0,0,0,0,2,161,1,0,2,162,0.016666666666666666,0,0,0,0,0,rest_envelope,0.057529875133910835,16158,0,2,8,199.02230000000014,1573.7062000000001,pyramid-safety-and-unforced-shape,unforced-shape-0.10-m
2026-10-05_0940_ddr5-4800_threads-1-2-3-4-5-6-8-10-12-14-16-24_r5,unreal_chaos,16,3,1,1,evaluated,0.10000000000000001,0,0,0,0,2,161,1,0,2,162,0.016666666666666666,0,0,0,0,0,upward_excursion,0.036045074462890625,16193,0,2,16,199.02230000000014,1573.7062000000001,pyramid-safety-and-unforced-shape,unforced-shape-0.10-m
2026-10-05_0940_ddr5-4800_threads-1-2-3-4-5-6-8-10-12-14-16-24_r5,unreal_chaos,16,3,1,1,evaluated,0.10000000000000001,0,0,0,0,2,161,1,0,2,162,0.016666666666666666,0,0,0,0,0,unforced_stack_shape_excess,0.057527007423975873,16158,0,2,8,199.02230000000014,1573.7062000000001,pyramid-safety-and-unforced-shape,unforced-shape-0.10-m
2026-10-05_0940_ddr5-4800_threads-1-2-3-4-5-6-8-10-12-14-16-24_r5,unreal_chaos,16,4,1,1,evaluated,0.10000000000000001,0,0,0,0,2,161,1,0,2,162,0.016666666666666666,0,0,0,0,0,rest_envelope,0.057529875133910835,16158,0,2,8,194.19670000000005,1583.4914000000001,pyramid-safety-and-unforced-shape,unforced-shape-0.10-m
2026-10-05_0940_ddr5-4800_threads-1-2-3-4-5-6-8-10-12-14-16-24_r5,unreal_chaos,16,4,1,1,evaluated,0.10000000000000001,0,0,0,0,2,161,1,0,2,162,0.016666666666666666,0,0,0,0,0,upward_excursion,0.036045074462890625,16193,0,2,16,194.19670000000005,1583.4914000000001,pyramid-safety-and-unforced-shape,unforced-shape-0.10-m
2026-10-05_0940_ddr5-4800_threads-1-2-3-4-5-6-8-10-12-14-16-24_r5,unreal_chaos,16,4,1,1,evaluated,0.10000000000000001,0,0,0,0,2,161,1,0,2,162,0.016666666666666666,0,0,0,0,0,unforced_stack_shape_excess,0.057527007423975873,16158,0,2,8,194.19670000000005,1583.4914000000001,pyramid-safety-and-unforced-shape,unforced-shape-0.10-m
2026-10-05_0940_ddr5-4800_threads-1-2-3-4-5-6-8-10-12-14-16-24_r5,unreal_chaos,24,0,1,1,evaluated,0.10000000000000001,0,0,0,0,2,161,1,0,2,162,0.016666666666666666,0,0,0,0,0,rest_envelope,0.057529875133910835,16158,0,2,8,195.82760000000005,1573.9808,pyramid-safety-and-unforced-shape,unforced-shape-0.10-m
2026-10-05_0940_ddr5-4800_threads-1-2-3-4-5-6-8-10-12-14-16-24_r5,unreal_chaos,24,0,1,1,evaluated,0.10000000000000001,0,0,0,0,2,161,1,0,2,162,0.016666666666666666,0,0,0,0,0,upward_excursion,0.036045074462890625,16193,0,2,16,195.82760000000005,1573.9808,pyramid-safety-and-unforced-shape,unforced-shape-0.10-m
2026-10-05_0940_ddr5-4800_threads-1-2-3-4-5-6-8-10-12-14-16-24_r5,unreal_chaos,24,0,1,1,evaluated,0.10000000000000001,0,0,0,0,2,161,1,0,2,162,0.016666666666666666,0,0,0,0,0,unforced_stack_shape_excess,0.057527007423975873,16158,0,2,8,195.82760000000005,1573.9808,pyramid-safety-and-unforced-shape,unforced-shape-0.10-m
2026-10-05_0940_ddr5-4800_threads-1-2-3-4-5-6-8-10-12-14-16-24_r5,unreal_chaos,24,1,1,1,evaluated,0.10000000000000001,0,0,0,0,2,161,1,0,2,162,0.016666666666666666,0,0,0,0,0,rest_envelope,0.057529875133910835,16158,0,2,8,190.22059999999996,1584.6645000000001,pyramid-safety-and-unforced-shape,unforced-shape-0.10-m
2026-10-05_0940_ddr5-4800_threads-1-2-3-4-5-6-8-10-12-14-16-24_r5,unreal_chaos,24,1,1,1,evaluated,0.10000000000000001,0,0,0,0,2,161,1,0,2,162,0.016666666666666666,0,0,0,0,0,upward_excursion,0.036045074462890625,16193,0,2,16,190.22059999999996,1584.6645000000001,pyramid-safety-and-unforced-shape,unforced-shape-0.10-m
2026-10-05_0940_ddr5-4800_threads-1-2-3-4-5-6-8-10-12-14-16-24_r5,unreal_chaos,24,1,1,1,evaluated,0.10000000000000001,0,0,0,0,2,161,1,0,2,162,0.016666666666666666,0,0,0,0,0,unforced_stack_shape_excess,0.057527007423975873,16158,0,2,8,190.22059999999996,1584.6645000000001,pyramid-safety-and-unforced-shape,unforced-shape-0.10-m
2026-10-05_0940_ddr5-4800_threads-1-2-3-4-5-6-8-10-12-14-16-24_r5,unreal_chaos,24,2,1,1,evaluated,0.10000000000000001,0,0,0,0,2,161,1,0,2,162,0.016666666666666666,0,0,0,0,0,rest_envelope,0.057529875133910835,16158,0,2,8,192.68819999999991,1571.8726999999999,pyramid-safety-and-unforced-shape,unforced-shape-0.10-m
2026-10-05_0940_ddr5-4800_threads-1-2-3-4-5-6-8-10-12-14-16-24_r5,unreal_chaos,24,2,1,1,evaluated,0.10000000000000001,0,0,0,0,2,161,1,0,2,162,0.016666666666666666,0,0,0,0,0,upward_excursion,0.036045074462890625,16193,0,2,16,192.68819999999991,1571.8726999999999,pyramid-safety-and-unforced-shape,unforced-shape-0.10-m
2026-10-05_0940_ddr5-4800_threads-1-2-3-4-5-6-8-10-12-14-16-24_r5,unreal_chaos,24,2,1,1,evaluated,0.10000000000000001,0,0,0,0,2,161,1,0,2,162,0.016666666666666666,0,0,0,0,0,unforced_stack_shape_excess,0.057527007423975873,16158,0,2,8,192.68819999999991,1571.8726999999999,pyramid-safety-and-unforced-shape,unforced-shape-0.10-m
2026-10-05_0940_ddr5-4800_threads-1-2-3-4-5-6-8-10-12-14-16-24_r5,unreal_chaos,24,3,1,1,evaluated,0.10000000000000001,0,0,0,0,2,161,1,0,2,162,0.016666666666666666,0,0,0,0,0,rest_envelope,0.057529875133910835,16158,0,2,8,195.07519999999971,1568.9797000000001,pyramid-safety-and-unforced-shape,unforced-shape-0.10-m
2026-10-05_0940_ddr5-4800_threads-1-2-3-4-5-6-8-10-12-14-16-24_r5,unreal_chaos,24,3,1,1,evaluated,0.10000000000000001,0,0,0,0,2,161,1,0,2,162,0.016666666666666666,0,0,0,0,0,upward_excursion,0.036045074462890625,16193,0,2,16,195.07519999999971,1568.9797000000001,pyramid-safety-and-unforced-shape,unforced-shape-0.10-m
2026-10-05_0940_ddr5-4800_threads-1-2-3-4-5-6-8-10-12-14-16-24_r5,unreal_chaos,24,3,1,1,evaluated,0.10000000000000001,0,0,0,0,2,161,1,0,2,162,0.016666666666666666,0,0,0,0,0,unforced_stack_shape_excess,0.057527007423975873,16158,0,2,8,195.07519999999971,1568.9797000000001,pyramid-safety-and-unforced-shape,unforced-shape-0.10-m
2026-10-05_0940_ddr5-4800_threads-1-2-3-4-5-6-8-10-12-14-16-24_r5,unreal_chaos,24,4,1,1,evaluated,0.10000000000000001,0,0,0,0,2,161,1,0,2,162,0.016666666666666666,0,0,0,0,0,rest_envelope,0.057529875133910835,16158,0,2,8,192.62150000000011,1575.9699000000001,pyramid-safety-and-unforced-shape,unforced-shape-0.10-m
2026-10-05_0940_ddr5-4800_threads-1-2-3-4-5-6-8-10-12-14-16-24_r5,unreal_chaos,24,4,1,1,evaluated,0.10000000000000001,0,0,0,0,2,161,1,0,2,162,0.016666666666666666,0,0,0,0,0,upward_excursion,0.036045074462890625,16193,0,2,16,192.62150000000011,1575.9699000000001,pyramid-safety-and-unforced-shape,unforced-shape-0.10-m
2026-10-05_0940_ddr5-4800_threads-1-2-3-4-5-6-8-10-12-14-16-24_r5,unreal_chaos,24,4,1,1,evaluated,0.10000000000000001,0,0,0,0,2,161,1,0,2,162,0.016666666666666666,0,0,0,0,0,unforced_stack_shape_excess,0.057527007423975873,16158,0,2,8,192.62150000000011,1575.9699000000001,pyramid-safety-and-unforced-shape,unforced-shape-0.10-m
2026-10-05_0940_ddr5-4800_threads-1-2-3-4-5-6-8-10-12-14-16-24_r5,entasis,1,0,1,1,evaluated,0.10000000000000001,0,0,0,0,2,161,1,0,2,162,0.016666666666666666,0,0,0,0,0,rest_envelope,0.070346231762314915,16205,0,2,8,205.49679999999995,1584.3269,pyramid-safety-and-unforced-shape,unforced-shape-0.10-m
2026-10-05_0940_ddr5-4800_threads-1-2-3-4-5-6-8-10-12-14-16-24_r5,entasis,1,0,1,1,evaluated,0.10000000000000001,0,0,0,0,2,161,1,0,2,162,0.016666666666666666,0,0,0,0,0,upward_excursion,0.061702728271484375,16205,0,2,17,205.49679999999995,1584.3269,pyramid-safety-and-unforced-shape,unforced-shape-0.10-m
2026-10-05_0940_ddr5-4800_threads-1-2-3-4-5-6-8-10-12-14-16-24_r5,entasis,1,0,1,1,evaluated,0.10000000000000001,0,0,0,0,2,161,1,0,2,162,0.016666666666666666,0,0,0,0,0,unforced_stack_shape_excess,0.070346209106341595,16205,0,2,8,205.49679999999995,1584.3269,pyramid-safety-and-unforced-shape,unforced-shape-0.10-m
2026-10-05_0940_ddr5-4800_threads-1-2-3-4-5-6-8-10-12-14-16-24_r5,entasis,1,1,1,1,evaluated,0.10000000000000001,0,0,0,0,2,161,1,0,2,162,0.016666666666666666,0,0,0,0,0,rest_envelope,0.070346231762314915,16205,0,2,8,176.95120000000006,1583.5889,pyramid-safety-and-unforced-shape,unforced-shape-0.10-m
2026-10-05_0940_ddr5-4800_threads-1-2-3-4-5-6-8-10-12-14-16-24_r5,entasis,1,1,1,1,evaluated,0.10000000000000001,0,0,0,0,2,161,1,0,2,162,0.016666666666666666,0,0,0,0,0,upward_excursion,0.061702728271484375,16205,0,2,17,176.95120000000006,1583.5889,pyramid-safety-and-unforced-shape,unforced-shape-0.10-m
2026-10-05_0940_ddr5-4800_threads-1-2-3-4-5-6-8-10-12-14-16-24_r5,entasis,1,1,1,1,evaluated,0.10000000000000001,0,0,0,0,2,161,1,0,2,162,0.016666666666666666,0,0,0,0,0,unforced_stack_shape_excess,0.070346209106341595,16205,0,2,8,176.95120000000006,1583.5889,pyramid-safety-and-unforced-shape,unforced-shape-0.10-m
2026-10-05_0940_ddr5-4800_threads-1-2-3-4-5-6-8-10-12-14-16-24_r5,entasis,1,2,1,1,evaluated,0.10000000000000001,0,0,0,0,2,161,1,0,2,162,0.016666666666666666,0,0,0,0,0,rest_envelope,0.070346231762314915,16205,0,2,8,170.83009999999999,1579.3879999999999,pyramid-safety-and-unforced-shape,unforced-shape-0.10-m
2026-10-05_0940_ddr5-4800_threads-1-2-3-4-5-6-8-10-12-14-16-24_r5,entasis,1,2,1,1,evaluated,0.10000000000000001,0,0,0,0,2,161,1,0,2,162,0.016666666666666666,0,0,0,0,0,upward_excursion,0.061702728271484375,16205,0,2,17,170.83009999999999,1579.3879999999999,pyramid-safety-and-unforced-shape,unforced-shape-0.10-m
2026-10-05_0940_ddr5-4800_threads-1-2-3-4-5-6-8-10-12-14-16-24_r5,entasis,1,2,1,1,evaluated,0.10000000000000001,0,0,0,0,2,161,1,0,2,162,0.016666666666666666,0,0,0,0,0,unforced_stack_shape_excess,0.070346209106341595,16205,0,2,8,170.83009999999999,1579.3879999999999,pyramid-safety-and-unforced-shape,unforced-shape-0.10-m
2026-10-05_0940_ddr5-4800_threads-1-2-3-4-5-6-8-10-12-14-16-24_r5,entasis,1,3,1,1,evaluated,0.10000000000000001,0,0,0,0,2,161,1,0,2,162,0.016666666666666666,0,0,0,0,0,rest_envelope,0.070346231762314915,16205,0,2,8,173.46580000000012,1577.6959999999999,pyramid-safety-and-unforced-shape,unforced-shape-0.10-m
2026-10-05_0940_ddr5-4800_threads-1-2-3-4-5-6-8-10-12-14-16-24_r5,entasis,1,3,1,1,evaluated,0.10000000000000001,0,0,0,0,2,161,1,0,2,162,0.016666666666666666,0,0,0,0,0,upward_excursion,0.061702728271484375,16205,0,2,17,173.46580000000012,1577.6959999999999,pyramid-safety-and-unforced-shape,unforced-shape-0.10-m
2026-10-05_0940_ddr5-4800_threads-1-2-3-4-5-6-8-10-12-14-16-24_r5,entasis,1,3,1,1,evaluated,0.10000000000000001,0,0,0,0,2,161,1,0,2,162,0.016666666666666666,0,0,0,0,0,unforced_stack_shape_excess,0.070346209106341595,16205,0,2,8,173.46580000000012,1577.6959999999999,pyramid-safety-and-unforced-shape,unforced-shape-0.10-m
2026-10-05_0940_ddr5-4800_threads-1-2-3-4-5-6-8-10-12-14-16-24_r5,entasis,1,4,1,1,evaluated,0.10000000000000001,0,0,0,0,2,161,1,0,2,162,0.016666666666666666,0,0,0,0,0,rest_envelope,0.070346231762314915,16205,0,2,8,167.52489999999989,1576.9518,pyramid-safety-and-unforced-shape,unforced-shape-0.10-m
2026-10-05_0940_ddr5-4800_threads-1-2-3-4-5-6-8-10-12-14-16-24_r5,entasis,1,4,1,1,evaluated,0.10000000000000001,0,0,0,0,2,161,1,0,2,162,0.016666666666666666,0,0,0,0,0,upward_excursion,0.061702728271484375,16205,0,2,17,167.52489999999989,1576.9518,pyramid-safety-and-unforced-shape,unforced-shape-0.10-m
2026-10-05_0940_ddr5-4800_threads-1-2-3-4-5-6-8-10-12-14-16-24_r5,entasis,1,4,1,1,evaluated,0.10000000000000001,0,0,0,0,2,161,1,0,2,162,0.016666666666666666,0,0,0,0,0,unforced_stack_shape_excess,0.070346209106341595,16205,0,2,8,167.52489999999989,1576.9518,pyramid-safety-and-unforced-shape,unforced-shape-0.10-m
2026-10-05_0940_ddr5-4800_threads-1-2-3-4-5-6-8-10-12-14-16-24_r5,entasis,2,0,1,1,evaluated,0.10000000000000001,0,0,0,0,2,161,1,0,2,162,0.016666666666666666,0,0,0,0,0,rest_envelope,0.070303994383682067,16205,0,2,8,165.17630000000014,1583.2170000000001,pyramid-safety-and-unforced-shape,unforced-shape-0.10-m
2026-10-05_0940_ddr5-4800_threads-1-2-3-4-5-6-8-10-12-14-16-24_r5,entasis,2,0,1,1,evaluated,0.10000000000000001,0,0,0,0,2,161,1,0,2,162,0.016666666666666666,0,0,0,0,0,upward_excursion,0.061542510986328125,16205,0,2,17,165.17630000000014,1583.2170000000001,pyramid-safety-and-unforced-shape,unforced-shape-0.10-m
2026-10-05_0940_ddr5-4800_threads-1-2-3-4-5-6-8-10-12-14-16-24_r5,entasis,2,0,1,1,evaluated,0.10000000000000001,0,0,0,0,2,161,1,0,2,162,0.016666666666666666,0,0,0,0,0,unforced_stack_shape_excess,0.070303966830481512,16205,0,2,8,165.17630000000014,1583.2170000000001,pyramid-safety-and-unforced-shape,unforced-shape-0.10-m
2026-10-05_0940_ddr5-4800_threads-1-2-3-4-5-6-8-10-12-14-16-24_r5,entasis,2,1,1,1,evaluated,0.10000000000000001,0,0,0,0,2,161,1,0,2,162,0.016666666666666666,0,0,0,0,0,rest_envelope,0.070089415757774276,16205,0,2,8,161.81290000000004,1579.0431000000001,pyramid-safety-and-unforced-shape,unforced-shape-0.10-m
2026-10-05_0940_ddr5-4800_threads-1-2-3-4-5-6-8-10-12-14-16-24_r5,entasis,2,1,1,1,evaluated,0.10000000000000001,0,0,0,0,2,161,1,0,2,162,0.016666666666666666,0,0,0,0,0,upward_excursion,0.061040878295898438,16205,0,2,17,161.81290000000004,1579.0431000000001,pyramid-safety-and-unforced-shape,unforced-shape-0.10-m
2026-10-05_0940_ddr5-4800_threads-1-2-3-4-5-6-8-10-12-14-16-24_r5,entasis,2,1,1,1,evaluated,0.10000000000000001,0,0,0,0,2,161,1,0,2,162,0.016666666666666666,0,0,0,0,0,unforced_stack_shape_excess,0.070089393000881461,16205,0,2,8,161.81290000000004,1579.0431000000001,pyramid-safety-and-unforced-shape,unforced-shape-0.10-m
2026-10-05_0940_ddr5-4800_threads-1-2-3-4-5-6-8-10-12-14-16-24_r5,entasis,2,2,1,1,evaluated,0.10000000000000001,0,0,0,0,2,161,1,0,2,162,0.016666666666666666,0,0,0,0,0,rest_envelope,0.070033474606422175,16205,0,2,8,162.00189999999992,1579.5550000000001,pyramid-safety-and-unforced-shape,unforced-shape-0.10-m
2026-10-05_0940_ddr5-4800_threads-1-2-3-4-5-6-8-10-12-14-16-24_r5,entasis,2,2,1,1,evaluated,0.10000000000000001,0,0,0,0,2,161,1,0,2,162,0.016666666666666666,0,0,0,0,0,upward_excursion,0.061197280883789062,16205,0,2,17,162.00189999999992,1579.5550000000001,pyramid-safety-and-unforced-shape,unforced-shape-0.10-m
2026-10-05_0940_ddr5-4800_threads-1-2-3-4-5-6-8-10-12-14-16-24_r5,entasis,2,2,1,1,evaluated,0.10000000000000001,0,0,0,0,2,161,1,0,2,162,0.016666666666666666,0,0,0,0,0,unforced_stack_shape_excess,0.070033449500044087,16205,0,2,8,162.00189999999992,1579.5550000000001,pyramid-safety-and-unforced-shape,unforced-shape-0.10-m
2026-10-05_0940_ddr5-4800_threads-1-2-3-4-5-6-8-10-12-14-16-24_r5,entasis,2,3,1,1,evaluated,0.10000000000000001,0,0,0,0,2,161,1,0,2,162,0.016666666666666666,0,0,0,0,0,rest_envelope,0.070076205320184215,16205,0,2,8,188.34149999999997,1579.5823,pyramid-safety-and-unforced-shape,unforced-shape-0.10-m
2026-10-05_0940_ddr5-4800_threads-1-2-3-4-5-6-8-10-12-14-16-24_r5,entasis,2,3,1,1,evaluated,0.10000000000000001,0,0,0,0,2,161,1,0,2,162,0.016666666666666666,0,0,0,0,0,upward_excursion,0.061384201049804688,16205,0,2,17,188.34149999999997,1579.5823,pyramid-safety-and-unforced-shape,unforced-shape-0.10-m
2026-10-05_0940_ddr5-4800_threads-1-2-3-4-5-6-8-10-12-14-16-24_r5,entasis,2,3,1,1,evaluated,0.10000000000000001,0,0,0,0,2,161,1,0,2,162,0.016666666666666666,0,0,0,0,0,unforced_stack_shape_excess,0.0700761762261225,16205,0,2,8,188.34149999999997,1579.5823,pyramid-safety-and-unforced-shape,unforced-shape-0.10-m
2026-10-05_0940_ddr5-4800_threads-1-2-3-4-5-6-8-10-12-14-16-24_r5,entasis,2,4,1,1,evaluated,0.10000000000000001,0,0,0,0,2,161,1,0,2,162,0.016666666666666666,0,0,0,0,0,rest_envelope,0.07015476316622582,16205,0,2,8,164.37719999999982,1586.2267999999999,pyramid-safety-and-unforced-shape,unforced-shape-0.10-m
2026-10-05_0940_ddr5-4800_threads-1-2-3-4-5-6-8-10-12-14-16-24_r5,entasis,2,4,1,1,evaluated,0.10000000000000001,0,0,0,0,2,161,1,0,2,162,0.016666666666666666,0,0,0,0,0,upward_excursion,0.061330795288085938,16205,0,2,17,164.37719999999982,1586.2267999999999,pyramid-safety-and-unforced-shape,unforced-shape-0.10-m
2026-10-05_0940_ddr5-4800_threads-1-2-3-4-5-6-8-10-12-14-16-24_r5,entasis,2,4,1,1,evaluated,0.10000000000000001,0,0,0,0,2,161,1,0,2,162,0.016666666666666666,0,0,0,0,0,unforced_stack_shape_excess,0.070154742271961057,16205,0,2,8,164.37719999999982,1586.2267999999999,pyramid-safety-and-unforced-shape,unforced-shape-0.10-m
2026-10-05_0940_ddr5-4800_threads-1-2-3-4-5-6-8-10-12-14-16-24_r5,entasis,3,0,1,1,evaluated,0.10000000000000001,0,0,0,0,2,161,1,0,2,162,0.016666666666666666,0,0,0,0,0,rest_envelope,0.070429458274020362,16205,0,2,8,172.06859999999989,1583.6814999999999,pyramid-safety-and-unforced-shape,unforced-shape-0.10-m
2026-10-05_0940_ddr5-4800_threads-1-2-3-4-5-6-8-10-12-14-16-24_r5,entasis,3,0,1,1,evaluated,0.10000000000000001,0,0,0,0,2,161,1,0,2,162,0.016666666666666666,0,0,0,0,0,upward_excursion,0.061262130737304688,16205,0,2,17,172.06859999999989,1583.6814999999999,pyramid-safety-and-unforced-shape,unforced-shape-0.10-m
2026-10-05_0940_ddr5-4800_threads-1-2-3-4-5-6-8-10-12-14-16-24_r5,entasis,3,0,1,1,evaluated,0.10000000000000001,0,0,0,0,2,161,1,0,2,162,0.016666666666666666,0,0,0,0,0,unforced_stack_shape_excess,0.070429426824538177,16205,0,2,8,172.06859999999989,1583.6814999999999,pyramid-safety-and-unforced-shape,unforced-shape-0.10-m
2026-10-05_0940_ddr5-4800_threads-1-2-3-4-5-6-8-10-12-14-16-24_r5,entasis,3,1,1,1,evaluated,0.10000000000000001,0,0,0,0,2,161,1,0,2,162,0.016666666666666666,0,0,0,0,0,rest_envelope,0.070288950981787224,16205,0,2,8,161.41569999999976,1586.3435999999999,pyramid-safety-and-unforced-shape,unforced-shape-0.10-m
2026-10-05_0940_ddr5-4800_threads-1-2-3-4-5-6-8-10-12-14-16-24_r5,entasis,3,1,1,1,evaluated,0.10000000000000001,0,0,0,0,2,161,1,0,2,162,0.016666666666666666,0,0,0,0,0,upward_excursion,0.061082839965820312,16205,0,2,17,161.41569999999976,1586.3435999999999,pyramid-safety-and-unforced-shape,unforced-shape-0.10-m
2026-10-05_0940_ddr5-4800_threads-1-2-3-4-5-6-8-10-12-14-16-24_r5,entasis,3,1,1,1,evaluated,0.10000000000000001,0,0,0,0,2,161,1,0,2,162,0.016666666666666666,0,0,0,0,0,unforced_stack_shape_excess,0.070288924674617947,16205,0,2,8,161.41569999999976,1586.3435999999999,pyramid-safety-and-unforced-shape,unforced-shape-0.10-m
2026-10-05_0940_ddr5-4800_threads-1-2-3-4-5-6-8-10-12-14-16-24_r5,entasis,3,2,1,1,evaluated,0.10000000000000001,0,0,0,0,2,161,1,0,2,162,0.016666666666666666,0,0,0,0,0,rest_envelope,0.070153817705843835,16205,0,2,8,173.95570000000006,1579.6937,pyramid-safety-and-unforced-shape,unforced-shape-0.10-m
2026-10-05_0940_ddr5-4800_threads-1-2-3-4-5-6-8-10-12-14-16-24_r5,entasis,3,2,1,1,evaluated,0.10000000000000001,0,0,0,0,2,161,1,0,2,162,0.016666666666666666,0,0,0,0,0,upward_excursion,0.06121063232421875,16205,0,2,17,173.95570000000006,1579.6937,pyramid-safety-and-unforced-shape,unforced-shape-0.10-m
2026-10-05_0940_ddr5-4800_threads-1-2-3-4-5-6-8-10-12-14-16-24_r5,entasis,3,2,1,1,evaluated,0.10000000000000001,0,0,0,0,2,161,1,0,2,162,0.016666666666666666,0,0,0,0,0,unforced_stack_shape_excess,0.070153801722608378,16205,0,2,8,173.95570000000006,1579.6937,pyramid-safety-and-unforced-shape,unforced-shape-0.10-m
2026-10-05_0940_ddr5-4800_threads-1-2-3-4-5-6-8-10-12-14-16-24_r5,entasis,3,3,1,1,evaluated,0.10000000000000001,0,0,0,0,2,161,1,0,2,162,0.016666666666666666,0,0,0,0,0,rest_envelope,0.070513038214564006,16205,0,2,8,171.24949999999987,1584.0101999999999,pyramid-safety-and-unforced-shape,unforced-shape-0.10-m
2026-10-05_0940_ddr5-4800_threads-1-2-3-4-5-6-8-10-12-14-16-24_r5,entasis,3,3,1,1,evaluated,0.10000000000000001,0,0,0,0,2,161,1,0,2,162,0.016666666666666666,0,0,0,0,0,upward_excursion,0.061544418334960938,16205,0,2,17,171.24949999999987,1584.0101999999999,pyramid-safety-and-unforced-shape,unforced-shape-0.10-m
2026-10-05_0940_ddr5-4800_threads-1-2-3-4-5-6-8-10-12-14-16-24_r5,entasis,3,3,1,1,evaluated,0.10000000000000001,0,0,0,0,2,161,1,0,2,162,0.016666666666666666,0,0,0,0,0,unforced_stack_shape_excess,0.070513012060737179,16205,0,2,8,171.24949999999987,1584.0101999999999,pyramid-safety-and-unforced-shape,unforced-shape-0.10-m
2026-10-05_0940_ddr5-4800_threads-1-2-3-4-5-6-8-10-12-14-16-24_r5,entasis,3,4,1,1,evaluated,0.10000000000000001,0,0,0,0,2,161,1,0,2,162,0.016666666666666666,0,0,0,0,0,rest_envelope,0.070538663773476173,16205,0,2,8,171.09959999999992,1577.895,pyramid-safety-and-unforced-shape,unforced-shape-0.10-m
2026-10-05_0940_ddr5-4800_threads-1-2-3-4-5-6-8-10-12-14-16-24_r5,entasis,3,4,1,1,evaluated,0.10000000000000001,0,0,0,0,2,161,1,0,2,162,0.016666666666666666,0,0,0,0,0,upward_excursion,0.061681747436523438,16205,0,2,17,171.09959999999992,1577.895,pyramid-safety-and-unforced-shape,unforced-shape-0.10-m
2026-10-05_0940_ddr5-4800_threads-1-2-3-4-5-6-8-10-12-14-16-24_r5,entasis,3,4,1,1,evaluated,0.10000000000000001,0,0,0,0,2,161,1,0,2,162,0.016666666666666666,0,0,0,0,0,unforced_stack_shape_excess,0.07053863733392729,16205,0,2,8,171.09959999999992,1577.895,pyramid-safety-and-unforced-shape,unforced-shape-0.10-m
2026-10-05_0940_ddr5-4800_threads-1-2-3-4-5-6-8-10-12-14-16-24_r5,entasis,4,0,1,1,evaluated,0.10000000000000001,0,0,0,0,2,161,1,0,2,162,0.016666666666666666,0,0,0,0,0,rest_envelope,0.070207082785628927,16205,0,2,8,175.15060000000022,1608.1866,pyramid-safety-and-unforced-shape,unforced-shape-0.10-m
2026-10-05_0940_ddr5-4800_threads-1-2-3-4-5-6-8-10-12-14-16-24_r5,entasis,4,0,1,1,evaluated,0.10000000000000001,0,0,0,0,2,161,1,0,2,162,0.016666666666666666,0,0,0,0,0,upward_excursion,0.061601638793945312,16205,0,2,17,175.15060000000022,1608.1866,pyramid-safety-and-unforced-shape,unforced-shape-0.10-m
2026-10-05_0940_ddr5-4800_threads-1-2-3-4-5-6-8-10-12-14-16-24_r5,entasis,4,0,1,1,evaluated,0.10000000000000001,0,0,0,0,2,161,1,0,2,162,0.016666666666666666,0,0,0,0,0,unforced_stack_shape_excess,0.070207064046604761,16205,0,2,8,175.15060000000022,1608.1866,pyramid-safety-and-unforced-shape,unforced-shape-0.10-m
2026-10-05_0940_ddr5-4800_threads-1-2-3-4-5-6-8-10-12-14-16-24_r5,entasis,4,1,1,1,evaluated,0.10000000000000001,0,0,0,0,2,161,1,0,2,162,0.016666666666666666,0,0,0,0,0,rest_envelope,0.070237697482028238,16205,0,2,8,165.04209999999981,1590.7729999999999,pyramid-safety-and-unforced-shape,unforced-shape-0.10-m
2026-10-05_0940_ddr5-4800_threads-1-2-3-4-5-6-8-10-12-14-16-24_r5,entasis,4,1,1,1,evaluated,0.10000000000000001,0,0,0,0,2,161,1,0,2,162,0.016666666666666666,0,0,0,0,0,upward_excursion,0.061323165893554688,16205,0,2,17,165.04209999999981,1590.7729999999999,pyramid-safety-and-unforced-shape,unforced-shape-0.10-m
2026-10-05_0940_ddr5-4800_threads-1-2-3-4-5-6-8-10-12-14-16-24_r5,entasis,4,1,1,1,evaluated,0.10000000000000001,0,0,0,0,2,161,1,0,2,162,0.016666666666666666,0,0,0,0,0,unforced_stack_shape_excess,0.070237634972670437,16205,0,2,8,165.04209999999981,1590.7729999999999,pyramid-safety-and-unforced-shape,unforced-shape-0.10-m
2026-10-05_0940_ddr5-4800_threads-1-2-3-4-5-6-8-10-12-14-16-24_r5,entasis,4,2,1,1,evaluated,0.10000000000000001,0,0,0,0,2,161,1,0,2,162,0.016666666666666666,0,0,0,0,0,rest_envelope,0.070024755207999334,16205,0,2,8,169.79110000000026,1587.8233,pyramid-safety-and-unforced-shape,unforced-shape-0.10-m
2026-10-05_0940_ddr5-4800_threads-1-2-3-4-5-6-8-10-12-14-16-24_r5,entasis,4,2,1,1,evaluated,0.10000000000000001,0,0,0,0,2,161,1,0,2,162,0.016666666666666666,0,0,0,0,0,upward_excursion,0.0608673095703125,16205,0,2,17,169.79110000000026,1587.8233,pyramid-safety-and-unforced-shape,unforced-shape-0.10-m
2026-10-05_0940_ddr5-4800_threads-1-2-3-4-5-6-8-10-12-14-16-24_r5,entasis,4,2,1,1,evaluated,0.10000000000000001,0,0,0,0,2,161,1,0,2,162,0.016666666666666666,0,0,0,0,0,unforced_stack_shape_excess,0.07002471393285925,16205,0,2,8,169.79110000000026,1587.8233,pyramid-safety-and-unforced-shape,unforced-shape-0.10-m
2026-10-05_0940_ddr5-4800_threads-1-2-3-4-5-6-8-10-12-14-16-24_r5,entasis,4,3,1,1,evaluated,0.10000000000000001,0,0,0,0,2,161,1,0,2,162,0.016666666666666666,0,0,0,0,0,rest_envelope,0.069941837914889504,16205,0,2,8,168.53230000000005,1584.3076000000001,pyramid-safety-and-unforced-shape,unforced-shape-0.10-m
2026-10-05_0940_ddr5-4800_threads-1-2-3-4-5-6-8-10-12-14-16-24_r5,entasis,4,3,1,1,evaluated,0.10000000000000001,0,0,0,0,2,161,1,0,2,162,0.016666666666666666,0,0,0,0,0,upward_excursion,0.061145782470703125,16205,0,2,17,168.53230000000005,1584.3076000000001,pyramid-safety-and-unforced-shape,unforced-shape-0.10-m
2026-10-05_0940_ddr5-4800_threads-1-2-3-4-5-6-8-10-12-14-16-24_r5,entasis,4,3,1,1,evaluated,0.10000000000000001,0,0,0,0,2,161,1,0,2,162,0.016666666666666666,0,0,0,0,0,unforced_stack_shape_excess,0.069941818767135733,16205,0,2,8,168.53230000000005,1584.3076000000001,pyramid-safety-and-unforced-shape,unforced-shape-0.10-m
2026-10-05_0940_ddr5-4800_threads-1-2-3-4-5-6-8-10-12-14-16-24_r5,entasis,4,4,1,1,evaluated,0.10000000000000001,0,0,0,0,2,161,1,0,2,162,0.016666666666666666,0,0,0,0,0,rest_envelope,0.070136305946263633,16205,0,2,8,171.57940000000002,1578.6175000000001,pyramid-safety-and-unforced-shape,unforced-shape-0.10-m
2026-10-05_0940_ddr5-4800_threads-1-2-3-4-5-6-8-10-12-14-16-24_r5,entasis,4,4,1,1,evaluated,0.10000000000000001,0,0,0,0,2,161,1,0,2,162,0.016666666666666666,0,0,0,0,0,upward_excursion,0.061370849609375,16205,0,2,17,171.57940000000002,1578.6175000000001,pyramid-safety-and-unforced-shape,unforced-shape-0.10-m
2026-10-05_0940_ddr5-4800_threads-1-2-3-4-5-6-8-10-12-14-16-24_r5,entasis,4,4,1,1,evaluated,0.10000000000000001,0,0,0,0,2,161,1,0,2,162,0.016666666666666666,0,0,0,0,0,unforced_stack_shape_excess,0.070136298053738055,16205,0,2,8,171.57940000000002,1578.6175000000001,pyramid-safety-and-unforced-shape,unforced-shape-0.10-m
2026-10-05_0940_ddr5-4800_threads-1-2-3-4-5-6-8-10-12-14-16-24_r5,entasis,5,0,1,1,evaluated,0.10000000000000001,0,0,0,0,2,161,1,0,2,162,0.016666666666666666,0,0,0,0,0,rest_envelope,0.070281121671534663,16205,0,2,8,161.49210000000005,1579.2692999999999,pyramid-safety-and-unforced-shape,unforced-shape-0.10-m
2026-10-05_0940_ddr5-4800_threads-1-2-3-4-5-6-8-10-12-14-16-24_r5,entasis,5,0,1,1,evaluated,0.10000000000000001,0,0,0,0,2,161,1,0,2,162,0.016666666666666666,0,0,0,0,0,upward_excursion,0.061321258544921875,16205,0,2,17,161.49210000000005,1579.2692999999999,pyramid-safety-and-unforced-shape,unforced-shape-0.10-m
2026-10-05_0940_ddr5-4800_threads-1-2-3-4-5-6-8-10-12-14-16-24_r5,entasis,5,0,1,1,evaluated,0.10000000000000001,0,0,0,0,2,161,1,0,2,162,0.016666666666666666,0,0,0,0,0,unforced_stack_shape_excess,0.07028110783106295,16205,0,2,8,161.49210000000005,1579.2692999999999,pyramid-safety-and-unforced-shape,unforced-shape-0.10-m
2026-10-05_0940_ddr5-4800_threads-1-2-3-4-5-6-8-10-12-14-16-24_r5,entasis,5,1,1,1,evaluated,0.10000000000000001,0,0,0,0,2,161,1,0,2,162,0.016666666666666666,0,0,0,0,0,rest_envelope,0.070220931216457672,16205,0,2,8,168.61070000000001,1606.8641,pyramid-safety-and-unforced-shape,unforced-shape-0.10-m
2026-10-05_0940_ddr5-4800_threads-1-2-3-4-5-6-8-10-12-14-16-24_r5,entasis,5,1,1,1,evaluated,0.10000000000000001,0,0,0,0,2,161,1,0,2,162,0.016666666666666666,0,0,0,0,0,upward_excursion,0.060983657836914062,16205,0,2,17,168.61070000000001,1606.8641,pyramid-safety-and-unforced-shape,unforced-shape-0.10-m
2026-10-05_0940_ddr5-4800_threads-1-2-3-4-5-6-8-10-12-14-16-24_r5,entasis,5,1,1,1,evaluated,0.10000000000000001,0,0,0,0,2,161,1,0,2,162,0.016666666666666666,0,0,0,0,0,unforced_stack_shape_excess,0.070220892105855803,16205,0,2,8,168.61070000000001,1606.8641,pyramid-safety-and-unforced-shape,unforced-shape-0.10-m
2026-10-05_0940_ddr5-4800_threads-1-2-3-4-5-6-8-10-12-14-16-24_r5,entasis,5,2,1,1,evaluated,0.10000000000000001,0,0,0,0,2,161,1,0,2,162,0.016666666666666666,0,0,0,0,0,rest_envelope,0.070043595485220322,16205,0,2,8,164.97620000000012,1581.0691999999999,pyramid-safety-and-unforced-shape,unforced-shape-0.10-m
2026-10-05_0940_ddr5-4800_threads-1-2-3-4-5-6-8-10-12-14-16-24_r5,entasis,5,2,1,1,evaluated,0.10000000000000001,0,0,0,0,2,161,1,0,2,162,0.016666666666666666,0,0,0,0,0,upward_excursion,0.061021804809570312,16205,0,2,17,164.97620000000012,1581.0691999999999,pyramid-safety-and-unforced-shape,unforced-shape-0.10-m
2026-10-05_0940_ddr5-4800_threads-1-2-3-4-5-6-8-10-12-14-16-24_r5,entasis,5,2,1,1,evaluated,0.10000000000000001,0,0,0,0,2,161,1,0,2,162,0.016666666666666666,0,0,0,0,0,unforced_stack_shape_excess,0.070043570832338309,16205,0,2,8,164.97620000000012,1581.0691999999999,pyramid-safety-and-unforced-shape,unforced-shape-0.10-m
2026-10-05_0940_ddr5-4800_threads-1-2-3-4-5-6-8-10-12-14-16-24_r5,entasis,5,3,1,1,evaluated,0.10000000000000001,0,0,0,0,2,161,1,0,2,162,0.016666666666666666,0,0,0,0,0,rest_envelope,0.070052508431601268,16205,0,2,8,165.24779999999993,1578.7091,pyramid-safety-and-unforced-shape,unforced-shape-0.10-m
2026-10-05_0940_ddr5-4800_threads-1-2-3-4-5-6-8-10-12-14-16-24_r5,entasis,5,3,1,1,evaluated,0.10000000000000001,0,0,0,0,2,161,1,0,2,162,0.016666666666666666,0,0,0,0,0,upward_excursion,0.061641693115234375,16205,0,2,17,165.24779999999993,1578.7091,pyramid-safety-and-unforced-shape,unforced-shape-0.10-m
2026-10-05_0940_ddr5-4800_threads-1-2-3-4-5-6-8-10-12-14-16-24_r5,entasis,5,3,1,1,evaluated,0.10000000000000001,0,0,0,0,2,161,1,0,2,162,0.016666666666666666,0,0,0,0,0,unforced_stack_shape_excess,0.070052489448890531,16205,0,2,8,165.24779999999993,1578.7091,pyramid-safety-and-unforced-shape,unforced-shape-0.10-m
2026-10-05_0940_ddr5-4800_threads-1-2-3-4-5-6-8-10-12-14-16-24_r5,entasis,5,4,1,1,evaluated,0.10000000000000001,0,0,0,0,2,161,1,0,2,162,0.016666666666666666,0,0,0,0,0,rest_envelope,0.070485112195029842,16205,0,2,8,164.73509999999987,1580.5277000000001,pyramid-safety-and-unforced-shape,unforced-shape-0.10-m
2026-10-05_0940_ddr5-4800_threads-1-2-3-4-5-6-8-10-12-14-16-24_r5,entasis,5,4,1,1,evaluated,0.10000000000000001,0,0,0,0,2,161,1,0,2,162,0.016666666666666666,0,0,0,0,0,upward_excursion,0.06134796142578125,16205,0,2,17,164.73509999999987,1580.5277000000001,pyramid-safety-and-unforced-shape,unforced-shape-0.10-m
2026-10-05_0940_ddr5-4800_threads-1-2-3-4-5-6-8-10-12-14-16-24_r5,entasis,5,4,1,1,evaluated,0.10000000000000001,0,0,0,0,2,161,1,0,2,162,0.016666666666666666,0,0,0,0,0,unforced_stack_shape_excess,0.070485084161861333,16205,0,2,8,164.73509999999987,1580.5277000000001,pyramid-safety-and-unforced-shape,unforced-shape-0.10-m
2026-10-05_0940_ddr5-4800_threads-1-2-3-4-5-6-8-10-12-14-16-24_r5,entasis,6,0,1,1,evaluated,0.10000000000000001,0,0,0,0,2,161,1,0,2,162,0.016666666666666666,0,0,0,0,0,rest_envelope,0.070366277264952259,16205,0,2,8,169.46930000000017,1585.0932,pyramid-safety-and-unforced-shape,unforced-shape-0.10-m
2026-10-05_0940_ddr5-4800_threads-1-2-3-4-5-6-8-10-12-14-16-24_r5,entasis,6,0,1,1,evaluated,0.10000000000000001,0,0,0,0,2,161,1,0,2,162,0.016666666666666666,0,0,0,0,0,upward_excursion,0.061426162719726562,16205,0,2,17,169.46930000000017,1585.0932,pyramid-safety-and-unforced-shape,unforced-shape-0.10-m
2026-10-05_0940_ddr5-4800_threads-1-2-3-4-5-6-8-10-12-14-16-24_r5,entasis,6,0,1,1,evaluated,0.10000000000000001,0,0,0,0,2,161,1,0,2,162,0.016666666666666666,0,0,0,0,0,unforced_stack_shape_excess,0.070366255880280226,16205,0,2,8,169.46930000000017,1585.0932,pyramid-safety-and-unforced-shape,unforced-shape-0.10-m
2026-10-05_0940_ddr5-4800_threads-1-2-3-4-5-6-8-10-12-14-16-24_r5,entasis,6,1,1,1,evaluated,0.10000000000000001,0,0,0,0,2,161,1,0,2,162,0.016666666666666666,0,0,0,0,0,rest_envelope,0.070003819696015768,16205,0,2,8,165.30500000000029,1578.1010000000001,pyramid-safety-and-unforced-shape,unforced-shape-0.10-m
2026-10-05_0940_ddr5-4800_threads-1-2-3-4-5-6-8-10-12-14-16-24_r5,entasis,6,1,1,1,evaluated,0.10000000000000001,0,0,0,0,2,161,1,0,2,162,0.016666666666666666,0,0,0,0,0,upward_excursion,0.0610504150390625,16205,0,2,17,165.30500000000029,1578.1010000000001,pyramid-safety-and-unforced-shape,unforced-shape-0.10-m
2026-10-05_0940_ddr5-4800_threads-1-2-3-4-5-6-8-10-12-14-16-24_r5,entasis,6,1,1,1,evaluated,0.10000000000000001,0,0,0,0,2,161,1,0,2,162,0.016666666666666666,0,0,0,0,0,unforced_stack_shape_excess,0.070003805400610908,16205,0,2,8,165.30500000000029,1578.1010000000001,pyramid-safety-and-unforced-shape,unforced-shape-0.10-m
2026-10-05_0940_ddr5-4800_threads-1-2-3-4-5-6-8-10-12-14-16-24_r5,entasis,6,2,1,1,evaluated,0.10000000000000001,0,0,0,0,2,161,1,0,2,162,0.016666666666666666,0,0,0,0,0,rest_envelope,0.069953870159135789,16205,0,2,8,162.68840000000009,1598.3851999999999,pyramid-safety-and-unforced-shape,unforced-shape-0.10-m
2026-10-05_0940_ddr5-4800_threads-1-2-3-4-5-6-8-10-12-14-16-24_r5,entasis,6,2,1,1,evaluated,0.10000000000000001,0,0,0,0,2,161,1,0,2,162,0.016666666666666666,0,0,0,0,0,upward_excursion,0.06052398681640625,16205,0,2,17,162.68840000000009,1598.3851999999999,pyramid-safety-and-unforced-shape,unforced-shape-0.10-m
2026-10-05_0940_ddr5-4800_threads-1-2-3-4-5-6-8-10-12-14-16-24_r5,entasis,6,2,1,1,evaluated,0.10000000000000001,0,0,0,0,2,161,1,0,2,162,0.016666666666666666,0,0,0,0,0,unforced_stack_shape_excess,0.069953850052394018,16205,0,2,8,162.68840000000009,1598.3851999999999,pyramid-safety-and-unforced-shape,unforced-shape-0.10-m
2026-10-05_0940_ddr5-4800_threads-1-2-3-4-5-6-8-10-12-14-16-24_r5,entasis,6,3,1,1,evaluated,0.10000000000000001,0,0,0,0,2,161,1,0,2,162,0.016666666666666666,0,0,0,0,0,rest_envelope,0.070176501282510628,16205,0,2,8,168.50609999999992,1610.9178999999999,pyramid-safety-and-unforced-shape,unforced-shape-0.10-m
2026-10-05_0940_ddr5-4800_threads-1-2-3-4-5-6-8-10-12-14-16-24_r5,entasis,6,3,1,1,evaluated,0.10000000000000001,0,0,0,0,2,161,1,0,2,162,0.016666666666666666,0,0,0,0,0,upward_excursion,0.06136322021484375,16205,0,2,17,168.50609999999992,1610.9178999999999,pyramid-safety-and-unforced-shape,unforced-shape-0.10-m
2026-10-05_0940_ddr5-4800_threads-1-2-3-4-5-6-8-10-12-14-16-24_r5,entasis,6,3,1,1,evaluated,0.10000000000000001,0,0,0,0,2,161,1,0,2,162,0.016666666666666666,0,0,0,0,0,unforced_stack_shape_excess,0.070176480362064142,16205,0,2,8,168.50609999999992,1610.9178999999999,pyramid-safety-and-unforced-shape,unforced-shape-0.10-m
2026-10-05_0940_ddr5-4800_threads-1-2-3-4-5-6-8-10-12-14-16-24_r5,entasis,6,4,1,1,evaluated,0.10000000000000001,0,0,0,0,2,161,1,0,2,162,0.016666666666666666,0,0,0,0,0,rest_envelope,0.070128383254171922,16205,0,2,8,168.22199999999992,1578.2998,pyramid-safety-and-unforced-shape,unforced-shape-0.10-m
2026-10-05_0940_ddr5-4800_threads-1-2-3-4-5-6-8-10-12-14-16-24_r5,entasis,6,4,1,1,evaluated,0.10000000000000001,0,0,0,0,2,161,1,0,2,162,0.016666666666666666,0,0,0,0,0,upward_excursion,0.060811996459960938,16205,0,2,17,168.22199999999992,1578.2998,pyramid-safety-and-unforced-shape,unforced-shape-0.10-m
2026-10-05_0940_ddr5-4800_threads-1-2-3-4-5-6-8-10-12-14-16-24_r5,entasis,6,4,1,1,evaluated,0.10000000000000001,0,0,0,0,2,161,1,0,2,162,0.016666666666666666,0,0,0,0,0,unforced_stack_shape_excess,0.070128370591256706,16205,0,2,8,168.22199999999992,1578.2998,pyramid-safety-and-unforced-shape,unforced-shape-0.10-m
2026-10-05_0940_ddr5-4800_threads-1-2-3-4-5-6-8-10-12-14-16-24_r5,entasis,8,0,1,1,evaluated,0.10000000000000001,0,0,0,0,2,161,1,0,2,162,0.016666666666666666,0,0,0,0,0,rest_envelope,0.069869012503644967,16205,0,2,8,198.00019999999958,1578.2011,pyramid-safety-and-unforced-shape,unforced-shape-0.10-m
2026-10-05_0940_ddr5-4800_threads-1-2-3-4-5-6-8-10-12-14-16-24_r5,entasis,8,0,1,1,evaluated,0.10000000000000001,0,0,0,0,2,161,1,0,2,162,0.016666666666666666,0,0,0,0,0,upward_excursion,0.060985565185546875,16205,0,2,17,198.00019999999958,1578.2011,pyramid-safety-and-unforced-shape,unforced-shape-0.10-m
2026-10-05_0940_ddr5-4800_threads-1-2-3-4-5-6-8-10-12-14-16-24_r5,entasis,8,0,1,1,evaluated,0.10000000000000001,0,0,0,0,2,161,1,0,2,162,0.016666666666666666,0,0,0,0,0,unforced_stack_shape_excess,0.069869003677054509,16205,0,2,8,198.00019999999958,1578.2011,pyramid-safety-and-unforced-shape,unforced-shape-0.10-m
2026-10-05_0940_ddr5-4800_threads-1-2-3-4-5-6-8-10-12-14-16-24_r5,entasis,8,1,1,1,evaluated,0.10000000000000001,0,0,0,0,2,161,1,0,2,162,0.016666666666666666,0,0,0,0,0,rest_envelope,0.070141139894019489,16205,0,2,8,167.70720000000017,1580.1860999999999,pyramid-safety-and-unforced-shape,unforced-shape-0.10-m
2026-10-05_0940_ddr5-4800_threads-1-2-3-4-5-6-8-10-12-14-16-24_r5,entasis,8,1,1,1,evaluated,0.10000000000000001,0,0,0,0,2,161,1,0,2,162,0.016666666666666666,0,0,0,0,0,upward_excursion,0.061031341552734375,16205,0,2,17,167.70720000000017,1580.1860999999999,pyramid-safety-and-unforced-shape,unforced-shape-0.10-m
2026-10-05_0940_ddr5-4800_threads-1-2-3-4-5-6-8-10-12-14-16-24_r5,entasis,8,1,1,1,evaluated,0.10000000000000001,0,0,0,0,2,161,1,0,2,162,0.016666666666666666,0,0,0,0,0,unforced_stack_shape_excess,0.070141095391803465,16205,0,2,8,167.70720000000017,1580.1860999999999,pyramid-safety-and-unforced-shape,unforced-shape-0.10-m
2026-10-05_0940_ddr5-4800_threads-1-2-3-4-5-6-8-10-12-14-16-24_r5,entasis,8,2,1,1,evaluated,0.10000000000000001,0,0,0,0,2,161,1,0,2,162,0.016666666666666666,0,0,0,0,0,rest_envelope,0.070223847841418774,16205,0,2,8,166.17250000000004,1607.6294,pyramid-safety-and-unforced-shape,unforced-shape-0.10-m
2026-10-05_0940_ddr5-4800_threads-1-2-3-4-5-6-8-10-12-14-16-24_r5,entasis,8,2,1,1,evaluated,0.10000000000000001,0,0,0,0,2,161,1,0,2,162,0.016666666666666666,0,0,0,0,0,upward_excursion,0.061368942260742188,16205,0,2,17,166.17250000000004,1607.6294,pyramid-safety-and-unforced-shape,unforced-shape-0.10-m
2026-10-05_0940_ddr5-4800_threads-1-2-3-4-5-6-8-10-12-14-16-24_r5,entasis,8,2,1,1,evaluated,0.10000000000000001,0,0,0,0,2,161,1,0,2,162,0.016666666666666666,0,0,0,0,0,unforced_stack_shape_excess,0.070223818997685483,16205,0,2,8,166.17250000000004,1607.6294,pyramid-safety-and-unforced-shape,unforced-shape-0.10-m
2026-10-05_0940_ddr5-4800_threads-1-2-3-4-5-6-8-10-12-14-16-24_r5,entasis,8,3,1,1,evaluated,0.10000000000000001,0,0,0,0,2,161,1,0,2,162,0.016666666666666666,0,0,0,0,0,rest_envelope,0.070383221724359402,16205,0,2,8,161.4575999999999,1616.6857,pyramid-safety-and-unforced-shape,unforced-shape-0.10-m
2026-10-05_0940_ddr5-4800_threads-1-2-3-4-5-6-8-10-12-14-16-24_r5,entasis,8,3,1,1,evaluated,0.10000000000000001,0,0,0,0,2,161,1,0,2,162,0.016666666666666666,0,0,0,0,0,upward_excursion,0.061475753784179688,16205,0,2,17,161.4575999999999,1616.6857,pyramid-safety-and-unforced-shape,unforced-shape-0.10-m
2026-10-05_0940_ddr5-4800_threads-1-2-3-4-5-6-8-10-12-14-16-24_r5,entasis,8,3,1,1,evaluated,0.10000000000000001,0,0,0,0,2,161,1,0,2,162,0.016666666666666666,0,0,0,0,0,unforced_stack_shape_excess,0.070383158541072965,16205,0,2,8,161.4575999999999,1616.6857,pyramid-safety-and-unforced-shape,unforced-shape-0.10-m
2026-10-05_0940_ddr5-4800_threads-1-2-3-4-5-6-8-10-12-14-16-24_r5,entasis,8,4,1,1,evaluated,0.10000000000000001,0,0,0,0,2,161,1,0,2,162,0.016666666666666666,0,0,0,0,0,rest_envelope,0.070207395211880907,16205,0,2,8,192.18089999999987,1586.809,pyramid-safety-and-unforced-shape,unforced-shape-0.10-m
2026-10-05_0940_ddr5-4800_threads-1-2-3-4-5-6-8-10-12-14-16-24_r5,entasis,8,4,1,1,evaluated,0.10000000000000001,0,0,0,0,2,161,1,0,2,162,0.016666666666666666,0,0,0,0,0,upward_excursion,0.061468124389648438,16205,0,2,17,192.18089999999987,1586.809,pyramid-safety-and-unforced-shape,unforced-shape-0.10-m
2026-10-05_0940_ddr5-4800_threads-1-2-3-4-5-6-8-10-12-14-16-24_r5,entasis,8,4,1,1,evaluated,0.10000000000000001,0,0,0,0,2,161,1,0,2,162,0.016666666666666666,0,0,0,0,0,unforced_stack_shape_excess,0.070207386614689726,16205,0,2,8,192.18089999999987,1586.809,pyramid-safety-and-unforced-shape,unforced-shape-0.10-m
2026-10-05_0940_ddr5-4800_threads-1-2-3-4-5-6-8-10-12-14-16-24_r5,entasis,10,0,1,1,evaluated,0.10000000000000001,0,0,0,0,2,161,1,0,2,162,0.016666666666666666,0,0,0,0,0,rest_envelope,0.070010978706541493,16205,0,2,8,243.82299999999984,1579.5786000000001,pyramid-safety-and-unforced-shape,unforced-shape-0.10-m
2026-10-05_0940_ddr5-4800_threads-1-2-3-4-5-6-8-10-12-14-16-24_r5,entasis,10,0,1,1,evaluated,0.10000000000000001,0,0,0,0,2,161,1,0,2,162,0.016666666666666666,0,0,0,0,0,upward_excursion,0.061077117919921875,16205,0,2,17,243.82299999999984,1579.5786000000001,pyramid-safety-and-unforced-shape,unforced-shape-0.10-m
2026-10-05_0940_ddr5-4800_threads-1-2-3-4-5-6-8-10-12-14-16-24_r5,entasis,10,0,1,1,evaluated,0.10000000000000001,0,0,0,0,2,161,1,0,2,162,0.016666666666666666,0,0,0,0,0,unforced_stack_shape_excess,0.070010969141613255,16205,0,2,8,243.82299999999984,1579.5786000000001,pyramid-safety-and-unforced-shape,unforced-shape-0.10-m
2026-10-05_0940_ddr5-4800_threads-1-2-3-4-5-6-8-10-12-14-16-24_r5,entasis,10,1,1,1,evaluated,0.10000000000000001,0,0,0,0,2,161,1,0,2,162,0.016666666666666666,0,0,0,0,0,rest_envelope,0.070104547609293633,16205,0,2,8,244.80200000000013,1577.7635,pyramid-safety-and-unforced-shape,unforced-shape-0.10-m
2026-10-05_0940_ddr5-4800_threads-1-2-3-4-5-6-8-10-12-14-16-24_r5,entasis,10,1,1,1,evaluated,0.10000000000000001,0,0,0,0,2,161,1,0,2,162,0.016666666666666666,0,0,0,0,0,upward_excursion,0.060907363891601562,16205,0,2,17,244.80200000000013,1577.7635,pyramid-safety-and-unforced-shape,unforced-shape-0.10-m
2026-10-05_0940_ddr5-4800_threads-1-2-3-4-5-6-8-10-12-14-16-24_r5,entasis,10,1,1,1,evaluated,0.10000000000000001,0,0,0,0,2,161,1,0,2,162,0.016666666666666666,0,0,0,0,0,unforced_stack_shape_excess,0.070104523686895792,16205,0,2,8,244.80200000000013,1577.7635,pyramid-safety-and-unforced-shape,unforced-shape-0.10-m
2026-10-05_0940_ddr5-4800_threads-1-2-3-4-5-6-8-10-12-14-16-24_r5,entasis,10,2,1,1,evaluated,0.10000000000000001,0,0,0,0,2,161,1,0,2,162,0.016666666666666666,0,0,0,0,0,rest_envelope,0.070070507658670067,16205,0,2,8,248.70589999999987,1581.7674,pyramid-safety-and-unforced-shape,unforced-shape-0.10-m
2026-10-05_0940_ddr5-4800_threads-1-2-3-4-5-6-8-10-12-14-16-24_r5,entasis,10,2,1,1,evaluated,0.10000000000000001,0,0,0,0,2,161,1,0,2,162,0.016666666666666666,0,0,0,0,0,upward_excursion,0.06140899658203125,16205,0,2,17,248.70589999999987,1581.7674,pyramid-safety-and-unforced-shape,unforced-shape-0.10-m
2026-10-05_0940_ddr5-4800_threads-1-2-3-4-5-6-8-10-12-14-16-24_r5,entasis,10,2,1,1,evaluated,0.10000000000000001,0,0,0,0,2,161,1,0,2,162,0.016666666666666666,0,0,0,0,0,unforced_stack_shape_excess,0.070070492170494436,16205,0,2,8,248.70589999999987,1581.7674,pyramid-safety-and-unforced-shape,unforced-shape-0.10-m
2026-10-05_0940_ddr5-4800_threads-1-2-3-4-5-6-8-10-12-14-16-24_r5,entasis,10,3,1,1,evaluated,0.10000000000000001,0,0,0,0,2,161,1,0,2,162,0.016666666666666666,0,0,0,0,0,rest_envelope,0.070238365914061518,16205,0,2,8,249.02580000000012,1577.4547,pyramid-safety-and-unforced-shape,unforced-shape-0.10-m
2026-10-05_0940_ddr5-4800_threads-1-2-3-4-5-6-8-10-12-14-16-24_r5,entasis,10,3,1,1,evaluated,0.10000000000000001,0,0,0,0,2,161,1,0,2,162,0.016666666666666666,0,0,0,0,0,upward_excursion,0.061161041259765625,16205,0,2,17,249.02580000000012,1577.4547,pyramid-safety-and-unforced-shape,unforced-shape-0.10-m
2026-10-05_0940_ddr5-4800_threads-1-2-3-4-5-6-8-10-12-14-16-24_r5,entasis,10,3,1,1,evaluated,0.10000000000000001,0,0,0,0,2,161,1,0,2,162,0.016666666666666666,0,0,0,0,0,unforced_stack_shape_excess,0.070238353648999774,16205,0,2,8,249.02580000000012,1577.4547,pyramid-safety-and-unforced-shape,unforced-shape-0.10-m
2026-10-05_0940_ddr5-4800_threads-1-2-3-4-5-6-8-10-12-14-16-24_r5,entasis,10,4,1,1,evaluated,0.10000000000000001,0,0,0,0,2,161,1,0,2,162,0.016666666666666666,0,0,0,0,0,rest_envelope,0.069983177636338212,16205,0,2,8,237.48400000000026,1581.1174000000001,pyramid-safety-and-unforced-shape,unforced-shape-0.10-m
2026-10-05_0940_ddr5-4800_threads-1-2-3-4-5-6-8-10-12-14-16-24_r5,entasis,10,4,1,1,evaluated,0.10000000000000001,0,0,0,0,2,161,1,0,2,162,0.016666666666666666,0,0,0,0,0,upward_excursion,0.060693740844726562,16205,0,2,17,237.48400000000026,1581.1174000000001,pyramid-safety-and-unforced-shape,unforced-shape-0.10-m
2026-10-05_0940_ddr5-4800_threads-1-2-3-4-5-6-8-10-12-14-16-24_r5,entasis,10,4,1,1,evaluated,0.10000000000000001,0,0,0,0,2,161,1,0,2,162,0.016666666666666666,0,0,0,0,0,unforced_stack_shape_excess,0.06998316535258553,16205,0,2,8,237.48400000000026,1581.1174000000001,pyramid-safety-and-unforced-shape,unforced-shape-0.10-m
2026-10-05_0940_ddr5-4800_threads-1-2-3-4-5-6-8-10-12-14-16-24_r5,entasis,12,0,1,1,evaluated,0.10000000000000001,0,0,0,0,2,161,1,0,2,162,0.016666666666666666,0,0,0,0,0,rest_envelope,0.070034779718746165,16205,0,2,8,243.87110000000018,1578.9676999999999,pyramid-safety-and-unforced-shape,unforced-shape-0.10-m
2026-10-05_0940_ddr5-4800_threads-1-2-3-4-5-6-8-10-12-14-16-24_r5,entasis,12,0,1,1,evaluated,0.10000000000000001,0,0,0,0,2,161,1,0,2,162,0.016666666666666666,0,0,0,0,0,upward_excursion,0.061100006103515625,16205,0,2,17,243.87110000000018,1578.9676999999999,pyramid-safety-and-unforced-shape,unforced-shape-0.10-m
2026-10-05_0940_ddr5-4800_threads-1-2-3-4-5-6-8-10-12-14-16-24_r5,entasis,12,0,1,1,evaluated,0.10000000000000001,0,0,0,0,2,161,1,0,2,162,0.016666666666666666,0,0,0,0,0,unforced_stack_shape_excess,0.070034741349644603,16205,0,2,8,243.87110000000018,1578.9676999999999,pyramid-safety-and-unforced-shape,unforced-shape-0.10-m
2026-10-05_0940_ddr5-4800_threads-1-2-3-4-5-6-8-10-12-14-16-24_r5,entasis,12,1,1,1,evaluated,0.10000000000000001,0,0,0,0,2,161,1,0,2,162,0.016666666666666666,0,0,0,0,0,rest_envelope,0.070114314696187563,16205,0,2,8,243.9247,1577.086,pyramid-safety-and-unforced-shape,unforced-shape-0.10-m
2026-10-05_0940_ddr5-4800_threads-1-2-3-4-5-6-8-10-12-14-16-24_r5,entasis,12,1,1,1,evaluated,0.10000000000000001,0,0,0,0,2,161,1,0,2,162,0.016666666666666666,0,0,0,0,0,upward_excursion,0.061000823974609375,16205,0,2,17,243.9247,1577.086,pyramid-safety-and-unforced-shape,unforced-shape-0.10-m
2026-10-05_0940_ddr5-4800_threads-1-2-3-4-5-6-8-10-12-14-16-24_r5,entasis,12,1,1,1,evaluated,0.10000000000000001,0,0,0,0,2,161,1,0,2,162,0.016666666666666666,0,0,0,0,0,unforced_stack_shape_excess,0.070114287075371429,16205,0,2,8,243.9247,1577.086,pyramid-safety-and-unforced-shape,unforced-shape-0.10-m
2026-10-05_0940_ddr5-4800_threads-1-2-3-4-5-6-8-10-12-14-16-24_r5,entasis,12,2,1,1,evaluated,0.10000000000000001,0,0,0,0,2,161,1,0,2,162,0.016666666666666666,0,0,0,0,0,rest_envelope,0.070193552088657185,16205,0,2,8,249.22809999999993,1577.1519000000001,pyramid-safety-and-unforced-shape,unforced-shape-0.10-m
2026-10-05_0940_ddr5-4800_threads-1-2-3-4-5-6-8-10-12-14-16-24_r5,entasis,12,2,1,1,evaluated,0.10000000000000001,0,0,0,0,2,161,1,0,2,162,0.016666666666666666,0,0,0,0,0,upward_excursion,0.061319351196289062,16205,0,2,17,249.22809999999993,1577.1519000000001,pyramid-safety-and-unforced-shape,unforced-shape-0.10-m
2026-10-05_0940_ddr5-4800_threads-1-2-3-4-5-6-8-10-12-14-16-24_r5,entasis,12,2,1,1,evaluated,0.10000000000000001,0,0,0,0,2,161,1,0,2,162,0.016666666666666666,0,0,0,0,0,unforced_stack_shape_excess,0.070193522216208892,16205,0,2,8,249.22809999999993,1577.1519000000001,pyramid-safety-and-unforced-shape,unforced-shape-0.10-m
2026-10-05_0940_ddr5-4800_threads-1-2-3-4-5-6-8-10-12-14-16-24_r5,entasis,12,3,1,1,evaluated,0.10000000000000001,0,0,0,0,2,161,1,0,2,162,0.016666666666666666,0,0,0,0,0,rest_envelope,0.069966164006508791,16205,0,2,8,242.73399999999987,1575.8765000000001,pyramid-safety-and-unforced-shape,unforced-shape-0.10-m
2026-10-05_0940_ddr5-4800_threads-1-2-3-4-5-6-8-10-12-14-16-24_r5,entasis,12,3,1,1,evaluated,0.10000000000000001,0,0,0,0,2,161,1,0,2,162,0.016666666666666666,0,0,0,0,0,upward_excursion,0.0612335205078125,16205,0,2,17,242.73399999999987,1575.8765000000001,pyramid-safety-and-unforced-shape,unforced-shape-0.10-m
2026-10-05_0940_ddr5-4800_threads-1-2-3-4-5-6-8-10-12-14-16-24_r5,entasis,12,3,1,1,evaluated,0.10000000000000001,0,0,0,0,2,161,1,0,2,162,0.016666666666666666,0,0,0,0,0,unforced_stack_shape_excess,0.069966161105136593,16205,0,2,8,242.73399999999987,1575.8765000000001,pyramid-safety-and-unforced-shape,unforced-shape-0.10-m
2026-10-05_0940_ddr5-4800_threads-1-2-3-4-5-6-8-10-12-14-16-24_r5,entasis,12,4,1,1,evaluated,0.10000000000000001,0,0,0,0,2,161,1,0,2,162,0.016666666666666666,0,0,0,0,0,rest_envelope,0.070314474890174949,16205,0,2,8,249.89839999999984,1576.0771999999999,pyramid-safety-and-unforced-shape,unforced-shape-0.10-m
2026-10-05_0940_ddr5-4800_threads-1-2-3-4-5-6-8-10-12-14-16-24_r5,entasis,12,4,1,1,evaluated,0.10000000000000001,0,0,0,0,2,161,1,0,2,162,0.016666666666666666,0,0,0,0,0,upward_excursion,0.0612335205078125,16205,0,2,17,249.89839999999984,1576.0771999999999,pyramid-safety-and-unforced-shape,unforced-shape-0.10-m
2026-10-05_0940_ddr5-4800_threads-1-2-3-4-5-6-8-10-12-14-16-24_r5,entasis,12,4,1,1,evaluated,0.10000000000000001,0,0,0,0,2,161,1,0,2,162,0.016666666666666666,0,0,0,0,0,unforced_stack_shape_excess,0.070314430324777799,16205,0,2,8,249.89839999999984,1576.0771999999999,pyramid-safety-and-unforced-shape,unforced-shape-0.10-m
2026-10-05_0940_ddr5-4800_threads-1-2-3-4-5-6-8-10-12-14-16-24_r5,entasis,14,0,1,1,evaluated,0.10000000000000001,0,0,0,0,2,161,1,0,2,162,0.016666666666666666,0,0,0,0,0,rest_envelope,0.070256980027362914,16205,0,2,8,252.06709999999993,1575.6627000000001,pyramid-safety-and-unforced-shape,unforced-shape-0.10-m
2026-10-05_0940_ddr5-4800_threads-1-2-3-4-5-6-8-10-12-14-16-24_r5,entasis,14,0,1,1,evaluated,0.10000000000000001,0,0,0,0,2,161,1,0,2,162,0.016666666666666666,0,0,0,0,0,upward_excursion,0.061481475830078125,16205,0,2,17,252.06709999999993,1575.6627000000001,pyramid-safety-and-unforced-shape,unforced-shape-0.10-m
2026-10-05_0940_ddr5-4800_threads-1-2-3-4-5-6-8-10-12-14-16-24_r5,entasis,14,0,1,1,evaluated,0.10000000000000001,0,0,0,0,2,161,1,0,2,162,0.016666666666666666,0,0,0,0,0,unforced_stack_shape_excess,0.070256947876982334,16205,0,2,8,252.06709999999993,1575.6627000000001,pyramid-safety-and-unforced-shape,unforced-shape-0.10-m
2026-10-05_0940_ddr5-4800_threads-1-2-3-4-5-6-8-10-12-14-16-24_r5,entasis,14,1,1,1,evaluated,0.10000000000000001,0,0,0,0,2,161,1,0,2,162,0.016666666666666666,0,0,0,0,0,rest_envelope,0.070142443068675675,16205,0,2,8,254.86059999999992,1575.4182000000001,pyramid-safety-and-unforced-shape,unforced-shape-0.10-m
2026-10-05_0940_ddr5-4800_threads-1-2-3-4-5-6-8-10-12-14-16-24_r5,entasis,14,1,1,1,evaluated,0.10000000000000001,0,0,0,0,2,161,1,0,2,162,0.016666666666666666,0,0,0,0,0,upward_excursion,0.060789108276367188,16205,0,2,17,254.86059999999992,1575.4182000000001,pyramid-safety-and-unforced-shape,unforced-shape-0.10-m
2026-10-05_0940_ddr5-4800_threads-1-2-3-4-5-6-8-10-12-14-16-24_r5,entasis,14,1,1,1,evaluated,0.10000000000000001,0,0,0,0,2,161,1,0,2,162,0.016666666666666666,0,0,0,0,0,unforced_stack_shape_excess,0.070142419439307213,16205,0,2,8,254.86059999999992,1575.4182000000001,pyramid-safety-and-unforced-shape,unforced-shape-0.10-m
2026-10-05_0940_ddr5-4800_threads-1-2-3-4-5-6-8-10-12-14-16-24_r5,entasis,14,2,1,1,evaluated,0.10000000000000001,0,0,0,0,2,161,1,0,2,162,0.016666666666666666,0,0,0,0,0,rest_envelope,0.070214893842766912,16205,0,2,8,249.20680000000019,1582.1142,pyramid-safety-and-unforced-shape,unforced-shape-0.10-m
2026-10-05_0940_ddr5-4800_threads-1-2-3-4-5-6-8-10-12-14-16-24_r5,entasis,14,2,1,1,evaluated,0.10000000000000001,0,0,0,0,2,161,1,0,2,162,0.016666666666666666,0,0,0,0,0,upward_excursion,0.061235427856445312,16205,0,2,17,249.20680000000019,1582.1142,pyramid-safety-and-unforced-shape,unforced-shape-0.10-m
2026-10-05_0940_ddr5-4800_threads-1-2-3-4-5-6-8-10-12-14-16-24_r5,entasis,14,2,1,1,evaluated,0.10000000000000001,0,0,0,0,2,161,1,0,2,162,0.016666666666666666,0,0,0,0,0,unforced_stack_shape_excess,0.070214868077742354,16205,0,2,8,249.20680000000019,1582.1142,pyramid-safety-and-unforced-shape,unforced-shape-0.10-m
2026-10-05_0940_ddr5-4800_threads-1-2-3-4-5-6-8-10-12-14-16-24_r5,entasis,14,3,1,1,evaluated,0.10000000000000001,0,0,0,0,2,161,1,0,2,162,0.016666666666666666,0,0,0,0,0,rest_envelope,0.07017153429566747,16205,0,2,8,251.14910000000029,1581.6078,pyramid-safety-and-unforced-shape,unforced-shape-0.10-m
2026-10-05_0940_ddr5-4800_threads-1-2-3-4-5-6-8-10-12-14-16-24_r5,entasis,14,3,1,1,evaluated,0.10000000000000001,0,0,0,0,2,161,1,0,2,162,0.016666666666666666,0,0,0,0,0,upward_excursion,0.061145782470703125,16205,0,2,17,251.14910000000029,1581.6078,pyramid-safety-and-unforced-shape,unforced-shape-0.10-m
2026-10-05_0940_ddr5-4800_threads-1-2-3-4-5-6-8-10-12-14-16-24_r5,entasis,14,3,1,1,evaluated,0.10000000000000001,0,0,0,0,2,161,1,0,2,162,0.016666666666666666,0,0,0,0,0,unforced_stack_shape_excess,0.07017152744751981,16205,0,2,8,251.14910000000029,1581.6078,pyramid-safety-and-unforced-shape,unforced-shape-0.10-m
2026-10-05_0940_ddr5-4800_threads-1-2-3-4-5-6-8-10-12-14-16-24_r5,entasis,14,4,1,1,evaluated,0.10000000000000001,0,0,0,0,2,161,1,0,2,162,0.016666666666666666,0,0,0,0,0,rest_envelope,0.070019957876304773,16205,0,2,8,253.02869999999982,1576.8598999999999,pyramid-safety-and-unforced-shape,unforced-shape-0.10-m
2026-10-05_0940_ddr5-4800_threads-1-2-3-4-5-6-8-10-12-14-16-24_r5,entasis,14,4,1,1,evaluated,0.10000000000000001,0,0,0,0,2,161,1,0,2,162,0.016666666666666666,0,0,0,0,0,upward_excursion,0.0606842041015625,16205,0,2,17,253.02869999999982,1576.8598999999999,pyramid-safety-and-unforced-shape,unforced-shape-0.10-m
2026-10-05_0940_ddr5-4800_threads-1-2-3-4-5-6-8-10-12-14-16-24_r5,entasis,14,4,1,1,evaluated,0.10000000000000001,0,0,0,0,2,161,1,0,2,162,0.016666666666666666,0,0,0,0,0,unforced_stack_shape_excess,0.070019948562531631,16205,0,2,8,253.02869999999982,1576.8598999999999,pyramid-safety-and-unforced-shape,unforced-shape-0.10-m
2026-10-05_0940_ddr5-4800_threads-1-2-3-4-5-6-8-10-12-14-16-24_r5,entasis,16,0,1,1,evaluated,0.10000000000000001,0,0,0,0,2,161,1,0,2,162,0.016666666666666666,0,0,0,0,0,rest_envelope,0.070457313223105444,16205,0,2,8,246.2367999999999,1576.6677,pyramid-safety-and-unforced-shape,unforced-shape-0.10-m
2026-10-05_0940_ddr5-4800_threads-1-2-3-4-5-6-8-10-12-14-16-24_r5,entasis,16,0,1,1,evaluated,0.10000000000000001,0,0,0,0,2,161,1,0,2,162,0.016666666666666666,0,0,0,0,0,upward_excursion,0.06148529052734375,16205,0,2,17,246.2367999999999,1576.6677,pyramid-safety-and-unforced-shape,unforced-shape-0.10-m
2026-10-05_0940_ddr5-4800_threads-1-2-3-4-5-6-8-10-12-14-16-24_r5,entasis,16,0,1,1,evaluated,0.10000000000000001,0,0,0,0,2,161,1,0,2,162,0.016666666666666666,0,0,0,0,0,unforced_stack_shape_excess,0.070457281553925111,16205,0,2,8,246.2367999999999,1576.6677,pyramid-safety-and-unforced-shape,unforced-shape-0.10-m
2026-10-05_0940_ddr5-4800_threads-1-2-3-4-5-6-8-10-12-14-16-24_r5,entasis,16,1,1,1,evaluated,0.10000000000000001,0,0,0,0,2,161,1,0,2,162,0.016666666666666666,0,0,0,0,0,rest_envelope,0.070380214051528611,16205,0,2,8,239.79580000000007,1578.9887000000001,pyramid-safety-and-unforced-shape,unforced-shape-0.10-m
2026-10-05_0940_ddr5-4800_threads-1-2-3-4-5-6-8-10-12-14-16-24_r5,entasis,16,1,1,1,evaluated,0.10000000000000001,0,0,0,0,2,161,1,0,2,162,0.016666666666666666,0,0,0,0,0,upward_excursion,0.0611572265625,16205,0,2,17,239.79580000000007,1578.9887000000001,pyramid-safety-and-unforced-shape,unforced-shape-0.10-m
2026-10-05_0940_ddr5-4800_threads-1-2-3-4-5-6-8-10-12-14-16-24_r5,entasis,16,1,1,1,evaluated,0.10000000000000001,0,0,0,0,2,161,1,0,2,162,0.016666666666666666,0,0,0,0,0,unforced_stack_shape_excess,0.070380188701226254,16205,0,2,8,239.79580000000007,1578.9887000000001,pyramid-safety-and-unforced-shape,unforced-shape-0.10-m
2026-10-05_0940_ddr5-4800_threads-1-2-3-4-5-6-8-10-12-14-16-24_r5,entasis,16,2,1,1,evaluated,0.10000000000000001,0,0,0,0,2,161,1,0,2,162,0.016666666666666666,0,0,0,0,0,rest_envelope,0.070236451503653541,16205,0,2,8,248.12439999999995,1578.5048999999999,pyramid-safety-and-unforced-shape,unforced-shape-0.10-m
2026-10-05_0940_ddr5-4800_threads-1-2-3-4-5-6-8-10-12-14-16-24_r5,entasis,16,2,1,1,evaluated,0.10000000000000001,0,0,0,0,2,161,1,0,2,162,0.016666666666666666,0,0,0,0,0,upward_excursion,0.061239242553710938,16205,0,2,17,248.12439999999995,1578.5048999999999,pyramid-safety-and-unforced-shape,unforced-shape-0.10-m
2026-10-05_0940_ddr5-4800_threads-1-2-3-4-5-6-8-10-12-14-16-24_r5,entasis,16,2,1,1,evaluated,0.10000000000000001,0,0,0,0,2,161,1,0,2,162,0.016666666666666666,0,0,0,0,0,unforced_stack_shape_excess,0.07023644565667303,16205,0,2,8,248.12439999999995,1578.5048999999999,pyramid-safety-and-unforced-shape,unforced-shape-0.10-m
2026-10-05_0940_ddr5-4800_threads-1-2-3-4-5-6-8-10-12-14-16-24_r5,entasis,16,3,1,1,evaluated,0.10000000000000001,0,0,0,0,2,161,1,0,2,162,0.016666666666666666,0,0,0,0,0,rest_envelope,0.070095422890965153,16205,0,2,8,244.48210000000017,1584,pyramid-safety-and-unforced-shape,unforced-shape-0.10-m
2026-10-05_0940_ddr5-4800_threads-1-2-3-4-5-6-8-10-12-14-16-24_r5,entasis,16,3,1,1,evaluated,0.10000000000000001,0,0,0,0,2,161,1,0,2,162,0.016666666666666666,0,0,0,0,0,upward_excursion,0.061258316040039062,16205,0,2,17,244.48210000000017,1584,pyramid-safety-and-unforced-shape,unforced-shape-0.10-m
2026-10-05_0940_ddr5-4800_threads-1-2-3-4-5-6-8-10-12-14-16-24_r5,entasis,16,3,1,1,evaluated,0.10000000000000001,0,0,0,0,2,161,1,0,2,162,0.016666666666666666,0,0,0,0,0,unforced_stack_shape_excess,0.070095391389335571,16205,0,2,8,244.48210000000017,1584,pyramid-safety-and-unforced-shape,unforced-shape-0.10-m
2026-10-05_0940_ddr5-4800_threads-1-2-3-4-5-6-8-10-12-14-16-24_r5,entasis,16,4,1,1,evaluated,0.10000000000000001,0,0,0,0,2,161,1,0,2,162,0.016666666666666666,0,0,0,0,0,rest_envelope,0.069875109397933954,16205,0,2,8,245.05889999999994,1576.8803,pyramid-safety-and-unforced-shape,unforced-shape-0.10-m
2026-10-05_0940_ddr5-4800_threads-1-2-3-4-5-6-8-10-12-14-16-24_r5,entasis,16,4,1,1,evaluated,0.10000000000000001,0,0,0,0,2,161,1,0,2,162,0.016666666666666666,0,0,0,0,0,upward_excursion,0.060626983642578125,16205,0,2,17,245.05889999999994,1576.8803,pyramid-safety-and-unforced-shape,unforced-shape-0.10-m
2026-10-05_0940_ddr5-4800_threads-1-2-3-4-5-6-8-10-12-14-16-24_r5,entasis,16,4,1,1,evaluated,0.10000000000000001,0,0,0,0,2,161,1,0,2,162,0.016666666666666666,0,0,0,0,0,unforced_stack_shape_excess,0.069875082465014338,16205,0,2,8,245.05889999999994,1576.8803,pyramid-safety-and-unforced-shape,unforced-shape-0.10-m
2026-10-05_0940_ddr5-4800_threads-1-2-3-4-5-6-8-10-12-14-16-24_r5,entasis,24,0,1,1,evaluated,0.10000000000000001,0,0,0,0,2,161,1,0,2,162,0.016666666666666666,0,0,0,0,0,rest_envelope,0.069850347014831726,16205,0,2,8,214.61009999999999,1577.8575000000001,pyramid-safety-and-unforced-shape,unforced-shape-0.10-m
2026-10-05_0940_ddr5-4800_threads-1-2-3-4-5-6-8-10-12-14-16-24_r5,entasis,24,0,1,1,evaluated,0.10000000000000001,0,0,0,0,2,161,1,0,2,162,0.016666666666666666,0,0,0,0,0,upward_excursion,0.060876846313476562,16205,0,2,17,214.61009999999999,1577.8575000000001,pyramid-safety-and-unforced-shape,unforced-shape-0.10-m
2026-10-05_0940_ddr5-4800_threads-1-2-3-4-5-6-8-10-12-14-16-24_r5,entasis,24,0,1,1,evaluated,0.10000000000000001,0,0,0,0,2,161,1,0,2,162,0.016666666666666666,0,0,0,0,0,unforced_stack_shape_excess,0.069850312040186269,16205,0,2,8,214.61009999999999,1577.8575000000001,pyramid-safety-and-unforced-shape,unforced-shape-0.10-m
2026-10-05_0940_ddr5-4800_threads-1-2-3-4-5-6-8-10-12-14-16-24_r5,entasis,24,1,1,1,evaluated,0.10000000000000001,0,0,0,0,2,161,1,0,2,162,0.016666666666666666,0,0,0,0,0,rest_envelope,0.070250601661015821,16205,0,2,8,218.89620000000002,1579.7144000000001,pyramid-safety-and-unforced-shape,unforced-shape-0.10-m
2026-10-05_0940_ddr5-4800_threads-1-2-3-4-5-6-8-10-12-14-16-24_r5,entasis,24,1,1,1,evaluated,0.10000000000000001,0,0,0,0,2,161,1,0,2,162,0.016666666666666666,0,0,0,0,0,upward_excursion,0.061384201049804688,16205,0,2,17,218.89620000000002,1579.7144000000001,pyramid-safety-and-unforced-shape,unforced-shape-0.10-m
2026-10-05_0940_ddr5-4800_threads-1-2-3-4-5-6-8-10-12-14-16-24_r5,entasis,24,1,1,1,evaluated,0.10000000000000001,0,0,0,0,2,161,1,0,2,162,0.016666666666666666,0,0,0,0,0,unforced_stack_shape_excess,0.070250588248163714,16205,0,2,8,218.89620000000002,1579.7144000000001,pyramid-safety-and-unforced-shape,unforced-shape-0.10-m
2026-10-05_0940_ddr5-4800_threads-1-2-3-4-5-6-8-10-12-14-16-24_r5,entasis,24,2,1,1,evaluated,0.10000000000000001,0,0,0,0,2,161,1,0,2,162,0.016666666666666666,0,0,0,0,0,rest_envelope,0.070000072646898559,16205,0,2,8,217.98409999999998,1576.8849,pyramid-safety-and-unforced-shape,unforced-shape-0.10-m
2026-10-05_0940_ddr5-4800_threads-1-2-3-4-5-6-8-10-12-14-16-24_r5,entasis,24,2,1,1,evaluated,0.10000000000000001,0,0,0,0,2,161,1,0,2,162,0.016666666666666666,0,0,0,0,0,upward_excursion,0.060882568359375,16205,0,2,17,217.98409999999998,1576.8849,pyramid-safety-and-unforced-shape,unforced-shape-0.10-m
2026-10-05_0940_ddr5-4800_threads-1-2-3-4-5-6-8-10-12-14-16-24_r5,entasis,24,2,1,1,evaluated,0.10000000000000001,0,0,0,0,2,161,1,0,2,162,0.016666666666666666,0,0,0,0,0,unforced_stack_shape_excess,0.07000004751522465,16205,0,2,8,217.98409999999998,1576.8849,pyramid-safety-and-unforced-shape,unforced-shape-0.10-m
2026-10-05_0940_ddr5-4800_threads-1-2-3-4-5-6-8-10-12-14-16-24_r5,entasis,24,3,1,1,evaluated,0.10000000000000001,0,0,0,0,2,161,1,0,2,162,0.016666666666666666,0,0,0,0,0,rest_envelope,0.070048428022662534,16205,0,2,8,220.66119999999984,1578.0379,pyramid-safety-and-unforced-shape,unforced-shape-0.10-m
2026-10-05_0940_ddr5-4800_threads-1-2-3-4-5-6-8-10-12-14-16-24_r5,entasis,24,3,1,1,evaluated,0.10000000000000001,0,0,0,0,2,161,1,0,2,162,0.016666666666666666,0,0,0,0,0,upward_excursion,0.0609283447265625,16205,0,2,17,220.66119999999984,1578.0379,pyramid-safety-and-unforced-shape,unforced-shape-0.10-m
2026-10-05_0940_ddr5-4800_threads-1-2-3-4-5-6-8-10-12-14-16-24_r5,entasis,24,3,1,1,evaluated,0.10000000000000001,0,0,0,0,2,161,1,0,2,162,0.016666666666666666,0,0,0,0,0,unforced_stack_shape_excess,0.070048402913656715,16205,0,2,8,220.66119999999984,1578.0379,pyramid-safety-and-unforced-shape,unforced-shape-0.10-m
2026-10-05_0940_ddr5-4800_threads-1-2-3-4-5-6-8-10-12-14-16-24_r5,entasis,24,4,1,1,evaluated,0.10000000000000001,0,0,0,0,2,161,1,0,2,162,0.016666666666666666,0,0,0,0,0,rest_envelope,0.070044030846585059,16205,0,2,8,219.26479999999989,1580.4129,pyramid-safety-and-unforced-shape,unforced-shape-0.10-m
2026-10-05_0940_ddr5-4800_threads-1-2-3-4-5-6-8-10-12-14-16-24_r5,entasis,24,4,1,1,evaluated,0.10000000000000001,0,0,0,0,2,161,1,0,2,162,0.016666666666666666,0,0,0,0,0,upward_excursion,0.061120986938476562,16205,0,2,17,219.26479999999989,1580.4129,pyramid-safety-and-unforced-shape,unforced-shape-0.10-m
2026-10-05_0940_ddr5-4800_threads-1-2-3-4-5-6-8-10-12-14-16-24_r5,entasis,24,4,1,1,evaluated,0.10000000000000001,0,0,0,0,2,161,1,0,2,162,0.016666666666666666,0,0,0,0,0,unforced_stack_shape_excess,0.070044014215473793,16205,0,2,8,219.26479999999989,1580.4129,pyramid-safety-and-unforced-shape,unforced-shape-0.10-m
