run_id,engine_id,engine_ref,host_route,toolchain_id,case_id,benchmark_mode,thread_count,work_unit_id,measured_work_unit_count,warmup_work_unit_count,repeat_index,body_count,shape_count,query_count,constraint_count,primary_metric_id,primary_metric_value,primary_metric_unit,primary_metric_direction,mean_ms_per_work_unit,work_units_per_second,invalid_transform_count,case_status,metric_status,runtime_route,timing_scope,effective_thread_count,fixture_semantic,fixture_revision,physics_settings,build_settings,requested_thread_count,requested_worker_count,requested_taskgraph_worker_count,actual_taskgraph_worker_count,effective_worker_count,main_thread_participates,unity_editor_version,unity_physics_package_version,entities_package_version,burst_package_version,collections_package_version,build_target,backend,burst_enabled_state,safety_check_state,package_lock_sha256,completed_work_unit_count,workload_elapsed_ms,render_elapsed_ms,present_wait_ms,visual_validation_status,proof_path,raw_path
2026-10-05_0800_ddr5-4800_threads-1-2-3-4-5-6-8-10-12-14-16-24_r5,avian3d,47d5948b2a8ee829848fbc3d4ce5e44ad0fd863f,windows,rust_1_95_msvc_cargo_release,box_contact_islands_10k,headless_api,1,step,300,30,0,10050,10050,0,0,median_ms_per_step,178.707522333,ms,lower_is_better,178.707522333,5.595735350,0,ok,ok,engine_runner_cli,work_unit_wall_sum_inline,1,box_contact_islands_10k,2,substeps=4; sleep=disabled; ccd=disabled; solver_defaults=avian; worker_count=1; islands=50,rust_1_95_msvc_cargo_release,1,1,,,1,yes,,,,,,,,,,,300,53612.256700000,,,,,results/box-contact-islands-10k/intel-core-i7-13700k/2026-10-05_0800_ddr5-4800_threads-1-2-3-4-5-6-8-10-12-14-16-24_r5/raw/avian3d/t1/avian3d_t1_raw.csv
2026-10-05_0800_ddr5-4800_threads-1-2-3-4-5-6-8-10-12-14-16-24_r5,avian3d,47d5948b2a8ee829848fbc3d4ce5e44ad0fd863f,windows,rust_1_95_msvc_cargo_release,box_contact_islands_10k,headless_api,1,step,300,30,1,10050,10050,0,0,median_ms_per_step,178.413827667,ms,lower_is_better,178.413827667,5.604946730,0,ok,ok,engine_runner_cli,work_unit_wall_sum_inline,1,box_contact_islands_10k,2,substeps=4; sleep=disabled; ccd=disabled; solver_defaults=avian; worker_count=1; islands=50,rust_1_95_msvc_cargo_release,1,1,,,1,yes,,,,,,,,,,,300,53524.148300000,,,,,results/box-contact-islands-10k/intel-core-i7-13700k/2026-10-05_0800_ddr5-4800_threads-1-2-3-4-5-6-8-10-12-14-16-24_r5/raw/avian3d/t1/avian3d_t1_raw.csv
2026-10-05_0800_ddr5-4800_threads-1-2-3-4-5-6-8-10-12-14-16-24_r5,avian3d,47d5948b2a8ee829848fbc3d4ce5e44ad0fd863f,windows,rust_1_95_msvc_cargo_release,box_contact_islands_10k,headless_api,1,step,300,30,2,10050,10050,0,0,median_ms_per_step,177.695571333,ms,lower_is_better,177.695571333,5.627602267,0,ok,ok,engine_runner_cli,work_unit_wall_sum_inline,1,box_contact_islands_10k,2,substeps=4; sleep=disabled; ccd=disabled; solver_defaults=avian; worker_count=1; islands=50,rust_1_95_msvc_cargo_release,1,1,,,1,yes,,,,,,,,,,,300,53308.671400000,,,,,results/box-contact-islands-10k/intel-core-i7-13700k/2026-10-05_0800_ddr5-4800_threads-1-2-3-4-5-6-8-10-12-14-16-24_r5/raw/avian3d/t1/avian3d_t1_raw.csv
2026-10-05_0800_ddr5-4800_threads-1-2-3-4-5-6-8-10-12-14-16-24_r5,avian3d,47d5948b2a8ee829848fbc3d4ce5e44ad0fd863f,windows,rust_1_95_msvc_cargo_release,box_contact_islands_10k,headless_api,1,step,300,30,3,10050,10050,0,0,median_ms_per_step,177.502837667,ms,lower_is_better,177.502837667,5.633712752,0,ok,ok,engine_runner_cli,work_unit_wall_sum_inline,1,box_contact_islands_10k,2,substeps=4; sleep=disabled; ccd=disabled; solver_defaults=avian; worker_count=1; islands=50,rust_1_95_msvc_cargo_release,1,1,,,1,yes,,,,,,,,,,,300,53250.851300000,,,,,results/box-contact-islands-10k/intel-core-i7-13700k/2026-10-05_0800_ddr5-4800_threads-1-2-3-4-5-6-8-10-12-14-16-24_r5/raw/avian3d/t1/avian3d_t1_raw.csv
2026-10-05_0800_ddr5-4800_threads-1-2-3-4-5-6-8-10-12-14-16-24_r5,avian3d,47d5948b2a8ee829848fbc3d4ce5e44ad0fd863f,windows,rust_1_95_msvc_cargo_release,box_contact_islands_10k,headless_api,1,step,300,30,4,10050,10050,0,0,median_ms_per_step,180.413457000,ms,lower_is_better,180.413457000,5.542823782,0,ok,ok,engine_runner_cli,work_unit_wall_sum_inline,1,box_contact_islands_10k,2,substeps=4; sleep=disabled; ccd=disabled; solver_defaults=avian; worker_count=1; islands=50,rust_1_95_msvc_cargo_release,1,1,,,1,yes,,,,,,,,,,,300,54124.037100000,,,,,results/box-contact-islands-10k/intel-core-i7-13700k/2026-10-05_0800_ddr5-4800_threads-1-2-3-4-5-6-8-10-12-14-16-24_r5/raw/avian3d/t1/avian3d_t1_raw.csv
2026-10-05_0800_ddr5-4800_threads-1-2-3-4-5-6-8-10-12-14-16-24_r5,avian3d,47d5948b2a8ee829848fbc3d4ce5e44ad0fd863f,windows,rust_1_95_msvc_cargo_release,box_contact_islands_10k,headless_api,2,step,300,30,0,10050,10050,0,0,median_ms_per_step,102.725312333,ms,lower_is_better,102.725312333,9.734699046,0,ok,ok,engine_runner_cli,work_unit_wall_sum_inline,2,box_contact_islands_10k,2,substeps=4; sleep=disabled; ccd=disabled; solver_defaults=avian; worker_count=2; islands=50,rust_1_95_msvc_cargo_release,2,2,,,2,yes,,,,,,,,,,,300,30817.593700000,,,,,results/box-contact-islands-10k/intel-core-i7-13700k/2026-10-05_0800_ddr5-4800_threads-1-2-3-4-5-6-8-10-12-14-16-24_r5/raw/avian3d/t2/avian3d_t2_raw.csv
2026-10-05_0800_ddr5-4800_threads-1-2-3-4-5-6-8-10-12-14-16-24_r5,avian3d,47d5948b2a8ee829848fbc3d4ce5e44ad0fd863f,windows,rust_1_95_msvc_cargo_release,box_contact_islands_10k,headless_api,2,step,300,30,1,10050,10050,0,0,median_ms_per_step,101.961021333,ms,lower_is_better,101.961021333,9.807669509,0,ok,ok,engine_runner_cli,work_unit_wall_sum_inline,2,box_contact_islands_10k,2,substeps=4; sleep=disabled; ccd=disabled; solver_defaults=avian; worker_count=2; islands=50,rust_1_95_msvc_cargo_release,2,2,,,2,yes,,,,,,,,,,,300,30588.306400000,,,,,results/box-contact-islands-10k/intel-core-i7-13700k/2026-10-05_0800_ddr5-4800_threads-1-2-3-4-5-6-8-10-12-14-16-24_r5/raw/avian3d/t2/avian3d_t2_raw.csv
2026-10-05_0800_ddr5-4800_threads-1-2-3-4-5-6-8-10-12-14-16-24_r5,avian3d,47d5948b2a8ee829848fbc3d4ce5e44ad0fd863f,windows,rust_1_95_msvc_cargo_release,box_contact_islands_10k,headless_api,2,step,300,30,2,10050,10050,0,0,median_ms_per_step,105.286759000,ms,lower_is_better,105.286759000,9.497870478,0,ok,ok,engine_runner_cli,work_unit_wall_sum_inline,2,box_contact_islands_10k,2,substeps=4; sleep=disabled; ccd=disabled; solver_defaults=avian; worker_count=2; islands=50,rust_1_95_msvc_cargo_release,2,2,,,2,yes,,,,,,,,,,,300,31586.027700000,,,,,results/box-contact-islands-10k/intel-core-i7-13700k/2026-10-05_0800_ddr5-4800_threads-1-2-3-4-5-6-8-10-12-14-16-24_r5/raw/avian3d/t2/avian3d_t2_raw.csv
2026-10-05_0800_ddr5-4800_threads-1-2-3-4-5-6-8-10-12-14-16-24_r5,avian3d,47d5948b2a8ee829848fbc3d4ce5e44ad0fd863f,windows,rust_1_95_msvc_cargo_release,box_contact_islands_10k,headless_api,2,step,300,30,3,10050,10050,0,0,median_ms_per_step,102.624566667,ms,lower_is_better,102.624566667,9.744255518,0,ok,ok,engine_runner_cli,work_unit_wall_sum_inline,2,box_contact_islands_10k,2,substeps=4; sleep=disabled; ccd=disabled; solver_defaults=avian; worker_count=2; islands=50,rust_1_95_msvc_cargo_release,2,2,,,2,yes,,,,,,,,,,,300,30787.370000000,,,,,results/box-contact-islands-10k/intel-core-i7-13700k/2026-10-05_0800_ddr5-4800_threads-1-2-3-4-5-6-8-10-12-14-16-24_r5/raw/avian3d/t2/avian3d_t2_raw.csv
2026-10-05_0800_ddr5-4800_threads-1-2-3-4-5-6-8-10-12-14-16-24_r5,avian3d,47d5948b2a8ee829848fbc3d4ce5e44ad0fd863f,windows,rust_1_95_msvc_cargo_release,box_contact_islands_10k,headless_api,2,step,300,30,4,10050,10050,0,0,median_ms_per_step,102.014773000,ms,lower_is_better,102.014773000,9.802501840,0,ok,ok,engine_runner_cli,work_unit_wall_sum_inline,2,box_contact_islands_10k,2,substeps=4; sleep=disabled; ccd=disabled; solver_defaults=avian; worker_count=2; islands=50,rust_1_95_msvc_cargo_release,2,2,,,2,yes,,,,,,,,,,,300,30604.431900000,,,,,results/box-contact-islands-10k/intel-core-i7-13700k/2026-10-05_0800_ddr5-4800_threads-1-2-3-4-5-6-8-10-12-14-16-24_r5/raw/avian3d/t2/avian3d_t2_raw.csv
2026-10-05_0800_ddr5-4800_threads-1-2-3-4-5-6-8-10-12-14-16-24_r5,avian3d,47d5948b2a8ee829848fbc3d4ce5e44ad0fd863f,windows,rust_1_95_msvc_cargo_release,box_contact_islands_10k,headless_api,3,step,300,30,0,10050,10050,0,0,median_ms_per_step,81.930702667,ms,lower_is_better,81.930702667,12.205436637,0,ok,ok,engine_runner_cli,work_unit_wall_sum_inline,3,box_contact_islands_10k,2,substeps=4; sleep=disabled; ccd=disabled; solver_defaults=avian; worker_count=3; islands=50,rust_1_95_msvc_cargo_release,3,3,,,3,yes,,,,,,,,,,,300,24579.210800000,,,,,results/box-contact-islands-10k/intel-core-i7-13700k/2026-10-05_0800_ddr5-4800_threads-1-2-3-4-5-6-8-10-12-14-16-24_r5/raw/avian3d/t3/avian3d_t3_raw.csv
2026-10-05_0800_ddr5-4800_threads-1-2-3-4-5-6-8-10-12-14-16-24_r5,avian3d,47d5948b2a8ee829848fbc3d4ce5e44ad0fd863f,windows,rust_1_95_msvc_cargo_release,box_contact_islands_10k,headless_api,3,step,300,30,1,10050,10050,0,0,median_ms_per_step,81.140276667,ms,lower_is_better,81.140276667,12.324335596,0,ok,ok,engine_runner_cli,work_unit_wall_sum_inline,3,box_contact_islands_10k,2,substeps=4; sleep=disabled; ccd=disabled; solver_defaults=avian; worker_count=3; islands=50,rust_1_95_msvc_cargo_release,3,3,,,3,yes,,,,,,,,,,,300,24342.083000000,,,,,results/box-contact-islands-10k/intel-core-i7-13700k/2026-10-05_0800_ddr5-4800_threads-1-2-3-4-5-6-8-10-12-14-16-24_r5/raw/avian3d/t3/avian3d_t3_raw.csv
2026-10-05_0800_ddr5-4800_threads-1-2-3-4-5-6-8-10-12-14-16-24_r5,avian3d,47d5948b2a8ee829848fbc3d4ce5e44ad0fd863f,windows,rust_1_95_msvc_cargo_release,box_contact_islands_10k,headless_api,3,step,300,30,2,10050,10050,0,0,median_ms_per_step,81.114040000,ms,lower_is_better,81.114040000,12.328321953,0,ok,ok,engine_runner_cli,work_unit_wall_sum_inline,3,box_contact_islands_10k,2,substeps=4; sleep=disabled; ccd=disabled; solver_defaults=avian; worker_count=3; islands=50,rust_1_95_msvc_cargo_release,3,3,,,3,yes,,,,,,,,,,,300,24334.212000000,,,,,results/box-contact-islands-10k/intel-core-i7-13700k/2026-10-05_0800_ddr5-4800_threads-1-2-3-4-5-6-8-10-12-14-16-24_r5/raw/avian3d/t3/avian3d_t3_raw.csv
2026-10-05_0800_ddr5-4800_threads-1-2-3-4-5-6-8-10-12-14-16-24_r5,avian3d,47d5948b2a8ee829848fbc3d4ce5e44ad0fd863f,windows,rust_1_95_msvc_cargo_release,box_contact_islands_10k,headless_api,3,step,300,30,3,10050,10050,0,0,median_ms_per_step,81.379186000,ms,lower_is_better,81.379186000,12.288154369,0,ok,ok,engine_runner_cli,work_unit_wall_sum_inline,3,box_contact_islands_10k,2,substeps=4; sleep=disabled; ccd=disabled; solver_defaults=avian; worker_count=3; islands=50,rust_1_95_msvc_cargo_release,3,3,,,3,yes,,,,,,,,,,,300,24413.755800000,,,,,results/box-contact-islands-10k/intel-core-i7-13700k/2026-10-05_0800_ddr5-4800_threads-1-2-3-4-5-6-8-10-12-14-16-24_r5/raw/avian3d/t3/avian3d_t3_raw.csv
2026-10-05_0800_ddr5-4800_threads-1-2-3-4-5-6-8-10-12-14-16-24_r5,avian3d,47d5948b2a8ee829848fbc3d4ce5e44ad0fd863f,windows,rust_1_95_msvc_cargo_release,box_contact_islands_10k,headless_api,3,step,300,30,4,10050,10050,0,0,median_ms_per_step,81.561048667,ms,lower_is_better,81.561048667,12.260754568,0,ok,ok,engine_runner_cli,work_unit_wall_sum_inline,3,box_contact_islands_10k,2,substeps=4; sleep=disabled; ccd=disabled; solver_defaults=avian; worker_count=3; islands=50,rust_1_95_msvc_cargo_release,3,3,,,3,yes,,,,,,,,,,,300,24468.314600000,,,,,results/box-contact-islands-10k/intel-core-i7-13700k/2026-10-05_0800_ddr5-4800_threads-1-2-3-4-5-6-8-10-12-14-16-24_r5/raw/avian3d/t3/avian3d_t3_raw.csv
2026-10-05_0800_ddr5-4800_threads-1-2-3-4-5-6-8-10-12-14-16-24_r5,avian3d,47d5948b2a8ee829848fbc3d4ce5e44ad0fd863f,windows,rust_1_95_msvc_cargo_release,box_contact_islands_10k,headless_api,4,step,300,30,0,10050,10050,0,0,median_ms_per_step,69.803573333,ms,lower_is_better,69.803573333,14.325914165,0,ok,ok,engine_runner_cli,work_unit_wall_sum_inline,4,box_contact_islands_10k,2,substeps=4; sleep=disabled; ccd=disabled; solver_defaults=avian; worker_count=4; islands=50,rust_1_95_msvc_cargo_release,4,4,,,4,yes,,,,,,,,,,,300,20941.072000000,,,,,results/box-contact-islands-10k/intel-core-i7-13700k/2026-10-05_0800_ddr5-4800_threads-1-2-3-4-5-6-8-10-12-14-16-24_r5/raw/avian3d/t4/avian3d_t4_raw.csv
2026-10-05_0800_ddr5-4800_threads-1-2-3-4-5-6-8-10-12-14-16-24_r5,avian3d,47d5948b2a8ee829848fbc3d4ce5e44ad0fd863f,windows,rust_1_95_msvc_cargo_release,box_contact_islands_10k,headless_api,4,step,300,30,1,10050,10050,0,0,median_ms_per_step,70.702064667,ms,lower_is_better,70.702064667,14.143858524,0,ok,ok,engine_runner_cli,work_unit_wall_sum_inline,4,box_contact_islands_10k,2,substeps=4; sleep=disabled; ccd=disabled; solver_defaults=avian; worker_count=4; islands=50,rust_1_95_msvc_cargo_release,4,4,,,4,yes,,,,,,,,,,,300,21210.619400000,,,,,results/box-contact-islands-10k/intel-core-i7-13700k/2026-10-05_0800_ddr5-4800_threads-1-2-3-4-5-6-8-10-12-14-16-24_r5/raw/avian3d/t4/avian3d_t4_raw.csv
2026-10-05_0800_ddr5-4800_threads-1-2-3-4-5-6-8-10-12-14-16-24_r5,avian3d,47d5948b2a8ee829848fbc3d4ce5e44ad0fd863f,windows,rust_1_95_msvc_cargo_release,box_contact_islands_10k,headless_api,4,step,300,30,2,10050,10050,0,0,median_ms_per_step,69.985634000,ms,lower_is_better,69.985634000,14.288646724,0,ok,ok,engine_runner_cli,work_unit_wall_sum_inline,4,box_contact_islands_10k,2,substeps=4; sleep=disabled; ccd=disabled; solver_defaults=avian; worker_count=4; islands=50,rust_1_95_msvc_cargo_release,4,4,,,4,yes,,,,,,,,,,,300,20995.690200000,,,,,results/box-contact-islands-10k/intel-core-i7-13700k/2026-10-05_0800_ddr5-4800_threads-1-2-3-4-5-6-8-10-12-14-16-24_r5/raw/avian3d/t4/avian3d_t4_raw.csv
2026-10-05_0800_ddr5-4800_threads-1-2-3-4-5-6-8-10-12-14-16-24_r5,avian3d,47d5948b2a8ee829848fbc3d4ce5e44ad0fd863f,windows,rust_1_95_msvc_cargo_release,box_contact_islands_10k,headless_api,4,step,300,30,3,10050,10050,0,0,median_ms_per_step,70.189272667,ms,lower_is_better,70.189272667,14.247191373,0,ok,ok,engine_runner_cli,work_unit_wall_sum_inline,4,box_contact_islands_10k,2,substeps=4; sleep=disabled; ccd=disabled; solver_defaults=avian; worker_count=4; islands=50,rust_1_95_msvc_cargo_release,4,4,,,4,yes,,,,,,,,,,,300,21056.781800000,,,,,results/box-contact-islands-10k/intel-core-i7-13700k/2026-10-05_0800_ddr5-4800_threads-1-2-3-4-5-6-8-10-12-14-16-24_r5/raw/avian3d/t4/avian3d_t4_raw.csv
2026-10-05_0800_ddr5-4800_threads-1-2-3-4-5-6-8-10-12-14-16-24_r5,avian3d,47d5948b2a8ee829848fbc3d4ce5e44ad0fd863f,windows,rust_1_95_msvc_cargo_release,box_contact_islands_10k,headless_api,4,step,300,30,4,10050,10050,0,0,median_ms_per_step,70.866802667,ms,lower_is_better,70.866802667,14.110979505,0,ok,ok,engine_runner_cli,work_unit_wall_sum_inline,4,box_contact_islands_10k,2,substeps=4; sleep=disabled; ccd=disabled; solver_defaults=avian; worker_count=4; islands=50,rust_1_95_msvc_cargo_release,4,4,,,4,yes,,,,,,,,,,,300,21260.040800000,,,,,results/box-contact-islands-10k/intel-core-i7-13700k/2026-10-05_0800_ddr5-4800_threads-1-2-3-4-5-6-8-10-12-14-16-24_r5/raw/avian3d/t4/avian3d_t4_raw.csv
2026-10-05_0800_ddr5-4800_threads-1-2-3-4-5-6-8-10-12-14-16-24_r5,avian3d,47d5948b2a8ee829848fbc3d4ce5e44ad0fd863f,windows,rust_1_95_msvc_cargo_release,box_contact_islands_10k,headless_api,5,step,300,30,0,10050,10050,0,0,median_ms_per_step,63.773219333,ms,lower_is_better,63.773219333,15.680563259,0,ok,ok,engine_runner_cli,work_unit_wall_sum_inline,5,box_contact_islands_10k,2,substeps=4; sleep=disabled; ccd=disabled; solver_defaults=avian; worker_count=5; islands=50,rust_1_95_msvc_cargo_release,5,5,,,5,yes,,,,,,,,,,,300,19131.965800000,,,,,results/box-contact-islands-10k/intel-core-i7-13700k/2026-10-05_0800_ddr5-4800_threads-1-2-3-4-5-6-8-10-12-14-16-24_r5/raw/avian3d/t5/avian3d_t5_raw.csv
2026-10-05_0800_ddr5-4800_threads-1-2-3-4-5-6-8-10-12-14-16-24_r5,avian3d,47d5948b2a8ee829848fbc3d4ce5e44ad0fd863f,windows,rust_1_95_msvc_cargo_release,box_contact_islands_10k,headless_api,5,step,300,30,1,10050,10050,0,0,median_ms_per_step,65.050535333,ms,lower_is_better,65.050535333,15.372663651,0,ok,ok,engine_runner_cli,work_unit_wall_sum_inline,5,box_contact_islands_10k,2,substeps=4; sleep=disabled; ccd=disabled; solver_defaults=avian; worker_count=5; islands=50,rust_1_95_msvc_cargo_release,5,5,,,5,yes,,,,,,,,,,,300,19515.160600000,,,,,results/box-contact-islands-10k/intel-core-i7-13700k/2026-10-05_0800_ddr5-4800_threads-1-2-3-4-5-6-8-10-12-14-16-24_r5/raw/avian3d/t5/avian3d_t5_raw.csv
2026-10-05_0800_ddr5-4800_threads-1-2-3-4-5-6-8-10-12-14-16-24_r5,avian3d,47d5948b2a8ee829848fbc3d4ce5e44ad0fd863f,windows,rust_1_95_msvc_cargo_release,box_contact_islands_10k,headless_api,5,step,300,30,2,10050,10050,0,0,median_ms_per_step,62.996526667,ms,lower_is_better,62.996526667,15.873891037,0,ok,ok,engine_runner_cli,work_unit_wall_sum_inline,5,box_contact_islands_10k,2,substeps=4; sleep=disabled; ccd=disabled; solver_defaults=avian; worker_count=5; islands=50,rust_1_95_msvc_cargo_release,5,5,,,5,yes,,,,,,,,,,,300,18898.958000000,,,,,results/box-contact-islands-10k/intel-core-i7-13700k/2026-10-05_0800_ddr5-4800_threads-1-2-3-4-5-6-8-10-12-14-16-24_r5/raw/avian3d/t5/avian3d_t5_raw.csv
2026-10-05_0800_ddr5-4800_threads-1-2-3-4-5-6-8-10-12-14-16-24_r5,avian3d,47d5948b2a8ee829848fbc3d4ce5e44ad0fd863f,windows,rust_1_95_msvc_cargo_release,box_contact_islands_10k,headless_api,5,step,300,30,3,10050,10050,0,0,median_ms_per_step,63.234794667,ms,lower_is_better,63.234794667,15.814078393,0,ok,ok,engine_runner_cli,work_unit_wall_sum_inline,5,box_contact_islands_10k,2,substeps=4; sleep=disabled; ccd=disabled; solver_defaults=avian; worker_count=5; islands=50,rust_1_95_msvc_cargo_release,5,5,,,5,yes,,,,,,,,,,,300,18970.438400000,,,,,results/box-contact-islands-10k/intel-core-i7-13700k/2026-10-05_0800_ddr5-4800_threads-1-2-3-4-5-6-8-10-12-14-16-24_r5/raw/avian3d/t5/avian3d_t5_raw.csv
2026-10-05_0800_ddr5-4800_threads-1-2-3-4-5-6-8-10-12-14-16-24_r5,avian3d,47d5948b2a8ee829848fbc3d4ce5e44ad0fd863f,windows,rust_1_95_msvc_cargo_release,box_contact_islands_10k,headless_api,5,step,300,30,4,10050,10050,0,0,median_ms_per_step,62.204956000,ms,lower_is_better,62.204956000,16.075889516,0,ok,ok,engine_runner_cli,work_unit_wall_sum_inline,5,box_contact_islands_10k,2,substeps=4; sleep=disabled; ccd=disabled; solver_defaults=avian; worker_count=5; islands=50,rust_1_95_msvc_cargo_release,5,5,,,5,yes,,,,,,,,,,,300,18661.486800000,,,,,results/box-contact-islands-10k/intel-core-i7-13700k/2026-10-05_0800_ddr5-4800_threads-1-2-3-4-5-6-8-10-12-14-16-24_r5/raw/avian3d/t5/avian3d_t5_raw.csv
2026-10-05_0800_ddr5-4800_threads-1-2-3-4-5-6-8-10-12-14-16-24_r5,avian3d,47d5948b2a8ee829848fbc3d4ce5e44ad0fd863f,windows,rust_1_95_msvc_cargo_release,box_contact_islands_10k,headless_api,6,step,300,30,0,10050,10050,0,0,median_ms_per_step,58.521463000,ms,lower_is_better,58.521463000,17.087747789,0,ok,ok,engine_runner_cli,work_unit_wall_sum_inline,6,box_contact_islands_10k,2,substeps=4; sleep=disabled; ccd=disabled; solver_defaults=avian; worker_count=6; islands=50,rust_1_95_msvc_cargo_release,6,6,,,6,yes,,,,,,,,,,,300,17556.438900000,,,,,results/box-contact-islands-10k/intel-core-i7-13700k/2026-10-05_0800_ddr5-4800_threads-1-2-3-4-5-6-8-10-12-14-16-24_r5/raw/avian3d/t6/avian3d_t6_raw.csv
2026-10-05_0800_ddr5-4800_threads-1-2-3-4-5-6-8-10-12-14-16-24_r5,avian3d,47d5948b2a8ee829848fbc3d4ce5e44ad0fd863f,windows,rust_1_95_msvc_cargo_release,box_contact_islands_10k,headless_api,6,step,300,30,1,10050,10050,0,0,median_ms_per_step,59.641099000,ms,lower_is_better,59.641099000,16.766961320,0,ok,ok,engine_runner_cli,work_unit_wall_sum_inline,6,box_contact_islands_10k,2,substeps=4; sleep=disabled; ccd=disabled; solver_defaults=avian; worker_count=6; islands=50,rust_1_95_msvc_cargo_release,6,6,,,6,yes,,,,,,,,,,,300,17892.329700000,,,,,results/box-contact-islands-10k/intel-core-i7-13700k/2026-10-05_0800_ddr5-4800_threads-1-2-3-4-5-6-8-10-12-14-16-24_r5/raw/avian3d/t6/avian3d_t6_raw.csv
2026-10-05_0800_ddr5-4800_threads-1-2-3-4-5-6-8-10-12-14-16-24_r5,avian3d,47d5948b2a8ee829848fbc3d4ce5e44ad0fd863f,windows,rust_1_95_msvc_cargo_release,box_contact_islands_10k,headless_api,6,step,300,30,2,10050,10050,0,0,median_ms_per_step,58.989482333,ms,lower_is_better,58.989482333,16.952174531,0,ok,ok,engine_runner_cli,work_unit_wall_sum_inline,6,box_contact_islands_10k,2,substeps=4; sleep=disabled; ccd=disabled; solver_defaults=avian; worker_count=6; islands=50,rust_1_95_msvc_cargo_release,6,6,,,6,yes,,,,,,,,,,,300,17696.844700000,,,,,results/box-contact-islands-10k/intel-core-i7-13700k/2026-10-05_0800_ddr5-4800_threads-1-2-3-4-5-6-8-10-12-14-16-24_r5/raw/avian3d/t6/avian3d_t6_raw.csv
2026-10-05_0800_ddr5-4800_threads-1-2-3-4-5-6-8-10-12-14-16-24_r5,avian3d,47d5948b2a8ee829848fbc3d4ce5e44ad0fd863f,windows,rust_1_95_msvc_cargo_release,box_contact_islands_10k,headless_api,6,step,300,30,3,10050,10050,0,0,median_ms_per_step,58.905123333,ms,lower_is_better,58.905123333,16.976452020,0,ok,ok,engine_runner_cli,work_unit_wall_sum_inline,6,box_contact_islands_10k,2,substeps=4; sleep=disabled; ccd=disabled; solver_defaults=avian; worker_count=6; islands=50,rust_1_95_msvc_cargo_release,6,6,,,6,yes,,,,,,,,,,,300,17671.537000000,,,,,results/box-contact-islands-10k/intel-core-i7-13700k/2026-10-05_0800_ddr5-4800_threads-1-2-3-4-5-6-8-10-12-14-16-24_r5/raw/avian3d/t6/avian3d_t6_raw.csv
2026-10-05_0800_ddr5-4800_threads-1-2-3-4-5-6-8-10-12-14-16-24_r5,avian3d,47d5948b2a8ee829848fbc3d4ce5e44ad0fd863f,windows,rust_1_95_msvc_cargo_release,box_contact_islands_10k,headless_api,6,step,300,30,4,10050,10050,0,0,median_ms_per_step,59.867008000,ms,lower_is_better,59.867008000,16.703690954,0,ok,ok,engine_runner_cli,work_unit_wall_sum_inline,6,box_contact_islands_10k,2,substeps=4; sleep=disabled; ccd=disabled; solver_defaults=avian; worker_count=6; islands=50,rust_1_95_msvc_cargo_release,6,6,,,6,yes,,,,,,,,,,,300,17960.102400000,,,,,results/box-contact-islands-10k/intel-core-i7-13700k/2026-10-05_0800_ddr5-4800_threads-1-2-3-4-5-6-8-10-12-14-16-24_r5/raw/avian3d/t6/avian3d_t6_raw.csv
2026-10-05_0800_ddr5-4800_threads-1-2-3-4-5-6-8-10-12-14-16-24_r5,avian3d,47d5948b2a8ee829848fbc3d4ce5e44ad0fd863f,windows,rust_1_95_msvc_cargo_release,box_contact_islands_10k,headless_api,8,step,300,30,0,10050,10050,0,0,median_ms_per_step,55.917758000,ms,lower_is_better,55.917758000,17.883406556,0,ok,ok,engine_runner_cli,work_unit_wall_sum_inline,8,box_contact_islands_10k,2,substeps=4; sleep=disabled; ccd=disabled; solver_defaults=avian; worker_count=8; islands=50,rust_1_95_msvc_cargo_release,8,8,,,8,yes,,,,,,,,,,,300,16775.327400000,,,,,results/box-contact-islands-10k/intel-core-i7-13700k/2026-10-05_0800_ddr5-4800_threads-1-2-3-4-5-6-8-10-12-14-16-24_r5/raw/avian3d/t8/avian3d_t8_raw.csv
2026-10-05_0800_ddr5-4800_threads-1-2-3-4-5-6-8-10-12-14-16-24_r5,avian3d,47d5948b2a8ee829848fbc3d4ce5e44ad0fd863f,windows,rust_1_95_msvc_cargo_release,box_contact_islands_10k,headless_api,8,step,300,30,1,10050,10050,0,0,median_ms_per_step,54.775794667,ms,lower_is_better,54.775794667,18.256239021,0,ok,ok,engine_runner_cli,work_unit_wall_sum_inline,8,box_contact_islands_10k,2,substeps=4; sleep=disabled; ccd=disabled; solver_defaults=avian; worker_count=8; islands=50,rust_1_95_msvc_cargo_release,8,8,,,8,yes,,,,,,,,,,,300,16432.738400000,,,,,results/box-contact-islands-10k/intel-core-i7-13700k/2026-10-05_0800_ddr5-4800_threads-1-2-3-4-5-6-8-10-12-14-16-24_r5/raw/avian3d/t8/avian3d_t8_raw.csv
2026-10-05_0800_ddr5-4800_threads-1-2-3-4-5-6-8-10-12-14-16-24_r5,avian3d,47d5948b2a8ee829848fbc3d4ce5e44ad0fd863f,windows,rust_1_95_msvc_cargo_release,box_contact_islands_10k,headless_api,8,step,300,30,2,10050,10050,0,0,median_ms_per_step,54.990248667,ms,lower_is_better,54.990248667,18.185042335,0,ok,ok,engine_runner_cli,work_unit_wall_sum_inline,8,box_contact_islands_10k,2,substeps=4; sleep=disabled; ccd=disabled; solver_defaults=avian; worker_count=8; islands=50,rust_1_95_msvc_cargo_release,8,8,,,8,yes,,,,,,,,,,,300,16497.074600000,,,,,results/box-contact-islands-10k/intel-core-i7-13700k/2026-10-05_0800_ddr5-4800_threads-1-2-3-4-5-6-8-10-12-14-16-24_r5/raw/avian3d/t8/avian3d_t8_raw.csv
2026-10-05_0800_ddr5-4800_threads-1-2-3-4-5-6-8-10-12-14-16-24_r5,avian3d,47d5948b2a8ee829848fbc3d4ce5e44ad0fd863f,windows,rust_1_95_msvc_cargo_release,box_contact_islands_10k,headless_api,8,step,300,30,3,10050,10050,0,0,median_ms_per_step,54.954745000,ms,lower_is_better,54.954745000,18.196790832,0,ok,ok,engine_runner_cli,work_unit_wall_sum_inline,8,box_contact_islands_10k,2,substeps=4; sleep=disabled; ccd=disabled; solver_defaults=avian; worker_count=8; islands=50,rust_1_95_msvc_cargo_release,8,8,,,8,yes,,,,,,,,,,,300,16486.423500000,,,,,results/box-contact-islands-10k/intel-core-i7-13700k/2026-10-05_0800_ddr5-4800_threads-1-2-3-4-5-6-8-10-12-14-16-24_r5/raw/avian3d/t8/avian3d_t8_raw.csv
2026-10-05_0800_ddr5-4800_threads-1-2-3-4-5-6-8-10-12-14-16-24_r5,avian3d,47d5948b2a8ee829848fbc3d4ce5e44ad0fd863f,windows,rust_1_95_msvc_cargo_release,box_contact_islands_10k,headless_api,8,step,300,30,4,10050,10050,0,0,median_ms_per_step,55.160818333,ms,lower_is_better,55.160818333,18.128810090,0,ok,ok,engine_runner_cli,work_unit_wall_sum_inline,8,box_contact_islands_10k,2,substeps=4; sleep=disabled; ccd=disabled; solver_defaults=avian; worker_count=8; islands=50,rust_1_95_msvc_cargo_release,8,8,,,8,yes,,,,,,,,,,,300,16548.245500000,,,,,results/box-contact-islands-10k/intel-core-i7-13700k/2026-10-05_0800_ddr5-4800_threads-1-2-3-4-5-6-8-10-12-14-16-24_r5/raw/avian3d/t8/avian3d_t8_raw.csv
2026-10-05_0800_ddr5-4800_threads-1-2-3-4-5-6-8-10-12-14-16-24_r5,avian3d,47d5948b2a8ee829848fbc3d4ce5e44ad0fd863f,windows,rust_1_95_msvc_cargo_release,box_contact_islands_10k,headless_api,10,step,300,30,0,10050,10050,0,0,median_ms_per_step,57.194595667,ms,lower_is_better,57.194595667,17.484169410,0,ok,ok,engine_runner_cli,work_unit_wall_sum_inline,10,box_contact_islands_10k,2,substeps=4; sleep=disabled; ccd=disabled; solver_defaults=avian; worker_count=10; islands=50,rust_1_95_msvc_cargo_release,10,10,,,10,yes,,,,,,,,,,,300,17158.378700000,,,,,results/box-contact-islands-10k/intel-core-i7-13700k/2026-10-05_0800_ddr5-4800_threads-1-2-3-4-5-6-8-10-12-14-16-24_r5/raw/avian3d/t10/avian3d_t10_raw.csv
2026-10-05_0800_ddr5-4800_threads-1-2-3-4-5-6-8-10-12-14-16-24_r5,avian3d,47d5948b2a8ee829848fbc3d4ce5e44ad0fd863f,windows,rust_1_95_msvc_cargo_release,box_contact_islands_10k,headless_api,10,step,300,30,1,10050,10050,0,0,median_ms_per_step,57.090982333,ms,lower_is_better,57.090982333,17.515901096,0,ok,ok,engine_runner_cli,work_unit_wall_sum_inline,10,box_contact_islands_10k,2,substeps=4; sleep=disabled; ccd=disabled; solver_defaults=avian; worker_count=10; islands=50,rust_1_95_msvc_cargo_release,10,10,,,10,yes,,,,,,,,,,,300,17127.294700000,,,,,results/box-contact-islands-10k/intel-core-i7-13700k/2026-10-05_0800_ddr5-4800_threads-1-2-3-4-5-6-8-10-12-14-16-24_r5/raw/avian3d/t10/avian3d_t10_raw.csv
2026-10-05_0800_ddr5-4800_threads-1-2-3-4-5-6-8-10-12-14-16-24_r5,avian3d,47d5948b2a8ee829848fbc3d4ce5e44ad0fd863f,windows,rust_1_95_msvc_cargo_release,box_contact_islands_10k,headless_api,10,step,300,30,2,10050,10050,0,0,median_ms_per_step,57.036374667,ms,lower_is_better,57.036374667,17.532671139,0,ok,ok,engine_runner_cli,work_unit_wall_sum_inline,10,box_contact_islands_10k,2,substeps=4; sleep=disabled; ccd=disabled; solver_defaults=avian; worker_count=10; islands=50,rust_1_95_msvc_cargo_release,10,10,,,10,yes,,,,,,,,,,,300,17110.912400000,,,,,results/box-contact-islands-10k/intel-core-i7-13700k/2026-10-05_0800_ddr5-4800_threads-1-2-3-4-5-6-8-10-12-14-16-24_r5/raw/avian3d/t10/avian3d_t10_raw.csv
2026-10-05_0800_ddr5-4800_threads-1-2-3-4-5-6-8-10-12-14-16-24_r5,avian3d,47d5948b2a8ee829848fbc3d4ce5e44ad0fd863f,windows,rust_1_95_msvc_cargo_release,box_contact_islands_10k,headless_api,10,step,300,30,3,10050,10050,0,0,median_ms_per_step,57.210199000,ms,lower_is_better,57.210199000,17.479400832,0,ok,ok,engine_runner_cli,work_unit_wall_sum_inline,10,box_contact_islands_10k,2,substeps=4; sleep=disabled; ccd=disabled; solver_defaults=avian; worker_count=10; islands=50,rust_1_95_msvc_cargo_release,10,10,,,10,yes,,,,,,,,,,,300,17163.059700000,,,,,results/box-contact-islands-10k/intel-core-i7-13700k/2026-10-05_0800_ddr5-4800_threads-1-2-3-4-5-6-8-10-12-14-16-24_r5/raw/avian3d/t10/avian3d_t10_raw.csv
2026-10-05_0800_ddr5-4800_threads-1-2-3-4-5-6-8-10-12-14-16-24_r5,avian3d,47d5948b2a8ee829848fbc3d4ce5e44ad0fd863f,windows,rust_1_95_msvc_cargo_release,box_contact_islands_10k,headless_api,10,step,300,30,4,10050,10050,0,0,median_ms_per_step,57.935937667,ms,lower_is_better,57.935937667,17.260443867,0,ok,ok,engine_runner_cli,work_unit_wall_sum_inline,10,box_contact_islands_10k,2,substeps=4; sleep=disabled; ccd=disabled; solver_defaults=avian; worker_count=10; islands=50,rust_1_95_msvc_cargo_release,10,10,,,10,yes,,,,,,,,,,,300,17380.781300000,,,,,results/box-contact-islands-10k/intel-core-i7-13700k/2026-10-05_0800_ddr5-4800_threads-1-2-3-4-5-6-8-10-12-14-16-24_r5/raw/avian3d/t10/avian3d_t10_raw.csv
2026-10-05_0800_ddr5-4800_threads-1-2-3-4-5-6-8-10-12-14-16-24_r5,avian3d,47d5948b2a8ee829848fbc3d4ce5e44ad0fd863f,windows,rust_1_95_msvc_cargo_release,box_contact_islands_10k,headless_api,12,step,300,30,0,10050,10050,0,0,median_ms_per_step,55.035586333,ms,lower_is_better,55.035586333,18.170061711,0,ok,ok,engine_runner_cli,work_unit_wall_sum_inline,12,box_contact_islands_10k,2,substeps=4; sleep=disabled; ccd=disabled; solver_defaults=avian; worker_count=12; islands=50,rust_1_95_msvc_cargo_release,12,12,,,12,yes,,,,,,,,,,,300,16510.675900000,,,,,results/box-contact-islands-10k/intel-core-i7-13700k/2026-10-05_0800_ddr5-4800_threads-1-2-3-4-5-6-8-10-12-14-16-24_r5/raw/avian3d/t12/avian3d_t12_raw.csv
2026-10-05_0800_ddr5-4800_threads-1-2-3-4-5-6-8-10-12-14-16-24_r5,avian3d,47d5948b2a8ee829848fbc3d4ce5e44ad0fd863f,windows,rust_1_95_msvc_cargo_release,box_contact_islands_10k,headless_api,12,step,300,30,1,10050,10050,0,0,median_ms_per_step,54.808761667,ms,lower_is_better,54.808761667,18.245258050,0,ok,ok,engine_runner_cli,work_unit_wall_sum_inline,12,box_contact_islands_10k,2,substeps=4; sleep=disabled; ccd=disabled; solver_defaults=avian; worker_count=12; islands=50,rust_1_95_msvc_cargo_release,12,12,,,12,yes,,,,,,,,,,,300,16442.628500000,,,,,results/box-contact-islands-10k/intel-core-i7-13700k/2026-10-05_0800_ddr5-4800_threads-1-2-3-4-5-6-8-10-12-14-16-24_r5/raw/avian3d/t12/avian3d_t12_raw.csv
2026-10-05_0800_ddr5-4800_threads-1-2-3-4-5-6-8-10-12-14-16-24_r5,avian3d,47d5948b2a8ee829848fbc3d4ce5e44ad0fd863f,windows,rust_1_95_msvc_cargo_release,box_contact_islands_10k,headless_api,12,step,300,30,2,10050,10050,0,0,median_ms_per_step,55.575270333,ms,lower_is_better,55.575270333,17.993614678,0,ok,ok,engine_runner_cli,work_unit_wall_sum_inline,12,box_contact_islands_10k,2,substeps=4; sleep=disabled; ccd=disabled; solver_defaults=avian; worker_count=12; islands=50,rust_1_95_msvc_cargo_release,12,12,,,12,yes,,,,,,,,,,,300,16672.581100000,,,,,results/box-contact-islands-10k/intel-core-i7-13700k/2026-10-05_0800_ddr5-4800_threads-1-2-3-4-5-6-8-10-12-14-16-24_r5/raw/avian3d/t12/avian3d_t12_raw.csv
2026-10-05_0800_ddr5-4800_threads-1-2-3-4-5-6-8-10-12-14-16-24_r5,avian3d,47d5948b2a8ee829848fbc3d4ce5e44ad0fd863f,windows,rust_1_95_msvc_cargo_release,box_contact_islands_10k,headless_api,12,step,300,30,3,10050,10050,0,0,median_ms_per_step,54.832042333,ms,lower_is_better,54.832042333,18.237511452,0,ok,ok,engine_runner_cli,work_unit_wall_sum_inline,12,box_contact_islands_10k,2,substeps=4; sleep=disabled; ccd=disabled; solver_defaults=avian; worker_count=12; islands=50,rust_1_95_msvc_cargo_release,12,12,,,12,yes,,,,,,,,,,,300,16449.612700000,,,,,results/box-contact-islands-10k/intel-core-i7-13700k/2026-10-05_0800_ddr5-4800_threads-1-2-3-4-5-6-8-10-12-14-16-24_r5/raw/avian3d/t12/avian3d_t12_raw.csv
2026-10-05_0800_ddr5-4800_threads-1-2-3-4-5-6-8-10-12-14-16-24_r5,avian3d,47d5948b2a8ee829848fbc3d4ce5e44ad0fd863f,windows,rust_1_95_msvc_cargo_release,box_contact_islands_10k,headless_api,12,step,300,30,4,10050,10050,0,0,median_ms_per_step,55.026258000,ms,lower_is_better,55.026258000,18.173141993,0,ok,ok,engine_runner_cli,work_unit_wall_sum_inline,12,box_contact_islands_10k,2,substeps=4; sleep=disabled; ccd=disabled; solver_defaults=avian; worker_count=12; islands=50,rust_1_95_msvc_cargo_release,12,12,,,12,yes,,,,,,,,,,,300,16507.877400000,,,,,results/box-contact-islands-10k/intel-core-i7-13700k/2026-10-05_0800_ddr5-4800_threads-1-2-3-4-5-6-8-10-12-14-16-24_r5/raw/avian3d/t12/avian3d_t12_raw.csv
2026-10-05_0800_ddr5-4800_threads-1-2-3-4-5-6-8-10-12-14-16-24_r5,avian3d,47d5948b2a8ee829848fbc3d4ce5e44ad0fd863f,windows,rust_1_95_msvc_cargo_release,box_contact_islands_10k,headless_api,14,step,300,30,0,10050,10050,0,0,median_ms_per_step,54.085997667,ms,lower_is_better,54.085997667,18.489073756,0,ok,ok,engine_runner_cli,work_unit_wall_sum_inline,14,box_contact_islands_10k,2,substeps=4; sleep=disabled; ccd=disabled; solver_defaults=avian; worker_count=14; islands=50,rust_1_95_msvc_cargo_release,14,14,,,14,yes,,,,,,,,,,,300,16225.799300000,,,,,results/box-contact-islands-10k/intel-core-i7-13700k/2026-10-05_0800_ddr5-4800_threads-1-2-3-4-5-6-8-10-12-14-16-24_r5/raw/avian3d/t14/avian3d_t14_raw.csv
2026-10-05_0800_ddr5-4800_threads-1-2-3-4-5-6-8-10-12-14-16-24_r5,avian3d,47d5948b2a8ee829848fbc3d4ce5e44ad0fd863f,windows,rust_1_95_msvc_cargo_release,box_contact_islands_10k,headless_api,14,step,300,30,1,10050,10050,0,0,median_ms_per_step,53.992469333,ms,lower_is_better,53.992469333,18.521101412,0,ok,ok,engine_runner_cli,work_unit_wall_sum_inline,14,box_contact_islands_10k,2,substeps=4; sleep=disabled; ccd=disabled; solver_defaults=avian; worker_count=14; islands=50,rust_1_95_msvc_cargo_release,14,14,,,14,yes,,,,,,,,,,,300,16197.740800000,,,,,results/box-contact-islands-10k/intel-core-i7-13700k/2026-10-05_0800_ddr5-4800_threads-1-2-3-4-5-6-8-10-12-14-16-24_r5/raw/avian3d/t14/avian3d_t14_raw.csv
2026-10-05_0800_ddr5-4800_threads-1-2-3-4-5-6-8-10-12-14-16-24_r5,avian3d,47d5948b2a8ee829848fbc3d4ce5e44ad0fd863f,windows,rust_1_95_msvc_cargo_release,box_contact_islands_10k,headless_api,14,step,300,30,2,10050,10050,0,0,median_ms_per_step,53.600856000,ms,lower_is_better,53.600856000,18.656418472,0,ok,ok,engine_runner_cli,work_unit_wall_sum_inline,14,box_contact_islands_10k,2,substeps=4; sleep=disabled; ccd=disabled; solver_defaults=avian; worker_count=14; islands=50,rust_1_95_msvc_cargo_release,14,14,,,14,yes,,,,,,,,,,,300,16080.256800000,,,,,results/box-contact-islands-10k/intel-core-i7-13700k/2026-10-05_0800_ddr5-4800_threads-1-2-3-4-5-6-8-10-12-14-16-24_r5/raw/avian3d/t14/avian3d_t14_raw.csv
2026-10-05_0800_ddr5-4800_threads-1-2-3-4-5-6-8-10-12-14-16-24_r5,avian3d,47d5948b2a8ee829848fbc3d4ce5e44ad0fd863f,windows,rust_1_95_msvc_cargo_release,box_contact_islands_10k,headless_api,14,step,300,30,3,10050,10050,0,0,median_ms_per_step,54.036577000,ms,lower_is_better,54.036577000,18.505983456,0,ok,ok,engine_runner_cli,work_unit_wall_sum_inline,14,box_contact_islands_10k,2,substeps=4; sleep=disabled; ccd=disabled; solver_defaults=avian; worker_count=14; islands=50,rust_1_95_msvc_cargo_release,14,14,,,14,yes,,,,,,,,,,,300,16210.973100000,,,,,results/box-contact-islands-10k/intel-core-i7-13700k/2026-10-05_0800_ddr5-4800_threads-1-2-3-4-5-6-8-10-12-14-16-24_r5/raw/avian3d/t14/avian3d_t14_raw.csv
2026-10-05_0800_ddr5-4800_threads-1-2-3-4-5-6-8-10-12-14-16-24_r5,avian3d,47d5948b2a8ee829848fbc3d4ce5e44ad0fd863f,windows,rust_1_95_msvc_cargo_release,box_contact_islands_10k,headless_api,14,step,300,30,4,10050,10050,0,0,median_ms_per_step,54.497643000,ms,lower_is_better,54.497643000,18.349417423,0,ok,ok,engine_runner_cli,work_unit_wall_sum_inline,14,box_contact_islands_10k,2,substeps=4; sleep=disabled; ccd=disabled; solver_defaults=avian; worker_count=14; islands=50,rust_1_95_msvc_cargo_release,14,14,,,14,yes,,,,,,,,,,,300,16349.292900000,,,,,results/box-contact-islands-10k/intel-core-i7-13700k/2026-10-05_0800_ddr5-4800_threads-1-2-3-4-5-6-8-10-12-14-16-24_r5/raw/avian3d/t14/avian3d_t14_raw.csv
2026-10-05_0800_ddr5-4800_threads-1-2-3-4-5-6-8-10-12-14-16-24_r5,avian3d,47d5948b2a8ee829848fbc3d4ce5e44ad0fd863f,windows,rust_1_95_msvc_cargo_release,box_contact_islands_10k,headless_api,16,step,300,30,0,10050,10050,0,0,median_ms_per_step,52.746974667,ms,lower_is_better,52.746974667,18.958433281,0,ok,ok,engine_runner_cli,work_unit_wall_sum_inline,16,box_contact_islands_10k,2,substeps=4; sleep=disabled; ccd=disabled; solver_defaults=avian; worker_count=16; islands=50,rust_1_95_msvc_cargo_release,16,16,,,16,yes,,,,,,,,,,,300,15824.092400000,,,,,results/box-contact-islands-10k/intel-core-i7-13700k/2026-10-05_0800_ddr5-4800_threads-1-2-3-4-5-6-8-10-12-14-16-24_r5/raw/avian3d/t16/avian3d_t16_raw.csv
2026-10-05_0800_ddr5-4800_threads-1-2-3-4-5-6-8-10-12-14-16-24_r5,avian3d,47d5948b2a8ee829848fbc3d4ce5e44ad0fd863f,windows,rust_1_95_msvc_cargo_release,box_contact_islands_10k,headless_api,16,step,300,30,1,10050,10050,0,0,median_ms_per_step,54.832143333,ms,lower_is_better,54.832143333,18.237477859,0,ok,ok,engine_runner_cli,work_unit_wall_sum_inline,16,box_contact_islands_10k,2,substeps=4; sleep=disabled; ccd=disabled; solver_defaults=avian; worker_count=16; islands=50,rust_1_95_msvc_cargo_release,16,16,,,16,yes,,,,,,,,,,,300,16449.643000000,,,,,results/box-contact-islands-10k/intel-core-i7-13700k/2026-10-05_0800_ddr5-4800_threads-1-2-3-4-5-6-8-10-12-14-16-24_r5/raw/avian3d/t16/avian3d_t16_raw.csv
2026-10-05_0800_ddr5-4800_threads-1-2-3-4-5-6-8-10-12-14-16-24_r5,avian3d,47d5948b2a8ee829848fbc3d4ce5e44ad0fd863f,windows,rust_1_95_msvc_cargo_release,box_contact_islands_10k,headless_api,16,step,300,30,2,10050,10050,0,0,median_ms_per_step,53.078116667,ms,lower_is_better,53.078116667,18.840156034,0,ok,ok,engine_runner_cli,work_unit_wall_sum_inline,16,box_contact_islands_10k,2,substeps=4; sleep=disabled; ccd=disabled; solver_defaults=avian; worker_count=16; islands=50,rust_1_95_msvc_cargo_release,16,16,,,16,yes,,,,,,,,,,,300,15923.435000000,,,,,results/box-contact-islands-10k/intel-core-i7-13700k/2026-10-05_0800_ddr5-4800_threads-1-2-3-4-5-6-8-10-12-14-16-24_r5/raw/avian3d/t16/avian3d_t16_raw.csv
2026-10-05_0800_ddr5-4800_threads-1-2-3-4-5-6-8-10-12-14-16-24_r5,avian3d,47d5948b2a8ee829848fbc3d4ce5e44ad0fd863f,windows,rust_1_95_msvc_cargo_release,box_contact_islands_10k,headless_api,16,step,300,30,3,10050,10050,0,0,median_ms_per_step,52.408159333,ms,lower_is_better,52.408159333,19.080998316,0,ok,ok,engine_runner_cli,work_unit_wall_sum_inline,16,box_contact_islands_10k,2,substeps=4; sleep=disabled; ccd=disabled; solver_defaults=avian; worker_count=16; islands=50,rust_1_95_msvc_cargo_release,16,16,,,16,yes,,,,,,,,,,,300,15722.447800000,,,,,results/box-contact-islands-10k/intel-core-i7-13700k/2026-10-05_0800_ddr5-4800_threads-1-2-3-4-5-6-8-10-12-14-16-24_r5/raw/avian3d/t16/avian3d_t16_raw.csv
2026-10-05_0800_ddr5-4800_threads-1-2-3-4-5-6-8-10-12-14-16-24_r5,avian3d,47d5948b2a8ee829848fbc3d4ce5e44ad0fd863f,windows,rust_1_95_msvc_cargo_release,box_contact_islands_10k,headless_api,16,step,300,30,4,10050,10050,0,0,median_ms_per_step,53.572897667,ms,lower_is_better,53.572897667,18.666154783,0,ok,ok,engine_runner_cli,work_unit_wall_sum_inline,16,box_contact_islands_10k,2,substeps=4; sleep=disabled; ccd=disabled; solver_defaults=avian; worker_count=16; islands=50,rust_1_95_msvc_cargo_release,16,16,,,16,yes,,,,,,,,,,,300,16071.869300000,,,,,results/box-contact-islands-10k/intel-core-i7-13700k/2026-10-05_0800_ddr5-4800_threads-1-2-3-4-5-6-8-10-12-14-16-24_r5/raw/avian3d/t16/avian3d_t16_raw.csv
2026-10-05_0800_ddr5-4800_threads-1-2-3-4-5-6-8-10-12-14-16-24_r5,avian3d,47d5948b2a8ee829848fbc3d4ce5e44ad0fd863f,windows,rust_1_95_msvc_cargo_release,box_contact_islands_10k,headless_api,24,step,300,30,0,10050,10050,0,0,median_ms_per_step,50.510442333,ms,lower_is_better,50.510442333,19.797886413,0,ok,ok,engine_runner_cli,work_unit_wall_sum_inline,24,box_contact_islands_10k,2,substeps=4; sleep=disabled; ccd=disabled; solver_defaults=avian; worker_count=24; islands=50,rust_1_95_msvc_cargo_release,24,24,,,24,yes,,,,,,,,,,,300,15153.132700000,,,,,results/box-contact-islands-10k/intel-core-i7-13700k/2026-10-05_0800_ddr5-4800_threads-1-2-3-4-5-6-8-10-12-14-16-24_r5/raw/avian3d/t24/avian3d_t24_raw.csv
2026-10-05_0800_ddr5-4800_threads-1-2-3-4-5-6-8-10-12-14-16-24_r5,avian3d,47d5948b2a8ee829848fbc3d4ce5e44ad0fd863f,windows,rust_1_95_msvc_cargo_release,box_contact_islands_10k,headless_api,24,step,300,30,1,10050,10050,0,0,median_ms_per_step,51.505788333,ms,lower_is_better,51.505788333,19.415293550,0,ok,ok,engine_runner_cli,work_unit_wall_sum_inline,24,box_contact_islands_10k,2,substeps=4; sleep=disabled; ccd=disabled; solver_defaults=avian; worker_count=24; islands=50,rust_1_95_msvc_cargo_release,24,24,,,24,yes,,,,,,,,,,,300,15451.736500000,,,,,results/box-contact-islands-10k/intel-core-i7-13700k/2026-10-05_0800_ddr5-4800_threads-1-2-3-4-5-6-8-10-12-14-16-24_r5/raw/avian3d/t24/avian3d_t24_raw.csv
2026-10-05_0800_ddr5-4800_threads-1-2-3-4-5-6-8-10-12-14-16-24_r5,avian3d,47d5948b2a8ee829848fbc3d4ce5e44ad0fd863f,windows,rust_1_95_msvc_cargo_release,box_contact_islands_10k,headless_api,24,step,300,30,2,10050,10050,0,0,median_ms_per_step,52.923808000,ms,lower_is_better,52.923808000,18.895087821,0,ok,ok,engine_runner_cli,work_unit_wall_sum_inline,24,box_contact_islands_10k,2,substeps=4; sleep=disabled; ccd=disabled; solver_defaults=avian; worker_count=24; islands=50,rust_1_95_msvc_cargo_release,24,24,,,24,yes,,,,,,,,,,,300,15877.142400000,,,,,results/box-contact-islands-10k/intel-core-i7-13700k/2026-10-05_0800_ddr5-4800_threads-1-2-3-4-5-6-8-10-12-14-16-24_r5/raw/avian3d/t24/avian3d_t24_raw.csv
2026-10-05_0800_ddr5-4800_threads-1-2-3-4-5-6-8-10-12-14-16-24_r5,avian3d,47d5948b2a8ee829848fbc3d4ce5e44ad0fd863f,windows,rust_1_95_msvc_cargo_release,box_contact_islands_10k,headless_api,24,step,300,30,3,10050,10050,0,0,median_ms_per_step,51.350150667,ms,lower_is_better,51.350150667,19.474139550,0,ok,ok,engine_runner_cli,work_unit_wall_sum_inline,24,box_contact_islands_10k,2,substeps=4; sleep=disabled; ccd=disabled; solver_defaults=avian; worker_count=24; islands=50,rust_1_95_msvc_cargo_release,24,24,,,24,yes,,,,,,,,,,,300,15405.045200000,,,,,results/box-contact-islands-10k/intel-core-i7-13700k/2026-10-05_0800_ddr5-4800_threads-1-2-3-4-5-6-8-10-12-14-16-24_r5/raw/avian3d/t24/avian3d_t24_raw.csv
2026-10-05_0800_ddr5-4800_threads-1-2-3-4-5-6-8-10-12-14-16-24_r5,avian3d,47d5948b2a8ee829848fbc3d4ce5e44ad0fd863f,windows,rust_1_95_msvc_cargo_release,box_contact_islands_10k,headless_api,24,step,300,30,4,10050,10050,0,0,median_ms_per_step,52.088939000,ms,lower_is_better,52.088939000,19.197933749,0,ok,ok,engine_runner_cli,work_unit_wall_sum_inline,24,box_contact_islands_10k,2,substeps=4; sleep=disabled; ccd=disabled; solver_defaults=avian; worker_count=24; islands=50,rust_1_95_msvc_cargo_release,24,24,,,24,yes,,,,,,,,,,,300,15626.681700000,,,,,results/box-contact-islands-10k/intel-core-i7-13700k/2026-10-05_0800_ddr5-4800_threads-1-2-3-4-5-6-8-10-12-14-16-24_r5/raw/avian3d/t24/avian3d_t24_raw.csv
2026-10-05_0800_ddr5-4800_threads-1-2-3-4-5-6-8-10-12-14-16-24_r5,bepuphysics2,c230dd1178d6f481d8b3f03c0f595f8ad910b725,windows,dotnet10_release_no_profiling_self_contained,box_contact_islands_10k,headless_api,1,step,300,30,0,10050,10050,0,0,median_ms_per_step,18.727080333,ms,lower_is_better,18.727080333,53.398606841,0,ok,ok,engine_runner_cli,work_unit_wall_sum_inline,1,box_contact_islands_10k,2,velocity_iterations=1; substeps=4; linear_damping=0; angular_damping=0; sleep=disabled; ccd=disabled; deterministic=yes; worker_count=1; islands=50,dotnet10_release_no_profiling_self_contained,1,1,,,1,yes,,,,,,,,,,,300,5618.124100000,,,,,results/box-contact-islands-10k/intel-core-i7-13700k/2026-10-05_0800_ddr5-4800_threads-1-2-3-4-5-6-8-10-12-14-16-24_r5/raw/bepuphysics2/t1/bepuphysics2_t1_raw.csv
2026-10-05_0800_ddr5-4800_threads-1-2-3-4-5-6-8-10-12-14-16-24_r5,bepuphysics2,c230dd1178d6f481d8b3f03c0f595f8ad910b725,windows,dotnet10_release_no_profiling_self_contained,box_contact_islands_10k,headless_api,1,step,300,30,1,10050,10050,0,0,median_ms_per_step,18.964089333,ms,lower_is_better,18.964089333,52.731242847,0,ok,ok,engine_runner_cli,work_unit_wall_sum_inline,1,box_contact_islands_10k,2,velocity_iterations=1; substeps=4; linear_damping=0; angular_damping=0; sleep=disabled; ccd=disabled; deterministic=yes; worker_count=1; islands=50,dotnet10_release_no_profiling_self_contained,1,1,,,1,yes,,,,,,,,,,,300,5689.226800000,,,,,results/box-contact-islands-10k/intel-core-i7-13700k/2026-10-05_0800_ddr5-4800_threads-1-2-3-4-5-6-8-10-12-14-16-24_r5/raw/bepuphysics2/t1/bepuphysics2_t1_raw.csv
2026-10-05_0800_ddr5-4800_threads-1-2-3-4-5-6-8-10-12-14-16-24_r5,bepuphysics2,c230dd1178d6f481d8b3f03c0f595f8ad910b725,windows,dotnet10_release_no_profiling_self_contained,box_contact_islands_10k,headless_api,1,step,300,30,2,10050,10050,0,0,median_ms_per_step,18.965527333,ms,lower_is_better,18.965527333,52.727244670,0,ok,ok,engine_runner_cli,work_unit_wall_sum_inline,1,box_contact_islands_10k,2,velocity_iterations=1; substeps=4; linear_damping=0; angular_damping=0; sleep=disabled; ccd=disabled; deterministic=yes; worker_count=1; islands=50,dotnet10_release_no_profiling_self_contained,1,1,,,1,yes,,,,,,,,,,,300,5689.658200000,,,,,results/box-contact-islands-10k/intel-core-i7-13700k/2026-10-05_0800_ddr5-4800_threads-1-2-3-4-5-6-8-10-12-14-16-24_r5/raw/bepuphysics2/t1/bepuphysics2_t1_raw.csv
2026-10-05_0800_ddr5-4800_threads-1-2-3-4-5-6-8-10-12-14-16-24_r5,bepuphysics2,c230dd1178d6f481d8b3f03c0f595f8ad910b725,windows,dotnet10_release_no_profiling_self_contained,box_contact_islands_10k,headless_api,1,step,300,30,3,10050,10050,0,0,median_ms_per_step,19.156366667,ms,lower_is_better,19.156366667,52.201965926,0,ok,ok,engine_runner_cli,work_unit_wall_sum_inline,1,box_contact_islands_10k,2,velocity_iterations=1; substeps=4; linear_damping=0; angular_damping=0; sleep=disabled; ccd=disabled; deterministic=yes; worker_count=1; islands=50,dotnet10_release_no_profiling_self_contained,1,1,,,1,yes,,,,,,,,,,,300,5746.910000000,,,,,results/box-contact-islands-10k/intel-core-i7-13700k/2026-10-05_0800_ddr5-4800_threads-1-2-3-4-5-6-8-10-12-14-16-24_r5/raw/bepuphysics2/t1/bepuphysics2_t1_raw.csv
2026-10-05_0800_ddr5-4800_threads-1-2-3-4-5-6-8-10-12-14-16-24_r5,bepuphysics2,c230dd1178d6f481d8b3f03c0f595f8ad910b725,windows,dotnet10_release_no_profiling_self_contained,box_contact_islands_10k,headless_api,1,step,300,30,4,10050,10050,0,0,median_ms_per_step,19.151333333,ms,lower_is_better,19.151333333,52.215685592,0,ok,ok,engine_runner_cli,work_unit_wall_sum_inline,1,box_contact_islands_10k,2,velocity_iterations=1; substeps=4; linear_damping=0; angular_damping=0; sleep=disabled; ccd=disabled; deterministic=yes; worker_count=1; islands=50,dotnet10_release_no_profiling_self_contained,1,1,,,1,yes,,,,,,,,,,,300,5745.400000000,,,,,results/box-contact-islands-10k/intel-core-i7-13700k/2026-10-05_0800_ddr5-4800_threads-1-2-3-4-5-6-8-10-12-14-16-24_r5/raw/bepuphysics2/t1/bepuphysics2_t1_raw.csv
2026-10-05_0800_ddr5-4800_threads-1-2-3-4-5-6-8-10-12-14-16-24_r5,bepuphysics2,c230dd1178d6f481d8b3f03c0f595f8ad910b725,windows,dotnet10_release_no_profiling_self_contained,box_contact_islands_10k,headless_api,2,step,300,30,0,10050,10050,0,0,median_ms_per_step,13.258649000,ms,lower_is_better,13.258649000,75.422465743,0,ok,ok,engine_runner_cli,work_unit_wall_sum_inline,2,box_contact_islands_10k,2,velocity_iterations=1; substeps=4; linear_damping=0; angular_damping=0; sleep=disabled; ccd=disabled; deterministic=yes; worker_count=2; islands=50,dotnet10_release_no_profiling_self_contained,2,2,,,2,yes,,,,,,,,,,,300,3977.594700000,,,,,results/box-contact-islands-10k/intel-core-i7-13700k/2026-10-05_0800_ddr5-4800_threads-1-2-3-4-5-6-8-10-12-14-16-24_r5/raw/bepuphysics2/t2/bepuphysics2_t2_raw.csv
2026-10-05_0800_ddr5-4800_threads-1-2-3-4-5-6-8-10-12-14-16-24_r5,bepuphysics2,c230dd1178d6f481d8b3f03c0f595f8ad910b725,windows,dotnet10_release_no_profiling_self_contained,box_contact_islands_10k,headless_api,2,step,300,30,1,10050,10050,0,0,median_ms_per_step,13.174137333,ms,lower_is_better,13.174137333,75.906298431,0,ok,ok,engine_runner_cli,work_unit_wall_sum_inline,2,box_contact_islands_10k,2,velocity_iterations=1; substeps=4; linear_damping=0; angular_damping=0; sleep=disabled; ccd=disabled; deterministic=yes; worker_count=2; islands=50,dotnet10_release_no_profiling_self_contained,2,2,,,2,yes,,,,,,,,,,,300,3952.241200000,,,,,results/box-contact-islands-10k/intel-core-i7-13700k/2026-10-05_0800_ddr5-4800_threads-1-2-3-4-5-6-8-10-12-14-16-24_r5/raw/bepuphysics2/t2/bepuphysics2_t2_raw.csv
2026-10-05_0800_ddr5-4800_threads-1-2-3-4-5-6-8-10-12-14-16-24_r5,bepuphysics2,c230dd1178d6f481d8b3f03c0f595f8ad910b725,windows,dotnet10_release_no_profiling_self_contained,box_contact_islands_10k,headless_api,2,step,300,30,2,10050,10050,0,0,median_ms_per_step,13.003733667,ms,lower_is_better,13.003733667,76.900990564,0,ok,ok,engine_runner_cli,work_unit_wall_sum_inline,2,box_contact_islands_10k,2,velocity_iterations=1; substeps=4; linear_damping=0; angular_damping=0; sleep=disabled; ccd=disabled; deterministic=yes; worker_count=2; islands=50,dotnet10_release_no_profiling_self_contained,2,2,,,2,yes,,,,,,,,,,,300,3901.120100000,,,,,results/box-contact-islands-10k/intel-core-i7-13700k/2026-10-05_0800_ddr5-4800_threads-1-2-3-4-5-6-8-10-12-14-16-24_r5/raw/bepuphysics2/t2/bepuphysics2_t2_raw.csv
2026-10-05_0800_ddr5-4800_threads-1-2-3-4-5-6-8-10-12-14-16-24_r5,bepuphysics2,c230dd1178d6f481d8b3f03c0f595f8ad910b725,windows,dotnet10_release_no_profiling_self_contained,box_contact_islands_10k,headless_api,2,step,300,30,3,10050,10050,0,0,median_ms_per_step,13.227161667,ms,lower_is_better,13.227161667,75.602009350,0,ok,ok,engine_runner_cli,work_unit_wall_sum_inline,2,box_contact_islands_10k,2,velocity_iterations=1; substeps=4; linear_damping=0; angular_damping=0; sleep=disabled; ccd=disabled; deterministic=yes; worker_count=2; islands=50,dotnet10_release_no_profiling_self_contained,2,2,,,2,yes,,,,,,,,,,,300,3968.148500000,,,,,results/box-contact-islands-10k/intel-core-i7-13700k/2026-10-05_0800_ddr5-4800_threads-1-2-3-4-5-6-8-10-12-14-16-24_r5/raw/bepuphysics2/t2/bepuphysics2_t2_raw.csv
2026-10-05_0800_ddr5-4800_threads-1-2-3-4-5-6-8-10-12-14-16-24_r5,bepuphysics2,c230dd1178d6f481d8b3f03c0f595f8ad910b725,windows,dotnet10_release_no_profiling_self_contained,box_contact_islands_10k,headless_api,2,step,300,30,4,10050,10050,0,0,median_ms_per_step,13.374707000,ms,lower_is_better,13.374707000,74.767993048,0,ok,ok,engine_runner_cli,work_unit_wall_sum_inline,2,box_contact_islands_10k,2,velocity_iterations=1; substeps=4; linear_damping=0; angular_damping=0; sleep=disabled; ccd=disabled; deterministic=yes; worker_count=2; islands=50,dotnet10_release_no_profiling_self_contained,2,2,,,2,yes,,,,,,,,,,,300,4012.412100000,,,,,results/box-contact-islands-10k/intel-core-i7-13700k/2026-10-05_0800_ddr5-4800_threads-1-2-3-4-5-6-8-10-12-14-16-24_r5/raw/bepuphysics2/t2/bepuphysics2_t2_raw.csv
2026-10-05_0800_ddr5-4800_threads-1-2-3-4-5-6-8-10-12-14-16-24_r5,bepuphysics2,c230dd1178d6f481d8b3f03c0f595f8ad910b725,windows,dotnet10_release_no_profiling_self_contained,box_contact_islands_10k,headless_api,3,step,300,30,0,10050,10050,0,0,median_ms_per_step,10.009013667,ms,lower_is_better,10.009013667,99.909944506,0,ok,ok,engine_runner_cli,work_unit_wall_sum_inline,3,box_contact_islands_10k,2,velocity_iterations=1; substeps=4; linear_damping=0; angular_damping=0; sleep=disabled; ccd=disabled; deterministic=yes; worker_count=3; islands=50,dotnet10_release_no_profiling_self_contained,3,3,,,3,yes,,,,,,,,,,,300,3002.704100000,,,,,results/box-contact-islands-10k/intel-core-i7-13700k/2026-10-05_0800_ddr5-4800_threads-1-2-3-4-5-6-8-10-12-14-16-24_r5/raw/bepuphysics2/t3/bepuphysics2_t3_raw.csv
2026-10-05_0800_ddr5-4800_threads-1-2-3-4-5-6-8-10-12-14-16-24_r5,bepuphysics2,c230dd1178d6f481d8b3f03c0f595f8ad910b725,windows,dotnet10_release_no_profiling_self_contained,box_contact_islands_10k,headless_api,3,step,300,30,1,10050,10050,0,0,median_ms_per_step,10.110879333,ms,lower_is_better,10.110879333,98.903366071,0,ok,ok,engine_runner_cli,work_unit_wall_sum_inline,3,box_contact_islands_10k,2,velocity_iterations=1; substeps=4; linear_damping=0; angular_damping=0; sleep=disabled; ccd=disabled; deterministic=yes; worker_count=3; islands=50,dotnet10_release_no_profiling_self_contained,3,3,,,3,yes,,,,,,,,,,,300,3033.263800000,,,,,results/box-contact-islands-10k/intel-core-i7-13700k/2026-10-05_0800_ddr5-4800_threads-1-2-3-4-5-6-8-10-12-14-16-24_r5/raw/bepuphysics2/t3/bepuphysics2_t3_raw.csv
2026-10-05_0800_ddr5-4800_threads-1-2-3-4-5-6-8-10-12-14-16-24_r5,bepuphysics2,c230dd1178d6f481d8b3f03c0f595f8ad910b725,windows,dotnet10_release_no_profiling_self_contained,box_contact_islands_10k,headless_api,3,step,300,30,2,10050,10050,0,0,median_ms_per_step,10.281320333,ms,lower_is_better,10.281320333,97.263772315,0,ok,ok,engine_runner_cli,work_unit_wall_sum_inline,3,box_contact_islands_10k,2,velocity_iterations=1; substeps=4; linear_damping=0; angular_damping=0; sleep=disabled; ccd=disabled; deterministic=yes; worker_count=3; islands=50,dotnet10_release_no_profiling_self_contained,3,3,,,3,yes,,,,,,,,,,,300,3084.396100000,,,,,results/box-contact-islands-10k/intel-core-i7-13700k/2026-10-05_0800_ddr5-4800_threads-1-2-3-4-5-6-8-10-12-14-16-24_r5/raw/bepuphysics2/t3/bepuphysics2_t3_raw.csv
2026-10-05_0800_ddr5-4800_threads-1-2-3-4-5-6-8-10-12-14-16-24_r5,bepuphysics2,c230dd1178d6f481d8b3f03c0f595f8ad910b725,windows,dotnet10_release_no_profiling_self_contained,box_contact_islands_10k,headless_api,3,step,300,30,3,10050,10050,0,0,median_ms_per_step,10.075186000,ms,lower_is_better,10.075186000,99.253750750,0,ok,ok,engine_runner_cli,work_unit_wall_sum_inline,3,box_contact_islands_10k,2,velocity_iterations=1; substeps=4; linear_damping=0; angular_damping=0; sleep=disabled; ccd=disabled; deterministic=yes; worker_count=3; islands=50,dotnet10_release_no_profiling_self_contained,3,3,,,3,yes,,,,,,,,,,,300,3022.555800000,,,,,results/box-contact-islands-10k/intel-core-i7-13700k/2026-10-05_0800_ddr5-4800_threads-1-2-3-4-5-6-8-10-12-14-16-24_r5/raw/bepuphysics2/t3/bepuphysics2_t3_raw.csv
2026-10-05_0800_ddr5-4800_threads-1-2-3-4-5-6-8-10-12-14-16-24_r5,bepuphysics2,c230dd1178d6f481d8b3f03c0f595f8ad910b725,windows,dotnet10_release_no_profiling_self_contained,box_contact_islands_10k,headless_api,3,step,300,30,4,10050,10050,0,0,median_ms_per_step,10.205167667,ms,lower_is_better,10.205167667,97.989570839,0,ok,ok,engine_runner_cli,work_unit_wall_sum_inline,3,box_contact_islands_10k,2,velocity_iterations=1; substeps=4; linear_damping=0; angular_damping=0; sleep=disabled; ccd=disabled; deterministic=yes; worker_count=3; islands=50,dotnet10_release_no_profiling_self_contained,3,3,,,3,yes,,,,,,,,,,,300,3061.550300000,,,,,results/box-contact-islands-10k/intel-core-i7-13700k/2026-10-05_0800_ddr5-4800_threads-1-2-3-4-5-6-8-10-12-14-16-24_r5/raw/bepuphysics2/t3/bepuphysics2_t3_raw.csv
2026-10-05_0800_ddr5-4800_threads-1-2-3-4-5-6-8-10-12-14-16-24_r5,bepuphysics2,c230dd1178d6f481d8b3f03c0f595f8ad910b725,windows,dotnet10_release_no_profiling_self_contained,box_contact_islands_10k,headless_api,4,step,300,30,0,10050,10050,0,0,median_ms_per_step,8.220428333,ms,lower_is_better,8.220428333,121.648162292,0,ok,ok,engine_runner_cli,work_unit_wall_sum_inline,4,box_contact_islands_10k,2,velocity_iterations=1; substeps=4; linear_damping=0; angular_damping=0; sleep=disabled; ccd=disabled; deterministic=yes; worker_count=4; islands=50,dotnet10_release_no_profiling_self_contained,4,4,,,4,yes,,,,,,,,,,,300,2466.128500000,,,,,results/box-contact-islands-10k/intel-core-i7-13700k/2026-10-05_0800_ddr5-4800_threads-1-2-3-4-5-6-8-10-12-14-16-24_r5/raw/bepuphysics2/t4/bepuphysics2_t4_raw.csv
2026-10-05_0800_ddr5-4800_threads-1-2-3-4-5-6-8-10-12-14-16-24_r5,bepuphysics2,c230dd1178d6f481d8b3f03c0f595f8ad910b725,windows,dotnet10_release_no_profiling_self_contained,box_contact_islands_10k,headless_api,4,step,300,30,1,10050,10050,0,0,median_ms_per_step,8.196588333,ms,lower_is_better,8.196588333,122.001979279,0,ok,ok,engine_runner_cli,work_unit_wall_sum_inline,4,box_contact_islands_10k,2,velocity_iterations=1; substeps=4; linear_damping=0; angular_damping=0; sleep=disabled; ccd=disabled; deterministic=yes; worker_count=4; islands=50,dotnet10_release_no_profiling_self_contained,4,4,,,4,yes,,,,,,,,,,,300,2458.976500000,,,,,results/box-contact-islands-10k/intel-core-i7-13700k/2026-10-05_0800_ddr5-4800_threads-1-2-3-4-5-6-8-10-12-14-16-24_r5/raw/bepuphysics2/t4/bepuphysics2_t4_raw.csv
2026-10-05_0800_ddr5-4800_threads-1-2-3-4-5-6-8-10-12-14-16-24_r5,bepuphysics2,c230dd1178d6f481d8b3f03c0f595f8ad910b725,windows,dotnet10_release_no_profiling_self_contained,box_contact_islands_10k,headless_api,4,step,300,30,2,10050,10050,0,0,median_ms_per_step,8.424321667,ms,lower_is_better,8.424321667,118.703919386,0,ok,ok,engine_runner_cli,work_unit_wall_sum_inline,4,box_contact_islands_10k,2,velocity_iterations=1; substeps=4; linear_damping=0; angular_damping=0; sleep=disabled; ccd=disabled; deterministic=yes; worker_count=4; islands=50,dotnet10_release_no_profiling_self_contained,4,4,,,4,yes,,,,,,,,,,,300,2527.296500000,,,,,results/box-contact-islands-10k/intel-core-i7-13700k/2026-10-05_0800_ddr5-4800_threads-1-2-3-4-5-6-8-10-12-14-16-24_r5/raw/bepuphysics2/t4/bepuphysics2_t4_raw.csv
2026-10-05_0800_ddr5-4800_threads-1-2-3-4-5-6-8-10-12-14-16-24_r5,bepuphysics2,c230dd1178d6f481d8b3f03c0f595f8ad910b725,windows,dotnet10_release_no_profiling_self_contained,box_contact_islands_10k,headless_api,4,step,300,30,3,10050,10050,0,0,median_ms_per_step,8.205775333,ms,lower_is_better,8.205775333,121.865388629,0,ok,ok,engine_runner_cli,work_unit_wall_sum_inline,4,box_contact_islands_10k,2,velocity_iterations=1; substeps=4; linear_damping=0; angular_damping=0; sleep=disabled; ccd=disabled; deterministic=yes; worker_count=4; islands=50,dotnet10_release_no_profiling_self_contained,4,4,,,4,yes,,,,,,,,,,,300,2461.732600000,,,,,results/box-contact-islands-10k/intel-core-i7-13700k/2026-10-05_0800_ddr5-4800_threads-1-2-3-4-5-6-8-10-12-14-16-24_r5/raw/bepuphysics2/t4/bepuphysics2_t4_raw.csv
2026-10-05_0800_ddr5-4800_threads-1-2-3-4-5-6-8-10-12-14-16-24_r5,bepuphysics2,c230dd1178d6f481d8b3f03c0f595f8ad910b725,windows,dotnet10_release_no_profiling_self_contained,box_contact_islands_10k,headless_api,4,step,300,30,4,10050,10050,0,0,median_ms_per_step,8.350328000,ms,lower_is_better,8.350328000,119.755774863,0,ok,ok,engine_runner_cli,work_unit_wall_sum_inline,4,box_contact_islands_10k,2,velocity_iterations=1; substeps=4; linear_damping=0; angular_damping=0; sleep=disabled; ccd=disabled; deterministic=yes; worker_count=4; islands=50,dotnet10_release_no_profiling_self_contained,4,4,,,4,yes,,,,,,,,,,,300,2505.098400000,,,,,results/box-contact-islands-10k/intel-core-i7-13700k/2026-10-05_0800_ddr5-4800_threads-1-2-3-4-5-6-8-10-12-14-16-24_r5/raw/bepuphysics2/t4/bepuphysics2_t4_raw.csv
2026-10-05_0800_ddr5-4800_threads-1-2-3-4-5-6-8-10-12-14-16-24_r5,bepuphysics2,c230dd1178d6f481d8b3f03c0f595f8ad910b725,windows,dotnet10_release_no_profiling_self_contained,box_contact_islands_10k,headless_api,5,step,300,30,0,10050,10050,0,0,median_ms_per_step,7.104462667,ms,lower_is_better,7.104462667,140.756598622,0,ok,ok,engine_runner_cli,work_unit_wall_sum_inline,5,box_contact_islands_10k,2,velocity_iterations=1; substeps=4; linear_damping=0; angular_damping=0; sleep=disabled; ccd=disabled; deterministic=yes; worker_count=5; islands=50,dotnet10_release_no_profiling_self_contained,5,5,,,5,yes,,,,,,,,,,,300,2131.338800000,,,,,results/box-contact-islands-10k/intel-core-i7-13700k/2026-10-05_0800_ddr5-4800_threads-1-2-3-4-5-6-8-10-12-14-16-24_r5/raw/bepuphysics2/t5/bepuphysics2_t5_raw.csv
2026-10-05_0800_ddr5-4800_threads-1-2-3-4-5-6-8-10-12-14-16-24_r5,bepuphysics2,c230dd1178d6f481d8b3f03c0f595f8ad910b725,windows,dotnet10_release_no_profiling_self_contained,box_contact_islands_10k,headless_api,5,step,300,30,1,10050,10050,0,0,median_ms_per_step,6.976948667,ms,lower_is_better,6.976948667,143.329132516,0,ok,ok,engine_runner_cli,work_unit_wall_sum_inline,5,box_contact_islands_10k,2,velocity_iterations=1; substeps=4; linear_damping=0; angular_damping=0; sleep=disabled; ccd=disabled; deterministic=yes; worker_count=5; islands=50,dotnet10_release_no_profiling_self_contained,5,5,,,5,yes,,,,,,,,,,,300,2093.084600000,,,,,results/box-contact-islands-10k/intel-core-i7-13700k/2026-10-05_0800_ddr5-4800_threads-1-2-3-4-5-6-8-10-12-14-16-24_r5/raw/bepuphysics2/t5/bepuphysics2_t5_raw.csv
2026-10-05_0800_ddr5-4800_threads-1-2-3-4-5-6-8-10-12-14-16-24_r5,bepuphysics2,c230dd1178d6f481d8b3f03c0f595f8ad910b725,windows,dotnet10_release_no_profiling_self_contained,box_contact_islands_10k,headless_api,5,step,300,30,2,10050,10050,0,0,median_ms_per_step,7.035663333,ms,lower_is_better,7.035663333,142.133009017,0,ok,ok,engine_runner_cli,work_unit_wall_sum_inline,5,box_contact_islands_10k,2,velocity_iterations=1; substeps=4; linear_damping=0; angular_damping=0; sleep=disabled; ccd=disabled; deterministic=yes; worker_count=5; islands=50,dotnet10_release_no_profiling_self_contained,5,5,,,5,yes,,,,,,,,,,,300,2110.699000000,,,,,results/box-contact-islands-10k/intel-core-i7-13700k/2026-10-05_0800_ddr5-4800_threads-1-2-3-4-5-6-8-10-12-14-16-24_r5/raw/bepuphysics2/t5/bepuphysics2_t5_raw.csv
2026-10-05_0800_ddr5-4800_threads-1-2-3-4-5-6-8-10-12-14-16-24_r5,bepuphysics2,c230dd1178d6f481d8b3f03c0f595f8ad910b725,windows,dotnet10_release_no_profiling_self_contained,box_contact_islands_10k,headless_api,5,step,300,30,3,10050,10050,0,0,median_ms_per_step,7.247080667,ms,lower_is_better,7.247080667,137.986597086,0,ok,ok,engine_runner_cli,work_unit_wall_sum_inline,5,box_contact_islands_10k,2,velocity_iterations=1; substeps=4; linear_damping=0; angular_damping=0; sleep=disabled; ccd=disabled; deterministic=yes; worker_count=5; islands=50,dotnet10_release_no_profiling_self_contained,5,5,,,5,yes,,,,,,,,,,,300,2174.124200000,,,,,results/box-contact-islands-10k/intel-core-i7-13700k/2026-10-05_0800_ddr5-4800_threads-1-2-3-4-5-6-8-10-12-14-16-24_r5/raw/bepuphysics2/t5/bepuphysics2_t5_raw.csv
2026-10-05_0800_ddr5-4800_threads-1-2-3-4-5-6-8-10-12-14-16-24_r5,bepuphysics2,c230dd1178d6f481d8b3f03c0f595f8ad910b725,windows,dotnet10_release_no_profiling_self_contained,box_contact_islands_10k,headless_api,5,step,300,30,4,10050,10050,0,0,median_ms_per_step,6.995963667,ms,lower_is_better,6.995963667,142.939564533,0,ok,ok,engine_runner_cli,work_unit_wall_sum_inline,5,box_contact_islands_10k,2,velocity_iterations=1; substeps=4; linear_damping=0; angular_damping=0; sleep=disabled; ccd=disabled; deterministic=yes; worker_count=5; islands=50,dotnet10_release_no_profiling_self_contained,5,5,,,5,yes,,,,,,,,,,,300,2098.789100000,,,,,results/box-contact-islands-10k/intel-core-i7-13700k/2026-10-05_0800_ddr5-4800_threads-1-2-3-4-5-6-8-10-12-14-16-24_r5/raw/bepuphysics2/t5/bepuphysics2_t5_raw.csv
2026-10-05_0800_ddr5-4800_threads-1-2-3-4-5-6-8-10-12-14-16-24_r5,bepuphysics2,c230dd1178d6f481d8b3f03c0f595f8ad910b725,windows,dotnet10_release_no_profiling_self_contained,box_contact_islands_10k,headless_api,6,step,300,30,0,10050,10050,0,0,median_ms_per_step,6.315065667,ms,lower_is_better,6.315065667,158.351480853,0,ok,ok,engine_runner_cli,work_unit_wall_sum_inline,6,box_contact_islands_10k,2,velocity_iterations=1; substeps=4; linear_damping=0; angular_damping=0; sleep=disabled; ccd=disabled; deterministic=yes; worker_count=6; islands=50,dotnet10_release_no_profiling_self_contained,6,6,,,6,yes,,,,,,,,,,,300,1894.519700000,,,,,results/box-contact-islands-10k/intel-core-i7-13700k/2026-10-05_0800_ddr5-4800_threads-1-2-3-4-5-6-8-10-12-14-16-24_r5/raw/bepuphysics2/t6/bepuphysics2_t6_raw.csv
2026-10-05_0800_ddr5-4800_threads-1-2-3-4-5-6-8-10-12-14-16-24_r5,bepuphysics2,c230dd1178d6f481d8b3f03c0f595f8ad910b725,windows,dotnet10_release_no_profiling_self_contained,box_contact_islands_10k,headless_api,6,step,300,30,1,10050,10050,0,0,median_ms_per_step,6.449718000,ms,lower_is_better,6.449718000,155.045538425,0,ok,ok,engine_runner_cli,work_unit_wall_sum_inline,6,box_contact_islands_10k,2,velocity_iterations=1; substeps=4; linear_damping=0; angular_damping=0; sleep=disabled; ccd=disabled; deterministic=yes; worker_count=6; islands=50,dotnet10_release_no_profiling_self_contained,6,6,,,6,yes,,,,,,,,,,,300,1934.915400000,,,,,results/box-contact-islands-10k/intel-core-i7-13700k/2026-10-05_0800_ddr5-4800_threads-1-2-3-4-5-6-8-10-12-14-16-24_r5/raw/bepuphysics2/t6/bepuphysics2_t6_raw.csv
2026-10-05_0800_ddr5-4800_threads-1-2-3-4-5-6-8-10-12-14-16-24_r5,bepuphysics2,c230dd1178d6f481d8b3f03c0f595f8ad910b725,windows,dotnet10_release_no_profiling_self_contained,box_contact_islands_10k,headless_api,6,step,300,30,2,10050,10050,0,0,median_ms_per_step,6.337068000,ms,lower_is_better,6.337068000,157.801683681,0,ok,ok,engine_runner_cli,work_unit_wall_sum_inline,6,box_contact_islands_10k,2,velocity_iterations=1; substeps=4; linear_damping=0; angular_damping=0; sleep=disabled; ccd=disabled; deterministic=yes; worker_count=6; islands=50,dotnet10_release_no_profiling_self_contained,6,6,,,6,yes,,,,,,,,,,,300,1901.120400000,,,,,results/box-contact-islands-10k/intel-core-i7-13700k/2026-10-05_0800_ddr5-4800_threads-1-2-3-4-5-6-8-10-12-14-16-24_r5/raw/bepuphysics2/t6/bepuphysics2_t6_raw.csv
2026-10-05_0800_ddr5-4800_threads-1-2-3-4-5-6-8-10-12-14-16-24_r5,bepuphysics2,c230dd1178d6f481d8b3f03c0f595f8ad910b725,windows,dotnet10_release_no_profiling_self_contained,box_contact_islands_10k,headless_api,6,step,300,30,3,10050,10050,0,0,median_ms_per_step,6.353630667,ms,lower_is_better,6.353630667,157.390325699,0,ok,ok,engine_runner_cli,work_unit_wall_sum_inline,6,box_contact_islands_10k,2,velocity_iterations=1; substeps=4; linear_damping=0; angular_damping=0; sleep=disabled; ccd=disabled; deterministic=yes; worker_count=6; islands=50,dotnet10_release_no_profiling_self_contained,6,6,,,6,yes,,,,,,,,,,,300,1906.089200000,,,,,results/box-contact-islands-10k/intel-core-i7-13700k/2026-10-05_0800_ddr5-4800_threads-1-2-3-4-5-6-8-10-12-14-16-24_r5/raw/bepuphysics2/t6/bepuphysics2_t6_raw.csv
2026-10-05_0800_ddr5-4800_threads-1-2-3-4-5-6-8-10-12-14-16-24_r5,bepuphysics2,c230dd1178d6f481d8b3f03c0f595f8ad910b725,windows,dotnet10_release_no_profiling_self_contained,box_contact_islands_10k,headless_api,6,step,300,30,4,10050,10050,0,0,median_ms_per_step,6.338356000,ms,lower_is_better,6.338356000,157.769617232,0,ok,ok,engine_runner_cli,work_unit_wall_sum_inline,6,box_contact_islands_10k,2,velocity_iterations=1; substeps=4; linear_damping=0; angular_damping=0; sleep=disabled; ccd=disabled; deterministic=yes; worker_count=6; islands=50,dotnet10_release_no_profiling_self_contained,6,6,,,6,yes,,,,,,,,,,,300,1901.506800000,,,,,results/box-contact-islands-10k/intel-core-i7-13700k/2026-10-05_0800_ddr5-4800_threads-1-2-3-4-5-6-8-10-12-14-16-24_r5/raw/bepuphysics2/t6/bepuphysics2_t6_raw.csv
2026-10-05_0800_ddr5-4800_threads-1-2-3-4-5-6-8-10-12-14-16-24_r5,bepuphysics2,c230dd1178d6f481d8b3f03c0f595f8ad910b725,windows,dotnet10_release_no_profiling_self_contained,box_contact_islands_10k,headless_api,8,step,300,30,0,10050,10050,0,0,median_ms_per_step,6.085664000,ms,lower_is_better,6.085664000,164.320606593,0,ok,ok,engine_runner_cli,work_unit_wall_sum_inline,8,box_contact_islands_10k,2,velocity_iterations=1; substeps=4; linear_damping=0; angular_damping=0; sleep=disabled; ccd=disabled; deterministic=yes; worker_count=8; islands=50,dotnet10_release_no_profiling_self_contained,8,8,,,8,yes,,,,,,,,,,,300,1825.699200000,,,,,results/box-contact-islands-10k/intel-core-i7-13700k/2026-10-05_0800_ddr5-4800_threads-1-2-3-4-5-6-8-10-12-14-16-24_r5/raw/bepuphysics2/t8/bepuphysics2_t8_raw.csv
2026-10-05_0800_ddr5-4800_threads-1-2-3-4-5-6-8-10-12-14-16-24_r5,bepuphysics2,c230dd1178d6f481d8b3f03c0f595f8ad910b725,windows,dotnet10_release_no_profiling_self_contained,box_contact_islands_10k,headless_api,8,step,300,30,1,10050,10050,0,0,median_ms_per_step,5.765260667,ms,lower_is_better,5.765260667,173.452694998,0,ok,ok,engine_runner_cli,work_unit_wall_sum_inline,8,box_contact_islands_10k,2,velocity_iterations=1; substeps=4; linear_damping=0; angular_damping=0; sleep=disabled; ccd=disabled; deterministic=yes; worker_count=8; islands=50,dotnet10_release_no_profiling_self_contained,8,8,,,8,yes,,,,,,,,,,,300,1729.578200000,,,,,results/box-contact-islands-10k/intel-core-i7-13700k/2026-10-05_0800_ddr5-4800_threads-1-2-3-4-5-6-8-10-12-14-16-24_r5/raw/bepuphysics2/t8/bepuphysics2_t8_raw.csv
2026-10-05_0800_ddr5-4800_threads-1-2-3-4-5-6-8-10-12-14-16-24_r5,bepuphysics2,c230dd1178d6f481d8b3f03c0f595f8ad910b725,windows,dotnet10_release_no_profiling_self_contained,box_contact_islands_10k,headless_api,8,step,300,30,2,10050,10050,0,0,median_ms_per_step,5.849489667,ms,lower_is_better,5.849489667,170.955084458,0,ok,ok,engine_runner_cli,work_unit_wall_sum_inline,8,box_contact_islands_10k,2,velocity_iterations=1; substeps=4; linear_damping=0; angular_damping=0; sleep=disabled; ccd=disabled; deterministic=yes; worker_count=8; islands=50,dotnet10_release_no_profiling_self_contained,8,8,,,8,yes,,,,,,,,,,,300,1754.846900000,,,,,results/box-contact-islands-10k/intel-core-i7-13700k/2026-10-05_0800_ddr5-4800_threads-1-2-3-4-5-6-8-10-12-14-16-24_r5/raw/bepuphysics2/t8/bepuphysics2_t8_raw.csv
2026-10-05_0800_ddr5-4800_threads-1-2-3-4-5-6-8-10-12-14-16-24_r5,bepuphysics2,c230dd1178d6f481d8b3f03c0f595f8ad910b725,windows,dotnet10_release_no_profiling_self_contained,box_contact_islands_10k,headless_api,8,step,300,30,3,10050,10050,0,0,median_ms_per_step,5.723031667,ms,lower_is_better,5.723031667,174.732564529,0,ok,ok,engine_runner_cli,work_unit_wall_sum_inline,8,box_contact_islands_10k,2,velocity_iterations=1; substeps=4; linear_damping=0; angular_damping=0; sleep=disabled; ccd=disabled; deterministic=yes; worker_count=8; islands=50,dotnet10_release_no_profiling_self_contained,8,8,,,8,yes,,,,,,,,,,,300,1716.909500000,,,,,results/box-contact-islands-10k/intel-core-i7-13700k/2026-10-05_0800_ddr5-4800_threads-1-2-3-4-5-6-8-10-12-14-16-24_r5/raw/bepuphysics2/t8/bepuphysics2_t8_raw.csv
2026-10-05_0800_ddr5-4800_threads-1-2-3-4-5-6-8-10-12-14-16-24_r5,bepuphysics2,c230dd1178d6f481d8b3f03c0f595f8ad910b725,windows,dotnet10_release_no_profiling_self_contained,box_contact_islands_10k,headless_api,8,step,300,30,4,10050,10050,0,0,median_ms_per_step,5.774611667,ms,lower_is_better,5.774611667,173.171817903,0,ok,ok,engine_runner_cli,work_unit_wall_sum_inline,8,box_contact_islands_10k,2,velocity_iterations=1; substeps=4; linear_damping=0; angular_damping=0; sleep=disabled; ccd=disabled; deterministic=yes; worker_count=8; islands=50,dotnet10_release_no_profiling_self_contained,8,8,,,8,yes,,,,,,,,,,,300,1732.383500000,,,,,results/box-contact-islands-10k/intel-core-i7-13700k/2026-10-05_0800_ddr5-4800_threads-1-2-3-4-5-6-8-10-12-14-16-24_r5/raw/bepuphysics2/t8/bepuphysics2_t8_raw.csv
2026-10-05_0800_ddr5-4800_threads-1-2-3-4-5-6-8-10-12-14-16-24_r5,bepuphysics2,c230dd1178d6f481d8b3f03c0f595f8ad910b725,windows,dotnet10_release_no_profiling_self_contained,box_contact_islands_10k,headless_api,10,step,300,30,0,10050,10050,0,0,median_ms_per_step,6.105493000,ms,lower_is_better,6.105493000,163.786937435,0,ok,ok,engine_runner_cli,work_unit_wall_sum_inline,10,box_contact_islands_10k,2,velocity_iterations=1; substeps=4; linear_damping=0; angular_damping=0; sleep=disabled; ccd=disabled; deterministic=yes; worker_count=10; islands=50,dotnet10_release_no_profiling_self_contained,10,10,,,10,yes,,,,,,,,,,,300,1831.647900000,,,,,results/box-contact-islands-10k/intel-core-i7-13700k/2026-10-05_0800_ddr5-4800_threads-1-2-3-4-5-6-8-10-12-14-16-24_r5/raw/bepuphysics2/t10/bepuphysics2_t10_raw.csv
2026-10-05_0800_ddr5-4800_threads-1-2-3-4-5-6-8-10-12-14-16-24_r5,bepuphysics2,c230dd1178d6f481d8b3f03c0f595f8ad910b725,windows,dotnet10_release_no_profiling_self_contained,box_contact_islands_10k,headless_api,10,step,300,30,1,10050,10050,0,0,median_ms_per_step,6.322436667,ms,lower_is_better,6.322436667,158.166867099,0,ok,ok,engine_runner_cli,work_unit_wall_sum_inline,10,box_contact_islands_10k,2,velocity_iterations=1; substeps=4; linear_damping=0; angular_damping=0; sleep=disabled; ccd=disabled; deterministic=yes; worker_count=10; islands=50,dotnet10_release_no_profiling_self_contained,10,10,,,10,yes,,,,,,,,,,,300,1896.731000000,,,,,results/box-contact-islands-10k/intel-core-i7-13700k/2026-10-05_0800_ddr5-4800_threads-1-2-3-4-5-6-8-10-12-14-16-24_r5/raw/bepuphysics2/t10/bepuphysics2_t10_raw.csv
2026-10-05_0800_ddr5-4800_threads-1-2-3-4-5-6-8-10-12-14-16-24_r5,bepuphysics2,c230dd1178d6f481d8b3f03c0f595f8ad910b725,windows,dotnet10_release_no_profiling_self_contained,box_contact_islands_10k,headless_api,10,step,300,30,2,10050,10050,0,0,median_ms_per_step,6.178204667,ms,lower_is_better,6.178204667,161.859319002,0,ok,ok,engine_runner_cli,work_unit_wall_sum_inline,10,box_contact_islands_10k,2,velocity_iterations=1; substeps=4; linear_damping=0; angular_damping=0; sleep=disabled; ccd=disabled; deterministic=yes; worker_count=10; islands=50,dotnet10_release_no_profiling_self_contained,10,10,,,10,yes,,,,,,,,,,,300,1853.461400000,,,,,results/box-contact-islands-10k/intel-core-i7-13700k/2026-10-05_0800_ddr5-4800_threads-1-2-3-4-5-6-8-10-12-14-16-24_r5/raw/bepuphysics2/t10/bepuphysics2_t10_raw.csv
2026-10-05_0800_ddr5-4800_threads-1-2-3-4-5-6-8-10-12-14-16-24_r5,bepuphysics2,c230dd1178d6f481d8b3f03c0f595f8ad910b725,windows,dotnet10_release_no_profiling_self_contained,box_contact_islands_10k,headless_api,10,step,300,30,3,10050,10050,0,0,median_ms_per_step,6.188789333,ms,lower_is_better,6.188789333,161.582491524,0,ok,ok,engine_runner_cli,work_unit_wall_sum_inline,10,box_contact_islands_10k,2,velocity_iterations=1; substeps=4; linear_damping=0; angular_damping=0; sleep=disabled; ccd=disabled; deterministic=yes; worker_count=10; islands=50,dotnet10_release_no_profiling_self_contained,10,10,,,10,yes,,,,,,,,,,,300,1856.636800000,,,,,results/box-contact-islands-10k/intel-core-i7-13700k/2026-10-05_0800_ddr5-4800_threads-1-2-3-4-5-6-8-10-12-14-16-24_r5/raw/bepuphysics2/t10/bepuphysics2_t10_raw.csv
2026-10-05_0800_ddr5-4800_threads-1-2-3-4-5-6-8-10-12-14-16-24_r5,bepuphysics2,c230dd1178d6f481d8b3f03c0f595f8ad910b725,windows,dotnet10_release_no_profiling_self_contained,box_contact_islands_10k,headless_api,10,step,300,30,4,10050,10050,0,0,median_ms_per_step,6.329929667,ms,lower_is_better,6.329929667,157.979638426,0,ok,ok,engine_runner_cli,work_unit_wall_sum_inline,10,box_contact_islands_10k,2,velocity_iterations=1; substeps=4; linear_damping=0; angular_damping=0; sleep=disabled; ccd=disabled; deterministic=yes; worker_count=10; islands=50,dotnet10_release_no_profiling_self_contained,10,10,,,10,yes,,,,,,,,,,,300,1898.978900000,,,,,results/box-contact-islands-10k/intel-core-i7-13700k/2026-10-05_0800_ddr5-4800_threads-1-2-3-4-5-6-8-10-12-14-16-24_r5/raw/bepuphysics2/t10/bepuphysics2_t10_raw.csv
2026-10-05_0800_ddr5-4800_threads-1-2-3-4-5-6-8-10-12-14-16-24_r5,bepuphysics2,c230dd1178d6f481d8b3f03c0f595f8ad910b725,windows,dotnet10_release_no_profiling_self_contained,box_contact_islands_10k,headless_api,12,step,300,30,0,10050,10050,0,0,median_ms_per_step,6.517270333,ms,lower_is_better,6.517270333,153.438471761,0,ok,ok,engine_runner_cli,work_unit_wall_sum_inline,12,box_contact_islands_10k,2,velocity_iterations=1; substeps=4; linear_damping=0; angular_damping=0; sleep=disabled; ccd=disabled; deterministic=yes; worker_count=12; islands=50,dotnet10_release_no_profiling_self_contained,12,12,,,12,yes,,,,,,,,,,,300,1955.181100000,,,,,results/box-contact-islands-10k/intel-core-i7-13700k/2026-10-05_0800_ddr5-4800_threads-1-2-3-4-5-6-8-10-12-14-16-24_r5/raw/bepuphysics2/t12/bepuphysics2_t12_raw.csv
2026-10-05_0800_ddr5-4800_threads-1-2-3-4-5-6-8-10-12-14-16-24_r5,bepuphysics2,c230dd1178d6f481d8b3f03c0f595f8ad910b725,windows,dotnet10_release_no_profiling_self_contained,box_contact_islands_10k,headless_api,12,step,300,30,1,10050,10050,0,0,median_ms_per_step,6.199774667,ms,lower_is_better,6.199774667,161.296184743,0,ok,ok,engine_runner_cli,work_unit_wall_sum_inline,12,box_contact_islands_10k,2,velocity_iterations=1; substeps=4; linear_damping=0; angular_damping=0; sleep=disabled; ccd=disabled; deterministic=yes; worker_count=12; islands=50,dotnet10_release_no_profiling_self_contained,12,12,,,12,yes,,,,,,,,,,,300,1859.932400000,,,,,results/box-contact-islands-10k/intel-core-i7-13700k/2026-10-05_0800_ddr5-4800_threads-1-2-3-4-5-6-8-10-12-14-16-24_r5/raw/bepuphysics2/t12/bepuphysics2_t12_raw.csv
2026-10-05_0800_ddr5-4800_threads-1-2-3-4-5-6-8-10-12-14-16-24_r5,bepuphysics2,c230dd1178d6f481d8b3f03c0f595f8ad910b725,windows,dotnet10_release_no_profiling_self_contained,box_contact_islands_10k,headless_api,12,step,300,30,2,10050,10050,0,0,median_ms_per_step,6.497942000,ms,lower_is_better,6.497942000,153.894879333,0,ok,ok,engine_runner_cli,work_unit_wall_sum_inline,12,box_contact_islands_10k,2,velocity_iterations=1; substeps=4; linear_damping=0; angular_damping=0; sleep=disabled; ccd=disabled; deterministic=yes; worker_count=12; islands=50,dotnet10_release_no_profiling_self_contained,12,12,,,12,yes,,,,,,,,,,,300,1949.382600000,,,,,results/box-contact-islands-10k/intel-core-i7-13700k/2026-10-05_0800_ddr5-4800_threads-1-2-3-4-5-6-8-10-12-14-16-24_r5/raw/bepuphysics2/t12/bepuphysics2_t12_raw.csv
2026-10-05_0800_ddr5-4800_threads-1-2-3-4-5-6-8-10-12-14-16-24_r5,bepuphysics2,c230dd1178d6f481d8b3f03c0f595f8ad910b725,windows,dotnet10_release_no_profiling_self_contained,box_contact_islands_10k,headless_api,12,step,300,30,3,10050,10050,0,0,median_ms_per_step,6.418925667,ms,lower_is_better,6.418925667,155.789309914,0,ok,ok,engine_runner_cli,work_unit_wall_sum_inline,12,box_contact_islands_10k,2,velocity_iterations=1; substeps=4; linear_damping=0; angular_damping=0; sleep=disabled; ccd=disabled; deterministic=yes; worker_count=12; islands=50,dotnet10_release_no_profiling_self_contained,12,12,,,12,yes,,,,,,,,,,,300,1925.677700000,,,,,results/box-contact-islands-10k/intel-core-i7-13700k/2026-10-05_0800_ddr5-4800_threads-1-2-3-4-5-6-8-10-12-14-16-24_r5/raw/bepuphysics2/t12/bepuphysics2_t12_raw.csv
2026-10-05_0800_ddr5-4800_threads-1-2-3-4-5-6-8-10-12-14-16-24_r5,bepuphysics2,c230dd1178d6f481d8b3f03c0f595f8ad910b725,windows,dotnet10_release_no_profiling_self_contained,box_contact_islands_10k,headless_api,12,step,300,30,4,10050,10050,0,0,median_ms_per_step,6.260722667,ms,lower_is_better,6.260722667,159.725969867,0,ok,ok,engine_runner_cli,work_unit_wall_sum_inline,12,box_contact_islands_10k,2,velocity_iterations=1; substeps=4; linear_damping=0; angular_damping=0; sleep=disabled; ccd=disabled; deterministic=yes; worker_count=12; islands=50,dotnet10_release_no_profiling_self_contained,12,12,,,12,yes,,,,,,,,,,,300,1878.216800000,,,,,results/box-contact-islands-10k/intel-core-i7-13700k/2026-10-05_0800_ddr5-4800_threads-1-2-3-4-5-6-8-10-12-14-16-24_r5/raw/bepuphysics2/t12/bepuphysics2_t12_raw.csv
2026-10-05_0800_ddr5-4800_threads-1-2-3-4-5-6-8-10-12-14-16-24_r5,bepuphysics2,c230dd1178d6f481d8b3f03c0f595f8ad910b725,windows,dotnet10_release_no_profiling_self_contained,box_contact_islands_10k,headless_api,14,step,300,30,0,10050,10050,0,0,median_ms_per_step,6.086236333,ms,lower_is_better,6.086236333,164.305154324,0,ok,ok,engine_runner_cli,work_unit_wall_sum_inline,14,box_contact_islands_10k,2,velocity_iterations=1; substeps=4; linear_damping=0; angular_damping=0; sleep=disabled; ccd=disabled; deterministic=yes; worker_count=14; islands=50,dotnet10_release_no_profiling_self_contained,14,14,,,14,yes,,,,,,,,,,,300,1825.870900000,,,,,results/box-contact-islands-10k/intel-core-i7-13700k/2026-10-05_0800_ddr5-4800_threads-1-2-3-4-5-6-8-10-12-14-16-24_r5/raw/bepuphysics2/t14/bepuphysics2_t14_raw.csv
2026-10-05_0800_ddr5-4800_threads-1-2-3-4-5-6-8-10-12-14-16-24_r5,bepuphysics2,c230dd1178d6f481d8b3f03c0f595f8ad910b725,windows,dotnet10_release_no_profiling_self_contained,box_contact_islands_10k,headless_api,14,step,300,30,1,10050,10050,0,0,median_ms_per_step,6.004085667,ms,lower_is_better,6.004085667,166.553253154,0,ok,ok,engine_runner_cli,work_unit_wall_sum_inline,14,box_contact_islands_10k,2,velocity_iterations=1; substeps=4; linear_damping=0; angular_damping=0; sleep=disabled; ccd=disabled; deterministic=yes; worker_count=14; islands=50,dotnet10_release_no_profiling_self_contained,14,14,,,14,yes,,,,,,,,,,,300,1801.225700000,,,,,results/box-contact-islands-10k/intel-core-i7-13700k/2026-10-05_0800_ddr5-4800_threads-1-2-3-4-5-6-8-10-12-14-16-24_r5/raw/bepuphysics2/t14/bepuphysics2_t14_raw.csv
2026-10-05_0800_ddr5-4800_threads-1-2-3-4-5-6-8-10-12-14-16-24_r5,bepuphysics2,c230dd1178d6f481d8b3f03c0f595f8ad910b725,windows,dotnet10_release_no_profiling_self_contained,box_contact_islands_10k,headless_api,14,step,300,30,2,10050,10050,0,0,median_ms_per_step,5.928544333,ms,lower_is_better,5.928544333,168.675469689,0,ok,ok,engine_runner_cli,work_unit_wall_sum_inline,14,box_contact_islands_10k,2,velocity_iterations=1; substeps=4; linear_damping=0; angular_damping=0; sleep=disabled; ccd=disabled; deterministic=yes; worker_count=14; islands=50,dotnet10_release_no_profiling_self_contained,14,14,,,14,yes,,,,,,,,,,,300,1778.563300000,,,,,results/box-contact-islands-10k/intel-core-i7-13700k/2026-10-05_0800_ddr5-4800_threads-1-2-3-4-5-6-8-10-12-14-16-24_r5/raw/bepuphysics2/t14/bepuphysics2_t14_raw.csv
2026-10-05_0800_ddr5-4800_threads-1-2-3-4-5-6-8-10-12-14-16-24_r5,bepuphysics2,c230dd1178d6f481d8b3f03c0f595f8ad910b725,windows,dotnet10_release_no_profiling_self_contained,box_contact_islands_10k,headless_api,14,step,300,30,3,10050,10050,0,0,median_ms_per_step,6.019609000,ms,lower_is_better,6.019609000,166.123746576,0,ok,ok,engine_runner_cli,work_unit_wall_sum_inline,14,box_contact_islands_10k,2,velocity_iterations=1; substeps=4; linear_damping=0; angular_damping=0; sleep=disabled; ccd=disabled; deterministic=yes; worker_count=14; islands=50,dotnet10_release_no_profiling_self_contained,14,14,,,14,yes,,,,,,,,,,,300,1805.882700000,,,,,results/box-contact-islands-10k/intel-core-i7-13700k/2026-10-05_0800_ddr5-4800_threads-1-2-3-4-5-6-8-10-12-14-16-24_r5/raw/bepuphysics2/t14/bepuphysics2_t14_raw.csv
2026-10-05_0800_ddr5-4800_threads-1-2-3-4-5-6-8-10-12-14-16-24_r5,bepuphysics2,c230dd1178d6f481d8b3f03c0f595f8ad910b725,windows,dotnet10_release_no_profiling_self_contained,box_contact_islands_10k,headless_api,14,step,300,30,4,10050,10050,0,0,median_ms_per_step,6.041748333,ms,lower_is_better,6.041748333,165.515004073,0,ok,ok,engine_runner_cli,work_unit_wall_sum_inline,14,box_contact_islands_10k,2,velocity_iterations=1; substeps=4; linear_damping=0; angular_damping=0; sleep=disabled; ccd=disabled; deterministic=yes; worker_count=14; islands=50,dotnet10_release_no_profiling_self_contained,14,14,,,14,yes,,,,,,,,,,,300,1812.524500000,,,,,results/box-contact-islands-10k/intel-core-i7-13700k/2026-10-05_0800_ddr5-4800_threads-1-2-3-4-5-6-8-10-12-14-16-24_r5/raw/bepuphysics2/t14/bepuphysics2_t14_raw.csv
2026-10-05_0800_ddr5-4800_threads-1-2-3-4-5-6-8-10-12-14-16-24_r5,bepuphysics2,c230dd1178d6f481d8b3f03c0f595f8ad910b725,windows,dotnet10_release_no_profiling_self_contained,box_contact_islands_10k,headless_api,16,step,300,30,0,10050,10050,0,0,median_ms_per_step,5.476669333,ms,lower_is_better,5.476669333,182.592729109,0,ok,ok,engine_runner_cli,work_unit_wall_sum_inline,16,box_contact_islands_10k,2,velocity_iterations=1; substeps=4; linear_damping=0; angular_damping=0; sleep=disabled; ccd=disabled; deterministic=yes; worker_count=16; islands=50,dotnet10_release_no_profiling_self_contained,16,16,,,16,yes,,,,,,,,,,,300,1643.000800000,,,,,results/box-contact-islands-10k/intel-core-i7-13700k/2026-10-05_0800_ddr5-4800_threads-1-2-3-4-5-6-8-10-12-14-16-24_r5/raw/bepuphysics2/t16/bepuphysics2_t16_raw.csv
2026-10-05_0800_ddr5-4800_threads-1-2-3-4-5-6-8-10-12-14-16-24_r5,bepuphysics2,c230dd1178d6f481d8b3f03c0f595f8ad910b725,windows,dotnet10_release_no_profiling_self_contained,box_contact_islands_10k,headless_api,16,step,300,30,1,10050,10050,0,0,median_ms_per_step,5.726995667,ms,lower_is_better,5.726995667,174.611621556,0,ok,ok,engine_runner_cli,work_unit_wall_sum_inline,16,box_contact_islands_10k,2,velocity_iterations=1; substeps=4; linear_damping=0; angular_damping=0; sleep=disabled; ccd=disabled; deterministic=yes; worker_count=16; islands=50,dotnet10_release_no_profiling_self_contained,16,16,,,16,yes,,,,,,,,,,,300,1718.098700000,,,,,results/box-contact-islands-10k/intel-core-i7-13700k/2026-10-05_0800_ddr5-4800_threads-1-2-3-4-5-6-8-10-12-14-16-24_r5/raw/bepuphysics2/t16/bepuphysics2_t16_raw.csv
2026-10-05_0800_ddr5-4800_threads-1-2-3-4-5-6-8-10-12-14-16-24_r5,bepuphysics2,c230dd1178d6f481d8b3f03c0f595f8ad910b725,windows,dotnet10_release_no_profiling_self_contained,box_contact_islands_10k,headless_api,16,step,300,30,2,10050,10050,0,0,median_ms_per_step,5.602172000,ms,lower_is_better,5.602172000,178.502195220,0,ok,ok,engine_runner_cli,work_unit_wall_sum_inline,16,box_contact_islands_10k,2,velocity_iterations=1; substeps=4; linear_damping=0; angular_damping=0; sleep=disabled; ccd=disabled; deterministic=yes; worker_count=16; islands=50,dotnet10_release_no_profiling_self_contained,16,16,,,16,yes,,,,,,,,,,,300,1680.651600000,,,,,results/box-contact-islands-10k/intel-core-i7-13700k/2026-10-05_0800_ddr5-4800_threads-1-2-3-4-5-6-8-10-12-14-16-24_r5/raw/bepuphysics2/t16/bepuphysics2_t16_raw.csv
2026-10-05_0800_ddr5-4800_threads-1-2-3-4-5-6-8-10-12-14-16-24_r5,bepuphysics2,c230dd1178d6f481d8b3f03c0f595f8ad910b725,windows,dotnet10_release_no_profiling_self_contained,box_contact_islands_10k,headless_api,16,step,300,30,3,10050,10050,0,0,median_ms_per_step,5.615026000,ms,lower_is_better,5.615026000,178.093565373,0,ok,ok,engine_runner_cli,work_unit_wall_sum_inline,16,box_contact_islands_10k,2,velocity_iterations=1; substeps=4; linear_damping=0; angular_damping=0; sleep=disabled; ccd=disabled; deterministic=yes; worker_count=16; islands=50,dotnet10_release_no_profiling_self_contained,16,16,,,16,yes,,,,,,,,,,,300,1684.507800000,,,,,results/box-contact-islands-10k/intel-core-i7-13700k/2026-10-05_0800_ddr5-4800_threads-1-2-3-4-5-6-8-10-12-14-16-24_r5/raw/bepuphysics2/t16/bepuphysics2_t16_raw.csv
2026-10-05_0800_ddr5-4800_threads-1-2-3-4-5-6-8-10-12-14-16-24_r5,bepuphysics2,c230dd1178d6f481d8b3f03c0f595f8ad910b725,windows,dotnet10_release_no_profiling_self_contained,box_contact_islands_10k,headless_api,16,step,300,30,4,10050,10050,0,0,median_ms_per_step,5.464947333,ms,lower_is_better,5.464947333,182.984380087,0,ok,ok,engine_runner_cli,work_unit_wall_sum_inline,16,box_contact_islands_10k,2,velocity_iterations=1; substeps=4; linear_damping=0; angular_damping=0; sleep=disabled; ccd=disabled; deterministic=yes; worker_count=16; islands=50,dotnet10_release_no_profiling_self_contained,16,16,,,16,yes,,,,,,,,,,,300,1639.484200000,,,,,results/box-contact-islands-10k/intel-core-i7-13700k/2026-10-05_0800_ddr5-4800_threads-1-2-3-4-5-6-8-10-12-14-16-24_r5/raw/bepuphysics2/t16/bepuphysics2_t16_raw.csv
2026-10-05_0800_ddr5-4800_threads-1-2-3-4-5-6-8-10-12-14-16-24_r5,bepuphysics2,c230dd1178d6f481d8b3f03c0f595f8ad910b725,windows,dotnet10_release_no_profiling_self_contained,box_contact_islands_10k,headless_api,24,step,300,30,0,10050,10050,0,0,median_ms_per_step,5.759755000,ms,lower_is_better,5.759755000,173.618495926,0,ok,ok,engine_runner_cli,work_unit_wall_sum_inline,24,box_contact_islands_10k,2,velocity_iterations=1; substeps=4; linear_damping=0; angular_damping=0; sleep=disabled; ccd=disabled; deterministic=yes; worker_count=24; islands=50,dotnet10_release_no_profiling_self_contained,24,24,,,24,yes,,,,,,,,,,,300,1727.926500000,,,,,results/box-contact-islands-10k/intel-core-i7-13700k/2026-10-05_0800_ddr5-4800_threads-1-2-3-4-5-6-8-10-12-14-16-24_r5/raw/bepuphysics2/t24/bepuphysics2_t24_raw.csv
2026-10-05_0800_ddr5-4800_threads-1-2-3-4-5-6-8-10-12-14-16-24_r5,bepuphysics2,c230dd1178d6f481d8b3f03c0f595f8ad910b725,windows,dotnet10_release_no_profiling_self_contained,box_contact_islands_10k,headless_api,24,step,300,30,1,10050,10050,0,0,median_ms_per_step,5.078880000,ms,lower_is_better,5.078880000,196.893803358,0,ok,ok,engine_runner_cli,work_unit_wall_sum_inline,24,box_contact_islands_10k,2,velocity_iterations=1; substeps=4; linear_damping=0; angular_damping=0; sleep=disabled; ccd=disabled; deterministic=yes; worker_count=24; islands=50,dotnet10_release_no_profiling_self_contained,24,24,,,24,yes,,,,,,,,,,,300,1523.664000000,,,,,results/box-contact-islands-10k/intel-core-i7-13700k/2026-10-05_0800_ddr5-4800_threads-1-2-3-4-5-6-8-10-12-14-16-24_r5/raw/bepuphysics2/t24/bepuphysics2_t24_raw.csv
2026-10-05_0800_ddr5-4800_threads-1-2-3-4-5-6-8-10-12-14-16-24_r5,bepuphysics2,c230dd1178d6f481d8b3f03c0f595f8ad910b725,windows,dotnet10_release_no_profiling_self_contained,box_contact_islands_10k,headless_api,24,step,300,30,2,10050,10050,0,0,median_ms_per_step,5.773974333,ms,lower_is_better,5.773974333,173.190932670,0,ok,ok,engine_runner_cli,work_unit_wall_sum_inline,24,box_contact_islands_10k,2,velocity_iterations=1; substeps=4; linear_damping=0; angular_damping=0; sleep=disabled; ccd=disabled; deterministic=yes; worker_count=24; islands=50,dotnet10_release_no_profiling_self_contained,24,24,,,24,yes,,,,,,,,,,,300,1732.192300000,,,,,results/box-contact-islands-10k/intel-core-i7-13700k/2026-10-05_0800_ddr5-4800_threads-1-2-3-4-5-6-8-10-12-14-16-24_r5/raw/bepuphysics2/t24/bepuphysics2_t24_raw.csv
2026-10-05_0800_ddr5-4800_threads-1-2-3-4-5-6-8-10-12-14-16-24_r5,bepuphysics2,c230dd1178d6f481d8b3f03c0f595f8ad910b725,windows,dotnet10_release_no_profiling_self_contained,box_contact_islands_10k,headless_api,24,step,300,30,3,10050,10050,0,0,median_ms_per_step,5.510145667,ms,lower_is_better,5.510145667,181.483405430,0,ok,ok,engine_runner_cli,work_unit_wall_sum_inline,24,box_contact_islands_10k,2,velocity_iterations=1; substeps=4; linear_damping=0; angular_damping=0; sleep=disabled; ccd=disabled; deterministic=yes; worker_count=24; islands=50,dotnet10_release_no_profiling_self_contained,24,24,,,24,yes,,,,,,,,,,,300,1653.043700000,,,,,results/box-contact-islands-10k/intel-core-i7-13700k/2026-10-05_0800_ddr5-4800_threads-1-2-3-4-5-6-8-10-12-14-16-24_r5/raw/bepuphysics2/t24/bepuphysics2_t24_raw.csv
2026-10-05_0800_ddr5-4800_threads-1-2-3-4-5-6-8-10-12-14-16-24_r5,bepuphysics2,c230dd1178d6f481d8b3f03c0f595f8ad910b725,windows,dotnet10_release_no_profiling_self_contained,box_contact_islands_10k,headless_api,24,step,300,30,4,10050,10050,0,0,median_ms_per_step,5.739276000,ms,lower_is_better,5.739276000,174.238004933,0,ok,ok,engine_runner_cli,work_unit_wall_sum_inline,24,box_contact_islands_10k,2,velocity_iterations=1; substeps=4; linear_damping=0; angular_damping=0; sleep=disabled; ccd=disabled; deterministic=yes; worker_count=24; islands=50,dotnet10_release_no_profiling_self_contained,24,24,,,24,yes,,,,,,,,,,,300,1721.782800000,,,,,results/box-contact-islands-10k/intel-core-i7-13700k/2026-10-05_0800_ddr5-4800_threads-1-2-3-4-5-6-8-10-12-14-16-24_r5/raw/bepuphysics2/t24/bepuphysics2_t24_raw.csv
2026-10-05_0800_ddr5-4800_threads-1-2-3-4-5-6-8-10-12-14-16-24_r5,box3d,9e5a4cde862fba95ff19f096b79567f3ea6c01fd,windows,windows_clang_cl_release,box_contact_islands_10k,headless_api,1,step,300,30,0,10050,10050,0,0,median_ms_per_step,73.775509000,ms,lower_is_better,73.775509000,13.554633693,0,ok,ok,engine_runner_cli,work_unit_wall_sum_inline,1,box_contact_islands_10k,2,substeps=4; sleep=disabled; ccd=disabled; worker_count=0; islands=50,windows_clang_cl_release,1,0,,,0,yes,,,,,,,,,,,300,22132.652700000,,,,,results/box-contact-islands-10k/intel-core-i7-13700k/2026-10-05_0800_ddr5-4800_threads-1-2-3-4-5-6-8-10-12-14-16-24_r5/raw/box3d/t1/box3d_t1_raw.csv
2026-10-05_0800_ddr5-4800_threads-1-2-3-4-5-6-8-10-12-14-16-24_r5,box3d,9e5a4cde862fba95ff19f096b79567f3ea6c01fd,windows,windows_clang_cl_release,box_contact_islands_10k,headless_api,1,step,300,30,1,10050,10050,0,0,median_ms_per_step,69.718543000,ms,lower_is_better,69.718543000,14.343386379,0,ok,ok,engine_runner_cli,work_unit_wall_sum_inline,1,box_contact_islands_10k,2,substeps=4; sleep=disabled; ccd=disabled; worker_count=0; islands=50,windows_clang_cl_release,1,0,,,0,yes,,,,,,,,,,,300,20915.562900000,,,,,results/box-contact-islands-10k/intel-core-i7-13700k/2026-10-05_0800_ddr5-4800_threads-1-2-3-4-5-6-8-10-12-14-16-24_r5/raw/box3d/t1/box3d_t1_raw.csv
2026-10-05_0800_ddr5-4800_threads-1-2-3-4-5-6-8-10-12-14-16-24_r5,box3d,9e5a4cde862fba95ff19f096b79567f3ea6c01fd,windows,windows_clang_cl_release,box_contact_islands_10k,headless_api,1,step,300,30,2,10050,10050,0,0,median_ms_per_step,69.421420000,ms,lower_is_better,69.421420000,14.404775932,0,ok,ok,engine_runner_cli,work_unit_wall_sum_inline,1,box_contact_islands_10k,2,substeps=4; sleep=disabled; ccd=disabled; worker_count=0; islands=50,windows_clang_cl_release,1,0,,,0,yes,,,,,,,,,,,300,20826.426000000,,,,,results/box-contact-islands-10k/intel-core-i7-13700k/2026-10-05_0800_ddr5-4800_threads-1-2-3-4-5-6-8-10-12-14-16-24_r5/raw/box3d/t1/box3d_t1_raw.csv
2026-10-05_0800_ddr5-4800_threads-1-2-3-4-5-6-8-10-12-14-16-24_r5,box3d,9e5a4cde862fba95ff19f096b79567f3ea6c01fd,windows,windows_clang_cl_release,box_contact_islands_10k,headless_api,1,step,300,30,3,10050,10050,0,0,median_ms_per_step,77.151815000,ms,lower_is_better,77.151815000,12.961457874,0,ok,ok,engine_runner_cli,work_unit_wall_sum_inline,1,box_contact_islands_10k,2,substeps=4; sleep=disabled; ccd=disabled; worker_count=0; islands=50,windows_clang_cl_release,1,0,,,0,yes,,,,,,,,,,,300,23145.544500000,,,,,results/box-contact-islands-10k/intel-core-i7-13700k/2026-10-05_0800_ddr5-4800_threads-1-2-3-4-5-6-8-10-12-14-16-24_r5/raw/box3d/t1/box3d_t1_raw.csv
2026-10-05_0800_ddr5-4800_threads-1-2-3-4-5-6-8-10-12-14-16-24_r5,box3d,9e5a4cde862fba95ff19f096b79567f3ea6c01fd,windows,windows_clang_cl_release,box_contact_islands_10k,headless_api,1,step,300,30,4,10050,10050,0,0,median_ms_per_step,74.850165667,ms,lower_is_better,74.850165667,13.360023870,0,ok,ok,engine_runner_cli,work_unit_wall_sum_inline,1,box_contact_islands_10k,2,substeps=4; sleep=disabled; ccd=disabled; worker_count=0; islands=50,windows_clang_cl_release,1,0,,,0,yes,,,,,,,,,,,300,22455.049700000,,,,,results/box-contact-islands-10k/intel-core-i7-13700k/2026-10-05_0800_ddr5-4800_threads-1-2-3-4-5-6-8-10-12-14-16-24_r5/raw/box3d/t1/box3d_t1_raw.csv
2026-10-05_0800_ddr5-4800_threads-1-2-3-4-5-6-8-10-12-14-16-24_r5,box3d,9e5a4cde862fba95ff19f096b79567f3ea6c01fd,windows,windows_clang_cl_release,box_contact_islands_10k,headless_api,2,step,300,30,0,10050,10050,0,0,median_ms_per_step,42.943681000,ms,lower_is_better,42.943681000,23.286313067,0,ok,ok,engine_runner_cli,work_unit_wall_sum_inline,2,box_contact_islands_10k,2,substeps=4; sleep=disabled; ccd=disabled; worker_count=1; islands=50,windows_clang_cl_release,2,1,,,1,yes,,,,,,,,,,,300,12883.104300000,,,,,results/box-contact-islands-10k/intel-core-i7-13700k/2026-10-05_0800_ddr5-4800_threads-1-2-3-4-5-6-8-10-12-14-16-24_r5/raw/box3d/t2/box3d_t2_raw.csv
2026-10-05_0800_ddr5-4800_threads-1-2-3-4-5-6-8-10-12-14-16-24_r5,box3d,9e5a4cde862fba95ff19f096b79567f3ea6c01fd,windows,windows_clang_cl_release,box_contact_islands_10k,headless_api,2,step,300,30,1,10050,10050,0,0,median_ms_per_step,43.003821000,ms,lower_is_better,43.003821000,23.253747615,0,ok,ok,engine_runner_cli,work_unit_wall_sum_inline,2,box_contact_islands_10k,2,substeps=4; sleep=disabled; ccd=disabled; worker_count=1; islands=50,windows_clang_cl_release,2,1,,,1,yes,,,,,,,,,,,300,12901.146300000,,,,,results/box-contact-islands-10k/intel-core-i7-13700k/2026-10-05_0800_ddr5-4800_threads-1-2-3-4-5-6-8-10-12-14-16-24_r5/raw/box3d/t2/box3d_t2_raw.csv
2026-10-05_0800_ddr5-4800_threads-1-2-3-4-5-6-8-10-12-14-16-24_r5,box3d,9e5a4cde862fba95ff19f096b79567f3ea6c01fd,windows,windows_clang_cl_release,box_contact_islands_10k,headless_api,2,step,300,30,2,10050,10050,0,0,median_ms_per_step,44.097393667,ms,lower_is_better,44.097393667,22.677077189,0,ok,ok,engine_runner_cli,work_unit_wall_sum_inline,2,box_contact_islands_10k,2,substeps=4; sleep=disabled; ccd=disabled; worker_count=1; islands=50,windows_clang_cl_release,2,1,,,1,yes,,,,,,,,,,,300,13229.218100000,,,,,results/box-contact-islands-10k/intel-core-i7-13700k/2026-10-05_0800_ddr5-4800_threads-1-2-3-4-5-6-8-10-12-14-16-24_r5/raw/box3d/t2/box3d_t2_raw.csv
2026-10-05_0800_ddr5-4800_threads-1-2-3-4-5-6-8-10-12-14-16-24_r5,box3d,9e5a4cde862fba95ff19f096b79567f3ea6c01fd,windows,windows_clang_cl_release,box_contact_islands_10k,headless_api,2,step,300,30,3,10050,10050,0,0,median_ms_per_step,45.156131333,ms,lower_is_better,45.156131333,22.145386916,0,ok,ok,engine_runner_cli,work_unit_wall_sum_inline,2,box_contact_islands_10k,2,substeps=4; sleep=disabled; ccd=disabled; worker_count=1; islands=50,windows_clang_cl_release,2,1,,,1,yes,,,,,,,,,,,300,13546.839400000,,,,,results/box-contact-islands-10k/intel-core-i7-13700k/2026-10-05_0800_ddr5-4800_threads-1-2-3-4-5-6-8-10-12-14-16-24_r5/raw/box3d/t2/box3d_t2_raw.csv
2026-10-05_0800_ddr5-4800_threads-1-2-3-4-5-6-8-10-12-14-16-24_r5,box3d,9e5a4cde862fba95ff19f096b79567f3ea6c01fd,windows,windows_clang_cl_release,box_contact_islands_10k,headless_api,2,step,300,30,4,10050,10050,0,0,median_ms_per_step,41.811685000,ms,lower_is_better,41.811685000,23.916759155,0,ok,ok,engine_runner_cli,work_unit_wall_sum_inline,2,box_contact_islands_10k,2,substeps=4; sleep=disabled; ccd=disabled; worker_count=1; islands=50,windows_clang_cl_release,2,1,,,1,yes,,,,,,,,,,,300,12543.505500000,,,,,results/box-contact-islands-10k/intel-core-i7-13700k/2026-10-05_0800_ddr5-4800_threads-1-2-3-4-5-6-8-10-12-14-16-24_r5/raw/box3d/t2/box3d_t2_raw.csv
2026-10-05_0800_ddr5-4800_threads-1-2-3-4-5-6-8-10-12-14-16-24_r5,box3d,9e5a4cde862fba95ff19f096b79567f3ea6c01fd,windows,windows_clang_cl_release,box_contact_islands_10k,headless_api,3,step,300,30,0,10050,10050,0,0,median_ms_per_step,36.448279000,ms,lower_is_better,36.448279000,27.436137657,0,ok,ok,engine_runner_cli,work_unit_wall_sum_inline,3,box_contact_islands_10k,2,substeps=4; sleep=disabled; ccd=disabled; worker_count=2; islands=50,windows_clang_cl_release,3,2,,,2,yes,,,,,,,,,,,300,10934.483700000,,,,,results/box-contact-islands-10k/intel-core-i7-13700k/2026-10-05_0800_ddr5-4800_threads-1-2-3-4-5-6-8-10-12-14-16-24_r5/raw/box3d/t3/box3d_t3_raw.csv
2026-10-05_0800_ddr5-4800_threads-1-2-3-4-5-6-8-10-12-14-16-24_r5,box3d,9e5a4cde862fba95ff19f096b79567f3ea6c01fd,windows,windows_clang_cl_release,box_contact_islands_10k,headless_api,3,step,300,30,1,10050,10050,0,0,median_ms_per_step,36.461157667,ms,lower_is_better,36.461157667,27.426446772,0,ok,ok,engine_runner_cli,work_unit_wall_sum_inline,3,box_contact_islands_10k,2,substeps=4; sleep=disabled; ccd=disabled; worker_count=2; islands=50,windows_clang_cl_release,3,2,,,2,yes,,,,,,,,,,,300,10938.347300000,,,,,results/box-contact-islands-10k/intel-core-i7-13700k/2026-10-05_0800_ddr5-4800_threads-1-2-3-4-5-6-8-10-12-14-16-24_r5/raw/box3d/t3/box3d_t3_raw.csv
2026-10-05_0800_ddr5-4800_threads-1-2-3-4-5-6-8-10-12-14-16-24_r5,box3d,9e5a4cde862fba95ff19f096b79567f3ea6c01fd,windows,windows_clang_cl_release,box_contact_islands_10k,headless_api,3,step,300,30,2,10050,10050,0,0,median_ms_per_step,35.560307000,ms,lower_is_better,35.560307000,28.121242035,0,ok,ok,engine_runner_cli,work_unit_wall_sum_inline,3,box_contact_islands_10k,2,substeps=4; sleep=disabled; ccd=disabled; worker_count=2; islands=50,windows_clang_cl_release,3,2,,,2,yes,,,,,,,,,,,300,10668.092100000,,,,,results/box-contact-islands-10k/intel-core-i7-13700k/2026-10-05_0800_ddr5-4800_threads-1-2-3-4-5-6-8-10-12-14-16-24_r5/raw/box3d/t3/box3d_t3_raw.csv
2026-10-05_0800_ddr5-4800_threads-1-2-3-4-5-6-8-10-12-14-16-24_r5,box3d,9e5a4cde862fba95ff19f096b79567f3ea6c01fd,windows,windows_clang_cl_release,box_contact_islands_10k,headless_api,3,step,300,30,3,10050,10050,0,0,median_ms_per_step,36.331356000,ms,lower_is_better,36.331356000,27.524433715,0,ok,ok,engine_runner_cli,work_unit_wall_sum_inline,3,box_contact_islands_10k,2,substeps=4; sleep=disabled; ccd=disabled; worker_count=2; islands=50,windows_clang_cl_release,3,2,,,2,yes,,,,,,,,,,,300,10899.406800000,,,,,results/box-contact-islands-10k/intel-core-i7-13700k/2026-10-05_0800_ddr5-4800_threads-1-2-3-4-5-6-8-10-12-14-16-24_r5/raw/box3d/t3/box3d_t3_raw.csv
2026-10-05_0800_ddr5-4800_threads-1-2-3-4-5-6-8-10-12-14-16-24_r5,box3d,9e5a4cde862fba95ff19f096b79567f3ea6c01fd,windows,windows_clang_cl_release,box_contact_islands_10k,headless_api,3,step,300,30,4,10050,10050,0,0,median_ms_per_step,35.727165667,ms,lower_is_better,35.727165667,27.989905758,0,ok,ok,engine_runner_cli,work_unit_wall_sum_inline,3,box_contact_islands_10k,2,substeps=4; sleep=disabled; ccd=disabled; worker_count=2; islands=50,windows_clang_cl_release,3,2,,,2,yes,,,,,,,,,,,300,10718.149700000,,,,,results/box-contact-islands-10k/intel-core-i7-13700k/2026-10-05_0800_ddr5-4800_threads-1-2-3-4-5-6-8-10-12-14-16-24_r5/raw/box3d/t3/box3d_t3_raw.csv
2026-10-05_0800_ddr5-4800_threads-1-2-3-4-5-6-8-10-12-14-16-24_r5,box3d,9e5a4cde862fba95ff19f096b79567f3ea6c01fd,windows,windows_clang_cl_release,box_contact_islands_10k,headless_api,4,step,300,30,0,10050,10050,0,0,median_ms_per_step,30.094141667,ms,lower_is_better,30.094141667,33.229058701,0,ok,ok,engine_runner_cli,work_unit_wall_sum_inline,4,box_contact_islands_10k,2,substeps=4; sleep=disabled; ccd=disabled; worker_count=3; islands=50,windows_clang_cl_release,4,3,,,3,yes,,,,,,,,,,,300,9028.242500000,,,,,results/box-contact-islands-10k/intel-core-i7-13700k/2026-10-05_0800_ddr5-4800_threads-1-2-3-4-5-6-8-10-12-14-16-24_r5/raw/box3d/t4/box3d_t4_raw.csv
2026-10-05_0800_ddr5-4800_threads-1-2-3-4-5-6-8-10-12-14-16-24_r5,box3d,9e5a4cde862fba95ff19f096b79567f3ea6c01fd,windows,windows_clang_cl_release,box_contact_islands_10k,headless_api,4,step,300,30,1,10050,10050,0,0,median_ms_per_step,29.861497000,ms,lower_is_better,29.861497000,33.487939335,0,ok,ok,engine_runner_cli,work_unit_wall_sum_inline,4,box_contact_islands_10k,2,substeps=4; sleep=disabled; ccd=disabled; worker_count=3; islands=50,windows_clang_cl_release,4,3,,,3,yes,,,,,,,,,,,300,8958.449100000,,,,,results/box-contact-islands-10k/intel-core-i7-13700k/2026-10-05_0800_ddr5-4800_threads-1-2-3-4-5-6-8-10-12-14-16-24_r5/raw/box3d/t4/box3d_t4_raw.csv
2026-10-05_0800_ddr5-4800_threads-1-2-3-4-5-6-8-10-12-14-16-24_r5,box3d,9e5a4cde862fba95ff19f096b79567f3ea6c01fd,windows,windows_clang_cl_release,box_contact_islands_10k,headless_api,4,step,300,30,2,10050,10050,0,0,median_ms_per_step,31.813100333,ms,lower_is_better,31.813100333,31.433591493,0,ok,ok,engine_runner_cli,work_unit_wall_sum_inline,4,box_contact_islands_10k,2,substeps=4; sleep=disabled; ccd=disabled; worker_count=3; islands=50,windows_clang_cl_release,4,3,,,3,yes,,,,,,,,,,,300,9543.930100000,,,,,results/box-contact-islands-10k/intel-core-i7-13700k/2026-10-05_0800_ddr5-4800_threads-1-2-3-4-5-6-8-10-12-14-16-24_r5/raw/box3d/t4/box3d_t4_raw.csv
2026-10-05_0800_ddr5-4800_threads-1-2-3-4-5-6-8-10-12-14-16-24_r5,box3d,9e5a4cde862fba95ff19f096b79567f3ea6c01fd,windows,windows_clang_cl_release,box_contact_islands_10k,headless_api,4,step,300,30,3,10050,10050,0,0,median_ms_per_step,30.094531000,ms,lower_is_better,30.094531000,33.228628816,0,ok,ok,engine_runner_cli,work_unit_wall_sum_inline,4,box_contact_islands_10k,2,substeps=4; sleep=disabled; ccd=disabled; worker_count=3; islands=50,windows_clang_cl_release,4,3,,,3,yes,,,,,,,,,,,300,9028.359300000,,,,,results/box-contact-islands-10k/intel-core-i7-13700k/2026-10-05_0800_ddr5-4800_threads-1-2-3-4-5-6-8-10-12-14-16-24_r5/raw/box3d/t4/box3d_t4_raw.csv
2026-10-05_0800_ddr5-4800_threads-1-2-3-4-5-6-8-10-12-14-16-24_r5,box3d,9e5a4cde862fba95ff19f096b79567f3ea6c01fd,windows,windows_clang_cl_release,box_contact_islands_10k,headless_api,4,step,300,30,4,10050,10050,0,0,median_ms_per_step,29.434257000,ms,lower_is_better,29.434257000,33.974018777,0,ok,ok,engine_runner_cli,work_unit_wall_sum_inline,4,box_contact_islands_10k,2,substeps=4; sleep=disabled; ccd=disabled; worker_count=3; islands=50,windows_clang_cl_release,4,3,,,3,yes,,,,,,,,,,,300,8830.277100000,,,,,results/box-contact-islands-10k/intel-core-i7-13700k/2026-10-05_0800_ddr5-4800_threads-1-2-3-4-5-6-8-10-12-14-16-24_r5/raw/box3d/t4/box3d_t4_raw.csv
2026-10-05_0800_ddr5-4800_threads-1-2-3-4-5-6-8-10-12-14-16-24_r5,box3d,9e5a4cde862fba95ff19f096b79567f3ea6c01fd,windows,windows_clang_cl_release,box_contact_islands_10k,headless_api,5,step,300,30,0,10050,10050,0,0,median_ms_per_step,27.571697333,ms,lower_is_better,27.571697333,36.269076507,0,ok,ok,engine_runner_cli,work_unit_wall_sum_inline,5,box_contact_islands_10k,2,substeps=4; sleep=disabled; ccd=disabled; worker_count=4; islands=50,windows_clang_cl_release,5,4,,,4,yes,,,,,,,,,,,300,8271.509200000,,,,,results/box-contact-islands-10k/intel-core-i7-13700k/2026-10-05_0800_ddr5-4800_threads-1-2-3-4-5-6-8-10-12-14-16-24_r5/raw/box3d/t5/box3d_t5_raw.csv
2026-10-05_0800_ddr5-4800_threads-1-2-3-4-5-6-8-10-12-14-16-24_r5,box3d,9e5a4cde862fba95ff19f096b79567f3ea6c01fd,windows,windows_clang_cl_release,box_contact_islands_10k,headless_api,5,step,300,30,1,10050,10050,0,0,median_ms_per_step,26.585120667,ms,lower_is_better,26.585120667,37.615025809,0,ok,ok,engine_runner_cli,work_unit_wall_sum_inline,5,box_contact_islands_10k,2,substeps=4; sleep=disabled; ccd=disabled; worker_count=4; islands=50,windows_clang_cl_release,5,4,,,4,yes,,,,,,,,,,,300,7975.536200000,,,,,results/box-contact-islands-10k/intel-core-i7-13700k/2026-10-05_0800_ddr5-4800_threads-1-2-3-4-5-6-8-10-12-14-16-24_r5/raw/box3d/t5/box3d_t5_raw.csv
2026-10-05_0800_ddr5-4800_threads-1-2-3-4-5-6-8-10-12-14-16-24_r5,box3d,9e5a4cde862fba95ff19f096b79567f3ea6c01fd,windows,windows_clang_cl_release,box_contact_islands_10k,headless_api,5,step,300,30,2,10050,10050,0,0,median_ms_per_step,26.314016667,ms,lower_is_better,26.314016667,38.002560106,0,ok,ok,engine_runner_cli,work_unit_wall_sum_inline,5,box_contact_islands_10k,2,substeps=4; sleep=disabled; ccd=disabled; worker_count=4; islands=50,windows_clang_cl_release,5,4,,,4,yes,,,,,,,,,,,300,7894.205000000,,,,,results/box-contact-islands-10k/intel-core-i7-13700k/2026-10-05_0800_ddr5-4800_threads-1-2-3-4-5-6-8-10-12-14-16-24_r5/raw/box3d/t5/box3d_t5_raw.csv
2026-10-05_0800_ddr5-4800_threads-1-2-3-4-5-6-8-10-12-14-16-24_r5,box3d,9e5a4cde862fba95ff19f096b79567f3ea6c01fd,windows,windows_clang_cl_release,box_contact_islands_10k,headless_api,5,step,300,30,3,10050,10050,0,0,median_ms_per_step,27.759443333,ms,lower_is_better,27.759443333,36.023777134,0,ok,ok,engine_runner_cli,work_unit_wall_sum_inline,5,box_contact_islands_10k,2,substeps=4; sleep=disabled; ccd=disabled; worker_count=4; islands=50,windows_clang_cl_release,5,4,,,4,yes,,,,,,,,,,,300,8327.833000000,,,,,results/box-contact-islands-10k/intel-core-i7-13700k/2026-10-05_0800_ddr5-4800_threads-1-2-3-4-5-6-8-10-12-14-16-24_r5/raw/box3d/t5/box3d_t5_raw.csv
2026-10-05_0800_ddr5-4800_threads-1-2-3-4-5-6-8-10-12-14-16-24_r5,box3d,9e5a4cde862fba95ff19f096b79567f3ea6c01fd,windows,windows_clang_cl_release,box_contact_islands_10k,headless_api,5,step,300,30,4,10050,10050,0,0,median_ms_per_step,26.756299333,ms,lower_is_better,26.756299333,37.374376312,0,ok,ok,engine_runner_cli,work_unit_wall_sum_inline,5,box_contact_islands_10k,2,substeps=4; sleep=disabled; ccd=disabled; worker_count=4; islands=50,windows_clang_cl_release,5,4,,,4,yes,,,,,,,,,,,300,8026.889800000,,,,,results/box-contact-islands-10k/intel-core-i7-13700k/2026-10-05_0800_ddr5-4800_threads-1-2-3-4-5-6-8-10-12-14-16-24_r5/raw/box3d/t5/box3d_t5_raw.csv
2026-10-05_0800_ddr5-4800_threads-1-2-3-4-5-6-8-10-12-14-16-24_r5,box3d,9e5a4cde862fba95ff19f096b79567f3ea6c01fd,windows,windows_clang_cl_release,box_contact_islands_10k,headless_api,6,step,300,30,0,10050,10050,0,0,median_ms_per_step,25.390825333,ms,lower_is_better,25.390825333,39.384304640,0,ok,ok,engine_runner_cli,work_unit_wall_sum_inline,6,box_contact_islands_10k,2,substeps=4; sleep=disabled; ccd=disabled; worker_count=5; islands=50,windows_clang_cl_release,6,5,,,5,yes,,,,,,,,,,,300,7617.247600000,,,,,results/box-contact-islands-10k/intel-core-i7-13700k/2026-10-05_0800_ddr5-4800_threads-1-2-3-4-5-6-8-10-12-14-16-24_r5/raw/box3d/t6/box3d_t6_raw.csv
2026-10-05_0800_ddr5-4800_threads-1-2-3-4-5-6-8-10-12-14-16-24_r5,box3d,9e5a4cde862fba95ff19f096b79567f3ea6c01fd,windows,windows_clang_cl_release,box_contact_islands_10k,headless_api,6,step,300,30,1,10050,10050,0,0,median_ms_per_step,24.792706667,ms,lower_is_better,24.792706667,40.334442441,0,ok,ok,engine_runner_cli,work_unit_wall_sum_inline,6,box_contact_islands_10k,2,substeps=4; sleep=disabled; ccd=disabled; worker_count=5; islands=50,windows_clang_cl_release,6,5,,,5,yes,,,,,,,,,,,300,7437.812000000,,,,,results/box-contact-islands-10k/intel-core-i7-13700k/2026-10-05_0800_ddr5-4800_threads-1-2-3-4-5-6-8-10-12-14-16-24_r5/raw/box3d/t6/box3d_t6_raw.csv
2026-10-05_0800_ddr5-4800_threads-1-2-3-4-5-6-8-10-12-14-16-24_r5,box3d,9e5a4cde862fba95ff19f096b79567f3ea6c01fd,windows,windows_clang_cl_release,box_contact_islands_10k,headless_api,6,step,300,30,2,10050,10050,0,0,median_ms_per_step,25.321286000,ms,lower_is_better,25.321286000,39.492464956,0,ok,ok,engine_runner_cli,work_unit_wall_sum_inline,6,box_contact_islands_10k,2,substeps=4; sleep=disabled; ccd=disabled; worker_count=5; islands=50,windows_clang_cl_release,6,5,,,5,yes,,,,,,,,,,,300,7596.385800000,,,,,results/box-contact-islands-10k/intel-core-i7-13700k/2026-10-05_0800_ddr5-4800_threads-1-2-3-4-5-6-8-10-12-14-16-24_r5/raw/box3d/t6/box3d_t6_raw.csv
2026-10-05_0800_ddr5-4800_threads-1-2-3-4-5-6-8-10-12-14-16-24_r5,box3d,9e5a4cde862fba95ff19f096b79567f3ea6c01fd,windows,windows_clang_cl_release,box_contact_islands_10k,headless_api,6,step,300,30,3,10050,10050,0,0,median_ms_per_step,24.403036000,ms,lower_is_better,24.403036000,40.978507756,0,ok,ok,engine_runner_cli,work_unit_wall_sum_inline,6,box_contact_islands_10k,2,substeps=4; sleep=disabled; ccd=disabled; worker_count=5; islands=50,windows_clang_cl_release,6,5,,,5,yes,,,,,,,,,,,300,7320.910800000,,,,,results/box-contact-islands-10k/intel-core-i7-13700k/2026-10-05_0800_ddr5-4800_threads-1-2-3-4-5-6-8-10-12-14-16-24_r5/raw/box3d/t6/box3d_t6_raw.csv
2026-10-05_0800_ddr5-4800_threads-1-2-3-4-5-6-8-10-12-14-16-24_r5,box3d,9e5a4cde862fba95ff19f096b79567f3ea6c01fd,windows,windows_clang_cl_release,box_contact_islands_10k,headless_api,6,step,300,30,4,10050,10050,0,0,median_ms_per_step,24.563337000,ms,lower_is_better,24.563337000,40.711080909,0,ok,ok,engine_runner_cli,work_unit_wall_sum_inline,6,box_contact_islands_10k,2,substeps=4; sleep=disabled; ccd=disabled; worker_count=5; islands=50,windows_clang_cl_release,6,5,,,5,yes,,,,,,,,,,,300,7369.001100000,,,,,results/box-contact-islands-10k/intel-core-i7-13700k/2026-10-05_0800_ddr5-4800_threads-1-2-3-4-5-6-8-10-12-14-16-24_r5/raw/box3d/t6/box3d_t6_raw.csv
2026-10-05_0800_ddr5-4800_threads-1-2-3-4-5-6-8-10-12-14-16-24_r5,box3d,9e5a4cde862fba95ff19f096b79567f3ea6c01fd,windows,windows_clang_cl_release,box_contact_islands_10k,headless_api,8,step,300,30,0,10050,10050,0,0,median_ms_per_step,21.575750000,ms,lower_is_better,21.575750000,46.348330881,0,ok,ok,engine_runner_cli,work_unit_wall_sum_inline,8,box_contact_islands_10k,2,substeps=4; sleep=disabled; ccd=disabled; worker_count=7; islands=50,windows_clang_cl_release,8,7,,,7,yes,,,,,,,,,,,300,6472.725000000,,,,,results/box-contact-islands-10k/intel-core-i7-13700k/2026-10-05_0800_ddr5-4800_threads-1-2-3-4-5-6-8-10-12-14-16-24_r5/raw/box3d/t8/box3d_t8_raw.csv
2026-10-05_0800_ddr5-4800_threads-1-2-3-4-5-6-8-10-12-14-16-24_r5,box3d,9e5a4cde862fba95ff19f096b79567f3ea6c01fd,windows,windows_clang_cl_release,box_contact_islands_10k,headless_api,8,step,300,30,1,10050,10050,0,0,median_ms_per_step,21.387050667,ms,lower_is_better,21.387050667,46.757265206,0,ok,ok,engine_runner_cli,work_unit_wall_sum_inline,8,box_contact_islands_10k,2,substeps=4; sleep=disabled; ccd=disabled; worker_count=7; islands=50,windows_clang_cl_release,8,7,,,7,yes,,,,,,,,,,,300,6416.115200000,,,,,results/box-contact-islands-10k/intel-core-i7-13700k/2026-10-05_0800_ddr5-4800_threads-1-2-3-4-5-6-8-10-12-14-16-24_r5/raw/box3d/t8/box3d_t8_raw.csv
2026-10-05_0800_ddr5-4800_threads-1-2-3-4-5-6-8-10-12-14-16-24_r5,box3d,9e5a4cde862fba95ff19f096b79567f3ea6c01fd,windows,windows_clang_cl_release,box_contact_islands_10k,headless_api,8,step,300,30,2,10050,10050,0,0,median_ms_per_step,21.525535000,ms,lower_is_better,21.525535000,46.456452766,0,ok,ok,engine_runner_cli,work_unit_wall_sum_inline,8,box_contact_islands_10k,2,substeps=4; sleep=disabled; ccd=disabled; worker_count=7; islands=50,windows_clang_cl_release,8,7,,,7,yes,,,,,,,,,,,300,6457.660500000,,,,,results/box-contact-islands-10k/intel-core-i7-13700k/2026-10-05_0800_ddr5-4800_threads-1-2-3-4-5-6-8-10-12-14-16-24_r5/raw/box3d/t8/box3d_t8_raw.csv
2026-10-05_0800_ddr5-4800_threads-1-2-3-4-5-6-8-10-12-14-16-24_r5,box3d,9e5a4cde862fba95ff19f096b79567f3ea6c01fd,windows,windows_clang_cl_release,box_contact_islands_10k,headless_api,8,step,300,30,3,10050,10050,0,0,median_ms_per_step,21.817594667,ms,lower_is_better,21.817594667,45.834566792,0,ok,ok,engine_runner_cli,work_unit_wall_sum_inline,8,box_contact_islands_10k,2,substeps=4; sleep=disabled; ccd=disabled; worker_count=7; islands=50,windows_clang_cl_release,8,7,,,7,yes,,,,,,,,,,,300,6545.278400000,,,,,results/box-contact-islands-10k/intel-core-i7-13700k/2026-10-05_0800_ddr5-4800_threads-1-2-3-4-5-6-8-10-12-14-16-24_r5/raw/box3d/t8/box3d_t8_raw.csv
2026-10-05_0800_ddr5-4800_threads-1-2-3-4-5-6-8-10-12-14-16-24_r5,box3d,9e5a4cde862fba95ff19f096b79567f3ea6c01fd,windows,windows_clang_cl_release,box_contact_islands_10k,headless_api,8,step,300,30,4,10050,10050,0,0,median_ms_per_step,21.766235333,ms,lower_is_better,21.766235333,45.942717456,0,ok,ok,engine_runner_cli,work_unit_wall_sum_inline,8,box_contact_islands_10k,2,substeps=4; sleep=disabled; ccd=disabled; worker_count=7; islands=50,windows_clang_cl_release,8,7,,,7,yes,,,,,,,,,,,300,6529.870600000,,,,,results/box-contact-islands-10k/intel-core-i7-13700k/2026-10-05_0800_ddr5-4800_threads-1-2-3-4-5-6-8-10-12-14-16-24_r5/raw/box3d/t8/box3d_t8_raw.csv
2026-10-05_0800_ddr5-4800_threads-1-2-3-4-5-6-8-10-12-14-16-24_r5,box3d,9e5a4cde862fba95ff19f096b79567f3ea6c01fd,windows,windows_clang_cl_release,box_contact_islands_10k,headless_api,10,step,300,30,0,10050,10050,0,0,median_ms_per_step,21.432560000,ms,lower_is_better,21.432560000,46.657982061,0,ok,ok,engine_runner_cli,work_unit_wall_sum_inline,10,box_contact_islands_10k,2,substeps=4; sleep=disabled; ccd=disabled; worker_count=9; islands=50,windows_clang_cl_release,10,9,,,9,yes,,,,,,,,,,,300,6429.768000000,,,,,results/box-contact-islands-10k/intel-core-i7-13700k/2026-10-05_0800_ddr5-4800_threads-1-2-3-4-5-6-8-10-12-14-16-24_r5/raw/box3d/t10/box3d_t10_raw.csv
2026-10-05_0800_ddr5-4800_threads-1-2-3-4-5-6-8-10-12-14-16-24_r5,box3d,9e5a4cde862fba95ff19f096b79567f3ea6c01fd,windows,windows_clang_cl_release,box_contact_islands_10k,headless_api,10,step,300,30,1,10050,10050,0,0,median_ms_per_step,20.930918333,ms,lower_is_better,20.930918333,47.776212399,0,ok,ok,engine_runner_cli,work_unit_wall_sum_inline,10,box_contact_islands_10k,2,substeps=4; sleep=disabled; ccd=disabled; worker_count=9; islands=50,windows_clang_cl_release,10,9,,,9,yes,,,,,,,,,,,300,6279.275500000,,,,,results/box-contact-islands-10k/intel-core-i7-13700k/2026-10-05_0800_ddr5-4800_threads-1-2-3-4-5-6-8-10-12-14-16-24_r5/raw/box3d/t10/box3d_t10_raw.csv
2026-10-05_0800_ddr5-4800_threads-1-2-3-4-5-6-8-10-12-14-16-24_r5,box3d,9e5a4cde862fba95ff19f096b79567f3ea6c01fd,windows,windows_clang_cl_release,box_contact_islands_10k,headless_api,10,step,300,30,2,10050,10050,0,0,median_ms_per_step,21.645734667,ms,lower_is_better,21.645734667,46.198478148,0,ok,ok,engine_runner_cli,work_unit_wall_sum_inline,10,box_contact_islands_10k,2,substeps=4; sleep=disabled; ccd=disabled; worker_count=9; islands=50,windows_clang_cl_release,10,9,,,9,yes,,,,,,,,,,,300,6493.720400000,,,,,results/box-contact-islands-10k/intel-core-i7-13700k/2026-10-05_0800_ddr5-4800_threads-1-2-3-4-5-6-8-10-12-14-16-24_r5/raw/box3d/t10/box3d_t10_raw.csv
2026-10-05_0800_ddr5-4800_threads-1-2-3-4-5-6-8-10-12-14-16-24_r5,box3d,9e5a4cde862fba95ff19f096b79567f3ea6c01fd,windows,windows_clang_cl_release,box_contact_islands_10k,headless_api,10,step,300,30,3,10050,10050,0,0,median_ms_per_step,20.932731000,ms,lower_is_better,20.932731000,47.772075225,0,ok,ok,engine_runner_cli,work_unit_wall_sum_inline,10,box_contact_islands_10k,2,substeps=4; sleep=disabled; ccd=disabled; worker_count=9; islands=50,windows_clang_cl_release,10,9,,,9,yes,,,,,,,,,,,300,6279.819300000,,,,,results/box-contact-islands-10k/intel-core-i7-13700k/2026-10-05_0800_ddr5-4800_threads-1-2-3-4-5-6-8-10-12-14-16-24_r5/raw/box3d/t10/box3d_t10_raw.csv
2026-10-05_0800_ddr5-4800_threads-1-2-3-4-5-6-8-10-12-14-16-24_r5,box3d,9e5a4cde862fba95ff19f096b79567f3ea6c01fd,windows,windows_clang_cl_release,box_contact_islands_10k,headless_api,10,step,300,30,4,10050,10050,0,0,median_ms_per_step,21.170481333,ms,lower_is_better,21.170481333,47.235581669,0,ok,ok,engine_runner_cli,work_unit_wall_sum_inline,10,box_contact_islands_10k,2,substeps=4; sleep=disabled; ccd=disabled; worker_count=9; islands=50,windows_clang_cl_release,10,9,,,9,yes,,,,,,,,,,,300,6351.144400000,,,,,results/box-contact-islands-10k/intel-core-i7-13700k/2026-10-05_0800_ddr5-4800_threads-1-2-3-4-5-6-8-10-12-14-16-24_r5/raw/box3d/t10/box3d_t10_raw.csv
2026-10-05_0800_ddr5-4800_threads-1-2-3-4-5-6-8-10-12-14-16-24_r5,box3d,9e5a4cde862fba95ff19f096b79567f3ea6c01fd,windows,windows_clang_cl_release,box_contact_islands_10k,headless_api,12,step,300,30,0,10050,10050,0,0,median_ms_per_step,20.345137000,ms,lower_is_better,20.345137000,49.151794849,0,ok,ok,engine_runner_cli,work_unit_wall_sum_inline,12,box_contact_islands_10k,2,substeps=4; sleep=disabled; ccd=disabled; worker_count=11; islands=50,windows_clang_cl_release,12,11,,,11,yes,,,,,,,,,,,300,6103.541100000,,,,,results/box-contact-islands-10k/intel-core-i7-13700k/2026-10-05_0800_ddr5-4800_threads-1-2-3-4-5-6-8-10-12-14-16-24_r5/raw/box3d/t12/box3d_t12_raw.csv
2026-10-05_0800_ddr5-4800_threads-1-2-3-4-5-6-8-10-12-14-16-24_r5,box3d,9e5a4cde862fba95ff19f096b79567f3ea6c01fd,windows,windows_clang_cl_release,box_contact_islands_10k,headless_api,12,step,300,30,1,10050,10050,0,0,median_ms_per_step,20.343229333,ms,lower_is_better,20.343229333,49.156404011,0,ok,ok,engine_runner_cli,work_unit_wall_sum_inline,12,box_contact_islands_10k,2,substeps=4; sleep=disabled; ccd=disabled; worker_count=11; islands=50,windows_clang_cl_release,12,11,,,11,yes,,,,,,,,,,,300,6102.968800000,,,,,results/box-contact-islands-10k/intel-core-i7-13700k/2026-10-05_0800_ddr5-4800_threads-1-2-3-4-5-6-8-10-12-14-16-24_r5/raw/box3d/t12/box3d_t12_raw.csv
2026-10-05_0800_ddr5-4800_threads-1-2-3-4-5-6-8-10-12-14-16-24_r5,box3d,9e5a4cde862fba95ff19f096b79567f3ea6c01fd,windows,windows_clang_cl_release,box_contact_islands_10k,headless_api,12,step,300,30,2,10050,10050,0,0,median_ms_per_step,20.476284333,ms,lower_is_better,20.476284333,48.836985447,0,ok,ok,engine_runner_cli,work_unit_wall_sum_inline,12,box_contact_islands_10k,2,substeps=4; sleep=disabled; ccd=disabled; worker_count=11; islands=50,windows_clang_cl_release,12,11,,,11,yes,,,,,,,,,,,300,6142.885300000,,,,,results/box-contact-islands-10k/intel-core-i7-13700k/2026-10-05_0800_ddr5-4800_threads-1-2-3-4-5-6-8-10-12-14-16-24_r5/raw/box3d/t12/box3d_t12_raw.csv
2026-10-05_0800_ddr5-4800_threads-1-2-3-4-5-6-8-10-12-14-16-24_r5,box3d,9e5a4cde862fba95ff19f096b79567f3ea6c01fd,windows,windows_clang_cl_release,box_contact_islands_10k,headless_api,12,step,300,30,3,10050,10050,0,0,median_ms_per_step,20.263244000,ms,lower_is_better,20.263244000,49.350439643,0,ok,ok,engine_runner_cli,work_unit_wall_sum_inline,12,box_contact_islands_10k,2,substeps=4; sleep=disabled; ccd=disabled; worker_count=11; islands=50,windows_clang_cl_release,12,11,,,11,yes,,,,,,,,,,,300,6078.973200000,,,,,results/box-contact-islands-10k/intel-core-i7-13700k/2026-10-05_0800_ddr5-4800_threads-1-2-3-4-5-6-8-10-12-14-16-24_r5/raw/box3d/t12/box3d_t12_raw.csv
2026-10-05_0800_ddr5-4800_threads-1-2-3-4-5-6-8-10-12-14-16-24_r5,box3d,9e5a4cde862fba95ff19f096b79567f3ea6c01fd,windows,windows_clang_cl_release,box_contact_islands_10k,headless_api,12,step,300,30,4,10050,10050,0,0,median_ms_per_step,20.462012000,ms,lower_is_better,20.462012000,48.871049435,0,ok,ok,engine_runner_cli,work_unit_wall_sum_inline,12,box_contact_islands_10k,2,substeps=4; sleep=disabled; ccd=disabled; worker_count=11; islands=50,windows_clang_cl_release,12,11,,,11,yes,,,,,,,,,,,300,6138.603600000,,,,,results/box-contact-islands-10k/intel-core-i7-13700k/2026-10-05_0800_ddr5-4800_threads-1-2-3-4-5-6-8-10-12-14-16-24_r5/raw/box3d/t12/box3d_t12_raw.csv
2026-10-05_0800_ddr5-4800_threads-1-2-3-4-5-6-8-10-12-14-16-24_r5,box3d,9e5a4cde862fba95ff19f096b79567f3ea6c01fd,windows,windows_clang_cl_release,box_contact_islands_10k,headless_api,14,step,300,30,0,10050,10050,0,0,median_ms_per_step,20.285637667,ms,lower_is_better,20.285637667,49.295960838,0,ok,ok,engine_runner_cli,work_unit_wall_sum_inline,14,box_contact_islands_10k,2,substeps=4; sleep=disabled; ccd=disabled; worker_count=13; islands=50,windows_clang_cl_release,14,13,,,13,yes,,,,,,,,,,,300,6085.691300000,,,,,results/box-contact-islands-10k/intel-core-i7-13700k/2026-10-05_0800_ddr5-4800_threads-1-2-3-4-5-6-8-10-12-14-16-24_r5/raw/box3d/t14/box3d_t14_raw.csv
2026-10-05_0800_ddr5-4800_threads-1-2-3-4-5-6-8-10-12-14-16-24_r5,box3d,9e5a4cde862fba95ff19f096b79567f3ea6c01fd,windows,windows_clang_cl_release,box_contact_islands_10k,headless_api,14,step,300,30,1,10050,10050,0,0,median_ms_per_step,20.164210000,ms,lower_is_better,20.164210000,49.592818166,0,ok,ok,engine_runner_cli,work_unit_wall_sum_inline,14,box_contact_islands_10k,2,substeps=4; sleep=disabled; ccd=disabled; worker_count=13; islands=50,windows_clang_cl_release,14,13,,,13,yes,,,,,,,,,,,300,6049.263000000,,,,,results/box-contact-islands-10k/intel-core-i7-13700k/2026-10-05_0800_ddr5-4800_threads-1-2-3-4-5-6-8-10-12-14-16-24_r5/raw/box3d/t14/box3d_t14_raw.csv
2026-10-05_0800_ddr5-4800_threads-1-2-3-4-5-6-8-10-12-14-16-24_r5,box3d,9e5a4cde862fba95ff19f096b79567f3ea6c01fd,windows,windows_clang_cl_release,box_contact_islands_10k,headless_api,14,step,300,30,2,10050,10050,0,0,median_ms_per_step,20.412370333,ms,lower_is_better,20.412370333,48.989900912,0,ok,ok,engine_runner_cli,work_unit_wall_sum_inline,14,box_contact_islands_10k,2,substeps=4; sleep=disabled; ccd=disabled; worker_count=13; islands=50,windows_clang_cl_release,14,13,,,13,yes,,,,,,,,,,,300,6123.711100000,,,,,results/box-contact-islands-10k/intel-core-i7-13700k/2026-10-05_0800_ddr5-4800_threads-1-2-3-4-5-6-8-10-12-14-16-24_r5/raw/box3d/t14/box3d_t14_raw.csv
2026-10-05_0800_ddr5-4800_threads-1-2-3-4-5-6-8-10-12-14-16-24_r5,box3d,9e5a4cde862fba95ff19f096b79567f3ea6c01fd,windows,windows_clang_cl_release,box_contact_islands_10k,headless_api,14,step,300,30,3,10050,10050,0,0,median_ms_per_step,20.407545333,ms,lower_is_better,20.407545333,49.001483700,0,ok,ok,engine_runner_cli,work_unit_wall_sum_inline,14,box_contact_islands_10k,2,substeps=4; sleep=disabled; ccd=disabled; worker_count=13; islands=50,windows_clang_cl_release,14,13,,,13,yes,,,,,,,,,,,300,6122.263600000,,,,,results/box-contact-islands-10k/intel-core-i7-13700k/2026-10-05_0800_ddr5-4800_threads-1-2-3-4-5-6-8-10-12-14-16-24_r5/raw/box3d/t14/box3d_t14_raw.csv
2026-10-05_0800_ddr5-4800_threads-1-2-3-4-5-6-8-10-12-14-16-24_r5,box3d,9e5a4cde862fba95ff19f096b79567f3ea6c01fd,windows,windows_clang_cl_release,box_contact_islands_10k,headless_api,14,step,300,30,4,10050,10050,0,0,median_ms_per_step,20.264211000,ms,lower_is_better,20.264211000,49.348084660,0,ok,ok,engine_runner_cli,work_unit_wall_sum_inline,14,box_contact_islands_10k,2,substeps=4; sleep=disabled; ccd=disabled; worker_count=13; islands=50,windows_clang_cl_release,14,13,,,13,yes,,,,,,,,,,,300,6079.263300000,,,,,results/box-contact-islands-10k/intel-core-i7-13700k/2026-10-05_0800_ddr5-4800_threads-1-2-3-4-5-6-8-10-12-14-16-24_r5/raw/box3d/t14/box3d_t14_raw.csv
2026-10-05_0800_ddr5-4800_threads-1-2-3-4-5-6-8-10-12-14-16-24_r5,box3d,9e5a4cde862fba95ff19f096b79567f3ea6c01fd,windows,windows_clang_cl_release,box_contact_islands_10k,headless_api,16,step,300,30,0,10050,10050,0,0,median_ms_per_step,20.356951000,ms,lower_is_better,20.356951000,49.123269983,0,ok,ok,engine_runner_cli,work_unit_wall_sum_inline,16,box_contact_islands_10k,2,substeps=4; sleep=disabled; ccd=disabled; worker_count=15; islands=50,windows_clang_cl_release,16,15,,,15,yes,,,,,,,,,,,300,6107.085300000,,,,,results/box-contact-islands-10k/intel-core-i7-13700k/2026-10-05_0800_ddr5-4800_threads-1-2-3-4-5-6-8-10-12-14-16-24_r5/raw/box3d/t16/box3d_t16_raw.csv
2026-10-05_0800_ddr5-4800_threads-1-2-3-4-5-6-8-10-12-14-16-24_r5,box3d,9e5a4cde862fba95ff19f096b79567f3ea6c01fd,windows,windows_clang_cl_release,box_contact_islands_10k,headless_api,16,step,300,30,1,10050,10050,0,0,median_ms_per_step,20.744334333,ms,lower_is_better,20.744334333,48.205933434,0,ok,ok,engine_runner_cli,work_unit_wall_sum_inline,16,box_contact_islands_10k,2,substeps=4; sleep=disabled; ccd=disabled; worker_count=15; islands=50,windows_clang_cl_release,16,15,,,15,yes,,,,,,,,,,,300,6223.300300000,,,,,results/box-contact-islands-10k/intel-core-i7-13700k/2026-10-05_0800_ddr5-4800_threads-1-2-3-4-5-6-8-10-12-14-16-24_r5/raw/box3d/t16/box3d_t16_raw.csv
2026-10-05_0800_ddr5-4800_threads-1-2-3-4-5-6-8-10-12-14-16-24_r5,box3d,9e5a4cde862fba95ff19f096b79567f3ea6c01fd,windows,windows_clang_cl_release,box_contact_islands_10k,headless_api,16,step,300,30,2,10050,10050,0,0,median_ms_per_step,20.666968000,ms,lower_is_better,20.666968000,48.386391269,0,ok,ok,engine_runner_cli,work_unit_wall_sum_inline,16,box_contact_islands_10k,2,substeps=4; sleep=disabled; ccd=disabled; worker_count=15; islands=50,windows_clang_cl_release,16,15,,,15,yes,,,,,,,,,,,300,6200.090400000,,,,,results/box-contact-islands-10k/intel-core-i7-13700k/2026-10-05_0800_ddr5-4800_threads-1-2-3-4-5-6-8-10-12-14-16-24_r5/raw/box3d/t16/box3d_t16_raw.csv
2026-10-05_0800_ddr5-4800_threads-1-2-3-4-5-6-8-10-12-14-16-24_r5,box3d,9e5a4cde862fba95ff19f096b79567f3ea6c01fd,windows,windows_clang_cl_release,box_contact_islands_10k,headless_api,16,step,300,30,3,10050,10050,0,0,median_ms_per_step,20.504009000,ms,lower_is_better,20.504009000,48.770950110,0,ok,ok,engine_runner_cli,work_unit_wall_sum_inline,16,box_contact_islands_10k,2,substeps=4; sleep=disabled; ccd=disabled; worker_count=15; islands=50,windows_clang_cl_release,16,15,,,15,yes,,,,,,,,,,,300,6151.202700000,,,,,results/box-contact-islands-10k/intel-core-i7-13700k/2026-10-05_0800_ddr5-4800_threads-1-2-3-4-5-6-8-10-12-14-16-24_r5/raw/box3d/t16/box3d_t16_raw.csv
2026-10-05_0800_ddr5-4800_threads-1-2-3-4-5-6-8-10-12-14-16-24_r5,box3d,9e5a4cde862fba95ff19f096b79567f3ea6c01fd,windows,windows_clang_cl_release,box_contact_islands_10k,headless_api,16,step,300,30,4,10050,10050,0,0,median_ms_per_step,20.326296000,ms,lower_is_better,20.326296000,49.197354993,0,ok,ok,engine_runner_cli,work_unit_wall_sum_inline,16,box_contact_islands_10k,2,substeps=4; sleep=disabled; ccd=disabled; worker_count=15; islands=50,windows_clang_cl_release,16,15,,,15,yes,,,,,,,,,,,300,6097.888800000,,,,,results/box-contact-islands-10k/intel-core-i7-13700k/2026-10-05_0800_ddr5-4800_threads-1-2-3-4-5-6-8-10-12-14-16-24_r5/raw/box3d/t16/box3d_t16_raw.csv
2026-10-05_0800_ddr5-4800_threads-1-2-3-4-5-6-8-10-12-14-16-24_r5,box3d,9e5a4cde862fba95ff19f096b79567f3ea6c01fd,windows,windows_clang_cl_release,box_contact_islands_10k,headless_api,24,step,300,30,0,10050,10050,0,0,median_ms_per_step,21.097206333,ms,lower_is_better,21.097206333,47.399640701,0,ok,ok,engine_runner_cli,work_unit_wall_sum_inline,24,box_contact_islands_10k,2,substeps=4; sleep=disabled; ccd=disabled; worker_count=23; islands=50,windows_clang_cl_release,24,23,,,23,yes,,,,,,,,,,,300,6329.161900000,,,,,results/box-contact-islands-10k/intel-core-i7-13700k/2026-10-05_0800_ddr5-4800_threads-1-2-3-4-5-6-8-10-12-14-16-24_r5/raw/box3d/t24/box3d_t24_raw.csv
2026-10-05_0800_ddr5-4800_threads-1-2-3-4-5-6-8-10-12-14-16-24_r5,box3d,9e5a4cde862fba95ff19f096b79567f3ea6c01fd,windows,windows_clang_cl_release,box_contact_islands_10k,headless_api,24,step,300,30,1,10050,10050,0,0,median_ms_per_step,20.918824333,ms,lower_is_better,20.918824333,47.803833718,0,ok,ok,engine_runner_cli,work_unit_wall_sum_inline,24,box_contact_islands_10k,2,substeps=4; sleep=disabled; ccd=disabled; worker_count=23; islands=50,windows_clang_cl_release,24,23,,,23,yes,,,,,,,,,,,300,6275.647300000,,,,,results/box-contact-islands-10k/intel-core-i7-13700k/2026-10-05_0800_ddr5-4800_threads-1-2-3-4-5-6-8-10-12-14-16-24_r5/raw/box3d/t24/box3d_t24_raw.csv
2026-10-05_0800_ddr5-4800_threads-1-2-3-4-5-6-8-10-12-14-16-24_r5,box3d,9e5a4cde862fba95ff19f096b79567f3ea6c01fd,windows,windows_clang_cl_release,box_contact_islands_10k,headless_api,24,step,300,30,2,10050,10050,0,0,median_ms_per_step,21.105334000,ms,lower_is_better,21.105334000,47.381387094,0,ok,ok,engine_runner_cli,work_unit_wall_sum_inline,24,box_contact_islands_10k,2,substeps=4; sleep=disabled; ccd=disabled; worker_count=23; islands=50,windows_clang_cl_release,24,23,,,23,yes,,,,,,,,,,,300,6331.600200000,,,,,results/box-contact-islands-10k/intel-core-i7-13700k/2026-10-05_0800_ddr5-4800_threads-1-2-3-4-5-6-8-10-12-14-16-24_r5/raw/box3d/t24/box3d_t24_raw.csv
2026-10-05_0800_ddr5-4800_threads-1-2-3-4-5-6-8-10-12-14-16-24_r5,box3d,9e5a4cde862fba95ff19f096b79567f3ea6c01fd,windows,windows_clang_cl_release,box_contact_islands_10k,headless_api,24,step,300,30,3,10050,10050,0,0,median_ms_per_step,21.051951000,ms,lower_is_better,21.051951000,47.501535606,0,ok,ok,engine_runner_cli,work_unit_wall_sum_inline,24,box_contact_islands_10k,2,substeps=4; sleep=disabled; ccd=disabled; worker_count=23; islands=50,windows_clang_cl_release,24,23,,,23,yes,,,,,,,,,,,300,6315.585300000,,,,,results/box-contact-islands-10k/intel-core-i7-13700k/2026-10-05_0800_ddr5-4800_threads-1-2-3-4-5-6-8-10-12-14-16-24_r5/raw/box3d/t24/box3d_t24_raw.csv
2026-10-05_0800_ddr5-4800_threads-1-2-3-4-5-6-8-10-12-14-16-24_r5,box3d,9e5a4cde862fba95ff19f096b79567f3ea6c01fd,windows,windows_clang_cl_release,box_contact_islands_10k,headless_api,24,step,300,30,4,10050,10050,0,0,median_ms_per_step,21.213077667,ms,lower_is_better,21.213077667,47.140731567,0,ok,ok,engine_runner_cli,work_unit_wall_sum_inline,24,box_contact_islands_10k,2,substeps=4; sleep=disabled; ccd=disabled; worker_count=23; islands=50,windows_clang_cl_release,24,23,,,23,yes,,,,,,,,,,,300,6363.923300000,,,,,results/box-contact-islands-10k/intel-core-i7-13700k/2026-10-05_0800_ddr5-4800_threads-1-2-3-4-5-6-8-10-12-14-16-24_r5/raw/box3d/t24/box3d_t24_raw.csv
2026-10-05_0800_ddr5-4800_threads-1-2-3-4-5-6-8-10-12-14-16-24_r5,entasis,c380d34c57cf83e1cb481d712de4460d16c08774,windows,odin_dev_2026_09_windows_amd64_v3,box_contact_islands_10k,headless_api,1,step,300,30,0,10050,10050,0,0,median_ms_per_step,11.368656000,ms,lower_is_better,11.368656000,87.961145099,0,ok,ok,engine_runner_cli,work_unit_wall_sum_inline,1,box_contact_islands_10k,2,velocity_iterations=1; substeps=4; linear_damping=0; angular_damping=0; sleep=disabled; ccd=discrete; friction=0.5; restitution=0; worker_count=0,odin_dev_2026_09_windows_amd64_v3,1,0,,,0,yes,,,,,,,,,,,300,3410.596800000,,,,,results/box-contact-islands-10k/intel-core-i7-13700k/2026-10-05_0800_ddr5-4800_threads-1-2-3-4-5-6-8-10-12-14-16-24_r5/raw/entasis/t1/entasis_t1_raw.csv
2026-10-05_0800_ddr5-4800_threads-1-2-3-4-5-6-8-10-12-14-16-24_r5,entasis,c380d34c57cf83e1cb481d712de4460d16c08774,windows,odin_dev_2026_09_windows_amd64_v3,box_contact_islands_10k,headless_api,1,step,300,30,1,10050,10050,0,0,median_ms_per_step,11.282214333,ms,lower_is_better,11.282214333,88.635082658,0,ok,ok,engine_runner_cli,work_unit_wall_sum_inline,1,box_contact_islands_10k,2,velocity_iterations=1; substeps=4; linear_damping=0; angular_damping=0; sleep=disabled; ccd=discrete; friction=0.5; restitution=0; worker_count=0,odin_dev_2026_09_windows_amd64_v3,1,0,,,0,yes,,,,,,,,,,,300,3384.664300000,,,,,results/box-contact-islands-10k/intel-core-i7-13700k/2026-10-05_0800_ddr5-4800_threads-1-2-3-4-5-6-8-10-12-14-16-24_r5/raw/entasis/t1/entasis_t1_raw.csv
2026-10-05_0800_ddr5-4800_threads-1-2-3-4-5-6-8-10-12-14-16-24_r5,entasis,c380d34c57cf83e1cb481d712de4460d16c08774,windows,odin_dev_2026_09_windows_amd64_v3,box_contact_islands_10k,headless_api,1,step,300,30,2,10050,10050,0,0,median_ms_per_step,11.362200333,ms,lower_is_better,11.362200333,88.011122024,0,ok,ok,engine_runner_cli,work_unit_wall_sum_inline,1,box_contact_islands_10k,2,velocity_iterations=1; substeps=4; linear_damping=0; angular_damping=0; sleep=disabled; ccd=discrete; friction=0.5; restitution=0; worker_count=0,odin_dev_2026_09_windows_amd64_v3,1,0,,,0,yes,,,,,,,,,,,300,3408.660100000,,,,,results/box-contact-islands-10k/intel-core-i7-13700k/2026-10-05_0800_ddr5-4800_threads-1-2-3-4-5-6-8-10-12-14-16-24_r5/raw/entasis/t1/entasis_t1_raw.csv
2026-10-05_0800_ddr5-4800_threads-1-2-3-4-5-6-8-10-12-14-16-24_r5,entasis,c380d34c57cf83e1cb481d712de4460d16c08774,windows,odin_dev_2026_09_windows_amd64_v3,box_contact_islands_10k,headless_api,1,step,300,30,3,10050,10050,0,0,median_ms_per_step,11.376269000,ms,lower_is_better,11.376269000,87.902281495,0,ok,ok,engine_runner_cli,work_unit_wall_sum_inline,1,box_contact_islands_10k,2,velocity_iterations=1; substeps=4; linear_damping=0; angular_damping=0; sleep=disabled; ccd=discrete; friction=0.5; restitution=0; worker_count=0,odin_dev_2026_09_windows_amd64_v3,1,0,,,0,yes,,,,,,,,,,,300,3412.880700000,,,,,results/box-contact-islands-10k/intel-core-i7-13700k/2026-10-05_0800_ddr5-4800_threads-1-2-3-4-5-6-8-10-12-14-16-24_r5/raw/entasis/t1/entasis_t1_raw.csv
2026-10-05_0800_ddr5-4800_threads-1-2-3-4-5-6-8-10-12-14-16-24_r5,entasis,c380d34c57cf83e1cb481d712de4460d16c08774,windows,odin_dev_2026_09_windows_amd64_v3,box_contact_islands_10k,headless_api,1,step,300,30,4,10050,10050,0,0,median_ms_per_step,11.298877667,ms,lower_is_better,11.298877667,88.504365611,0,ok,ok,engine_runner_cli,work_unit_wall_sum_inline,1,box_contact_islands_10k,2,velocity_iterations=1; substeps=4; linear_damping=0; angular_damping=0; sleep=disabled; ccd=discrete; friction=0.5; restitution=0; worker_count=0,odin_dev_2026_09_windows_amd64_v3,1,0,,,0,yes,,,,,,,,,,,300,3389.663300000,,,,,results/box-contact-islands-10k/intel-core-i7-13700k/2026-10-05_0800_ddr5-4800_threads-1-2-3-4-5-6-8-10-12-14-16-24_r5/raw/entasis/t1/entasis_t1_raw.csv
2026-10-05_0800_ddr5-4800_threads-1-2-3-4-5-6-8-10-12-14-16-24_r5,entasis,c380d34c57cf83e1cb481d712de4460d16c08774,windows,odin_dev_2026_09_windows_amd64_v3,box_contact_islands_10k,headless_api,2,step,300,30,0,10050,10050,0,0,median_ms_per_step,7.538174667,ms,lower_is_better,7.538174667,132.658109452,0,ok,ok,engine_runner_cli,work_unit_wall_sum_inline,2,box_contact_islands_10k,2,velocity_iterations=1; substeps=4; linear_damping=0; angular_damping=0; sleep=disabled; ccd=discrete; friction=0.5; restitution=0; worker_count=1,odin_dev_2026_09_windows_amd64_v3,2,1,,,1,yes,,,,,,,,,,,300,2261.452400000,,,,,results/box-contact-islands-10k/intel-core-i7-13700k/2026-10-05_0800_ddr5-4800_threads-1-2-3-4-5-6-8-10-12-14-16-24_r5/raw/entasis/t2/entasis_t2_raw.csv
2026-10-05_0800_ddr5-4800_threads-1-2-3-4-5-6-8-10-12-14-16-24_r5,entasis,c380d34c57cf83e1cb481d712de4460d16c08774,windows,odin_dev_2026_09_windows_amd64_v3,box_contact_islands_10k,headless_api,2,step,300,30,1,10050,10050,0,0,median_ms_per_step,7.471957333,ms,lower_is_better,7.471957333,133.833740664,0,ok,ok,engine_runner_cli,work_unit_wall_sum_inline,2,box_contact_islands_10k,2,velocity_iterations=1; substeps=4; linear_damping=0; angular_damping=0; sleep=disabled; ccd=discrete; friction=0.5; restitution=0; worker_count=1,odin_dev_2026_09_windows_amd64_v3,2,1,,,1,yes,,,,,,,,,,,300,2241.587200000,,,,,results/box-contact-islands-10k/intel-core-i7-13700k/2026-10-05_0800_ddr5-4800_threads-1-2-3-4-5-6-8-10-12-14-16-24_r5/raw/entasis/t2/entasis_t2_raw.csv
2026-10-05_0800_ddr5-4800_threads-1-2-3-4-5-6-8-10-12-14-16-24_r5,entasis,c380d34c57cf83e1cb481d712de4460d16c08774,windows,odin_dev_2026_09_windows_amd64_v3,box_contact_islands_10k,headless_api,2,step,300,30,2,10050,10050,0,0,median_ms_per_step,7.378754000,ms,lower_is_better,7.378754000,135.524236206,0,ok,ok,engine_runner_cli,work_unit_wall_sum_inline,2,box_contact_islands_10k,2,velocity_iterations=1; substeps=4; linear_damping=0; angular_damping=0; sleep=disabled; ccd=discrete; friction=0.5; restitution=0; worker_count=1,odin_dev_2026_09_windows_amd64_v3,2,1,,,1,yes,,,,,,,,,,,300,2213.626200000,,,,,results/box-contact-islands-10k/intel-core-i7-13700k/2026-10-05_0800_ddr5-4800_threads-1-2-3-4-5-6-8-10-12-14-16-24_r5/raw/entasis/t2/entasis_t2_raw.csv
2026-10-05_0800_ddr5-4800_threads-1-2-3-4-5-6-8-10-12-14-16-24_r5,entasis,c380d34c57cf83e1cb481d712de4460d16c08774,windows,odin_dev_2026_09_windows_amd64_v3,box_contact_islands_10k,headless_api,2,step,300,30,3,10050,10050,0,0,median_ms_per_step,7.685914000,ms,lower_is_better,7.685914000,130.108143287,0,ok,ok,engine_runner_cli,work_unit_wall_sum_inline,2,box_contact_islands_10k,2,velocity_iterations=1; substeps=4; linear_damping=0; angular_damping=0; sleep=disabled; ccd=discrete; friction=0.5; restitution=0; worker_count=1,odin_dev_2026_09_windows_amd64_v3,2,1,,,1,yes,,,,,,,,,,,300,2305.774200000,,,,,results/box-contact-islands-10k/intel-core-i7-13700k/2026-10-05_0800_ddr5-4800_threads-1-2-3-4-5-6-8-10-12-14-16-24_r5/raw/entasis/t2/entasis_t2_raw.csv
2026-10-05_0800_ddr5-4800_threads-1-2-3-4-5-6-8-10-12-14-16-24_r5,entasis,c380d34c57cf83e1cb481d712de4460d16c08774,windows,odin_dev_2026_09_windows_amd64_v3,box_contact_islands_10k,headless_api,2,step,300,30,4,10050,10050,0,0,median_ms_per_step,7.461016333,ms,lower_is_better,7.461016333,134.029997432,0,ok,ok,engine_runner_cli,work_unit_wall_sum_inline,2,box_contact_islands_10k,2,velocity_iterations=1; substeps=4; linear_damping=0; angular_damping=0; sleep=disabled; ccd=discrete; friction=0.5; restitution=0; worker_count=1,odin_dev_2026_09_windows_amd64_v3,2,1,,,1,yes,,,,,,,,,,,300,2238.304900000,,,,,results/box-contact-islands-10k/intel-core-i7-13700k/2026-10-05_0800_ddr5-4800_threads-1-2-3-4-5-6-8-10-12-14-16-24_r5/raw/entasis/t2/entasis_t2_raw.csv
2026-10-05_0800_ddr5-4800_threads-1-2-3-4-5-6-8-10-12-14-16-24_r5,entasis,c380d34c57cf83e1cb481d712de4460d16c08774,windows,odin_dev_2026_09_windows_amd64_v3,box_contact_islands_10k,headless_api,3,step,300,30,0,10050,10050,0,0,median_ms_per_step,5.506702333,ms,lower_is_better,5.506702333,181.596886751,0,ok,ok,engine_runner_cli,work_unit_wall_sum_inline,3,box_contact_islands_10k,2,velocity_iterations=1; substeps=4; linear_damping=0; angular_damping=0; sleep=disabled; ccd=discrete; friction=0.5; restitution=0; worker_count=2,odin_dev_2026_09_windows_amd64_v3,3,2,,,2,yes,,,,,,,,,,,300,1652.010700000,,,,,results/box-contact-islands-10k/intel-core-i7-13700k/2026-10-05_0800_ddr5-4800_threads-1-2-3-4-5-6-8-10-12-14-16-24_r5/raw/entasis/t3/entasis_t3_raw.csv
2026-10-05_0800_ddr5-4800_threads-1-2-3-4-5-6-8-10-12-14-16-24_r5,entasis,c380d34c57cf83e1cb481d712de4460d16c08774,windows,odin_dev_2026_09_windows_amd64_v3,box_contact_islands_10k,headless_api,3,step,300,30,1,10050,10050,0,0,median_ms_per_step,5.727257667,ms,lower_is_better,5.727257667,174.603633746,0,ok,ok,engine_runner_cli,work_unit_wall_sum_inline,3,box_contact_islands_10k,2,velocity_iterations=1; substeps=4; linear_damping=0; angular_damping=0; sleep=disabled; ccd=discrete; friction=0.5; restitution=0; worker_count=2,odin_dev_2026_09_windows_amd64_v3,3,2,,,2,yes,,,,,,,,,,,300,1718.177300000,,,,,results/box-contact-islands-10k/intel-core-i7-13700k/2026-10-05_0800_ddr5-4800_threads-1-2-3-4-5-6-8-10-12-14-16-24_r5/raw/entasis/t3/entasis_t3_raw.csv
2026-10-05_0800_ddr5-4800_threads-1-2-3-4-5-6-8-10-12-14-16-24_r5,entasis,c380d34c57cf83e1cb481d712de4460d16c08774,windows,odin_dev_2026_09_windows_amd64_v3,box_contact_islands_10k,headless_api,3,step,300,30,2,10050,10050,0,0,median_ms_per_step,5.617701667,ms,lower_is_better,5.617701667,178.008740823,0,ok,ok,engine_runner_cli,work_unit_wall_sum_inline,3,box_contact_islands_10k,2,velocity_iterations=1; substeps=4; linear_damping=0; angular_damping=0; sleep=disabled; ccd=discrete; friction=0.5; restitution=0; worker_count=2,odin_dev_2026_09_windows_amd64_v3,3,2,,,2,yes,,,,,,,,,,,300,1685.310500000,,,,,results/box-contact-islands-10k/intel-core-i7-13700k/2026-10-05_0800_ddr5-4800_threads-1-2-3-4-5-6-8-10-12-14-16-24_r5/raw/entasis/t3/entasis_t3_raw.csv
2026-10-05_0800_ddr5-4800_threads-1-2-3-4-5-6-8-10-12-14-16-24_r5,entasis,c380d34c57cf83e1cb481d712de4460d16c08774,windows,odin_dev_2026_09_windows_amd64_v3,box_contact_islands_10k,headless_api,3,step,300,30,3,10050,10050,0,0,median_ms_per_step,5.987328667,ms,lower_is_better,5.987328667,167.019393067,0,ok,ok,engine_runner_cli,work_unit_wall_sum_inline,3,box_contact_islands_10k,2,velocity_iterations=1; substeps=4; linear_damping=0; angular_damping=0; sleep=disabled; ccd=discrete; friction=0.5; restitution=0; worker_count=2,odin_dev_2026_09_windows_amd64_v3,3,2,,,2,yes,,,,,,,,,,,300,1796.198600000,,,,,results/box-contact-islands-10k/intel-core-i7-13700k/2026-10-05_0800_ddr5-4800_threads-1-2-3-4-5-6-8-10-12-14-16-24_r5/raw/entasis/t3/entasis_t3_raw.csv
2026-10-05_0800_ddr5-4800_threads-1-2-3-4-5-6-8-10-12-14-16-24_r5,entasis,c380d34c57cf83e1cb481d712de4460d16c08774,windows,odin_dev_2026_09_windows_amd64_v3,box_contact_islands_10k,headless_api,3,step,300,30,4,10050,10050,0,0,median_ms_per_step,5.797420000,ms,lower_is_better,5.797420000,172.490521646,0,ok,ok,engine_runner_cli,work_unit_wall_sum_inline,3,box_contact_islands_10k,2,velocity_iterations=1; substeps=4; linear_damping=0; angular_damping=0; sleep=disabled; ccd=discrete; friction=0.5; restitution=0; worker_count=2,odin_dev_2026_09_windows_amd64_v3,3,2,,,2,yes,,,,,,,,,,,300,1739.226000000,,,,,results/box-contact-islands-10k/intel-core-i7-13700k/2026-10-05_0800_ddr5-4800_threads-1-2-3-4-5-6-8-10-12-14-16-24_r5/raw/entasis/t3/entasis_t3_raw.csv
2026-10-05_0800_ddr5-4800_threads-1-2-3-4-5-6-8-10-12-14-16-24_r5,entasis,c380d34c57cf83e1cb481d712de4460d16c08774,windows,odin_dev_2026_09_windows_amd64_v3,box_contact_islands_10k,headless_api,4,step,300,30,0,10050,10050,0,0,median_ms_per_step,4.870131667,ms,lower_is_better,4.870131667,205.333257588,0,ok,ok,engine_runner_cli,work_unit_wall_sum_inline,4,box_contact_islands_10k,2,velocity_iterations=1; substeps=4; linear_damping=0; angular_damping=0; sleep=disabled; ccd=discrete; friction=0.5; restitution=0; worker_count=3,odin_dev_2026_09_windows_amd64_v3,4,3,,,3,yes,,,,,,,,,,,300,1461.039500000,,,,,results/box-contact-islands-10k/intel-core-i7-13700k/2026-10-05_0800_ddr5-4800_threads-1-2-3-4-5-6-8-10-12-14-16-24_r5/raw/entasis/t4/entasis_t4_raw.csv
2026-10-05_0800_ddr5-4800_threads-1-2-3-4-5-6-8-10-12-14-16-24_r5,entasis,c380d34c57cf83e1cb481d712de4460d16c08774,windows,odin_dev_2026_09_windows_amd64_v3,box_contact_islands_10k,headless_api,4,step,300,30,1,10050,10050,0,0,median_ms_per_step,4.712897000,ms,lower_is_better,4.712897000,212.183716300,0,ok,ok,engine_runner_cli,work_unit_wall_sum_inline,4,box_contact_islands_10k,2,velocity_iterations=1; substeps=4; linear_damping=0; angular_damping=0; sleep=disabled; ccd=discrete; friction=0.5; restitution=0; worker_count=3,odin_dev_2026_09_windows_amd64_v3,4,3,,,3,yes,,,,,,,,,,,300,1413.869100000,,,,,results/box-contact-islands-10k/intel-core-i7-13700k/2026-10-05_0800_ddr5-4800_threads-1-2-3-4-5-6-8-10-12-14-16-24_r5/raw/entasis/t4/entasis_t4_raw.csv
2026-10-05_0800_ddr5-4800_threads-1-2-3-4-5-6-8-10-12-14-16-24_r5,entasis,c380d34c57cf83e1cb481d712de4460d16c08774,windows,odin_dev_2026_09_windows_amd64_v3,box_contact_islands_10k,headless_api,4,step,300,30,2,10050,10050,0,0,median_ms_per_step,4.879832333,ms,lower_is_better,4.879832333,204.925073587,0,ok,ok,engine_runner_cli,work_unit_wall_sum_inline,4,box_contact_islands_10k,2,velocity_iterations=1; substeps=4; linear_damping=0; angular_damping=0; sleep=disabled; ccd=discrete; friction=0.5; restitution=0; worker_count=3,odin_dev_2026_09_windows_amd64_v3,4,3,,,3,yes,,,,,,,,,,,300,1463.949700000,,,,,results/box-contact-islands-10k/intel-core-i7-13700k/2026-10-05_0800_ddr5-4800_threads-1-2-3-4-5-6-8-10-12-14-16-24_r5/raw/entasis/t4/entasis_t4_raw.csv
2026-10-05_0800_ddr5-4800_threads-1-2-3-4-5-6-8-10-12-14-16-24_r5,entasis,c380d34c57cf83e1cb481d712de4460d16c08774,windows,odin_dev_2026_09_windows_amd64_v3,box_contact_islands_10k,headless_api,4,step,300,30,3,10050,10050,0,0,median_ms_per_step,4.844170333,ms,lower_is_better,4.844170333,206.433698898,0,ok,ok,engine_runner_cli,work_unit_wall_sum_inline,4,box_contact_islands_10k,2,velocity_iterations=1; substeps=4; linear_damping=0; angular_damping=0; sleep=disabled; ccd=discrete; friction=0.5; restitution=0; worker_count=3,odin_dev_2026_09_windows_amd64_v3,4,3,,,3,yes,,,,,,,,,,,300,1453.251100000,,,,,results/box-contact-islands-10k/intel-core-i7-13700k/2026-10-05_0800_ddr5-4800_threads-1-2-3-4-5-6-8-10-12-14-16-24_r5/raw/entasis/t4/entasis_t4_raw.csv
2026-10-05_0800_ddr5-4800_threads-1-2-3-4-5-6-8-10-12-14-16-24_r5,entasis,c380d34c57cf83e1cb481d712de4460d16c08774,windows,odin_dev_2026_09_windows_amd64_v3,box_contact_islands_10k,headless_api,4,step,300,30,4,10050,10050,0,0,median_ms_per_step,4.635779667,ms,lower_is_better,4.635779667,215.713444535,0,ok,ok,engine_runner_cli,work_unit_wall_sum_inline,4,box_contact_islands_10k,2,velocity_iterations=1; substeps=4; linear_damping=0; angular_damping=0; sleep=disabled; ccd=discrete; friction=0.5; restitution=0; worker_count=3,odin_dev_2026_09_windows_amd64_v3,4,3,,,3,yes,,,,,,,,,,,300,1390.733900000,,,,,results/box-contact-islands-10k/intel-core-i7-13700k/2026-10-05_0800_ddr5-4800_threads-1-2-3-4-5-6-8-10-12-14-16-24_r5/raw/entasis/t4/entasis_t4_raw.csv
2026-10-05_0800_ddr5-4800_threads-1-2-3-4-5-6-8-10-12-14-16-24_r5,entasis,c380d34c57cf83e1cb481d712de4460d16c08774,windows,odin_dev_2026_09_windows_amd64_v3,box_contact_islands_10k,headless_api,5,step,300,30,0,10050,10050,0,0,median_ms_per_step,4.357974333,ms,lower_is_better,4.357974333,229.464407890,0,ok,ok,engine_runner_cli,work_unit_wall_sum_inline,5,box_contact_islands_10k,2,velocity_iterations=1; substeps=4; linear_damping=0; angular_damping=0; sleep=disabled; ccd=discrete; friction=0.5; restitution=0; worker_count=4,odin_dev_2026_09_windows_amd64_v3,5,4,,,4,yes,,,,,,,,,,,300,1307.392300000,,,,,results/box-contact-islands-10k/intel-core-i7-13700k/2026-10-05_0800_ddr5-4800_threads-1-2-3-4-5-6-8-10-12-14-16-24_r5/raw/entasis/t5/entasis_t5_raw.csv
2026-10-05_0800_ddr5-4800_threads-1-2-3-4-5-6-8-10-12-14-16-24_r5,entasis,c380d34c57cf83e1cb481d712de4460d16c08774,windows,odin_dev_2026_09_windows_amd64_v3,box_contact_islands_10k,headless_api,5,step,300,30,1,10050,10050,0,0,median_ms_per_step,4.066877667,ms,lower_is_better,4.066877667,245.888881339,0,ok,ok,engine_runner_cli,work_unit_wall_sum_inline,5,box_contact_islands_10k,2,velocity_iterations=1; substeps=4; linear_damping=0; angular_damping=0; sleep=disabled; ccd=discrete; friction=0.5; restitution=0; worker_count=4,odin_dev_2026_09_windows_amd64_v3,5,4,,,4,yes,,,,,,,,,,,300,1220.063300000,,,,,results/box-contact-islands-10k/intel-core-i7-13700k/2026-10-05_0800_ddr5-4800_threads-1-2-3-4-5-6-8-10-12-14-16-24_r5/raw/entasis/t5/entasis_t5_raw.csv
2026-10-05_0800_ddr5-4800_threads-1-2-3-4-5-6-8-10-12-14-16-24_r5,entasis,c380d34c57cf83e1cb481d712de4460d16c08774,windows,odin_dev_2026_09_windows_amd64_v3,box_contact_islands_10k,headless_api,5,step,300,30,2,10050,10050,0,0,median_ms_per_step,4.186273667,ms,lower_is_better,4.186273667,238.875926331,0,ok,ok,engine_runner_cli,work_unit_wall_sum_inline,5,box_contact_islands_10k,2,velocity_iterations=1; substeps=4; linear_damping=0; angular_damping=0; sleep=disabled; ccd=discrete; friction=0.5; restitution=0; worker_count=4,odin_dev_2026_09_windows_amd64_v3,5,4,,,4,yes,,,,,,,,,,,300,1255.882100000,,,,,results/box-contact-islands-10k/intel-core-i7-13700k/2026-10-05_0800_ddr5-4800_threads-1-2-3-4-5-6-8-10-12-14-16-24_r5/raw/entasis/t5/entasis_t5_raw.csv
2026-10-05_0800_ddr5-4800_threads-1-2-3-4-5-6-8-10-12-14-16-24_r5,entasis,c380d34c57cf83e1cb481d712de4460d16c08774,windows,odin_dev_2026_09_windows_amd64_v3,box_contact_islands_10k,headless_api,5,step,300,30,3,10050,10050,0,0,median_ms_per_step,4.229316000,ms,lower_is_better,4.229316000,236.444853021,0,ok,ok,engine_runner_cli,work_unit_wall_sum_inline,5,box_contact_islands_10k,2,velocity_iterations=1; substeps=4; linear_damping=0; angular_damping=0; sleep=disabled; ccd=discrete; friction=0.5; restitution=0; worker_count=4,odin_dev_2026_09_windows_amd64_v3,5,4,,,4,yes,,,,,,,,,,,300,1268.794800000,,,,,results/box-contact-islands-10k/intel-core-i7-13700k/2026-10-05_0800_ddr5-4800_threads-1-2-3-4-5-6-8-10-12-14-16-24_r5/raw/entasis/t5/entasis_t5_raw.csv
2026-10-05_0800_ddr5-4800_threads-1-2-3-4-5-6-8-10-12-14-16-24_r5,entasis,c380d34c57cf83e1cb481d712de4460d16c08774,windows,odin_dev_2026_09_windows_amd64_v3,box_contact_islands_10k,headless_api,5,step,300,30,4,10050,10050,0,0,median_ms_per_step,4.157487333,ms,lower_is_better,4.157487333,240.529896984,0,ok,ok,engine_runner_cli,work_unit_wall_sum_inline,5,box_contact_islands_10k,2,velocity_iterations=1; substeps=4; linear_damping=0; angular_damping=0; sleep=disabled; ccd=discrete; friction=0.5; restitution=0; worker_count=4,odin_dev_2026_09_windows_amd64_v3,5,4,,,4,yes,,,,,,,,,,,300,1247.246200000,,,,,results/box-contact-islands-10k/intel-core-i7-13700k/2026-10-05_0800_ddr5-4800_threads-1-2-3-4-5-6-8-10-12-14-16-24_r5/raw/entasis/t5/entasis_t5_raw.csv
2026-10-05_0800_ddr5-4800_threads-1-2-3-4-5-6-8-10-12-14-16-24_r5,entasis,c380d34c57cf83e1cb481d712de4460d16c08774,windows,odin_dev_2026_09_windows_amd64_v3,box_contact_islands_10k,headless_api,6,step,300,30,0,10050,10050,0,0,median_ms_per_step,3.894934000,ms,lower_is_better,3.894934000,256.743759971,0,ok,ok,engine_runner_cli,work_unit_wall_sum_inline,6,box_contact_islands_10k,2,velocity_iterations=1; substeps=4; linear_damping=0; angular_damping=0; sleep=disabled; ccd=discrete; friction=0.5; restitution=0; worker_count=5,odin_dev_2026_09_windows_amd64_v3,6,5,,,5,yes,,,,,,,,,,,300,1168.480200000,,,,,results/box-contact-islands-10k/intel-core-i7-13700k/2026-10-05_0800_ddr5-4800_threads-1-2-3-4-5-6-8-10-12-14-16-24_r5/raw/entasis/t6/entasis_t6_raw.csv
2026-10-05_0800_ddr5-4800_threads-1-2-3-4-5-6-8-10-12-14-16-24_r5,entasis,c380d34c57cf83e1cb481d712de4460d16c08774,windows,odin_dev_2026_09_windows_amd64_v3,box_contact_islands_10k,headless_api,6,step,300,30,1,10050,10050,0,0,median_ms_per_step,3.875575667,ms,lower_is_better,3.875575667,258.026183981,0,ok,ok,engine_runner_cli,work_unit_wall_sum_inline,6,box_contact_islands_10k,2,velocity_iterations=1; substeps=4; linear_damping=0; angular_damping=0; sleep=disabled; ccd=discrete; friction=0.5; restitution=0; worker_count=5,odin_dev_2026_09_windows_amd64_v3,6,5,,,5,yes,,,,,,,,,,,300,1162.672700000,,,,,results/box-contact-islands-10k/intel-core-i7-13700k/2026-10-05_0800_ddr5-4800_threads-1-2-3-4-5-6-8-10-12-14-16-24_r5/raw/entasis/t6/entasis_t6_raw.csv
2026-10-05_0800_ddr5-4800_threads-1-2-3-4-5-6-8-10-12-14-16-24_r5,entasis,c380d34c57cf83e1cb481d712de4460d16c08774,windows,odin_dev_2026_09_windows_amd64_v3,box_contact_islands_10k,headless_api,6,step,300,30,2,10050,10050,0,0,median_ms_per_step,3.868566333,ms,lower_is_better,3.868566333,258.493693486,0,ok,ok,engine_runner_cli,work_unit_wall_sum_inline,6,box_contact_islands_10k,2,velocity_iterations=1; substeps=4; linear_damping=0; angular_damping=0; sleep=disabled; ccd=discrete; friction=0.5; restitution=0; worker_count=5,odin_dev_2026_09_windows_amd64_v3,6,5,,,5,yes,,,,,,,,,,,300,1160.569900000,,,,,results/box-contact-islands-10k/intel-core-i7-13700k/2026-10-05_0800_ddr5-4800_threads-1-2-3-4-5-6-8-10-12-14-16-24_r5/raw/entasis/t6/entasis_t6_raw.csv
2026-10-05_0800_ddr5-4800_threads-1-2-3-4-5-6-8-10-12-14-16-24_r5,entasis,c380d34c57cf83e1cb481d712de4460d16c08774,windows,odin_dev_2026_09_windows_amd64_v3,box_contact_islands_10k,headless_api,6,step,300,30,3,10050,10050,0,0,median_ms_per_step,3.904190000,ms,lower_is_better,3.904190000,256.135075393,0,ok,ok,engine_runner_cli,work_unit_wall_sum_inline,6,box_contact_islands_10k,2,velocity_iterations=1; substeps=4; linear_damping=0; angular_damping=0; sleep=disabled; ccd=discrete; friction=0.5; restitution=0; worker_count=5,odin_dev_2026_09_windows_amd64_v3,6,5,,,5,yes,,,,,,,,,,,300,1171.257000000,,,,,results/box-contact-islands-10k/intel-core-i7-13700k/2026-10-05_0800_ddr5-4800_threads-1-2-3-4-5-6-8-10-12-14-16-24_r5/raw/entasis/t6/entasis_t6_raw.csv
2026-10-05_0800_ddr5-4800_threads-1-2-3-4-5-6-8-10-12-14-16-24_r5,entasis,c380d34c57cf83e1cb481d712de4460d16c08774,windows,odin_dev_2026_09_windows_amd64_v3,box_contact_islands_10k,headless_api,6,step,300,30,4,10050,10050,0,0,median_ms_per_step,3.995901000,ms,lower_is_better,3.995901000,250.256450297,0,ok,ok,engine_runner_cli,work_unit_wall_sum_inline,6,box_contact_islands_10k,2,velocity_iterations=1; substeps=4; linear_damping=0; angular_damping=0; sleep=disabled; ccd=discrete; friction=0.5; restitution=0; worker_count=5,odin_dev_2026_09_windows_amd64_v3,6,5,,,5,yes,,,,,,,,,,,300,1198.770300000,,,,,results/box-contact-islands-10k/intel-core-i7-13700k/2026-10-05_0800_ddr5-4800_threads-1-2-3-4-5-6-8-10-12-14-16-24_r5/raw/entasis/t6/entasis_t6_raw.csv
2026-10-05_0800_ddr5-4800_threads-1-2-3-4-5-6-8-10-12-14-16-24_r5,entasis,c380d34c57cf83e1cb481d712de4460d16c08774,windows,odin_dev_2026_09_windows_amd64_v3,box_contact_islands_10k,headless_api,8,step,300,30,0,10050,10050,0,0,median_ms_per_step,3.269496333,ms,lower_is_better,3.269496333,305.857507716,0,ok,ok,engine_runner_cli,work_unit_wall_sum_inline,8,box_contact_islands_10k,2,velocity_iterations=1; substeps=4; linear_damping=0; angular_damping=0; sleep=disabled; ccd=discrete; friction=0.5; restitution=0; worker_count=7,odin_dev_2026_09_windows_amd64_v3,8,7,,,7,yes,,,,,,,,,,,300,980.848900000,,,,,results/box-contact-islands-10k/intel-core-i7-13700k/2026-10-05_0800_ddr5-4800_threads-1-2-3-4-5-6-8-10-12-14-16-24_r5/raw/entasis/t8/entasis_t8_raw.csv
2026-10-05_0800_ddr5-4800_threads-1-2-3-4-5-6-8-10-12-14-16-24_r5,entasis,c380d34c57cf83e1cb481d712de4460d16c08774,windows,odin_dev_2026_09_windows_amd64_v3,box_contact_islands_10k,headless_api,8,step,300,30,1,10050,10050,0,0,median_ms_per_step,3.192394667,ms,lower_is_better,3.192394667,313.244477709,0,ok,ok,engine_runner_cli,work_unit_wall_sum_inline,8,box_contact_islands_10k,2,velocity_iterations=1; substeps=4; linear_damping=0; angular_damping=0; sleep=disabled; ccd=discrete; friction=0.5; restitution=0; worker_count=7,odin_dev_2026_09_windows_amd64_v3,8,7,,,7,yes,,,,,,,,,,,300,957.718400000,,,,,results/box-contact-islands-10k/intel-core-i7-13700k/2026-10-05_0800_ddr5-4800_threads-1-2-3-4-5-6-8-10-12-14-16-24_r5/raw/entasis/t8/entasis_t8_raw.csv
2026-10-05_0800_ddr5-4800_threads-1-2-3-4-5-6-8-10-12-14-16-24_r5,entasis,c380d34c57cf83e1cb481d712de4460d16c08774,windows,odin_dev_2026_09_windows_amd64_v3,box_contact_islands_10k,headless_api,8,step,300,30,2,10050,10050,0,0,median_ms_per_step,3.334565667,ms,lower_is_better,3.334565667,299.889130988,0,ok,ok,engine_runner_cli,work_unit_wall_sum_inline,8,box_contact_islands_10k,2,velocity_iterations=1; substeps=4; linear_damping=0; angular_damping=0; sleep=disabled; ccd=discrete; friction=0.5; restitution=0; worker_count=7,odin_dev_2026_09_windows_amd64_v3,8,7,,,7,yes,,,,,,,,,,,300,1000.369700000,,,,,results/box-contact-islands-10k/intel-core-i7-13700k/2026-10-05_0800_ddr5-4800_threads-1-2-3-4-5-6-8-10-12-14-16-24_r5/raw/entasis/t8/entasis_t8_raw.csv
2026-10-05_0800_ddr5-4800_threads-1-2-3-4-5-6-8-10-12-14-16-24_r5,entasis,c380d34c57cf83e1cb481d712de4460d16c08774,windows,odin_dev_2026_09_windows_amd64_v3,box_contact_islands_10k,headless_api,8,step,300,30,3,10050,10050,0,0,median_ms_per_step,3.247939333,ms,lower_is_better,3.247939333,307.887524172,0,ok,ok,engine_runner_cli,work_unit_wall_sum_inline,8,box_contact_islands_10k,2,velocity_iterations=1; substeps=4; linear_damping=0; angular_damping=0; sleep=disabled; ccd=discrete; friction=0.5; restitution=0; worker_count=7,odin_dev_2026_09_windows_amd64_v3,8,7,,,7,yes,,,,,,,,,,,300,974.381800000,,,,,results/box-contact-islands-10k/intel-core-i7-13700k/2026-10-05_0800_ddr5-4800_threads-1-2-3-4-5-6-8-10-12-14-16-24_r5/raw/entasis/t8/entasis_t8_raw.csv
2026-10-05_0800_ddr5-4800_threads-1-2-3-4-5-6-8-10-12-14-16-24_r5,entasis,c380d34c57cf83e1cb481d712de4460d16c08774,windows,odin_dev_2026_09_windows_amd64_v3,box_contact_islands_10k,headless_api,8,step,300,30,4,10050,10050,0,0,median_ms_per_step,3.386452667,ms,lower_is_better,3.386452667,295.294249893,0,ok,ok,engine_runner_cli,work_unit_wall_sum_inline,8,box_contact_islands_10k,2,velocity_iterations=1; substeps=4; linear_damping=0; angular_damping=0; sleep=disabled; ccd=discrete; friction=0.5; restitution=0; worker_count=7,odin_dev_2026_09_windows_amd64_v3,8,7,,,7,yes,,,,,,,,,,,300,1015.935800000,,,,,results/box-contact-islands-10k/intel-core-i7-13700k/2026-10-05_0800_ddr5-4800_threads-1-2-3-4-5-6-8-10-12-14-16-24_r5/raw/entasis/t8/entasis_t8_raw.csv
2026-10-05_0800_ddr5-4800_threads-1-2-3-4-5-6-8-10-12-14-16-24_r5,entasis,c380d34c57cf83e1cb481d712de4460d16c08774,windows,odin_dev_2026_09_windows_amd64_v3,box_contact_islands_10k,headless_api,10,step,300,30,0,10050,10050,0,0,median_ms_per_step,3.437796667,ms,lower_is_better,3.437796667,290.883986740,0,ok,ok,engine_runner_cli,work_unit_wall_sum_inline,10,box_contact_islands_10k,2,velocity_iterations=1; substeps=4; linear_damping=0; angular_damping=0; sleep=disabled; ccd=discrete; friction=0.5; restitution=0; worker_count=9,odin_dev_2026_09_windows_amd64_v3,10,9,,,9,yes,,,,,,,,,,,300,1031.339000000,,,,,results/box-contact-islands-10k/intel-core-i7-13700k/2026-10-05_0800_ddr5-4800_threads-1-2-3-4-5-6-8-10-12-14-16-24_r5/raw/entasis/t10/entasis_t10_raw.csv
2026-10-05_0800_ddr5-4800_threads-1-2-3-4-5-6-8-10-12-14-16-24_r5,entasis,c380d34c57cf83e1cb481d712de4460d16c08774,windows,odin_dev_2026_09_windows_amd64_v3,box_contact_islands_10k,headless_api,10,step,300,30,1,10050,10050,0,0,median_ms_per_step,3.564066667,ms,lower_is_better,3.564066667,280.578365537,0,ok,ok,engine_runner_cli,work_unit_wall_sum_inline,10,box_contact_islands_10k,2,velocity_iterations=1; substeps=4; linear_damping=0; angular_damping=0; sleep=disabled; ccd=discrete; friction=0.5; restitution=0; worker_count=9,odin_dev_2026_09_windows_amd64_v3,10,9,,,9,yes,,,,,,,,,,,300,1069.220000000,,,,,results/box-contact-islands-10k/intel-core-i7-13700k/2026-10-05_0800_ddr5-4800_threads-1-2-3-4-5-6-8-10-12-14-16-24_r5/raw/entasis/t10/entasis_t10_raw.csv
2026-10-05_0800_ddr5-4800_threads-1-2-3-4-5-6-8-10-12-14-16-24_r5,entasis,c380d34c57cf83e1cb481d712de4460d16c08774,windows,odin_dev_2026_09_windows_amd64_v3,box_contact_islands_10k,headless_api,10,step,300,30,2,10050,10050,0,0,median_ms_per_step,3.519230333,ms,lower_is_better,3.519230333,284.153040660,0,ok,ok,engine_runner_cli,work_unit_wall_sum_inline,10,box_contact_islands_10k,2,velocity_iterations=1; substeps=4; linear_damping=0; angular_damping=0; sleep=disabled; ccd=discrete; friction=0.5; restitution=0; worker_count=9,odin_dev_2026_09_windows_amd64_v3,10,9,,,9,yes,,,,,,,,,,,300,1055.769100000,,,,,results/box-contact-islands-10k/intel-core-i7-13700k/2026-10-05_0800_ddr5-4800_threads-1-2-3-4-5-6-8-10-12-14-16-24_r5/raw/entasis/t10/entasis_t10_raw.csv
2026-10-05_0800_ddr5-4800_threads-1-2-3-4-5-6-8-10-12-14-16-24_r5,entasis,c380d34c57cf83e1cb481d712de4460d16c08774,windows,odin_dev_2026_09_windows_amd64_v3,box_contact_islands_10k,headless_api,10,step,300,30,3,10050,10050,0,0,median_ms_per_step,3.589265000,ms,lower_is_better,3.589265000,278.608573064,0,ok,ok,engine_runner_cli,work_unit_wall_sum_inline,10,box_contact_islands_10k,2,velocity_iterations=1; substeps=4; linear_damping=0; angular_damping=0; sleep=disabled; ccd=discrete; friction=0.5; restitution=0; worker_count=9,odin_dev_2026_09_windows_amd64_v3,10,9,,,9,yes,,,,,,,,,,,300,1076.779500000,,,,,results/box-contact-islands-10k/intel-core-i7-13700k/2026-10-05_0800_ddr5-4800_threads-1-2-3-4-5-6-8-10-12-14-16-24_r5/raw/entasis/t10/entasis_t10_raw.csv
2026-10-05_0800_ddr5-4800_threads-1-2-3-4-5-6-8-10-12-14-16-24_r5,entasis,c380d34c57cf83e1cb481d712de4460d16c08774,windows,odin_dev_2026_09_windows_amd64_v3,box_contact_islands_10k,headless_api,10,step,300,30,4,10050,10050,0,0,median_ms_per_step,3.721658667,ms,lower_is_better,3.721658667,268.697398006,0,ok,ok,engine_runner_cli,work_unit_wall_sum_inline,10,box_contact_islands_10k,2,velocity_iterations=1; substeps=4; linear_damping=0; angular_damping=0; sleep=disabled; ccd=discrete; friction=0.5; restitution=0; worker_count=9,odin_dev_2026_09_windows_amd64_v3,10,9,,,9,yes,,,,,,,,,,,300,1116.497600000,,,,,results/box-contact-islands-10k/intel-core-i7-13700k/2026-10-05_0800_ddr5-4800_threads-1-2-3-4-5-6-8-10-12-14-16-24_r5/raw/entasis/t10/entasis_t10_raw.csv
2026-10-05_0800_ddr5-4800_threads-1-2-3-4-5-6-8-10-12-14-16-24_r5,entasis,c380d34c57cf83e1cb481d712de4460d16c08774,windows,odin_dev_2026_09_windows_amd64_v3,box_contact_islands_10k,headless_api,12,step,300,30,0,10050,10050,0,0,median_ms_per_step,3.726091667,ms,lower_is_better,3.726091667,268.377723754,0,ok,ok,engine_runner_cli,work_unit_wall_sum_inline,12,box_contact_islands_10k,2,velocity_iterations=1; substeps=4; linear_damping=0; angular_damping=0; sleep=disabled; ccd=discrete; friction=0.5; restitution=0; worker_count=11,odin_dev_2026_09_windows_amd64_v3,12,11,,,11,yes,,,,,,,,,,,300,1117.827500000,,,,,results/box-contact-islands-10k/intel-core-i7-13700k/2026-10-05_0800_ddr5-4800_threads-1-2-3-4-5-6-8-10-12-14-16-24_r5/raw/entasis/t12/entasis_t12_raw.csv
2026-10-05_0800_ddr5-4800_threads-1-2-3-4-5-6-8-10-12-14-16-24_r5,entasis,c380d34c57cf83e1cb481d712de4460d16c08774,windows,odin_dev_2026_09_windows_amd64_v3,box_contact_islands_10k,headless_api,12,step,300,30,1,10050,10050,0,0,median_ms_per_step,3.902880000,ms,lower_is_better,3.902880000,256.221047022,0,ok,ok,engine_runner_cli,work_unit_wall_sum_inline,12,box_contact_islands_10k,2,velocity_iterations=1; substeps=4; linear_damping=0; angular_damping=0; sleep=disabled; ccd=discrete; friction=0.5; restitution=0; worker_count=11,odin_dev_2026_09_windows_amd64_v3,12,11,,,11,yes,,,,,,,,,,,300,1170.864000000,,,,,results/box-contact-islands-10k/intel-core-i7-13700k/2026-10-05_0800_ddr5-4800_threads-1-2-3-4-5-6-8-10-12-14-16-24_r5/raw/entasis/t12/entasis_t12_raw.csv
2026-10-05_0800_ddr5-4800_threads-1-2-3-4-5-6-8-10-12-14-16-24_r5,entasis,c380d34c57cf83e1cb481d712de4460d16c08774,windows,odin_dev_2026_09_windows_amd64_v3,box_contact_islands_10k,headless_api,12,step,300,30,2,10050,10050,0,0,median_ms_per_step,3.777996000,ms,lower_is_better,3.777996000,264.690592579,0,ok,ok,engine_runner_cli,work_unit_wall_sum_inline,12,box_contact_islands_10k,2,velocity_iterations=1; substeps=4; linear_damping=0; angular_damping=0; sleep=disabled; ccd=discrete; friction=0.5; restitution=0; worker_count=11,odin_dev_2026_09_windows_amd64_v3,12,11,,,11,yes,,,,,,,,,,,300,1133.398800000,,,,,results/box-contact-islands-10k/intel-core-i7-13700k/2026-10-05_0800_ddr5-4800_threads-1-2-3-4-5-6-8-10-12-14-16-24_r5/raw/entasis/t12/entasis_t12_raw.csv
2026-10-05_0800_ddr5-4800_threads-1-2-3-4-5-6-8-10-12-14-16-24_r5,entasis,c380d34c57cf83e1cb481d712de4460d16c08774,windows,odin_dev_2026_09_windows_amd64_v3,box_contact_islands_10k,headless_api,12,step,300,30,3,10050,10050,0,0,median_ms_per_step,3.721210000,ms,lower_is_better,3.721210000,268.729794879,0,ok,ok,engine_runner_cli,work_unit_wall_sum_inline,12,box_contact_islands_10k,2,velocity_iterations=1; substeps=4; linear_damping=0; angular_damping=0; sleep=disabled; ccd=discrete; friction=0.5; restitution=0; worker_count=11,odin_dev_2026_09_windows_amd64_v3,12,11,,,11,yes,,,,,,,,,,,300,1116.363000000,,,,,results/box-contact-islands-10k/intel-core-i7-13700k/2026-10-05_0800_ddr5-4800_threads-1-2-3-4-5-6-8-10-12-14-16-24_r5/raw/entasis/t12/entasis_t12_raw.csv
2026-10-05_0800_ddr5-4800_threads-1-2-3-4-5-6-8-10-12-14-16-24_r5,entasis,c380d34c57cf83e1cb481d712de4460d16c08774,windows,odin_dev_2026_09_windows_amd64_v3,box_contact_islands_10k,headless_api,12,step,300,30,4,10050,10050,0,0,median_ms_per_step,3.836080667,ms,lower_is_better,3.836080667,260.682735035,0,ok,ok,engine_runner_cli,work_unit_wall_sum_inline,12,box_contact_islands_10k,2,velocity_iterations=1; substeps=4; linear_damping=0; angular_damping=0; sleep=disabled; ccd=discrete; friction=0.5; restitution=0; worker_count=11,odin_dev_2026_09_windows_amd64_v3,12,11,,,11,yes,,,,,,,,,,,300,1150.824200000,,,,,results/box-contact-islands-10k/intel-core-i7-13700k/2026-10-05_0800_ddr5-4800_threads-1-2-3-4-5-6-8-10-12-14-16-24_r5/raw/entasis/t12/entasis_t12_raw.csv
2026-10-05_0800_ddr5-4800_threads-1-2-3-4-5-6-8-10-12-14-16-24_r5,entasis,c380d34c57cf83e1cb481d712de4460d16c08774,windows,odin_dev_2026_09_windows_amd64_v3,box_contact_islands_10k,headless_api,14,step,300,30,0,10050,10050,0,0,median_ms_per_step,3.616802667,ms,lower_is_better,3.616802667,276.487298911,0,ok,ok,engine_runner_cli,work_unit_wall_sum_inline,14,box_contact_islands_10k,2,velocity_iterations=1; substeps=4; linear_damping=0; angular_damping=0; sleep=disabled; ccd=discrete; friction=0.5; restitution=0; worker_count=13,odin_dev_2026_09_windows_amd64_v3,14,13,,,13,yes,,,,,,,,,,,300,1085.040800000,,,,,results/box-contact-islands-10k/intel-core-i7-13700k/2026-10-05_0800_ddr5-4800_threads-1-2-3-4-5-6-8-10-12-14-16-24_r5/raw/entasis/t14/entasis_t14_raw.csv
2026-10-05_0800_ddr5-4800_threads-1-2-3-4-5-6-8-10-12-14-16-24_r5,entasis,c380d34c57cf83e1cb481d712de4460d16c08774,windows,odin_dev_2026_09_windows_amd64_v3,box_contact_islands_10k,headless_api,14,step,300,30,1,10050,10050,0,0,median_ms_per_step,3.600962333,ms,lower_is_better,3.600962333,277.703543506,0,ok,ok,engine_runner_cli,work_unit_wall_sum_inline,14,box_contact_islands_10k,2,velocity_iterations=1; substeps=4; linear_damping=0; angular_damping=0; sleep=disabled; ccd=discrete; friction=0.5; restitution=0; worker_count=13,odin_dev_2026_09_windows_amd64_v3,14,13,,,13,yes,,,,,,,,,,,300,1080.288700000,,,,,results/box-contact-islands-10k/intel-core-i7-13700k/2026-10-05_0800_ddr5-4800_threads-1-2-3-4-5-6-8-10-12-14-16-24_r5/raw/entasis/t14/entasis_t14_raw.csv
2026-10-05_0800_ddr5-4800_threads-1-2-3-4-5-6-8-10-12-14-16-24_r5,entasis,c380d34c57cf83e1cb481d712de4460d16c08774,windows,odin_dev_2026_09_windows_amd64_v3,box_contact_islands_10k,headless_api,14,step,300,30,2,10050,10050,0,0,median_ms_per_step,3.603668000,ms,lower_is_better,3.603668000,277.495041164,0,ok,ok,engine_runner_cli,work_unit_wall_sum_inline,14,box_contact_islands_10k,2,velocity_iterations=1; substeps=4; linear_damping=0; angular_damping=0; sleep=disabled; ccd=discrete; friction=0.5; restitution=0; worker_count=13,odin_dev_2026_09_windows_amd64_v3,14,13,,,13,yes,,,,,,,,,,,300,1081.100400000,,,,,results/box-contact-islands-10k/intel-core-i7-13700k/2026-10-05_0800_ddr5-4800_threads-1-2-3-4-5-6-8-10-12-14-16-24_r5/raw/entasis/t14/entasis_t14_raw.csv
2026-10-05_0800_ddr5-4800_threads-1-2-3-4-5-6-8-10-12-14-16-24_r5,entasis,c380d34c57cf83e1cb481d712de4460d16c08774,windows,odin_dev_2026_09_windows_amd64_v3,box_contact_islands_10k,headless_api,14,step,300,30,3,10050,10050,0,0,median_ms_per_step,3.593363000,ms,lower_is_better,3.593363000,278.290837859,0,ok,ok,engine_runner_cli,work_unit_wall_sum_inline,14,box_contact_islands_10k,2,velocity_iterations=1; substeps=4; linear_damping=0; angular_damping=0; sleep=disabled; ccd=discrete; friction=0.5; restitution=0; worker_count=13,odin_dev_2026_09_windows_amd64_v3,14,13,,,13,yes,,,,,,,,,,,300,1078.008900000,,,,,results/box-contact-islands-10k/intel-core-i7-13700k/2026-10-05_0800_ddr5-4800_threads-1-2-3-4-5-6-8-10-12-14-16-24_r5/raw/entasis/t14/entasis_t14_raw.csv
2026-10-05_0800_ddr5-4800_threads-1-2-3-4-5-6-8-10-12-14-16-24_r5,entasis,c380d34c57cf83e1cb481d712de4460d16c08774,windows,odin_dev_2026_09_windows_amd64_v3,box_contact_islands_10k,headless_api,14,step,300,30,4,10050,10050,0,0,median_ms_per_step,3.597582667,ms,lower_is_better,3.597582667,277.964425742,0,ok,ok,engine_runner_cli,work_unit_wall_sum_inline,14,box_contact_islands_10k,2,velocity_iterations=1; substeps=4; linear_damping=0; angular_damping=0; sleep=disabled; ccd=discrete; friction=0.5; restitution=0; worker_count=13,odin_dev_2026_09_windows_amd64_v3,14,13,,,13,yes,,,,,,,,,,,300,1079.274800000,,,,,results/box-contact-islands-10k/intel-core-i7-13700k/2026-10-05_0800_ddr5-4800_threads-1-2-3-4-5-6-8-10-12-14-16-24_r5/raw/entasis/t14/entasis_t14_raw.csv
2026-10-05_0800_ddr5-4800_threads-1-2-3-4-5-6-8-10-12-14-16-24_r5,entasis,c380d34c57cf83e1cb481d712de4460d16c08774,windows,odin_dev_2026_09_windows_amd64_v3,box_contact_islands_10k,headless_api,16,step,300,30,0,10050,10050,0,0,median_ms_per_step,3.522860333,ms,lower_is_better,3.522860333,283.860245761,0,ok,ok,engine_runner_cli,work_unit_wall_sum_inline,16,box_contact_islands_10k,2,velocity_iterations=1; substeps=4; linear_damping=0; angular_damping=0; sleep=disabled; ccd=discrete; friction=0.5; restitution=0; worker_count=15,odin_dev_2026_09_windows_amd64_v3,16,15,,,15,yes,,,,,,,,,,,300,1056.858100000,,,,,results/box-contact-islands-10k/intel-core-i7-13700k/2026-10-05_0800_ddr5-4800_threads-1-2-3-4-5-6-8-10-12-14-16-24_r5/raw/entasis/t16/entasis_t16_raw.csv
2026-10-05_0800_ddr5-4800_threads-1-2-3-4-5-6-8-10-12-14-16-24_r5,entasis,c380d34c57cf83e1cb481d712de4460d16c08774,windows,odin_dev_2026_09_windows_amd64_v3,box_contact_islands_10k,headless_api,16,step,300,30,1,10050,10050,0,0,median_ms_per_step,3.591253333,ms,lower_is_better,3.591253333,278.454318641,0,ok,ok,engine_runner_cli,work_unit_wall_sum_inline,16,box_contact_islands_10k,2,velocity_iterations=1; substeps=4; linear_damping=0; angular_damping=0; sleep=disabled; ccd=discrete; friction=0.5; restitution=0; worker_count=15,odin_dev_2026_09_windows_amd64_v3,16,15,,,15,yes,,,,,,,,,,,300,1077.376000000,,,,,results/box-contact-islands-10k/intel-core-i7-13700k/2026-10-05_0800_ddr5-4800_threads-1-2-3-4-5-6-8-10-12-14-16-24_r5/raw/entasis/t16/entasis_t16_raw.csv
2026-10-05_0800_ddr5-4800_threads-1-2-3-4-5-6-8-10-12-14-16-24_r5,entasis,c380d34c57cf83e1cb481d712de4460d16c08774,windows,odin_dev_2026_09_windows_amd64_v3,box_contact_islands_10k,headless_api,16,step,300,30,2,10050,10050,0,0,median_ms_per_step,3.543580000,ms,lower_is_better,3.543580000,282.200486514,0,ok,ok,engine_runner_cli,work_unit_wall_sum_inline,16,box_contact_islands_10k,2,velocity_iterations=1; substeps=4; linear_damping=0; angular_damping=0; sleep=disabled; ccd=discrete; friction=0.5; restitution=0; worker_count=15,odin_dev_2026_09_windows_amd64_v3,16,15,,,15,yes,,,,,,,,,,,300,1063.074000000,,,,,results/box-contact-islands-10k/intel-core-i7-13700k/2026-10-05_0800_ddr5-4800_threads-1-2-3-4-5-6-8-10-12-14-16-24_r5/raw/entasis/t16/entasis_t16_raw.csv
2026-10-05_0800_ddr5-4800_threads-1-2-3-4-5-6-8-10-12-14-16-24_r5,entasis,c380d34c57cf83e1cb481d712de4460d16c08774,windows,odin_dev_2026_09_windows_amd64_v3,box_contact_islands_10k,headless_api,16,step,300,30,3,10050,10050,0,0,median_ms_per_step,3.487340333,ms,lower_is_better,3.487340333,286.751479470,0,ok,ok,engine_runner_cli,work_unit_wall_sum_inline,16,box_contact_islands_10k,2,velocity_iterations=1; substeps=4; linear_damping=0; angular_damping=0; sleep=disabled; ccd=discrete; friction=0.5; restitution=0; worker_count=15,odin_dev_2026_09_windows_amd64_v3,16,15,,,15,yes,,,,,,,,,,,300,1046.202100000,,,,,results/box-contact-islands-10k/intel-core-i7-13700k/2026-10-05_0800_ddr5-4800_threads-1-2-3-4-5-6-8-10-12-14-16-24_r5/raw/entasis/t16/entasis_t16_raw.csv
2026-10-05_0800_ddr5-4800_threads-1-2-3-4-5-6-8-10-12-14-16-24_r5,entasis,c380d34c57cf83e1cb481d712de4460d16c08774,windows,odin_dev_2026_09_windows_amd64_v3,box_contact_islands_10k,headless_api,16,step,300,30,4,10050,10050,0,0,median_ms_per_step,3.490323333,ms,lower_is_better,3.490323333,286.506407716,0,ok,ok,engine_runner_cli,work_unit_wall_sum_inline,16,box_contact_islands_10k,2,velocity_iterations=1; substeps=4; linear_damping=0; angular_damping=0; sleep=disabled; ccd=discrete; friction=0.5; restitution=0; worker_count=15,odin_dev_2026_09_windows_amd64_v3,16,15,,,15,yes,,,,,,,,,,,300,1047.097000000,,,,,results/box-contact-islands-10k/intel-core-i7-13700k/2026-10-05_0800_ddr5-4800_threads-1-2-3-4-5-6-8-10-12-14-16-24_r5/raw/entasis/t16/entasis_t16_raw.csv
2026-10-05_0800_ddr5-4800_threads-1-2-3-4-5-6-8-10-12-14-16-24_r5,entasis,c380d34c57cf83e1cb481d712de4460d16c08774,windows,odin_dev_2026_09_windows_amd64_v3,box_contact_islands_10k,headless_api,24,step,300,30,0,10050,10050,0,0,median_ms_per_step,3.072556667,ms,lower_is_better,3.072556667,325.461857498,0,ok,ok,engine_runner_cli,work_unit_wall_sum_inline,24,box_contact_islands_10k,2,velocity_iterations=1; substeps=4; linear_damping=0; angular_damping=0; sleep=disabled; ccd=discrete; friction=0.5; restitution=0; worker_count=23,odin_dev_2026_09_windows_amd64_v3,24,23,,,23,yes,,,,,,,,,,,300,921.767000000,,,,,results/box-contact-islands-10k/intel-core-i7-13700k/2026-10-05_0800_ddr5-4800_threads-1-2-3-4-5-6-8-10-12-14-16-24_r5/raw/entasis/t24/entasis_t24_raw.csv
2026-10-05_0800_ddr5-4800_threads-1-2-3-4-5-6-8-10-12-14-16-24_r5,entasis,c380d34c57cf83e1cb481d712de4460d16c08774,windows,odin_dev_2026_09_windows_amd64_v3,box_contact_islands_10k,headless_api,24,step,300,30,1,10050,10050,0,0,median_ms_per_step,3.045125667,ms,lower_is_better,3.045125667,328.393672204,0,ok,ok,engine_runner_cli,work_unit_wall_sum_inline,24,box_contact_islands_10k,2,velocity_iterations=1; substeps=4; linear_damping=0; angular_damping=0; sleep=disabled; ccd=discrete; friction=0.5; restitution=0; worker_count=23,odin_dev_2026_09_windows_amd64_v3,24,23,,,23,yes,,,,,,,,,,,300,913.537700000,,,,,results/box-contact-islands-10k/intel-core-i7-13700k/2026-10-05_0800_ddr5-4800_threads-1-2-3-4-5-6-8-10-12-14-16-24_r5/raw/entasis/t24/entasis_t24_raw.csv
2026-10-05_0800_ddr5-4800_threads-1-2-3-4-5-6-8-10-12-14-16-24_r5,entasis,c380d34c57cf83e1cb481d712de4460d16c08774,windows,odin_dev_2026_09_windows_amd64_v3,box_contact_islands_10k,headless_api,24,step,300,30,2,10050,10050,0,0,median_ms_per_step,2.986000667,ms,lower_is_better,2.986000667,334.896107413,0,ok,ok,engine_runner_cli,work_unit_wall_sum_inline,24,box_contact_islands_10k,2,velocity_iterations=1; substeps=4; linear_damping=0; angular_damping=0; sleep=disabled; ccd=discrete; friction=0.5; restitution=0; worker_count=23,odin_dev_2026_09_windows_amd64_v3,24,23,,,23,yes,,,,,,,,,,,300,895.800200000,,,,,results/box-contact-islands-10k/intel-core-i7-13700k/2026-10-05_0800_ddr5-4800_threads-1-2-3-4-5-6-8-10-12-14-16-24_r5/raw/entasis/t24/entasis_t24_raw.csv
2026-10-05_0800_ddr5-4800_threads-1-2-3-4-5-6-8-10-12-14-16-24_r5,entasis,c380d34c57cf83e1cb481d712de4460d16c08774,windows,odin_dev_2026_09_windows_amd64_v3,box_contact_islands_10k,headless_api,24,step,300,30,3,10050,10050,0,0,median_ms_per_step,3.024514333,ms,lower_is_better,3.024514333,330.631595618,0,ok,ok,engine_runner_cli,work_unit_wall_sum_inline,24,box_contact_islands_10k,2,velocity_iterations=1; substeps=4; linear_damping=0; angular_damping=0; sleep=disabled; ccd=discrete; friction=0.5; restitution=0; worker_count=23,odin_dev_2026_09_windows_amd64_v3,24,23,,,23,yes,,,,,,,,,,,300,907.354300000,,,,,results/box-contact-islands-10k/intel-core-i7-13700k/2026-10-05_0800_ddr5-4800_threads-1-2-3-4-5-6-8-10-12-14-16-24_r5/raw/entasis/t24/entasis_t24_raw.csv
2026-10-05_0800_ddr5-4800_threads-1-2-3-4-5-6-8-10-12-14-16-24_r5,entasis,c380d34c57cf83e1cb481d712de4460d16c08774,windows,odin_dev_2026_09_windows_amd64_v3,box_contact_islands_10k,headless_api,24,step,300,30,4,10050,10050,0,0,median_ms_per_step,3.070168667,ms,lower_is_better,3.070168667,325.715004149,0,ok,ok,engine_runner_cli,work_unit_wall_sum_inline,24,box_contact_islands_10k,2,velocity_iterations=1; substeps=4; linear_damping=0; angular_damping=0; sleep=disabled; ccd=discrete; friction=0.5; restitution=0; worker_count=23,odin_dev_2026_09_windows_amd64_v3,24,23,,,23,yes,,,,,,,,,,,300,921.050600000,,,,,results/box-contact-islands-10k/intel-core-i7-13700k/2026-10-05_0800_ddr5-4800_threads-1-2-3-4-5-6-8-10-12-14-16-24_r5/raw/entasis/t24/entasis_t24_raw.csv
2026-10-05_0800_ddr5-4800_threads-1-2-3-4-5-6-8-10-12-14-16-24_r5,joltphysics,82b24442917ba8d9ced3582c2f2d8a49f4c969f6,windows,windows_clang_cl_distribution,box_contact_islands_10k,headless_api,1,step,300,30,0,10050,10050,0,0,median_ms_per_step,41.398989333,ms,lower_is_better,41.398989333,24.155179054,0,ok,ok,engine_runner_cli,work_unit_wall_sum_inline,1,box_contact_islands_10k,2,velocity_iterations=4; position_iterations=1; collision_steps=1; sleep=disabled; ccd=disabled; linear_damping=0.05; angular_damping=0.05; worker_count=0; islands=50,windows_clang_cl_distribution,1,0,,,0,yes,,,,,,,,,,,300,12419.696800000,,,,,results/box-contact-islands-10k/intel-core-i7-13700k/2026-10-05_0800_ddr5-4800_threads-1-2-3-4-5-6-8-10-12-14-16-24_r5/raw/joltphysics/t1/joltphysics_t1_raw.csv
2026-10-05_0800_ddr5-4800_threads-1-2-3-4-5-6-8-10-12-14-16-24_r5,nvidia_physx34,3.4.2,windows,vs2026_msbuild_release,box_contact_islands_10k,headless_api,1,step,300,30,0,10050,10050,0,0,median_ms_per_step,41.052503333,ms,lower_is_better,41.052503333,24.359050455,0,ok,ok,engine_runner_cli,work_unit_wall_sum_inline,1,box_contact_islands_10k,2,position_iterations=5; velocity_iterations=1; sleep=disabled; ccd=disabled; worker_count=1; islands=50,vs2026_msbuild_release,1,1,,,1,yes,,,,,,,,,,,300,12315.751000000,,,,,results/box-contact-islands-10k/intel-core-i7-13700k/2026-10-05_0800_ddr5-4800_threads-1-2-3-4-5-6-8-10-12-14-16-24_r5/raw/nvidia_physx34/t1/nvidia_physx34_t1_raw.csv
2026-10-05_0800_ddr5-4800_threads-1-2-3-4-5-6-8-10-12-14-16-24_r5,nvidia_physx34,3.4.2,windows,vs2026_msbuild_release,box_contact_islands_10k,headless_api,1,step,300,30,1,10050,10050,0,0,median_ms_per_step,40.396480667,ms,lower_is_better,40.396480667,24.754631678,0,ok,ok,engine_runner_cli,work_unit_wall_sum_inline,1,box_contact_islands_10k,2,position_iterations=5; velocity_iterations=1; sleep=disabled; ccd=disabled; worker_count=1; islands=50,vs2026_msbuild_release,1,1,,,1,yes,,,,,,,,,,,300,12118.944200000,,,,,results/box-contact-islands-10k/intel-core-i7-13700k/2026-10-05_0800_ddr5-4800_threads-1-2-3-4-5-6-8-10-12-14-16-24_r5/raw/nvidia_physx34/t1/nvidia_physx34_t1_raw.csv
2026-10-05_0800_ddr5-4800_threads-1-2-3-4-5-6-8-10-12-14-16-24_r5,nvidia_physx34,3.4.2,windows,vs2026_msbuild_release,box_contact_islands_10k,headless_api,1,step,300,30,2,10050,10050,0,0,median_ms_per_step,41.077409333,ms,lower_is_better,41.077409333,24.344281108,0,ok,ok,engine_runner_cli,work_unit_wall_sum_inline,1,box_contact_islands_10k,2,position_iterations=5; velocity_iterations=1; sleep=disabled; ccd=disabled; worker_count=1; islands=50,vs2026_msbuild_release,1,1,,,1,yes,,,,,,,,,,,300,12323.222800000,,,,,results/box-contact-islands-10k/intel-core-i7-13700k/2026-10-05_0800_ddr5-4800_threads-1-2-3-4-5-6-8-10-12-14-16-24_r5/raw/nvidia_physx34/t1/nvidia_physx34_t1_raw.csv
2026-10-05_0800_ddr5-4800_threads-1-2-3-4-5-6-8-10-12-14-16-24_r5,nvidia_physx34,3.4.2,windows,vs2026_msbuild_release,box_contact_islands_10k,headless_api,1,step,300,30,3,10050,10050,0,0,median_ms_per_step,41.334926000,ms,lower_is_better,41.334926000,24.192616191,0,ok,ok,engine_runner_cli,work_unit_wall_sum_inline,1,box_contact_islands_10k,2,position_iterations=5; velocity_iterations=1; sleep=disabled; ccd=disabled; worker_count=1; islands=50,vs2026_msbuild_release,1,1,,,1,yes,,,,,,,,,,,300,12400.477800000,,,,,results/box-contact-islands-10k/intel-core-i7-13700k/2026-10-05_0800_ddr5-4800_threads-1-2-3-4-5-6-8-10-12-14-16-24_r5/raw/nvidia_physx34/t1/nvidia_physx34_t1_raw.csv
2026-10-05_0800_ddr5-4800_threads-1-2-3-4-5-6-8-10-12-14-16-24_r5,nvidia_physx34,3.4.2,windows,vs2026_msbuild_release,box_contact_islands_10k,headless_api,1,step,300,30,4,10050,10050,0,0,median_ms_per_step,40.759589667,ms,lower_is_better,40.759589667,24.534103709,0,ok,ok,engine_runner_cli,work_unit_wall_sum_inline,1,box_contact_islands_10k,2,position_iterations=5; velocity_iterations=1; sleep=disabled; ccd=disabled; worker_count=1; islands=50,vs2026_msbuild_release,1,1,,,1,yes,,,,,,,,,,,300,12227.876900000,,,,,results/box-contact-islands-10k/intel-core-i7-13700k/2026-10-05_0800_ddr5-4800_threads-1-2-3-4-5-6-8-10-12-14-16-24_r5/raw/nvidia_physx34/t1/nvidia_physx34_t1_raw.csv
2026-10-05_0800_ddr5-4800_threads-1-2-3-4-5-6-8-10-12-14-16-24_r5,nvidia_physx34,3.4.2,windows,vs2026_msbuild_release,box_contact_islands_10k,headless_api,2,step,300,30,0,10050,10050,0,0,median_ms_per_step,21.296318333,ms,lower_is_better,21.296318333,46.956473149,0,ok,ok,engine_runner_cli,work_unit_wall_sum_inline,2,box_contact_islands_10k,2,position_iterations=5; velocity_iterations=1; sleep=disabled; ccd=disabled; worker_count=2; islands=50,vs2026_msbuild_release,2,2,,,2,yes,,,,,,,,,,,300,6388.895500000,,,,,results/box-contact-islands-10k/intel-core-i7-13700k/2026-10-05_0800_ddr5-4800_threads-1-2-3-4-5-6-8-10-12-14-16-24_r5/raw/nvidia_physx34/t2/nvidia_physx34_t2_raw.csv
2026-10-05_0800_ddr5-4800_threads-1-2-3-4-5-6-8-10-12-14-16-24_r5,nvidia_physx34,3.4.2,windows,vs2026_msbuild_release,box_contact_islands_10k,headless_api,2,step,300,30,1,10050,10050,0,0,median_ms_per_step,22.058239667,ms,lower_is_better,22.058239667,45.334533268,0,ok,ok,engine_runner_cli,work_unit_wall_sum_inline,2,box_contact_islands_10k,2,position_iterations=5; velocity_iterations=1; sleep=disabled; ccd=disabled; worker_count=2; islands=50,vs2026_msbuild_release,2,2,,,2,yes,,,,,,,,,,,300,6617.471900000,,,,,results/box-contact-islands-10k/intel-core-i7-13700k/2026-10-05_0800_ddr5-4800_threads-1-2-3-4-5-6-8-10-12-14-16-24_r5/raw/nvidia_physx34/t2/nvidia_physx34_t2_raw.csv
2026-10-05_0800_ddr5-4800_threads-1-2-3-4-5-6-8-10-12-14-16-24_r5,nvidia_physx34,3.4.2,windows,vs2026_msbuild_release,box_contact_islands_10k,headless_api,2,step,300,30,2,10050,10050,0,0,median_ms_per_step,21.288722333,ms,lower_is_better,21.288722333,46.973227625,0,ok,ok,engine_runner_cli,work_unit_wall_sum_inline,2,box_contact_islands_10k,2,position_iterations=5; velocity_iterations=1; sleep=disabled; ccd=disabled; worker_count=2; islands=50,vs2026_msbuild_release,2,2,,,2,yes,,,,,,,,,,,300,6386.616700000,,,,,results/box-contact-islands-10k/intel-core-i7-13700k/2026-10-05_0800_ddr5-4800_threads-1-2-3-4-5-6-8-10-12-14-16-24_r5/raw/nvidia_physx34/t2/nvidia_physx34_t2_raw.csv
2026-10-05_0800_ddr5-4800_threads-1-2-3-4-5-6-8-10-12-14-16-24_r5,nvidia_physx34,3.4.2,windows,vs2026_msbuild_release,box_contact_islands_10k,headless_api,2,step,300,30,3,10050,10050,0,0,median_ms_per_step,22.196769333,ms,lower_is_better,22.196769333,45.051601203,0,ok,ok,engine_runner_cli,work_unit_wall_sum_inline,2,box_contact_islands_10k,2,position_iterations=5; velocity_iterations=1; sleep=disabled; ccd=disabled; worker_count=2; islands=50,vs2026_msbuild_release,2,2,,,2,yes,,,,,,,,,,,300,6659.030800000,,,,,results/box-contact-islands-10k/intel-core-i7-13700k/2026-10-05_0800_ddr5-4800_threads-1-2-3-4-5-6-8-10-12-14-16-24_r5/raw/nvidia_physx34/t2/nvidia_physx34_t2_raw.csv
2026-10-05_0800_ddr5-4800_threads-1-2-3-4-5-6-8-10-12-14-16-24_r5,nvidia_physx34,3.4.2,windows,vs2026_msbuild_release,box_contact_islands_10k,headless_api,2,step,300,30,4,10050,10050,0,0,median_ms_per_step,21.876865000,ms,lower_is_better,21.876865000,45.710388577,0,ok,ok,engine_runner_cli,work_unit_wall_sum_inline,2,box_contact_islands_10k,2,position_iterations=5; velocity_iterations=1; sleep=disabled; ccd=disabled; worker_count=2; islands=50,vs2026_msbuild_release,2,2,,,2,yes,,,,,,,,,,,300,6563.059500000,,,,,results/box-contact-islands-10k/intel-core-i7-13700k/2026-10-05_0800_ddr5-4800_threads-1-2-3-4-5-6-8-10-12-14-16-24_r5/raw/nvidia_physx34/t2/nvidia_physx34_t2_raw.csv
2026-10-05_0800_ddr5-4800_threads-1-2-3-4-5-6-8-10-12-14-16-24_r5,nvidia_physx34,3.4.2,windows,vs2026_msbuild_release,box_contact_islands_10k,headless_api,3,step,300,30,0,10050,10050,0,0,median_ms_per_step,15.955557000,ms,lower_is_better,15.955557000,62.674089034,0,ok,ok,engine_runner_cli,work_unit_wall_sum_inline,3,box_contact_islands_10k,2,position_iterations=5; velocity_iterations=1; sleep=disabled; ccd=disabled; worker_count=3; islands=50,vs2026_msbuild_release,3,3,,,3,yes,,,,,,,,,,,300,4786.667100000,,,,,results/box-contact-islands-10k/intel-core-i7-13700k/2026-10-05_0800_ddr5-4800_threads-1-2-3-4-5-6-8-10-12-14-16-24_r5/raw/nvidia_physx34/t3/nvidia_physx34_t3_raw.csv
2026-10-05_0800_ddr5-4800_threads-1-2-3-4-5-6-8-10-12-14-16-24_r5,nvidia_physx34,3.4.2,windows,vs2026_msbuild_release,box_contact_islands_10k,headless_api,3,step,300,30,1,10050,10050,0,0,median_ms_per_step,15.389250667,ms,lower_is_better,15.389250667,64.980421832,0,ok,ok,engine_runner_cli,work_unit_wall_sum_inline,3,box_contact_islands_10k,2,position_iterations=5; velocity_iterations=1; sleep=disabled; ccd=disabled; worker_count=3; islands=50,vs2026_msbuild_release,3,3,,,3,yes,,,,,,,,,,,300,4616.775200000,,,,,results/box-contact-islands-10k/intel-core-i7-13700k/2026-10-05_0800_ddr5-4800_threads-1-2-3-4-5-6-8-10-12-14-16-24_r5/raw/nvidia_physx34/t3/nvidia_physx34_t3_raw.csv
2026-10-05_0800_ddr5-4800_threads-1-2-3-4-5-6-8-10-12-14-16-24_r5,nvidia_physx34,3.4.2,windows,vs2026_msbuild_release,box_contact_islands_10k,headless_api,3,step,300,30,2,10050,10050,0,0,median_ms_per_step,15.177968333,ms,lower_is_better,15.177968333,65.884970771,0,ok,ok,engine_runner_cli,work_unit_wall_sum_inline,3,box_contact_islands_10k,2,position_iterations=5; velocity_iterations=1; sleep=disabled; ccd=disabled; worker_count=3; islands=50,vs2026_msbuild_release,3,3,,,3,yes,,,,,,,,,,,300,4553.390500000,,,,,results/box-contact-islands-10k/intel-core-i7-13700k/2026-10-05_0800_ddr5-4800_threads-1-2-3-4-5-6-8-10-12-14-16-24_r5/raw/nvidia_physx34/t3/nvidia_physx34_t3_raw.csv
2026-10-05_0800_ddr5-4800_threads-1-2-3-4-5-6-8-10-12-14-16-24_r5,nvidia_physx34,3.4.2,windows,vs2026_msbuild_release,box_contact_islands_10k,headless_api,3,step,300,30,3,10050,10050,0,0,median_ms_per_step,15.640829333,ms,lower_is_better,15.640829333,63.935228669,0,ok,ok,engine_runner_cli,work_unit_wall_sum_inline,3,box_contact_islands_10k,2,position_iterations=5; velocity_iterations=1; sleep=disabled; ccd=disabled; worker_count=3; islands=50,vs2026_msbuild_release,3,3,,,3,yes,,,,,,,,,,,300,4692.248800000,,,,,results/box-contact-islands-10k/intel-core-i7-13700k/2026-10-05_0800_ddr5-4800_threads-1-2-3-4-5-6-8-10-12-14-16-24_r5/raw/nvidia_physx34/t3/nvidia_physx34_t3_raw.csv
2026-10-05_0800_ddr5-4800_threads-1-2-3-4-5-6-8-10-12-14-16-24_r5,nvidia_physx34,3.4.2,windows,vs2026_msbuild_release,box_contact_islands_10k,headless_api,3,step,300,30,4,10050,10050,0,0,median_ms_per_step,15.969476667,ms,lower_is_better,15.969476667,62.619459665,0,ok,ok,engine_runner_cli,work_unit_wall_sum_inline,3,box_contact_islands_10k,2,position_iterations=5; velocity_iterations=1; sleep=disabled; ccd=disabled; worker_count=3; islands=50,vs2026_msbuild_release,3,3,,,3,yes,,,,,,,,,,,300,4790.843000000,,,,,results/box-contact-islands-10k/intel-core-i7-13700k/2026-10-05_0800_ddr5-4800_threads-1-2-3-4-5-6-8-10-12-14-16-24_r5/raw/nvidia_physx34/t3/nvidia_physx34_t3_raw.csv
2026-10-05_0800_ddr5-4800_threads-1-2-3-4-5-6-8-10-12-14-16-24_r5,nvidia_physx34,3.4.2,windows,vs2026_msbuild_release,box_contact_islands_10k,headless_api,4,step,300,30,0,10050,10050,0,0,median_ms_per_step,12.003529333,ms,lower_is_better,12.003529333,83.308831280,0,ok,ok,engine_runner_cli,work_unit_wall_sum_inline,4,box_contact_islands_10k,2,position_iterations=5; velocity_iterations=1; sleep=disabled; ccd=disabled; worker_count=4; islands=50,vs2026_msbuild_release,4,4,,,4,yes,,,,,,,,,,,300,3601.058800000,,,,,results/box-contact-islands-10k/intel-core-i7-13700k/2026-10-05_0800_ddr5-4800_threads-1-2-3-4-5-6-8-10-12-14-16-24_r5/raw/nvidia_physx34/t4/nvidia_physx34_t4_raw.csv
2026-10-05_0800_ddr5-4800_threads-1-2-3-4-5-6-8-10-12-14-16-24_r5,nvidia_physx34,3.4.2,windows,vs2026_msbuild_release,box_contact_islands_10k,headless_api,4,step,300,30,1,10050,10050,0,0,median_ms_per_step,12.250771333,ms,lower_is_better,12.250771333,81.627513304,0,ok,ok,engine_runner_cli,work_unit_wall_sum_inline,4,box_contact_islands_10k,2,position_iterations=5; velocity_iterations=1; sleep=disabled; ccd=disabled; worker_count=4; islands=50,vs2026_msbuild_release,4,4,,,4,yes,,,,,,,,,,,300,3675.231400000,,,,,results/box-contact-islands-10k/intel-core-i7-13700k/2026-10-05_0800_ddr5-4800_threads-1-2-3-4-5-6-8-10-12-14-16-24_r5/raw/nvidia_physx34/t4/nvidia_physx34_t4_raw.csv
2026-10-05_0800_ddr5-4800_threads-1-2-3-4-5-6-8-10-12-14-16-24_r5,nvidia_physx34,3.4.2,windows,vs2026_msbuild_release,box_contact_islands_10k,headless_api,4,step,300,30,2,10050,10050,0,0,median_ms_per_step,12.287695667,ms,lower_is_better,12.287695667,81.382223903,0,ok,ok,engine_runner_cli,work_unit_wall_sum_inline,4,box_contact_islands_10k,2,position_iterations=5; velocity_iterations=1; sleep=disabled; ccd=disabled; worker_count=4; islands=50,vs2026_msbuild_release,4,4,,,4,yes,,,,,,,,,,,300,3686.308700000,,,,,results/box-contact-islands-10k/intel-core-i7-13700k/2026-10-05_0800_ddr5-4800_threads-1-2-3-4-5-6-8-10-12-14-16-24_r5/raw/nvidia_physx34/t4/nvidia_physx34_t4_raw.csv
2026-10-05_0800_ddr5-4800_threads-1-2-3-4-5-6-8-10-12-14-16-24_r5,nvidia_physx34,3.4.2,windows,vs2026_msbuild_release,box_contact_islands_10k,headless_api,4,step,300,30,3,10050,10050,0,0,median_ms_per_step,12.100836000,ms,lower_is_better,12.100836000,82.638918501,0,ok,ok,engine_runner_cli,work_unit_wall_sum_inline,4,box_contact_islands_10k,2,position_iterations=5; velocity_iterations=1; sleep=disabled; ccd=disabled; worker_count=4; islands=50,vs2026_msbuild_release,4,4,,,4,yes,,,,,,,,,,,300,3630.250800000,,,,,results/box-contact-islands-10k/intel-core-i7-13700k/2026-10-05_0800_ddr5-4800_threads-1-2-3-4-5-6-8-10-12-14-16-24_r5/raw/nvidia_physx34/t4/nvidia_physx34_t4_raw.csv
2026-10-05_0800_ddr5-4800_threads-1-2-3-4-5-6-8-10-12-14-16-24_r5,nvidia_physx34,3.4.2,windows,vs2026_msbuild_release,box_contact_islands_10k,headless_api,4,step,300,30,4,10050,10050,0,0,median_ms_per_step,12.030285333,ms,lower_is_better,12.030285333,83.123547970,0,ok,ok,engine_runner_cli,work_unit_wall_sum_inline,4,box_contact_islands_10k,2,position_iterations=5; velocity_iterations=1; sleep=disabled; ccd=disabled; worker_count=4; islands=50,vs2026_msbuild_release,4,4,,,4,yes,,,,,,,,,,,300,3609.085600000,,,,,results/box-contact-islands-10k/intel-core-i7-13700k/2026-10-05_0800_ddr5-4800_threads-1-2-3-4-5-6-8-10-12-14-16-24_r5/raw/nvidia_physx34/t4/nvidia_physx34_t4_raw.csv
2026-10-05_0800_ddr5-4800_threads-1-2-3-4-5-6-8-10-12-14-16-24_r5,nvidia_physx34,3.4.2,windows,vs2026_msbuild_release,box_contact_islands_10k,headless_api,5,step,300,30,0,10050,10050,0,0,median_ms_per_step,10.204740333,ms,lower_is_better,10.204740333,97.993674247,0,ok,ok,engine_runner_cli,work_unit_wall_sum_inline,5,box_contact_islands_10k,2,position_iterations=5; velocity_iterations=1; sleep=disabled; ccd=disabled; worker_count=5; islands=50,vs2026_msbuild_release,5,5,,,5,yes,,,,,,,,,,,300,3061.422100000,,,,,results/box-contact-islands-10k/intel-core-i7-13700k/2026-10-05_0800_ddr5-4800_threads-1-2-3-4-5-6-8-10-12-14-16-24_r5/raw/nvidia_physx34/t5/nvidia_physx34_t5_raw.csv
2026-10-05_0800_ddr5-4800_threads-1-2-3-4-5-6-8-10-12-14-16-24_r5,nvidia_physx34,3.4.2,windows,vs2026_msbuild_release,box_contact_islands_10k,headless_api,5,step,300,30,1,10050,10050,0,0,median_ms_per_step,10.260917000,ms,lower_is_better,10.260917000,97.457176586,0,ok,ok,engine_runner_cli,work_unit_wall_sum_inline,5,box_contact_islands_10k,2,position_iterations=5; velocity_iterations=1; sleep=disabled; ccd=disabled; worker_count=5; islands=50,vs2026_msbuild_release,5,5,,,5,yes,,,,,,,,,,,300,3078.275100000,,,,,results/box-contact-islands-10k/intel-core-i7-13700k/2026-10-05_0800_ddr5-4800_threads-1-2-3-4-5-6-8-10-12-14-16-24_r5/raw/nvidia_physx34/t5/nvidia_physx34_t5_raw.csv
2026-10-05_0800_ddr5-4800_threads-1-2-3-4-5-6-8-10-12-14-16-24_r5,nvidia_physx34,3.4.2,windows,vs2026_msbuild_release,box_contact_islands_10k,headless_api,5,step,300,30,2,10050,10050,0,0,median_ms_per_step,9.759520333,ms,lower_is_better,9.759520333,102.464052110,0,ok,ok,engine_runner_cli,work_unit_wall_sum_inline,5,box_contact_islands_10k,2,position_iterations=5; velocity_iterations=1; sleep=disabled; ccd=disabled; worker_count=5; islands=50,vs2026_msbuild_release,5,5,,,5,yes,,,,,,,,,,,300,2927.856100000,,,,,results/box-contact-islands-10k/intel-core-i7-13700k/2026-10-05_0800_ddr5-4800_threads-1-2-3-4-5-6-8-10-12-14-16-24_r5/raw/nvidia_physx34/t5/nvidia_physx34_t5_raw.csv
2026-10-05_0800_ddr5-4800_threads-1-2-3-4-5-6-8-10-12-14-16-24_r5,nvidia_physx34,3.4.2,windows,vs2026_msbuild_release,box_contact_islands_10k,headless_api,5,step,300,30,3,10050,10050,0,0,median_ms_per_step,9.932591000,ms,lower_is_better,9.932591000,100.678664812,0,ok,ok,engine_runner_cli,work_unit_wall_sum_inline,5,box_contact_islands_10k,2,position_iterations=5; velocity_iterations=1; sleep=disabled; ccd=disabled; worker_count=5; islands=50,vs2026_msbuild_release,5,5,,,5,yes,,,,,,,,,,,300,2979.777300000,,,,,results/box-contact-islands-10k/intel-core-i7-13700k/2026-10-05_0800_ddr5-4800_threads-1-2-3-4-5-6-8-10-12-14-16-24_r5/raw/nvidia_physx34/t5/nvidia_physx34_t5_raw.csv
2026-10-05_0800_ddr5-4800_threads-1-2-3-4-5-6-8-10-12-14-16-24_r5,nvidia_physx34,3.4.2,windows,vs2026_msbuild_release,box_contact_islands_10k,headless_api,5,step,300,30,4,10050,10050,0,0,median_ms_per_step,9.883969000,ms,lower_is_better,9.883969000,101.173931242,0,ok,ok,engine_runner_cli,work_unit_wall_sum_inline,5,box_contact_islands_10k,2,position_iterations=5; velocity_iterations=1; sleep=disabled; ccd=disabled; worker_count=5; islands=50,vs2026_msbuild_release,5,5,,,5,yes,,,,,,,,,,,300,2965.190700000,,,,,results/box-contact-islands-10k/intel-core-i7-13700k/2026-10-05_0800_ddr5-4800_threads-1-2-3-4-5-6-8-10-12-14-16-24_r5/raw/nvidia_physx34/t5/nvidia_physx34_t5_raw.csv
2026-10-05_0800_ddr5-4800_threads-1-2-3-4-5-6-8-10-12-14-16-24_r5,nvidia_physx34,3.4.2,windows,vs2026_msbuild_release,box_contact_islands_10k,headless_api,6,step,300,30,0,10050,10050,0,0,median_ms_per_step,8.792278000,ms,lower_is_better,8.792278000,113.736167123,0,ok,ok,engine_runner_cli,work_unit_wall_sum_inline,6,box_contact_islands_10k,2,position_iterations=5; velocity_iterations=1; sleep=disabled; ccd=disabled; worker_count=6; islands=50,vs2026_msbuild_release,6,6,,,6,yes,,,,,,,,,,,300,2637.683400000,,,,,results/box-contact-islands-10k/intel-core-i7-13700k/2026-10-05_0800_ddr5-4800_threads-1-2-3-4-5-6-8-10-12-14-16-24_r5/raw/nvidia_physx34/t6/nvidia_physx34_t6_raw.csv
2026-10-05_0800_ddr5-4800_threads-1-2-3-4-5-6-8-10-12-14-16-24_r5,nvidia_physx34,3.4.2,windows,vs2026_msbuild_release,box_contact_islands_10k,headless_api,6,step,300,30,1,10050,10050,0,0,median_ms_per_step,8.791425333,ms,lower_is_better,8.791425333,113.747198217,0,ok,ok,engine_runner_cli,work_unit_wall_sum_inline,6,box_contact_islands_10k,2,position_iterations=5; velocity_iterations=1; sleep=disabled; ccd=disabled; worker_count=6; islands=50,vs2026_msbuild_release,6,6,,,6,yes,,,,,,,,,,,300,2637.427600000,,,,,results/box-contact-islands-10k/intel-core-i7-13700k/2026-10-05_0800_ddr5-4800_threads-1-2-3-4-5-6-8-10-12-14-16-24_r5/raw/nvidia_physx34/t6/nvidia_physx34_t6_raw.csv
2026-10-05_0800_ddr5-4800_threads-1-2-3-4-5-6-8-10-12-14-16-24_r5,nvidia_physx34,3.4.2,windows,vs2026_msbuild_release,box_contact_islands_10k,headless_api,6,step,300,30,2,10050,10050,0,0,median_ms_per_step,8.831371333,ms,lower_is_better,8.831371333,113.232697647,0,ok,ok,engine_runner_cli,work_unit_wall_sum_inline,6,box_contact_islands_10k,2,position_iterations=5; velocity_iterations=1; sleep=disabled; ccd=disabled; worker_count=6; islands=50,vs2026_msbuild_release,6,6,,,6,yes,,,,,,,,,,,300,2649.411400000,,,,,results/box-contact-islands-10k/intel-core-i7-13700k/2026-10-05_0800_ddr5-4800_threads-1-2-3-4-5-6-8-10-12-14-16-24_r5/raw/nvidia_physx34/t6/nvidia_physx34_t6_raw.csv
2026-10-05_0800_ddr5-4800_threads-1-2-3-4-5-6-8-10-12-14-16-24_r5,nvidia_physx34,3.4.2,windows,vs2026_msbuild_release,box_contact_islands_10k,headless_api,6,step,300,30,3,10050,10050,0,0,median_ms_per_step,8.801426333,ms,lower_is_better,8.801426333,113.617948061,0,ok,ok,engine_runner_cli,work_unit_wall_sum_inline,6,box_contact_islands_10k,2,position_iterations=5; velocity_iterations=1; sleep=disabled; ccd=disabled; worker_count=6; islands=50,vs2026_msbuild_release,6,6,,,6,yes,,,,,,,,,,,300,2640.427900000,,,,,results/box-contact-islands-10k/intel-core-i7-13700k/2026-10-05_0800_ddr5-4800_threads-1-2-3-4-5-6-8-10-12-14-16-24_r5/raw/nvidia_physx34/t6/nvidia_physx34_t6_raw.csv
2026-10-05_0800_ddr5-4800_threads-1-2-3-4-5-6-8-10-12-14-16-24_r5,nvidia_physx34,3.4.2,windows,vs2026_msbuild_release,box_contact_islands_10k,headless_api,6,step,300,30,4,10050,10050,0,0,median_ms_per_step,8.669568667,ms,lower_is_better,8.669568667,115.345992223,0,ok,ok,engine_runner_cli,work_unit_wall_sum_inline,6,box_contact_islands_10k,2,position_iterations=5; velocity_iterations=1; sleep=disabled; ccd=disabled; worker_count=6; islands=50,vs2026_msbuild_release,6,6,,,6,yes,,,,,,,,,,,300,2600.870600000,,,,,results/box-contact-islands-10k/intel-core-i7-13700k/2026-10-05_0800_ddr5-4800_threads-1-2-3-4-5-6-8-10-12-14-16-24_r5/raw/nvidia_physx34/t6/nvidia_physx34_t6_raw.csv
2026-10-05_0800_ddr5-4800_threads-1-2-3-4-5-6-8-10-12-14-16-24_r5,nvidia_physx34,3.4.2,windows,vs2026_msbuild_release,box_contact_islands_10k,headless_api,8,step,300,30,0,10050,10050,0,0,median_ms_per_step,7.536364000,ms,lower_is_better,7.536364000,132.689981535,0,ok,ok,engine_runner_cli,work_unit_wall_sum_inline,8,box_contact_islands_10k,2,position_iterations=5; velocity_iterations=1; sleep=disabled; ccd=disabled; worker_count=8; islands=50,vs2026_msbuild_release,8,8,,,8,yes,,,,,,,,,,,300,2260.909200000,,,,,results/box-contact-islands-10k/intel-core-i7-13700k/2026-10-05_0800_ddr5-4800_threads-1-2-3-4-5-6-8-10-12-14-16-24_r5/raw/nvidia_physx34/t8/nvidia_physx34_t8_raw.csv
2026-10-05_0800_ddr5-4800_threads-1-2-3-4-5-6-8-10-12-14-16-24_r5,nvidia_physx34,3.4.2,windows,vs2026_msbuild_release,box_contact_islands_10k,headless_api,8,step,300,30,1,10050,10050,0,0,median_ms_per_step,7.510262667,ms,lower_is_better,7.510262667,133.151135238,0,ok,ok,engine_runner_cli,work_unit_wall_sum_inline,8,box_contact_islands_10k,2,position_iterations=5; velocity_iterations=1; sleep=disabled; ccd=disabled; worker_count=8; islands=50,vs2026_msbuild_release,8,8,,,8,yes,,,,,,,,,,,300,2253.078800000,,,,,results/box-contact-islands-10k/intel-core-i7-13700k/2026-10-05_0800_ddr5-4800_threads-1-2-3-4-5-6-8-10-12-14-16-24_r5/raw/nvidia_physx34/t8/nvidia_physx34_t8_raw.csv
2026-10-05_0800_ddr5-4800_threads-1-2-3-4-5-6-8-10-12-14-16-24_r5,nvidia_physx34,3.4.2,windows,vs2026_msbuild_release,box_contact_islands_10k,headless_api,8,step,300,30,2,10050,10050,0,0,median_ms_per_step,7.584325667,ms,lower_is_better,7.584325667,131.850878239,0,ok,ok,engine_runner_cli,work_unit_wall_sum_inline,8,box_contact_islands_10k,2,position_iterations=5; velocity_iterations=1; sleep=disabled; ccd=disabled; worker_count=8; islands=50,vs2026_msbuild_release,8,8,,,8,yes,,,,,,,,,,,300,2275.297700000,,,,,results/box-contact-islands-10k/intel-core-i7-13700k/2026-10-05_0800_ddr5-4800_threads-1-2-3-4-5-6-8-10-12-14-16-24_r5/raw/nvidia_physx34/t8/nvidia_physx34_t8_raw.csv
2026-10-05_0800_ddr5-4800_threads-1-2-3-4-5-6-8-10-12-14-16-24_r5,nvidia_physx34,3.4.2,windows,vs2026_msbuild_release,box_contact_islands_10k,headless_api,8,step,300,30,3,10050,10050,0,0,median_ms_per_step,7.462992333,ms,lower_is_better,7.462992333,133.994509888,0,ok,ok,engine_runner_cli,work_unit_wall_sum_inline,8,box_contact_islands_10k,2,position_iterations=5; velocity_iterations=1; sleep=disabled; ccd=disabled; worker_count=8; islands=50,vs2026_msbuild_release,8,8,,,8,yes,,,,,,,,,,,300,2238.897700000,,,,,results/box-contact-islands-10k/intel-core-i7-13700k/2026-10-05_0800_ddr5-4800_threads-1-2-3-4-5-6-8-10-12-14-16-24_r5/raw/nvidia_physx34/t8/nvidia_physx34_t8_raw.csv
2026-10-05_0800_ddr5-4800_threads-1-2-3-4-5-6-8-10-12-14-16-24_r5,nvidia_physx34,3.4.2,windows,vs2026_msbuild_release,box_contact_islands_10k,headless_api,8,step,300,30,4,10050,10050,0,0,median_ms_per_step,7.619136333,ms,lower_is_better,7.619136333,131.248471776,0,ok,ok,engine_runner_cli,work_unit_wall_sum_inline,8,box_contact_islands_10k,2,position_iterations=5; velocity_iterations=1; sleep=disabled; ccd=disabled; worker_count=8; islands=50,vs2026_msbuild_release,8,8,,,8,yes,,,,,,,,,,,300,2285.740900000,,,,,results/box-contact-islands-10k/intel-core-i7-13700k/2026-10-05_0800_ddr5-4800_threads-1-2-3-4-5-6-8-10-12-14-16-24_r5/raw/nvidia_physx34/t8/nvidia_physx34_t8_raw.csv
2026-10-05_0800_ddr5-4800_threads-1-2-3-4-5-6-8-10-12-14-16-24_r5,nvidia_physx34,3.4.2,windows,vs2026_msbuild_release,box_contact_islands_10k,headless_api,10,step,300,30,0,10050,10050,0,0,median_ms_per_step,7.003342333,ms,lower_is_better,7.003342333,142.788964526,0,ok,ok,engine_runner_cli,work_unit_wall_sum_inline,10,box_contact_islands_10k,2,position_iterations=5; velocity_iterations=1; sleep=disabled; ccd=disabled; worker_count=10; islands=50,vs2026_msbuild_release,10,10,,,10,yes,,,,,,,,,,,300,2101.002700000,,,,,results/box-contact-islands-10k/intel-core-i7-13700k/2026-10-05_0800_ddr5-4800_threads-1-2-3-4-5-6-8-10-12-14-16-24_r5/raw/nvidia_physx34/t10/nvidia_physx34_t10_raw.csv
2026-10-05_0800_ddr5-4800_threads-1-2-3-4-5-6-8-10-12-14-16-24_r5,nvidia_physx34,3.4.2,windows,vs2026_msbuild_release,box_contact_islands_10k,headless_api,10,step,300,30,1,10050,10050,0,0,median_ms_per_step,6.905575000,ms,lower_is_better,6.905575000,144.810533518,0,ok,ok,engine_runner_cli,work_unit_wall_sum_inline,10,box_contact_islands_10k,2,position_iterations=5; velocity_iterations=1; sleep=disabled; ccd=disabled; worker_count=10; islands=50,vs2026_msbuild_release,10,10,,,10,yes,,,,,,,,,,,300,2071.672500000,,,,,results/box-contact-islands-10k/intel-core-i7-13700k/2026-10-05_0800_ddr5-4800_threads-1-2-3-4-5-6-8-10-12-14-16-24_r5/raw/nvidia_physx34/t10/nvidia_physx34_t10_raw.csv
2026-10-05_0800_ddr5-4800_threads-1-2-3-4-5-6-8-10-12-14-16-24_r5,nvidia_physx34,3.4.2,windows,vs2026_msbuild_release,box_contact_islands_10k,headless_api,10,step,300,30,2,10050,10050,0,0,median_ms_per_step,6.995386000,ms,lower_is_better,6.995386000,142.951368230,0,ok,ok,engine_runner_cli,work_unit_wall_sum_inline,10,box_contact_islands_10k,2,position_iterations=5; velocity_iterations=1; sleep=disabled; ccd=disabled; worker_count=10; islands=50,vs2026_msbuild_release,10,10,,,10,yes,,,,,,,,,,,300,2098.615800000,,,,,results/box-contact-islands-10k/intel-core-i7-13700k/2026-10-05_0800_ddr5-4800_threads-1-2-3-4-5-6-8-10-12-14-16-24_r5/raw/nvidia_physx34/t10/nvidia_physx34_t10_raw.csv
2026-10-05_0800_ddr5-4800_threads-1-2-3-4-5-6-8-10-12-14-16-24_r5,nvidia_physx34,3.4.2,windows,vs2026_msbuild_release,box_contact_islands_10k,headless_api,10,step,300,30,3,10050,10050,0,0,median_ms_per_step,7.028404333,ms,lower_is_better,7.028404333,142.279805283,0,ok,ok,engine_runner_cli,work_unit_wall_sum_inline,10,box_contact_islands_10k,2,position_iterations=5; velocity_iterations=1; sleep=disabled; ccd=disabled; worker_count=10; islands=50,vs2026_msbuild_release,10,10,,,10,yes,,,,,,,,,,,300,2108.521300000,,,,,results/box-contact-islands-10k/intel-core-i7-13700k/2026-10-05_0800_ddr5-4800_threads-1-2-3-4-5-6-8-10-12-14-16-24_r5/raw/nvidia_physx34/t10/nvidia_physx34_t10_raw.csv
2026-10-05_0800_ddr5-4800_threads-1-2-3-4-5-6-8-10-12-14-16-24_r5,nvidia_physx34,3.4.2,windows,vs2026_msbuild_release,box_contact_islands_10k,headless_api,10,step,300,30,4,10050,10050,0,0,median_ms_per_step,7.032551333,ms,lower_is_better,7.032551333,142.195904815,0,ok,ok,engine_runner_cli,work_unit_wall_sum_inline,10,box_contact_islands_10k,2,position_iterations=5; velocity_iterations=1; sleep=disabled; ccd=disabled; worker_count=10; islands=50,vs2026_msbuild_release,10,10,,,10,yes,,,,,,,,,,,300,2109.765400000,,,,,results/box-contact-islands-10k/intel-core-i7-13700k/2026-10-05_0800_ddr5-4800_threads-1-2-3-4-5-6-8-10-12-14-16-24_r5/raw/nvidia_physx34/t10/nvidia_physx34_t10_raw.csv
2026-10-05_0800_ddr5-4800_threads-1-2-3-4-5-6-8-10-12-14-16-24_r5,nvidia_physx34,3.4.2,windows,vs2026_msbuild_release,box_contact_islands_10k,headless_api,12,step,300,30,0,10050,10050,0,0,median_ms_per_step,6.621190000,ms,lower_is_better,6.621190000,151.030252870,0,ok,ok,engine_runner_cli,work_unit_wall_sum_inline,12,box_contact_islands_10k,2,position_iterations=5; velocity_iterations=1; sleep=disabled; ccd=disabled; worker_count=12; islands=50,vs2026_msbuild_release,12,12,,,12,yes,,,,,,,,,,,300,1986.357000000,,,,,results/box-contact-islands-10k/intel-core-i7-13700k/2026-10-05_0800_ddr5-4800_threads-1-2-3-4-5-6-8-10-12-14-16-24_r5/raw/nvidia_physx34/t12/nvidia_physx34_t12_raw.csv
2026-10-05_0800_ddr5-4800_threads-1-2-3-4-5-6-8-10-12-14-16-24_r5,nvidia_physx34,3.4.2,windows,vs2026_msbuild_release,box_contact_islands_10k,headless_api,12,step,300,30,1,10050,10050,0,0,median_ms_per_step,6.621331000,ms,lower_is_better,6.621331000,151.027036709,0,ok,ok,engine_runner_cli,work_unit_wall_sum_inline,12,box_contact_islands_10k,2,position_iterations=5; velocity_iterations=1; sleep=disabled; ccd=disabled; worker_count=12; islands=50,vs2026_msbuild_release,12,12,,,12,yes,,,,,,,,,,,300,1986.399300000,,,,,results/box-contact-islands-10k/intel-core-i7-13700k/2026-10-05_0800_ddr5-4800_threads-1-2-3-4-5-6-8-10-12-14-16-24_r5/raw/nvidia_physx34/t12/nvidia_physx34_t12_raw.csv
2026-10-05_0800_ddr5-4800_threads-1-2-3-4-5-6-8-10-12-14-16-24_r5,nvidia_physx34,3.4.2,windows,vs2026_msbuild_release,box_contact_islands_10k,headless_api,12,step,300,30,2,10050,10050,0,0,median_ms_per_step,6.563010000,ms,lower_is_better,6.563010000,152.369111124,0,ok,ok,engine_runner_cli,work_unit_wall_sum_inline,12,box_contact_islands_10k,2,position_iterations=5; velocity_iterations=1; sleep=disabled; ccd=disabled; worker_count=12; islands=50,vs2026_msbuild_release,12,12,,,12,yes,,,,,,,,,,,300,1968.903000000,,,,,results/box-contact-islands-10k/intel-core-i7-13700k/2026-10-05_0800_ddr5-4800_threads-1-2-3-4-5-6-8-10-12-14-16-24_r5/raw/nvidia_physx34/t12/nvidia_physx34_t12_raw.csv
2026-10-05_0800_ddr5-4800_threads-1-2-3-4-5-6-8-10-12-14-16-24_r5,nvidia_physx34,3.4.2,windows,vs2026_msbuild_release,box_contact_islands_10k,headless_api,12,step,300,30,3,10050,10050,0,0,median_ms_per_step,6.581354333,ms,lower_is_better,6.581354333,151.944409821,0,ok,ok,engine_runner_cli,work_unit_wall_sum_inline,12,box_contact_islands_10k,2,position_iterations=5; velocity_iterations=1; sleep=disabled; ccd=disabled; worker_count=12; islands=50,vs2026_msbuild_release,12,12,,,12,yes,,,,,,,,,,,300,1974.406300000,,,,,results/box-contact-islands-10k/intel-core-i7-13700k/2026-10-05_0800_ddr5-4800_threads-1-2-3-4-5-6-8-10-12-14-16-24_r5/raw/nvidia_physx34/t12/nvidia_physx34_t12_raw.csv
2026-10-05_0800_ddr5-4800_threads-1-2-3-4-5-6-8-10-12-14-16-24_r5,nvidia_physx34,3.4.2,windows,vs2026_msbuild_release,box_contact_islands_10k,headless_api,12,step,300,30,4,10050,10050,0,0,median_ms_per_step,6.613109333,ms,lower_is_better,6.613109333,151.214799211,0,ok,ok,engine_runner_cli,work_unit_wall_sum_inline,12,box_contact_islands_10k,2,position_iterations=5; velocity_iterations=1; sleep=disabled; ccd=disabled; worker_count=12; islands=50,vs2026_msbuild_release,12,12,,,12,yes,,,,,,,,,,,300,1983.932800000,,,,,results/box-contact-islands-10k/intel-core-i7-13700k/2026-10-05_0800_ddr5-4800_threads-1-2-3-4-5-6-8-10-12-14-16-24_r5/raw/nvidia_physx34/t12/nvidia_physx34_t12_raw.csv
2026-10-05_0800_ddr5-4800_threads-1-2-3-4-5-6-8-10-12-14-16-24_r5,nvidia_physx34,3.4.2,windows,vs2026_msbuild_release,box_contact_islands_10k,headless_api,14,step,300,30,0,10050,10050,0,0,median_ms_per_step,6.352396667,ms,lower_is_better,6.352396667,157.420899933,0,ok,ok,engine_runner_cli,work_unit_wall_sum_inline,14,box_contact_islands_10k,2,position_iterations=5; velocity_iterations=1; sleep=disabled; ccd=disabled; worker_count=14; islands=50,vs2026_msbuild_release,14,14,,,14,yes,,,,,,,,,,,300,1905.719000000,,,,,results/box-contact-islands-10k/intel-core-i7-13700k/2026-10-05_0800_ddr5-4800_threads-1-2-3-4-5-6-8-10-12-14-16-24_r5/raw/nvidia_physx34/t14/nvidia_physx34_t14_raw.csv
2026-10-05_0800_ddr5-4800_threads-1-2-3-4-5-6-8-10-12-14-16-24_r5,nvidia_physx34,3.4.2,windows,vs2026_msbuild_release,box_contact_islands_10k,headless_api,14,step,300,30,1,10050,10050,0,0,median_ms_per_step,6.333862333,ms,lower_is_better,6.333862333,157.881549578,0,ok,ok,engine_runner_cli,work_unit_wall_sum_inline,14,box_contact_islands_10k,2,position_iterations=5; velocity_iterations=1; sleep=disabled; ccd=disabled; worker_count=14; islands=50,vs2026_msbuild_release,14,14,,,14,yes,,,,,,,,,,,300,1900.158700000,,,,,results/box-contact-islands-10k/intel-core-i7-13700k/2026-10-05_0800_ddr5-4800_threads-1-2-3-4-5-6-8-10-12-14-16-24_r5/raw/nvidia_physx34/t14/nvidia_physx34_t14_raw.csv
2026-10-05_0800_ddr5-4800_threads-1-2-3-4-5-6-8-10-12-14-16-24_r5,nvidia_physx34,3.4.2,windows,vs2026_msbuild_release,box_contact_islands_10k,headless_api,14,step,300,30,2,10050,10050,0,0,median_ms_per_step,6.306378000,ms,lower_is_better,6.306378000,158.569625861,0,ok,ok,engine_runner_cli,work_unit_wall_sum_inline,14,box_contact_islands_10k,2,position_iterations=5; velocity_iterations=1; sleep=disabled; ccd=disabled; worker_count=14; islands=50,vs2026_msbuild_release,14,14,,,14,yes,,,,,,,,,,,300,1891.913400000,,,,,results/box-contact-islands-10k/intel-core-i7-13700k/2026-10-05_0800_ddr5-4800_threads-1-2-3-4-5-6-8-10-12-14-16-24_r5/raw/nvidia_physx34/t14/nvidia_physx34_t14_raw.csv
2026-10-05_0800_ddr5-4800_threads-1-2-3-4-5-6-8-10-12-14-16-24_r5,nvidia_physx34,3.4.2,windows,vs2026_msbuild_release,box_contact_islands_10k,headless_api,14,step,300,30,3,10050,10050,0,0,median_ms_per_step,6.330280333,ms,lower_is_better,6.330280333,157.970887124,0,ok,ok,engine_runner_cli,work_unit_wall_sum_inline,14,box_contact_islands_10k,2,position_iterations=5; velocity_iterations=1; sleep=disabled; ccd=disabled; worker_count=14; islands=50,vs2026_msbuild_release,14,14,,,14,yes,,,,,,,,,,,300,1899.084100000,,,,,results/box-contact-islands-10k/intel-core-i7-13700k/2026-10-05_0800_ddr5-4800_threads-1-2-3-4-5-6-8-10-12-14-16-24_r5/raw/nvidia_physx34/t14/nvidia_physx34_t14_raw.csv
2026-10-05_0800_ddr5-4800_threads-1-2-3-4-5-6-8-10-12-14-16-24_r5,nvidia_physx34,3.4.2,windows,vs2026_msbuild_release,box_contact_islands_10k,headless_api,14,step,300,30,4,10050,10050,0,0,median_ms_per_step,6.299380333,ms,lower_is_better,6.299380333,158.745772931,0,ok,ok,engine_runner_cli,work_unit_wall_sum_inline,14,box_contact_islands_10k,2,position_iterations=5; velocity_iterations=1; sleep=disabled; ccd=disabled; worker_count=14; islands=50,vs2026_msbuild_release,14,14,,,14,yes,,,,,,,,,,,300,1889.814100000,,,,,results/box-contact-islands-10k/intel-core-i7-13700k/2026-10-05_0800_ddr5-4800_threads-1-2-3-4-5-6-8-10-12-14-16-24_r5/raw/nvidia_physx34/t14/nvidia_physx34_t14_raw.csv
2026-10-05_0800_ddr5-4800_threads-1-2-3-4-5-6-8-10-12-14-16-24_r5,nvidia_physx34,3.4.2,windows,vs2026_msbuild_release,box_contact_islands_10k,headless_api,16,step,300,30,0,10050,10050,0,0,median_ms_per_step,5.916402000,ms,lower_is_better,5.916402000,169.021645250,0,ok,ok,engine_runner_cli,work_unit_wall_sum_inline,16,box_contact_islands_10k,2,position_iterations=5; velocity_iterations=1; sleep=disabled; ccd=disabled; worker_count=16; islands=50,vs2026_msbuild_release,16,16,,,16,yes,,,,,,,,,,,300,1774.920600000,,,,,results/box-contact-islands-10k/intel-core-i7-13700k/2026-10-05_0800_ddr5-4800_threads-1-2-3-4-5-6-8-10-12-14-16-24_r5/raw/nvidia_physx34/t16/nvidia_physx34_t16_raw.csv
2026-10-05_0800_ddr5-4800_threads-1-2-3-4-5-6-8-10-12-14-16-24_r5,nvidia_physx34,3.4.2,windows,vs2026_msbuild_release,box_contact_islands_10k,headless_api,16,step,300,30,1,10050,10050,0,0,median_ms_per_step,5.918834667,ms,lower_is_better,5.918834667,168.952176622,0,ok,ok,engine_runner_cli,work_unit_wall_sum_inline,16,box_contact_islands_10k,2,position_iterations=5; velocity_iterations=1; sleep=disabled; ccd=disabled; worker_count=16; islands=50,vs2026_msbuild_release,16,16,,,16,yes,,,,,,,,,,,300,1775.650400000,,,,,results/box-contact-islands-10k/intel-core-i7-13700k/2026-10-05_0800_ddr5-4800_threads-1-2-3-4-5-6-8-10-12-14-16-24_r5/raw/nvidia_physx34/t16/nvidia_physx34_t16_raw.csv
2026-10-05_0800_ddr5-4800_threads-1-2-3-4-5-6-8-10-12-14-16-24_r5,nvidia_physx34,3.4.2,windows,vs2026_msbuild_release,box_contact_islands_10k,headless_api,16,step,300,30,2,10050,10050,0,0,median_ms_per_step,5.890981000,ms,lower_is_better,5.890981000,169.751014305,0,ok,ok,engine_runner_cli,work_unit_wall_sum_inline,16,box_contact_islands_10k,2,position_iterations=5; velocity_iterations=1; sleep=disabled; ccd=disabled; worker_count=16; islands=50,vs2026_msbuild_release,16,16,,,16,yes,,,,,,,,,,,300,1767.294300000,,,,,results/box-contact-islands-10k/intel-core-i7-13700k/2026-10-05_0800_ddr5-4800_threads-1-2-3-4-5-6-8-10-12-14-16-24_r5/raw/nvidia_physx34/t16/nvidia_physx34_t16_raw.csv
2026-10-05_0800_ddr5-4800_threads-1-2-3-4-5-6-8-10-12-14-16-24_r5,nvidia_physx34,3.4.2,windows,vs2026_msbuild_release,box_contact_islands_10k,headless_api,16,step,300,30,3,10050,10050,0,0,median_ms_per_step,5.895642333,ms,lower_is_better,5.895642333,169.616802286,0,ok,ok,engine_runner_cli,work_unit_wall_sum_inline,16,box_contact_islands_10k,2,position_iterations=5; velocity_iterations=1; sleep=disabled; ccd=disabled; worker_count=16; islands=50,vs2026_msbuild_release,16,16,,,16,yes,,,,,,,,,,,300,1768.692700000,,,,,results/box-contact-islands-10k/intel-core-i7-13700k/2026-10-05_0800_ddr5-4800_threads-1-2-3-4-5-6-8-10-12-14-16-24_r5/raw/nvidia_physx34/t16/nvidia_physx34_t16_raw.csv
2026-10-05_0800_ddr5-4800_threads-1-2-3-4-5-6-8-10-12-14-16-24_r5,nvidia_physx34,3.4.2,windows,vs2026_msbuild_release,box_contact_islands_10k,headless_api,16,step,300,30,4,10050,10050,0,0,median_ms_per_step,5.898779667,ms,lower_is_better,5.898779667,169.526589652,0,ok,ok,engine_runner_cli,work_unit_wall_sum_inline,16,box_contact_islands_10k,2,position_iterations=5; velocity_iterations=1; sleep=disabled; ccd=disabled; worker_count=16; islands=50,vs2026_msbuild_release,16,16,,,16,yes,,,,,,,,,,,300,1769.633900000,,,,,results/box-contact-islands-10k/intel-core-i7-13700k/2026-10-05_0800_ddr5-4800_threads-1-2-3-4-5-6-8-10-12-14-16-24_r5/raw/nvidia_physx34/t16/nvidia_physx34_t16_raw.csv
2026-10-05_0800_ddr5-4800_threads-1-2-3-4-5-6-8-10-12-14-16-24_r5,nvidia_physx34,3.4.2,windows,vs2026_msbuild_release,box_contact_islands_10k,headless_api,24,step,300,30,0,10050,10050,0,0,median_ms_per_step,14.620874333,ms,lower_is_better,14.620874333,68.395362493,0,ok,ok,engine_runner_cli,work_unit_wall_sum_inline,24,box_contact_islands_10k,2,position_iterations=5; velocity_iterations=1; sleep=disabled; ccd=disabled; worker_count=24; islands=50,vs2026_msbuild_release,24,24,,,24,yes,,,,,,,,,,,300,4386.262300000,,,,,results/box-contact-islands-10k/intel-core-i7-13700k/2026-10-05_0800_ddr5-4800_threads-1-2-3-4-5-6-8-10-12-14-16-24_r5/raw/nvidia_physx34/t24/nvidia_physx34_t24_raw.csv
2026-10-05_0800_ddr5-4800_threads-1-2-3-4-5-6-8-10-12-14-16-24_r5,nvidia_physx34,3.4.2,windows,vs2026_msbuild_release,box_contact_islands_10k,headless_api,24,step,300,30,1,10050,10050,0,0,median_ms_per_step,14.665175000,ms,lower_is_better,14.665175000,68.188753288,0,ok,ok,engine_runner_cli,work_unit_wall_sum_inline,24,box_contact_islands_10k,2,position_iterations=5; velocity_iterations=1; sleep=disabled; ccd=disabled; worker_count=24; islands=50,vs2026_msbuild_release,24,24,,,24,yes,,,,,,,,,,,300,4399.552500000,,,,,results/box-contact-islands-10k/intel-core-i7-13700k/2026-10-05_0800_ddr5-4800_threads-1-2-3-4-5-6-8-10-12-14-16-24_r5/raw/nvidia_physx34/t24/nvidia_physx34_t24_raw.csv
2026-10-05_0800_ddr5-4800_threads-1-2-3-4-5-6-8-10-12-14-16-24_r5,nvidia_physx34,3.4.2,windows,vs2026_msbuild_release,box_contact_islands_10k,headless_api,24,step,300,30,2,10050,10050,0,0,median_ms_per_step,14.557977667,ms,lower_is_better,14.557977667,68.690859603,0,ok,ok,engine_runner_cli,work_unit_wall_sum_inline,24,box_contact_islands_10k,2,position_iterations=5; velocity_iterations=1; sleep=disabled; ccd=disabled; worker_count=24; islands=50,vs2026_msbuild_release,24,24,,,24,yes,,,,,,,,,,,300,4367.393300000,,,,,results/box-contact-islands-10k/intel-core-i7-13700k/2026-10-05_0800_ddr5-4800_threads-1-2-3-4-5-6-8-10-12-14-16-24_r5/raw/nvidia_physx34/t24/nvidia_physx34_t24_raw.csv
2026-10-05_0800_ddr5-4800_threads-1-2-3-4-5-6-8-10-12-14-16-24_r5,nvidia_physx34,3.4.2,windows,vs2026_msbuild_release,box_contact_islands_10k,headless_api,24,step,300,30,3,10050,10050,0,0,median_ms_per_step,14.494319667,ms,lower_is_better,14.494319667,68.992544873,0,ok,ok,engine_runner_cli,work_unit_wall_sum_inline,24,box_contact_islands_10k,2,position_iterations=5; velocity_iterations=1; sleep=disabled; ccd=disabled; worker_count=24; islands=50,vs2026_msbuild_release,24,24,,,24,yes,,,,,,,,,,,300,4348.295900000,,,,,results/box-contact-islands-10k/intel-core-i7-13700k/2026-10-05_0800_ddr5-4800_threads-1-2-3-4-5-6-8-10-12-14-16-24_r5/raw/nvidia_physx34/t24/nvidia_physx34_t24_raw.csv
2026-10-05_0800_ddr5-4800_threads-1-2-3-4-5-6-8-10-12-14-16-24_r5,nvidia_physx34,3.4.2,windows,vs2026_msbuild_release,box_contact_islands_10k,headless_api,24,step,300,30,4,10050,10050,0,0,median_ms_per_step,14.664891000,ms,lower_is_better,14.664891000,68.190073830,0,ok,ok,engine_runner_cli,work_unit_wall_sum_inline,24,box_contact_islands_10k,2,position_iterations=5; velocity_iterations=1; sleep=disabled; ccd=disabled; worker_count=24; islands=50,vs2026_msbuild_release,24,24,,,24,yes,,,,,,,,,,,300,4399.467300000,,,,,results/box-contact-islands-10k/intel-core-i7-13700k/2026-10-05_0800_ddr5-4800_threads-1-2-3-4-5-6-8-10-12-14-16-24_r5/raw/nvidia_physx34/t24/nvidia_physx34_t24_raw.csv
2026-10-05_0800_ddr5-4800_threads-1-2-3-4-5-6-8-10-12-14-16-24_r5,nvidia_physx5,5.10.0.75b25f28f9,windows,vs2022_msbuild_release,box_contact_islands_10k,headless_api,1,step,300,30,0,10050,10050,0,0,median_ms_per_step,45.856065333,ms,lower_is_better,45.856065333,21.807365999,0,ok,ok,engine_runner_cli,work_unit_wall_sum_inline,1,box_contact_islands_10k,2,position_iterations=5; velocity_iterations=1; sleep=disabled; ccd=disabled; worker_count=1; islands=50,vs2022_msbuild_release,1,1,,,1,yes,,,,,,,,,,,300,13756.819600000,,,,,results/box-contact-islands-10k/intel-core-i7-13700k/2026-10-05_0800_ddr5-4800_threads-1-2-3-4-5-6-8-10-12-14-16-24_r5/raw/nvidia_physx5/t1/nvidia_physx5_t1_raw.csv
2026-10-05_0800_ddr5-4800_threads-1-2-3-4-5-6-8-10-12-14-16-24_r5,nvidia_physx5,5.10.0.75b25f28f9,windows,vs2022_msbuild_release,box_contact_islands_10k,headless_api,1,step,300,30,1,10050,10050,0,0,median_ms_per_step,44.868410333,ms,lower_is_better,44.868410333,22.287395354,0,ok,ok,engine_runner_cli,work_unit_wall_sum_inline,1,box_contact_islands_10k,2,position_iterations=5; velocity_iterations=1; sleep=disabled; ccd=disabled; worker_count=1; islands=50,vs2022_msbuild_release,1,1,,,1,yes,,,,,,,,,,,300,13460.523100000,,,,,results/box-contact-islands-10k/intel-core-i7-13700k/2026-10-05_0800_ddr5-4800_threads-1-2-3-4-5-6-8-10-12-14-16-24_r5/raw/nvidia_physx5/t1/nvidia_physx5_t1_raw.csv
2026-10-05_0800_ddr5-4800_threads-1-2-3-4-5-6-8-10-12-14-16-24_r5,nvidia_physx5,5.10.0.75b25f28f9,windows,vs2022_msbuild_release,box_contact_islands_10k,headless_api,1,step,300,30,2,10050,10050,0,0,median_ms_per_step,44.321496333,ms,lower_is_better,44.321496333,22.562415142,0,ok,ok,engine_runner_cli,work_unit_wall_sum_inline,1,box_contact_islands_10k,2,position_iterations=5; velocity_iterations=1; sleep=disabled; ccd=disabled; worker_count=1; islands=50,vs2022_msbuild_release,1,1,,,1,yes,,,,,,,,,,,300,13296.448900000,,,,,results/box-contact-islands-10k/intel-core-i7-13700k/2026-10-05_0800_ddr5-4800_threads-1-2-3-4-5-6-8-10-12-14-16-24_r5/raw/nvidia_physx5/t1/nvidia_physx5_t1_raw.csv
2026-10-05_0800_ddr5-4800_threads-1-2-3-4-5-6-8-10-12-14-16-24_r5,nvidia_physx5,5.10.0.75b25f28f9,windows,vs2022_msbuild_release,box_contact_islands_10k,headless_api,1,step,300,30,3,10050,10050,0,0,median_ms_per_step,45.612372000,ms,lower_is_better,45.612372000,21.923876268,0,ok,ok,engine_runner_cli,work_unit_wall_sum_inline,1,box_contact_islands_10k,2,position_iterations=5; velocity_iterations=1; sleep=disabled; ccd=disabled; worker_count=1; islands=50,vs2022_msbuild_release,1,1,,,1,yes,,,,,,,,,,,300,13683.711600000,,,,,results/box-contact-islands-10k/intel-core-i7-13700k/2026-10-05_0800_ddr5-4800_threads-1-2-3-4-5-6-8-10-12-14-16-24_r5/raw/nvidia_physx5/t1/nvidia_physx5_t1_raw.csv
2026-10-05_0800_ddr5-4800_threads-1-2-3-4-5-6-8-10-12-14-16-24_r5,nvidia_physx5,5.10.0.75b25f28f9,windows,vs2022_msbuild_release,box_contact_islands_10k,headless_api,1,step,300,30,4,10050,10050,0,0,median_ms_per_step,45.901689667,ms,lower_is_better,45.901689667,21.785690402,0,ok,ok,engine_runner_cli,work_unit_wall_sum_inline,1,box_contact_islands_10k,2,position_iterations=5; velocity_iterations=1; sleep=disabled; ccd=disabled; worker_count=1; islands=50,vs2022_msbuild_release,1,1,,,1,yes,,,,,,,,,,,300,13770.506900000,,,,,results/box-contact-islands-10k/intel-core-i7-13700k/2026-10-05_0800_ddr5-4800_threads-1-2-3-4-5-6-8-10-12-14-16-24_r5/raw/nvidia_physx5/t1/nvidia_physx5_t1_raw.csv
2026-10-05_0800_ddr5-4800_threads-1-2-3-4-5-6-8-10-12-14-16-24_r5,nvidia_physx5,5.10.0.75b25f28f9,windows,vs2022_msbuild_release,box_contact_islands_10k,headless_api,2,step,300,30,0,10050,10050,0,0,median_ms_per_step,23.606982667,ms,lower_is_better,23.606982667,42.360347958,0,ok,ok,engine_runner_cli,work_unit_wall_sum_inline,2,box_contact_islands_10k,2,position_iterations=5; velocity_iterations=1; sleep=disabled; ccd=disabled; worker_count=2; islands=50,vs2022_msbuild_release,2,2,,,2,yes,,,,,,,,,,,300,7082.094800000,,,,,results/box-contact-islands-10k/intel-core-i7-13700k/2026-10-05_0800_ddr5-4800_threads-1-2-3-4-5-6-8-10-12-14-16-24_r5/raw/nvidia_physx5/t2/nvidia_physx5_t2_raw.csv
2026-10-05_0800_ddr5-4800_threads-1-2-3-4-5-6-8-10-12-14-16-24_r5,nvidia_physx5,5.10.0.75b25f28f9,windows,vs2022_msbuild_release,box_contact_islands_10k,headless_api,2,step,300,30,1,10050,10050,0,0,median_ms_per_step,24.106770667,ms,lower_is_better,24.106770667,41.482121924,0,ok,ok,engine_runner_cli,work_unit_wall_sum_inline,2,box_contact_islands_10k,2,position_iterations=5; velocity_iterations=1; sleep=disabled; ccd=disabled; worker_count=2; islands=50,vs2022_msbuild_release,2,2,,,2,yes,,,,,,,,,,,300,7232.031200000,,,,,results/box-contact-islands-10k/intel-core-i7-13700k/2026-10-05_0800_ddr5-4800_threads-1-2-3-4-5-6-8-10-12-14-16-24_r5/raw/nvidia_physx5/t2/nvidia_physx5_t2_raw.csv
2026-10-05_0800_ddr5-4800_threads-1-2-3-4-5-6-8-10-12-14-16-24_r5,nvidia_physx5,5.10.0.75b25f28f9,windows,vs2022_msbuild_release,box_contact_islands_10k,headless_api,2,step,300,30,2,10050,10050,0,0,median_ms_per_step,23.794981333,ms,lower_is_better,23.794981333,42.025668606,0,ok,ok,engine_runner_cli,work_unit_wall_sum_inline,2,box_contact_islands_10k,2,position_iterations=5; velocity_iterations=1; sleep=disabled; ccd=disabled; worker_count=2; islands=50,vs2022_msbuild_release,2,2,,,2,yes,,,,,,,,,,,300,7138.494400000,,,,,results/box-contact-islands-10k/intel-core-i7-13700k/2026-10-05_0800_ddr5-4800_threads-1-2-3-4-5-6-8-10-12-14-16-24_r5/raw/nvidia_physx5/t2/nvidia_physx5_t2_raw.csv
2026-10-05_0800_ddr5-4800_threads-1-2-3-4-5-6-8-10-12-14-16-24_r5,nvidia_physx5,5.10.0.75b25f28f9,windows,vs2022_msbuild_release,box_contact_islands_10k,headless_api,2,step,300,30,3,10050,10050,0,0,median_ms_per_step,24.800209333,ms,lower_is_better,24.800209333,40.322240291,0,ok,ok,engine_runner_cli,work_unit_wall_sum_inline,2,box_contact_islands_10k,2,position_iterations=5; velocity_iterations=1; sleep=disabled; ccd=disabled; worker_count=2; islands=50,vs2022_msbuild_release,2,2,,,2,yes,,,,,,,,,,,300,7440.062800000,,,,,results/box-contact-islands-10k/intel-core-i7-13700k/2026-10-05_0800_ddr5-4800_threads-1-2-3-4-5-6-8-10-12-14-16-24_r5/raw/nvidia_physx5/t2/nvidia_physx5_t2_raw.csv
2026-10-05_0800_ddr5-4800_threads-1-2-3-4-5-6-8-10-12-14-16-24_r5,nvidia_physx5,5.10.0.75b25f28f9,windows,vs2022_msbuild_release,box_contact_islands_10k,headless_api,2,step,300,30,4,10050,10050,0,0,median_ms_per_step,23.811041000,ms,lower_is_better,23.811041000,41.997323847,0,ok,ok,engine_runner_cli,work_unit_wall_sum_inline,2,box_contact_islands_10k,2,position_iterations=5; velocity_iterations=1; sleep=disabled; ccd=disabled; worker_count=2; islands=50,vs2022_msbuild_release,2,2,,,2,yes,,,,,,,,,,,300,7143.312300000,,,,,results/box-contact-islands-10k/intel-core-i7-13700k/2026-10-05_0800_ddr5-4800_threads-1-2-3-4-5-6-8-10-12-14-16-24_r5/raw/nvidia_physx5/t2/nvidia_physx5_t2_raw.csv
2026-10-05_0800_ddr5-4800_threads-1-2-3-4-5-6-8-10-12-14-16-24_r5,nvidia_physx5,5.10.0.75b25f28f9,windows,vs2022_msbuild_release,box_contact_islands_10k,headless_api,3,step,300,30,0,10050,10050,0,0,median_ms_per_step,17.100742667,ms,lower_is_better,17.100742667,58.476992461,0,ok,ok,engine_runner_cli,work_unit_wall_sum_inline,3,box_contact_islands_10k,2,position_iterations=5; velocity_iterations=1; sleep=disabled; ccd=disabled; worker_count=3; islands=50,vs2022_msbuild_release,3,3,,,3,yes,,,,,,,,,,,300,5130.222800000,,,,,results/box-contact-islands-10k/intel-core-i7-13700k/2026-10-05_0800_ddr5-4800_threads-1-2-3-4-5-6-8-10-12-14-16-24_r5/raw/nvidia_physx5/t3/nvidia_physx5_t3_raw.csv
2026-10-05_0800_ddr5-4800_threads-1-2-3-4-5-6-8-10-12-14-16-24_r5,nvidia_physx5,5.10.0.75b25f28f9,windows,vs2022_msbuild_release,box_contact_islands_10k,headless_api,3,step,300,30,1,10050,10050,0,0,median_ms_per_step,17.072562000,ms,lower_is_better,17.072562000,58.573516968,0,ok,ok,engine_runner_cli,work_unit_wall_sum_inline,3,box_contact_islands_10k,2,position_iterations=5; velocity_iterations=1; sleep=disabled; ccd=disabled; worker_count=3; islands=50,vs2022_msbuild_release,3,3,,,3,yes,,,,,,,,,,,300,5121.768600000,,,,,results/box-contact-islands-10k/intel-core-i7-13700k/2026-10-05_0800_ddr5-4800_threads-1-2-3-4-5-6-8-10-12-14-16-24_r5/raw/nvidia_physx5/t3/nvidia_physx5_t3_raw.csv
2026-10-05_0800_ddr5-4800_threads-1-2-3-4-5-6-8-10-12-14-16-24_r5,nvidia_physx5,5.10.0.75b25f28f9,windows,vs2022_msbuild_release,box_contact_islands_10k,headless_api,3,step,300,30,2,10050,10050,0,0,median_ms_per_step,16.938408333,ms,lower_is_better,16.938408333,59.037424315,0,ok,ok,engine_runner_cli,work_unit_wall_sum_inline,3,box_contact_islands_10k,2,position_iterations=5; velocity_iterations=1; sleep=disabled; ccd=disabled; worker_count=3; islands=50,vs2022_msbuild_release,3,3,,,3,yes,,,,,,,,,,,300,5081.522500000,,,,,results/box-contact-islands-10k/intel-core-i7-13700k/2026-10-05_0800_ddr5-4800_threads-1-2-3-4-5-6-8-10-12-14-16-24_r5/raw/nvidia_physx5/t3/nvidia_physx5_t3_raw.csv
2026-10-05_0800_ddr5-4800_threads-1-2-3-4-5-6-8-10-12-14-16-24_r5,nvidia_physx5,5.10.0.75b25f28f9,windows,vs2022_msbuild_release,box_contact_islands_10k,headless_api,3,step,300,30,3,10050,10050,0,0,median_ms_per_step,16.942076667,ms,lower_is_better,16.942076667,59.024641411,0,ok,ok,engine_runner_cli,work_unit_wall_sum_inline,3,box_contact_islands_10k,2,position_iterations=5; velocity_iterations=1; sleep=disabled; ccd=disabled; worker_count=3; islands=50,vs2022_msbuild_release,3,3,,,3,yes,,,,,,,,,,,300,5082.623000000,,,,,results/box-contact-islands-10k/intel-core-i7-13700k/2026-10-05_0800_ddr5-4800_threads-1-2-3-4-5-6-8-10-12-14-16-24_r5/raw/nvidia_physx5/t3/nvidia_physx5_t3_raw.csv
2026-10-05_0800_ddr5-4800_threads-1-2-3-4-5-6-8-10-12-14-16-24_r5,nvidia_physx5,5.10.0.75b25f28f9,windows,vs2022_msbuild_release,box_contact_islands_10k,headless_api,3,step,300,30,4,10050,10050,0,0,median_ms_per_step,17.016820000,ms,lower_is_better,17.016820000,58.765386247,0,ok,ok,engine_runner_cli,work_unit_wall_sum_inline,3,box_contact_islands_10k,2,position_iterations=5; velocity_iterations=1; sleep=disabled; ccd=disabled; worker_count=3; islands=50,vs2022_msbuild_release,3,3,,,3,yes,,,,,,,,,,,300,5105.046000000,,,,,results/box-contact-islands-10k/intel-core-i7-13700k/2026-10-05_0800_ddr5-4800_threads-1-2-3-4-5-6-8-10-12-14-16-24_r5/raw/nvidia_physx5/t3/nvidia_physx5_t3_raw.csv
2026-10-05_0800_ddr5-4800_threads-1-2-3-4-5-6-8-10-12-14-16-24_r5,nvidia_physx5,5.10.0.75b25f28f9,windows,vs2022_msbuild_release,box_contact_islands_10k,headless_api,4,step,300,30,0,10050,10050,0,0,median_ms_per_step,14.010221000,ms,lower_is_better,14.010221000,71.376461513,0,ok,ok,engine_runner_cli,work_unit_wall_sum_inline,4,box_contact_islands_10k,2,position_iterations=5; velocity_iterations=1; sleep=disabled; ccd=disabled; worker_count=4; islands=50,vs2022_msbuild_release,4,4,,,4,yes,,,,,,,,,,,300,4203.066300000,,,,,results/box-contact-islands-10k/intel-core-i7-13700k/2026-10-05_0800_ddr5-4800_threads-1-2-3-4-5-6-8-10-12-14-16-24_r5/raw/nvidia_physx5/t4/nvidia_physx5_t4_raw.csv
2026-10-05_0800_ddr5-4800_threads-1-2-3-4-5-6-8-10-12-14-16-24_r5,nvidia_physx5,5.10.0.75b25f28f9,windows,vs2022_msbuild_release,box_contact_islands_10k,headless_api,4,step,300,30,1,10050,10050,0,0,median_ms_per_step,13.625142333,ms,lower_is_better,13.625142333,73.393728706,0,ok,ok,engine_runner_cli,work_unit_wall_sum_inline,4,box_contact_islands_10k,2,position_iterations=5; velocity_iterations=1; sleep=disabled; ccd=disabled; worker_count=4; islands=50,vs2022_msbuild_release,4,4,,,4,yes,,,,,,,,,,,300,4087.542700000,,,,,results/box-contact-islands-10k/intel-core-i7-13700k/2026-10-05_0800_ddr5-4800_threads-1-2-3-4-5-6-8-10-12-14-16-24_r5/raw/nvidia_physx5/t4/nvidia_physx5_t4_raw.csv
2026-10-05_0800_ddr5-4800_threads-1-2-3-4-5-6-8-10-12-14-16-24_r5,nvidia_physx5,5.10.0.75b25f28f9,windows,vs2022_msbuild_release,box_contact_islands_10k,headless_api,4,step,300,30,2,10050,10050,0,0,median_ms_per_step,13.867360333,ms,lower_is_better,13.867360333,72.111777293,0,ok,ok,engine_runner_cli,work_unit_wall_sum_inline,4,box_contact_islands_10k,2,position_iterations=5; velocity_iterations=1; sleep=disabled; ccd=disabled; worker_count=4; islands=50,vs2022_msbuild_release,4,4,,,4,yes,,,,,,,,,,,300,4160.208100000,,,,,results/box-contact-islands-10k/intel-core-i7-13700k/2026-10-05_0800_ddr5-4800_threads-1-2-3-4-5-6-8-10-12-14-16-24_r5/raw/nvidia_physx5/t4/nvidia_physx5_t4_raw.csv
2026-10-05_0800_ddr5-4800_threads-1-2-3-4-5-6-8-10-12-14-16-24_r5,nvidia_physx5,5.10.0.75b25f28f9,windows,vs2022_msbuild_release,box_contact_islands_10k,headless_api,4,step,300,30,3,10050,10050,0,0,median_ms_per_step,13.224414000,ms,lower_is_better,13.224414000,75.617717352,0,ok,ok,engine_runner_cli,work_unit_wall_sum_inline,4,box_contact_islands_10k,2,position_iterations=5; velocity_iterations=1; sleep=disabled; ccd=disabled; worker_count=4; islands=50,vs2022_msbuild_release,4,4,,,4,yes,,,,,,,,,,,300,3967.324200000,,,,,results/box-contact-islands-10k/intel-core-i7-13700k/2026-10-05_0800_ddr5-4800_threads-1-2-3-4-5-6-8-10-12-14-16-24_r5/raw/nvidia_physx5/t4/nvidia_physx5_t4_raw.csv
2026-10-05_0800_ddr5-4800_threads-1-2-3-4-5-6-8-10-12-14-16-24_r5,nvidia_physx5,5.10.0.75b25f28f9,windows,vs2022_msbuild_release,box_contact_islands_10k,headless_api,4,step,300,30,4,10050,10050,0,0,median_ms_per_step,13.244730667,ms,lower_is_better,13.244730667,75.501724057,0,ok,ok,engine_runner_cli,work_unit_wall_sum_inline,4,box_contact_islands_10k,2,position_iterations=5; velocity_iterations=1; sleep=disabled; ccd=disabled; worker_count=4; islands=50,vs2022_msbuild_release,4,4,,,4,yes,,,,,,,,,,,300,3973.419200000,,,,,results/box-contact-islands-10k/intel-core-i7-13700k/2026-10-05_0800_ddr5-4800_threads-1-2-3-4-5-6-8-10-12-14-16-24_r5/raw/nvidia_physx5/t4/nvidia_physx5_t4_raw.csv
2026-10-05_0800_ddr5-4800_threads-1-2-3-4-5-6-8-10-12-14-16-24_r5,nvidia_physx5,5.10.0.75b25f28f9,windows,vs2022_msbuild_release,box_contact_islands_10k,headless_api,5,step,300,30,0,10050,10050,0,0,median_ms_per_step,11.050379333,ms,lower_is_better,11.050379333,90.494630984,0,ok,ok,engine_runner_cli,work_unit_wall_sum_inline,5,box_contact_islands_10k,2,position_iterations=5; velocity_iterations=1; sleep=disabled; ccd=disabled; worker_count=5; islands=50,vs2022_msbuild_release,5,5,,,5,yes,,,,,,,,,,,300,3315.113800000,,,,,results/box-contact-islands-10k/intel-core-i7-13700k/2026-10-05_0800_ddr5-4800_threads-1-2-3-4-5-6-8-10-12-14-16-24_r5/raw/nvidia_physx5/t5/nvidia_physx5_t5_raw.csv
2026-10-05_0800_ddr5-4800_threads-1-2-3-4-5-6-8-10-12-14-16-24_r5,nvidia_physx5,5.10.0.75b25f28f9,windows,vs2022_msbuild_release,box_contact_islands_10k,headless_api,5,step,300,30,1,10050,10050,0,0,median_ms_per_step,11.000580667,ms,lower_is_better,11.000580667,90.904292264,0,ok,ok,engine_runner_cli,work_unit_wall_sum_inline,5,box_contact_islands_10k,2,position_iterations=5; velocity_iterations=1; sleep=disabled; ccd=disabled; worker_count=5; islands=50,vs2022_msbuild_release,5,5,,,5,yes,,,,,,,,,,,300,3300.174200000,,,,,results/box-contact-islands-10k/intel-core-i7-13700k/2026-10-05_0800_ddr5-4800_threads-1-2-3-4-5-6-8-10-12-14-16-24_r5/raw/nvidia_physx5/t5/nvidia_physx5_t5_raw.csv
2026-10-05_0800_ddr5-4800_threads-1-2-3-4-5-6-8-10-12-14-16-24_r5,nvidia_physx5,5.10.0.75b25f28f9,windows,vs2022_msbuild_release,box_contact_islands_10k,headless_api,5,step,300,30,2,10050,10050,0,0,median_ms_per_step,11.143804000,ms,lower_is_better,11.143804000,89.735964488,0,ok,ok,engine_runner_cli,work_unit_wall_sum_inline,5,box_contact_islands_10k,2,position_iterations=5; velocity_iterations=1; sleep=disabled; ccd=disabled; worker_count=5; islands=50,vs2022_msbuild_release,5,5,,,5,yes,,,,,,,,,,,300,3343.141200000,,,,,results/box-contact-islands-10k/intel-core-i7-13700k/2026-10-05_0800_ddr5-4800_threads-1-2-3-4-5-6-8-10-12-14-16-24_r5/raw/nvidia_physx5/t5/nvidia_physx5_t5_raw.csv
2026-10-05_0800_ddr5-4800_threads-1-2-3-4-5-6-8-10-12-14-16-24_r5,nvidia_physx5,5.10.0.75b25f28f9,windows,vs2022_msbuild_release,box_contact_islands_10k,headless_api,5,step,300,30,3,10050,10050,0,0,median_ms_per_step,10.728736000,ms,lower_is_better,10.728736000,93.207624831,0,ok,ok,engine_runner_cli,work_unit_wall_sum_inline,5,box_contact_islands_10k,2,position_iterations=5; velocity_iterations=1; sleep=disabled; ccd=disabled; worker_count=5; islands=50,vs2022_msbuild_release,5,5,,,5,yes,,,,,,,,,,,300,3218.620800000,,,,,results/box-contact-islands-10k/intel-core-i7-13700k/2026-10-05_0800_ddr5-4800_threads-1-2-3-4-5-6-8-10-12-14-16-24_r5/raw/nvidia_physx5/t5/nvidia_physx5_t5_raw.csv
2026-10-05_0800_ddr5-4800_threads-1-2-3-4-5-6-8-10-12-14-16-24_r5,nvidia_physx5,5.10.0.75b25f28f9,windows,vs2022_msbuild_release,box_contact_islands_10k,headless_api,5,step,300,30,4,10050,10050,0,0,median_ms_per_step,11.696261000,ms,lower_is_better,11.696261000,85.497408103,0,ok,ok,engine_runner_cli,work_unit_wall_sum_inline,5,box_contact_islands_10k,2,position_iterations=5; velocity_iterations=1; sleep=disabled; ccd=disabled; worker_count=5; islands=50,vs2022_msbuild_release,5,5,,,5,yes,,,,,,,,,,,300,3508.878300000,,,,,results/box-contact-islands-10k/intel-core-i7-13700k/2026-10-05_0800_ddr5-4800_threads-1-2-3-4-5-6-8-10-12-14-16-24_r5/raw/nvidia_physx5/t5/nvidia_physx5_t5_raw.csv
2026-10-05_0800_ddr5-4800_threads-1-2-3-4-5-6-8-10-12-14-16-24_r5,nvidia_physx5,5.10.0.75b25f28f9,windows,vs2022_msbuild_release,box_contact_islands_10k,headless_api,6,step,300,30,0,10050,10050,0,0,median_ms_per_step,9.478570333,ms,lower_is_better,9.478570333,105.501142560,0,ok,ok,engine_runner_cli,work_unit_wall_sum_inline,6,box_contact_islands_10k,2,position_iterations=5; velocity_iterations=1; sleep=disabled; ccd=disabled; worker_count=6; islands=50,vs2022_msbuild_release,6,6,,,6,yes,,,,,,,,,,,300,2843.571100000,,,,,results/box-contact-islands-10k/intel-core-i7-13700k/2026-10-05_0800_ddr5-4800_threads-1-2-3-4-5-6-8-10-12-14-16-24_r5/raw/nvidia_physx5/t6/nvidia_physx5_t6_raw.csv
2026-10-05_0800_ddr5-4800_threads-1-2-3-4-5-6-8-10-12-14-16-24_r5,nvidia_physx5,5.10.0.75b25f28f9,windows,vs2022_msbuild_release,box_contact_islands_10k,headless_api,6,step,300,30,1,10050,10050,0,0,median_ms_per_step,9.862621000,ms,lower_is_better,9.862621000,101.392925876,0,ok,ok,engine_runner_cli,work_unit_wall_sum_inline,6,box_contact_islands_10k,2,position_iterations=5; velocity_iterations=1; sleep=disabled; ccd=disabled; worker_count=6; islands=50,vs2022_msbuild_release,6,6,,,6,yes,,,,,,,,,,,300,2958.786300000,,,,,results/box-contact-islands-10k/intel-core-i7-13700k/2026-10-05_0800_ddr5-4800_threads-1-2-3-4-5-6-8-10-12-14-16-24_r5/raw/nvidia_physx5/t6/nvidia_physx5_t6_raw.csv
2026-10-05_0800_ddr5-4800_threads-1-2-3-4-5-6-8-10-12-14-16-24_r5,nvidia_physx5,5.10.0.75b25f28f9,windows,vs2022_msbuild_release,box_contact_islands_10k,headless_api,6,step,300,30,2,10050,10050,0,0,median_ms_per_step,9.306351333,ms,lower_is_better,9.306351333,107.453497529,0,ok,ok,engine_runner_cli,work_unit_wall_sum_inline,6,box_contact_islands_10k,2,position_iterations=5; velocity_iterations=1; sleep=disabled; ccd=disabled; worker_count=6; islands=50,vs2022_msbuild_release,6,6,,,6,yes,,,,,,,,,,,300,2791.905400000,,,,,results/box-contact-islands-10k/intel-core-i7-13700k/2026-10-05_0800_ddr5-4800_threads-1-2-3-4-5-6-8-10-12-14-16-24_r5/raw/nvidia_physx5/t6/nvidia_physx5_t6_raw.csv
2026-10-05_0800_ddr5-4800_threads-1-2-3-4-5-6-8-10-12-14-16-24_r5,nvidia_physx5,5.10.0.75b25f28f9,windows,vs2022_msbuild_release,box_contact_islands_10k,headless_api,6,step,300,30,3,10050,10050,0,0,median_ms_per_step,9.252253333,ms,lower_is_better,9.252253333,108.081778997,0,ok,ok,engine_runner_cli,work_unit_wall_sum_inline,6,box_contact_islands_10k,2,position_iterations=5; velocity_iterations=1; sleep=disabled; ccd=disabled; worker_count=6; islands=50,vs2022_msbuild_release,6,6,,,6,yes,,,,,,,,,,,300,2775.676000000,,,,,results/box-contact-islands-10k/intel-core-i7-13700k/2026-10-05_0800_ddr5-4800_threads-1-2-3-4-5-6-8-10-12-14-16-24_r5/raw/nvidia_physx5/t6/nvidia_physx5_t6_raw.csv
2026-10-05_0800_ddr5-4800_threads-1-2-3-4-5-6-8-10-12-14-16-24_r5,nvidia_physx5,5.10.0.75b25f28f9,windows,vs2022_msbuild_release,box_contact_islands_10k,headless_api,6,step,300,30,4,10050,10050,0,0,median_ms_per_step,9.770480333,ms,lower_is_better,9.770480333,102.349113440,0,ok,ok,engine_runner_cli,work_unit_wall_sum_inline,6,box_contact_islands_10k,2,position_iterations=5; velocity_iterations=1; sleep=disabled; ccd=disabled; worker_count=6; islands=50,vs2022_msbuild_release,6,6,,,6,yes,,,,,,,,,,,300,2931.144100000,,,,,results/box-contact-islands-10k/intel-core-i7-13700k/2026-10-05_0800_ddr5-4800_threads-1-2-3-4-5-6-8-10-12-14-16-24_r5/raw/nvidia_physx5/t6/nvidia_physx5_t6_raw.csv
2026-10-05_0800_ddr5-4800_threads-1-2-3-4-5-6-8-10-12-14-16-24_r5,nvidia_physx5,5.10.0.75b25f28f9,windows,vs2022_msbuild_release,box_contact_islands_10k,headless_api,8,step,300,30,0,10050,10050,0,0,median_ms_per_step,7.753053333,ms,lower_is_better,7.753053333,128.981442150,0,ok,ok,engine_runner_cli,work_unit_wall_sum_inline,8,box_contact_islands_10k,2,position_iterations=5; velocity_iterations=1; sleep=disabled; ccd=disabled; worker_count=8; islands=50,vs2022_msbuild_release,8,8,,,8,yes,,,,,,,,,,,300,2325.916000000,,,,,results/box-contact-islands-10k/intel-core-i7-13700k/2026-10-05_0800_ddr5-4800_threads-1-2-3-4-5-6-8-10-12-14-16-24_r5/raw/nvidia_physx5/t8/nvidia_physx5_t8_raw.csv
2026-10-05_0800_ddr5-4800_threads-1-2-3-4-5-6-8-10-12-14-16-24_r5,nvidia_physx5,5.10.0.75b25f28f9,windows,vs2022_msbuild_release,box_contact_islands_10k,headless_api,8,step,300,30,1,10050,10050,0,0,median_ms_per_step,7.593138667,ms,lower_is_better,7.593138667,131.697845107,0,ok,ok,engine_runner_cli,work_unit_wall_sum_inline,8,box_contact_islands_10k,2,position_iterations=5; velocity_iterations=1; sleep=disabled; ccd=disabled; worker_count=8; islands=50,vs2022_msbuild_release,8,8,,,8,yes,,,,,,,,,,,300,2277.941600000,,,,,results/box-contact-islands-10k/intel-core-i7-13700k/2026-10-05_0800_ddr5-4800_threads-1-2-3-4-5-6-8-10-12-14-16-24_r5/raw/nvidia_physx5/t8/nvidia_physx5_t8_raw.csv
2026-10-05_0800_ddr5-4800_threads-1-2-3-4-5-6-8-10-12-14-16-24_r5,nvidia_physx5,5.10.0.75b25f28f9,windows,vs2022_msbuild_release,box_contact_islands_10k,headless_api,8,step,300,30,2,10050,10050,0,0,median_ms_per_step,8.038013667,ms,lower_is_better,8.038013667,124.408845452,0,ok,ok,engine_runner_cli,work_unit_wall_sum_inline,8,box_contact_islands_10k,2,position_iterations=5; velocity_iterations=1; sleep=disabled; ccd=disabled; worker_count=8; islands=50,vs2022_msbuild_release,8,8,,,8,yes,,,,,,,,,,,300,2411.404100000,,,,,results/box-contact-islands-10k/intel-core-i7-13700k/2026-10-05_0800_ddr5-4800_threads-1-2-3-4-5-6-8-10-12-14-16-24_r5/raw/nvidia_physx5/t8/nvidia_physx5_t8_raw.csv
2026-10-05_0800_ddr5-4800_threads-1-2-3-4-5-6-8-10-12-14-16-24_r5,nvidia_physx5,5.10.0.75b25f28f9,windows,vs2022_msbuild_release,box_contact_islands_10k,headless_api,8,step,300,30,3,10050,10050,0,0,median_ms_per_step,8.210111667,ms,lower_is_better,8.210111667,121.801023007,0,ok,ok,engine_runner_cli,work_unit_wall_sum_inline,8,box_contact_islands_10k,2,position_iterations=5; velocity_iterations=1; sleep=disabled; ccd=disabled; worker_count=8; islands=50,vs2022_msbuild_release,8,8,,,8,yes,,,,,,,,,,,300,2463.033500000,,,,,results/box-contact-islands-10k/intel-core-i7-13700k/2026-10-05_0800_ddr5-4800_threads-1-2-3-4-5-6-8-10-12-14-16-24_r5/raw/nvidia_physx5/t8/nvidia_physx5_t8_raw.csv
2026-10-05_0800_ddr5-4800_threads-1-2-3-4-5-6-8-10-12-14-16-24_r5,nvidia_physx5,5.10.0.75b25f28f9,windows,vs2022_msbuild_release,box_contact_islands_10k,headless_api,8,step,300,30,4,10050,10050,0,0,median_ms_per_step,8.181971667,ms,lower_is_better,8.181971667,122.219929467,0,ok,ok,engine_runner_cli,work_unit_wall_sum_inline,8,box_contact_islands_10k,2,position_iterations=5; velocity_iterations=1; sleep=disabled; ccd=disabled; worker_count=8; islands=50,vs2022_msbuild_release,8,8,,,8,yes,,,,,,,,,,,300,2454.591500000,,,,,results/box-contact-islands-10k/intel-core-i7-13700k/2026-10-05_0800_ddr5-4800_threads-1-2-3-4-5-6-8-10-12-14-16-24_r5/raw/nvidia_physx5/t8/nvidia_physx5_t8_raw.csv
2026-10-05_0800_ddr5-4800_threads-1-2-3-4-5-6-8-10-12-14-16-24_r5,nvidia_physx5,5.10.0.75b25f28f9,windows,vs2022_msbuild_release,box_contact_islands_10k,headless_api,10,step,300,30,0,10050,10050,0,0,median_ms_per_step,7.633931000,ms,lower_is_better,7.633931000,130.994110374,0,ok,ok,engine_runner_cli,work_unit_wall_sum_inline,10,box_contact_islands_10k,2,position_iterations=5; velocity_iterations=1; sleep=disabled; ccd=disabled; worker_count=10; islands=50,vs2022_msbuild_release,10,10,,,10,yes,,,,,,,,,,,300,2290.179300000,,,,,results/box-contact-islands-10k/intel-core-i7-13700k/2026-10-05_0800_ddr5-4800_threads-1-2-3-4-5-6-8-10-12-14-16-24_r5/raw/nvidia_physx5/t10/nvidia_physx5_t10_raw.csv
2026-10-05_0800_ddr5-4800_threads-1-2-3-4-5-6-8-10-12-14-16-24_r5,nvidia_physx5,5.10.0.75b25f28f9,windows,vs2022_msbuild_release,box_contact_islands_10k,headless_api,10,step,300,30,1,10050,10050,0,0,median_ms_per_step,7.493961333,ms,lower_is_better,7.493961333,133.440773914,0,ok,ok,engine_runner_cli,work_unit_wall_sum_inline,10,box_contact_islands_10k,2,position_iterations=5; velocity_iterations=1; sleep=disabled; ccd=disabled; worker_count=10; islands=50,vs2022_msbuild_release,10,10,,,10,yes,,,,,,,,,,,300,2248.188400000,,,,,results/box-contact-islands-10k/intel-core-i7-13700k/2026-10-05_0800_ddr5-4800_threads-1-2-3-4-5-6-8-10-12-14-16-24_r5/raw/nvidia_physx5/t10/nvidia_physx5_t10_raw.csv
2026-10-05_0800_ddr5-4800_threads-1-2-3-4-5-6-8-10-12-14-16-24_r5,nvidia_physx5,5.10.0.75b25f28f9,windows,vs2022_msbuild_release,box_contact_islands_10k,headless_api,10,step,300,30,2,10050,10050,0,0,median_ms_per_step,7.553006333,ms,lower_is_better,7.553006333,132.397611741,0,ok,ok,engine_runner_cli,work_unit_wall_sum_inline,10,box_contact_islands_10k,2,position_iterations=5; velocity_iterations=1; sleep=disabled; ccd=disabled; worker_count=10; islands=50,vs2022_msbuild_release,10,10,,,10,yes,,,,,,,,,,,300,2265.901900000,,,,,results/box-contact-islands-10k/intel-core-i7-13700k/2026-10-05_0800_ddr5-4800_threads-1-2-3-4-5-6-8-10-12-14-16-24_r5/raw/nvidia_physx5/t10/nvidia_physx5_t10_raw.csv
2026-10-05_0800_ddr5-4800_threads-1-2-3-4-5-6-8-10-12-14-16-24_r5,nvidia_physx5,5.10.0.75b25f28f9,windows,vs2022_msbuild_release,box_contact_islands_10k,headless_api,10,step,300,30,3,10050,10050,0,0,median_ms_per_step,7.546169667,ms,lower_is_better,7.546169667,132.517561117,0,ok,ok,engine_runner_cli,work_unit_wall_sum_inline,10,box_contact_islands_10k,2,position_iterations=5; velocity_iterations=1; sleep=disabled; ccd=disabled; worker_count=10; islands=50,vs2022_msbuild_release,10,10,,,10,yes,,,,,,,,,,,300,2263.850900000,,,,,results/box-contact-islands-10k/intel-core-i7-13700k/2026-10-05_0800_ddr5-4800_threads-1-2-3-4-5-6-8-10-12-14-16-24_r5/raw/nvidia_physx5/t10/nvidia_physx5_t10_raw.csv
2026-10-05_0800_ddr5-4800_threads-1-2-3-4-5-6-8-10-12-14-16-24_r5,nvidia_physx5,5.10.0.75b25f28f9,windows,vs2022_msbuild_release,box_contact_islands_10k,headless_api,10,step,300,30,4,10050,10050,0,0,median_ms_per_step,7.571449333,ms,lower_is_better,7.571449333,132.075109530,0,ok,ok,engine_runner_cli,work_unit_wall_sum_inline,10,box_contact_islands_10k,2,position_iterations=5; velocity_iterations=1; sleep=disabled; ccd=disabled; worker_count=10; islands=50,vs2022_msbuild_release,10,10,,,10,yes,,,,,,,,,,,300,2271.434800000,,,,,results/box-contact-islands-10k/intel-core-i7-13700k/2026-10-05_0800_ddr5-4800_threads-1-2-3-4-5-6-8-10-12-14-16-24_r5/raw/nvidia_physx5/t10/nvidia_physx5_t10_raw.csv
2026-10-05_0800_ddr5-4800_threads-1-2-3-4-5-6-8-10-12-14-16-24_r5,nvidia_physx5,5.10.0.75b25f28f9,windows,vs2022_msbuild_release,box_contact_islands_10k,headless_api,12,step,300,30,0,10050,10050,0,0,median_ms_per_step,7.104965667,ms,lower_is_better,7.104965667,140.746633681,0,ok,ok,engine_runner_cli,work_unit_wall_sum_inline,12,box_contact_islands_10k,2,position_iterations=5; velocity_iterations=1; sleep=disabled; ccd=disabled; worker_count=12; islands=50,vs2022_msbuild_release,12,12,,,12,yes,,,,,,,,,,,300,2131.489700000,,,,,results/box-contact-islands-10k/intel-core-i7-13700k/2026-10-05_0800_ddr5-4800_threads-1-2-3-4-5-6-8-10-12-14-16-24_r5/raw/nvidia_physx5/t12/nvidia_physx5_t12_raw.csv
2026-10-05_0800_ddr5-4800_threads-1-2-3-4-5-6-8-10-12-14-16-24_r5,nvidia_physx5,5.10.0.75b25f28f9,windows,vs2022_msbuild_release,box_contact_islands_10k,headless_api,12,step,300,30,1,10050,10050,0,0,median_ms_per_step,7.122504333,ms,lower_is_better,7.122504333,140.400054981,0,ok,ok,engine_runner_cli,work_unit_wall_sum_inline,12,box_contact_islands_10k,2,position_iterations=5; velocity_iterations=1; sleep=disabled; ccd=disabled; worker_count=12; islands=50,vs2022_msbuild_release,12,12,,,12,yes,,,,,,,,,,,300,2136.751300000,,,,,results/box-contact-islands-10k/intel-core-i7-13700k/2026-10-05_0800_ddr5-4800_threads-1-2-3-4-5-6-8-10-12-14-16-24_r5/raw/nvidia_physx5/t12/nvidia_physx5_t12_raw.csv
2026-10-05_0800_ddr5-4800_threads-1-2-3-4-5-6-8-10-12-14-16-24_r5,nvidia_physx5,5.10.0.75b25f28f9,windows,vs2022_msbuild_release,box_contact_islands_10k,headless_api,12,step,300,30,2,10050,10050,0,0,median_ms_per_step,7.161536333,ms,lower_is_better,7.161536333,139.634842784,0,ok,ok,engine_runner_cli,work_unit_wall_sum_inline,12,box_contact_islands_10k,2,position_iterations=5; velocity_iterations=1; sleep=disabled; ccd=disabled; worker_count=12; islands=50,vs2022_msbuild_release,12,12,,,12,yes,,,,,,,,,,,300,2148.460900000,,,,,results/box-contact-islands-10k/intel-core-i7-13700k/2026-10-05_0800_ddr5-4800_threads-1-2-3-4-5-6-8-10-12-14-16-24_r5/raw/nvidia_physx5/t12/nvidia_physx5_t12_raw.csv
2026-10-05_0800_ddr5-4800_threads-1-2-3-4-5-6-8-10-12-14-16-24_r5,nvidia_physx5,5.10.0.75b25f28f9,windows,vs2022_msbuild_release,box_contact_islands_10k,headless_api,12,step,300,30,3,10050,10050,0,0,median_ms_per_step,7.125195000,ms,lower_is_better,7.125195000,140.347036116,0,ok,ok,engine_runner_cli,work_unit_wall_sum_inline,12,box_contact_islands_10k,2,position_iterations=5; velocity_iterations=1; sleep=disabled; ccd=disabled; worker_count=12; islands=50,vs2022_msbuild_release,12,12,,,12,yes,,,,,,,,,,,300,2137.558500000,,,,,results/box-contact-islands-10k/intel-core-i7-13700k/2026-10-05_0800_ddr5-4800_threads-1-2-3-4-5-6-8-10-12-14-16-24_r5/raw/nvidia_physx5/t12/nvidia_physx5_t12_raw.csv
2026-10-05_0800_ddr5-4800_threads-1-2-3-4-5-6-8-10-12-14-16-24_r5,nvidia_physx5,5.10.0.75b25f28f9,windows,vs2022_msbuild_release,box_contact_islands_10k,headless_api,12,step,300,30,4,10050,10050,0,0,median_ms_per_step,7.105143333,ms,lower_is_better,7.105143333,140.743114260,0,ok,ok,engine_runner_cli,work_unit_wall_sum_inline,12,box_contact_islands_10k,2,position_iterations=5; velocity_iterations=1; sleep=disabled; ccd=disabled; worker_count=12; islands=50,vs2022_msbuild_release,12,12,,,12,yes,,,,,,,,,,,300,2131.543000000,,,,,results/box-contact-islands-10k/intel-core-i7-13700k/2026-10-05_0800_ddr5-4800_threads-1-2-3-4-5-6-8-10-12-14-16-24_r5/raw/nvidia_physx5/t12/nvidia_physx5_t12_raw.csv
2026-10-05_0800_ddr5-4800_threads-1-2-3-4-5-6-8-10-12-14-16-24_r5,nvidia_physx5,5.10.0.75b25f28f9,windows,vs2022_msbuild_release,box_contact_islands_10k,headless_api,14,step,300,30,0,10050,10050,0,0,median_ms_per_step,6.671777333,ms,lower_is_better,6.671777333,149.885098084,0,ok,ok,engine_runner_cli,work_unit_wall_sum_inline,14,box_contact_islands_10k,2,position_iterations=5; velocity_iterations=1; sleep=disabled; ccd=disabled; worker_count=14; islands=50,vs2022_msbuild_release,14,14,,,14,yes,,,,,,,,,,,300,2001.533200000,,,,,results/box-contact-islands-10k/intel-core-i7-13700k/2026-10-05_0800_ddr5-4800_threads-1-2-3-4-5-6-8-10-12-14-16-24_r5/raw/nvidia_physx5/t14/nvidia_physx5_t14_raw.csv
2026-10-05_0800_ddr5-4800_threads-1-2-3-4-5-6-8-10-12-14-16-24_r5,nvidia_physx5,5.10.0.75b25f28f9,windows,vs2022_msbuild_release,box_contact_islands_10k,headless_api,14,step,300,30,1,10050,10050,0,0,median_ms_per_step,6.801714333,ms,lower_is_better,6.801714333,147.021758191,0,ok,ok,engine_runner_cli,work_unit_wall_sum_inline,14,box_contact_islands_10k,2,position_iterations=5; velocity_iterations=1; sleep=disabled; ccd=disabled; worker_count=14; islands=50,vs2022_msbuild_release,14,14,,,14,yes,,,,,,,,,,,300,2040.514300000,,,,,results/box-contact-islands-10k/intel-core-i7-13700k/2026-10-05_0800_ddr5-4800_threads-1-2-3-4-5-6-8-10-12-14-16-24_r5/raw/nvidia_physx5/t14/nvidia_physx5_t14_raw.csv
2026-10-05_0800_ddr5-4800_threads-1-2-3-4-5-6-8-10-12-14-16-24_r5,nvidia_physx5,5.10.0.75b25f28f9,windows,vs2022_msbuild_release,box_contact_islands_10k,headless_api,14,step,300,30,2,10050,10050,0,0,median_ms_per_step,6.791478333,ms,lower_is_better,6.791478333,147.243346871,0,ok,ok,engine_runner_cli,work_unit_wall_sum_inline,14,box_contact_islands_10k,2,position_iterations=5; velocity_iterations=1; sleep=disabled; ccd=disabled; worker_count=14; islands=50,vs2022_msbuild_release,14,14,,,14,yes,,,,,,,,,,,300,2037.443500000,,,,,results/box-contact-islands-10k/intel-core-i7-13700k/2026-10-05_0800_ddr5-4800_threads-1-2-3-4-5-6-8-10-12-14-16-24_r5/raw/nvidia_physx5/t14/nvidia_physx5_t14_raw.csv
2026-10-05_0800_ddr5-4800_threads-1-2-3-4-5-6-8-10-12-14-16-24_r5,nvidia_physx5,5.10.0.75b25f28f9,windows,vs2022_msbuild_release,box_contact_islands_10k,headless_api,14,step,300,30,3,10050,10050,0,0,median_ms_per_step,6.771570000,ms,lower_is_better,6.771570000,147.676240517,0,ok,ok,engine_runner_cli,work_unit_wall_sum_inline,14,box_contact_islands_10k,2,position_iterations=5; velocity_iterations=1; sleep=disabled; ccd=disabled; worker_count=14; islands=50,vs2022_msbuild_release,14,14,,,14,yes,,,,,,,,,,,300,2031.471000000,,,,,results/box-contact-islands-10k/intel-core-i7-13700k/2026-10-05_0800_ddr5-4800_threads-1-2-3-4-5-6-8-10-12-14-16-24_r5/raw/nvidia_physx5/t14/nvidia_physx5_t14_raw.csv
2026-10-05_0800_ddr5-4800_threads-1-2-3-4-5-6-8-10-12-14-16-24_r5,nvidia_physx5,5.10.0.75b25f28f9,windows,vs2022_msbuild_release,box_contact_islands_10k,headless_api,14,step,300,30,4,10050,10050,0,0,median_ms_per_step,6.854012333,ms,lower_is_better,6.854012333,145.899941723,0,ok,ok,engine_runner_cli,work_unit_wall_sum_inline,14,box_contact_islands_10k,2,position_iterations=5; velocity_iterations=1; sleep=disabled; ccd=disabled; worker_count=14; islands=50,vs2022_msbuild_release,14,14,,,14,yes,,,,,,,,,,,300,2056.203700000,,,,,results/box-contact-islands-10k/intel-core-i7-13700k/2026-10-05_0800_ddr5-4800_threads-1-2-3-4-5-6-8-10-12-14-16-24_r5/raw/nvidia_physx5/t14/nvidia_physx5_t14_raw.csv
2026-10-05_0800_ddr5-4800_threads-1-2-3-4-5-6-8-10-12-14-16-24_r5,nvidia_physx5,5.10.0.75b25f28f9,windows,vs2022_msbuild_release,box_contact_islands_10k,headless_api,16,step,300,30,0,10050,10050,0,0,median_ms_per_step,6.552219333,ms,lower_is_better,6.552219333,152.620043550,0,ok,ok,engine_runner_cli,work_unit_wall_sum_inline,16,box_contact_islands_10k,2,position_iterations=5; velocity_iterations=1; sleep=disabled; ccd=disabled; worker_count=16; islands=50,vs2022_msbuild_release,16,16,,,16,yes,,,,,,,,,,,300,1965.665800000,,,,,results/box-contact-islands-10k/intel-core-i7-13700k/2026-10-05_0800_ddr5-4800_threads-1-2-3-4-5-6-8-10-12-14-16-24_r5/raw/nvidia_physx5/t16/nvidia_physx5_t16_raw.csv
2026-10-05_0800_ddr5-4800_threads-1-2-3-4-5-6-8-10-12-14-16-24_r5,nvidia_physx5,5.10.0.75b25f28f9,windows,vs2022_msbuild_release,box_contact_islands_10k,headless_api,16,step,300,30,1,10050,10050,0,0,median_ms_per_step,6.541451000,ms,lower_is_better,6.541451000,152.871281922,0,ok,ok,engine_runner_cli,work_unit_wall_sum_inline,16,box_contact_islands_10k,2,position_iterations=5; velocity_iterations=1; sleep=disabled; ccd=disabled; worker_count=16; islands=50,vs2022_msbuild_release,16,16,,,16,yes,,,,,,,,,,,300,1962.435300000,,,,,results/box-contact-islands-10k/intel-core-i7-13700k/2026-10-05_0800_ddr5-4800_threads-1-2-3-4-5-6-8-10-12-14-16-24_r5/raw/nvidia_physx5/t16/nvidia_physx5_t16_raw.csv
2026-10-05_0800_ddr5-4800_threads-1-2-3-4-5-6-8-10-12-14-16-24_r5,nvidia_physx5,5.10.0.75b25f28f9,windows,vs2022_msbuild_release,box_contact_islands_10k,headless_api,16,step,300,30,2,10050,10050,0,0,median_ms_per_step,6.550206000,ms,lower_is_better,6.550206000,152.666954291,0,ok,ok,engine_runner_cli,work_unit_wall_sum_inline,16,box_contact_islands_10k,2,position_iterations=5; velocity_iterations=1; sleep=disabled; ccd=disabled; worker_count=16; islands=50,vs2022_msbuild_release,16,16,,,16,yes,,,,,,,,,,,300,1965.061800000,,,,,results/box-contact-islands-10k/intel-core-i7-13700k/2026-10-05_0800_ddr5-4800_threads-1-2-3-4-5-6-8-10-12-14-16-24_r5/raw/nvidia_physx5/t16/nvidia_physx5_t16_raw.csv
2026-10-05_0800_ddr5-4800_threads-1-2-3-4-5-6-8-10-12-14-16-24_r5,nvidia_physx5,5.10.0.75b25f28f9,windows,vs2022_msbuild_release,box_contact_islands_10k,headless_api,16,step,300,30,3,10050,10050,0,0,median_ms_per_step,6.596970667,ms,lower_is_better,6.596970667,151.584727374,0,ok,ok,engine_runner_cli,work_unit_wall_sum_inline,16,box_contact_islands_10k,2,position_iterations=5; velocity_iterations=1; sleep=disabled; ccd=disabled; worker_count=16; islands=50,vs2022_msbuild_release,16,16,,,16,yes,,,,,,,,,,,300,1979.091200000,,,,,results/box-contact-islands-10k/intel-core-i7-13700k/2026-10-05_0800_ddr5-4800_threads-1-2-3-4-5-6-8-10-12-14-16-24_r5/raw/nvidia_physx5/t16/nvidia_physx5_t16_raw.csv
2026-10-05_0800_ddr5-4800_threads-1-2-3-4-5-6-8-10-12-14-16-24_r5,nvidia_physx5,5.10.0.75b25f28f9,windows,vs2022_msbuild_release,box_contact_islands_10k,headless_api,16,step,300,30,4,10050,10050,0,0,median_ms_per_step,6.567881667,ms,lower_is_better,6.567881667,152.256092718,0,ok,ok,engine_runner_cli,work_unit_wall_sum_inline,16,box_contact_islands_10k,2,position_iterations=5; velocity_iterations=1; sleep=disabled; ccd=disabled; worker_count=16; islands=50,vs2022_msbuild_release,16,16,,,16,yes,,,,,,,,,,,300,1970.364500000,,,,,results/box-contact-islands-10k/intel-core-i7-13700k/2026-10-05_0800_ddr5-4800_threads-1-2-3-4-5-6-8-10-12-14-16-24_r5/raw/nvidia_physx5/t16/nvidia_physx5_t16_raw.csv
2026-10-05_0800_ddr5-4800_threads-1-2-3-4-5-6-8-10-12-14-16-24_r5,nvidia_physx5,5.10.0.75b25f28f9,windows,vs2022_msbuild_release,box_contact_islands_10k,headless_api,24,step,300,30,0,10050,10050,0,0,median_ms_per_step,15.768113000,ms,lower_is_better,15.768113000,63.419129480,0,ok,ok,engine_runner_cli,work_unit_wall_sum_inline,24,box_contact_islands_10k,2,position_iterations=5; velocity_iterations=1; sleep=disabled; ccd=disabled; worker_count=24; islands=50,vs2022_msbuild_release,24,24,,,24,yes,,,,,,,,,,,300,4730.433900000,,,,,results/box-contact-islands-10k/intel-core-i7-13700k/2026-10-05_0800_ddr5-4800_threads-1-2-3-4-5-6-8-10-12-14-16-24_r5/raw/nvidia_physx5/t24/nvidia_physx5_t24_raw.csv
2026-10-05_0800_ddr5-4800_threads-1-2-3-4-5-6-8-10-12-14-16-24_r5,nvidia_physx5,5.10.0.75b25f28f9,windows,vs2022_msbuild_release,box_contact_islands_10k,headless_api,24,step,300,30,1,10050,10050,0,0,median_ms_per_step,15.581293333,ms,lower_is_better,15.581293333,64.179524678,0,ok,ok,engine_runner_cli,work_unit_wall_sum_inline,24,box_contact_islands_10k,2,position_iterations=5; velocity_iterations=1; sleep=disabled; ccd=disabled; worker_count=24; islands=50,vs2022_msbuild_release,24,24,,,24,yes,,,,,,,,,,,300,4674.388000000,,,,,results/box-contact-islands-10k/intel-core-i7-13700k/2026-10-05_0800_ddr5-4800_threads-1-2-3-4-5-6-8-10-12-14-16-24_r5/raw/nvidia_physx5/t24/nvidia_physx5_t24_raw.csv
2026-10-05_0800_ddr5-4800_threads-1-2-3-4-5-6-8-10-12-14-16-24_r5,nvidia_physx5,5.10.0.75b25f28f9,windows,vs2022_msbuild_release,box_contact_islands_10k,headless_api,24,step,300,30,2,10050,10050,0,0,median_ms_per_step,15.466821667,ms,lower_is_better,15.466821667,64.654524475,0,ok,ok,engine_runner_cli,work_unit_wall_sum_inline,24,box_contact_islands_10k,2,position_iterations=5; velocity_iterations=1; sleep=disabled; ccd=disabled; worker_count=24; islands=50,vs2022_msbuild_release,24,24,,,24,yes,,,,,,,,,,,300,4640.046500000,,,,,results/box-contact-islands-10k/intel-core-i7-13700k/2026-10-05_0800_ddr5-4800_threads-1-2-3-4-5-6-8-10-12-14-16-24_r5/raw/nvidia_physx5/t24/nvidia_physx5_t24_raw.csv
2026-10-05_0800_ddr5-4800_threads-1-2-3-4-5-6-8-10-12-14-16-24_r5,nvidia_physx5,5.10.0.75b25f28f9,windows,vs2022_msbuild_release,box_contact_islands_10k,headless_api,24,step,300,30,3,10050,10050,0,0,median_ms_per_step,15.417388000,ms,lower_is_better,15.417388000,64.861830032,0,ok,ok,engine_runner_cli,work_unit_wall_sum_inline,24,box_contact_islands_10k,2,position_iterations=5; velocity_iterations=1; sleep=disabled; ccd=disabled; worker_count=24; islands=50,vs2022_msbuild_release,24,24,,,24,yes,,,,,,,,,,,300,4625.216400000,,,,,results/box-contact-islands-10k/intel-core-i7-13700k/2026-10-05_0800_ddr5-4800_threads-1-2-3-4-5-6-8-10-12-14-16-24_r5/raw/nvidia_physx5/t24/nvidia_physx5_t24_raw.csv
2026-10-05_0800_ddr5-4800_threads-1-2-3-4-5-6-8-10-12-14-16-24_r5,nvidia_physx5,5.10.0.75b25f28f9,windows,vs2022_msbuild_release,box_contact_islands_10k,headless_api,24,step,300,30,4,10050,10050,0,0,median_ms_per_step,15.737432333,ms,lower_is_better,15.737432333,63.542767258,0,ok,ok,engine_runner_cli,work_unit_wall_sum_inline,24,box_contact_islands_10k,2,position_iterations=5; velocity_iterations=1; sleep=disabled; ccd=disabled; worker_count=24; islands=50,vs2022_msbuild_release,24,24,,,24,yes,,,,,,,,,,,300,4721.229700000,,,,,results/box-contact-islands-10k/intel-core-i7-13700k/2026-10-05_0800_ddr5-4800_threads-1-2-3-4-5-6-8-10-12-14-16-24_r5/raw/nvidia_physx5/t24/nvidia_physx5_t24_raw.csv
2026-10-05_0800_ddr5-4800_threads-1-2-3-4-5-6-8-10-12-14-16-24_r5,physx34,2b13cae09734616d07d09ecf645326fa0bf43ef7,windows,windows_clang_cl_release,box_contact_islands_10k,headless_api,1,step,300,30,0,10050,10050,0,0,median_ms_per_step,37.202507667,ms,lower_is_better,37.202507667,26.879908445,0,ok,ok,engine_runner_cli,work_unit_wall_sum_inline,1,box_contact_islands_10k,2,position_iterations=5; velocity_iterations=1; sleep=disabled; ccd=disabled; worker_count=1; islands=50,windows_clang_cl_release,1,1,,,1,yes,,,,,,,,,,,300,11160.752300000,,,,,results/box-contact-islands-10k/intel-core-i7-13700k/2026-10-05_0800_ddr5-4800_threads-1-2-3-4-5-6-8-10-12-14-16-24_r5/raw/physx34/t1/physx34_t1_raw.csv
2026-10-05_0800_ddr5-4800_threads-1-2-3-4-5-6-8-10-12-14-16-24_r5,physx34,2b13cae09734616d07d09ecf645326fa0bf43ef7,windows,windows_clang_cl_release,box_contact_islands_10k,headless_api,1,step,300,30,1,10050,10050,0,0,median_ms_per_step,37.287706333,ms,lower_is_better,37.287706333,26.818490552,0,ok,ok,engine_runner_cli,work_unit_wall_sum_inline,1,box_contact_islands_10k,2,position_iterations=5; velocity_iterations=1; sleep=disabled; ccd=disabled; worker_count=1; islands=50,windows_clang_cl_release,1,1,,,1,yes,,,,,,,,,,,300,11186.311900000,,,,,results/box-contact-islands-10k/intel-core-i7-13700k/2026-10-05_0800_ddr5-4800_threads-1-2-3-4-5-6-8-10-12-14-16-24_r5/raw/physx34/t1/physx34_t1_raw.csv
2026-10-05_0800_ddr5-4800_threads-1-2-3-4-5-6-8-10-12-14-16-24_r5,physx34,2b13cae09734616d07d09ecf645326fa0bf43ef7,windows,windows_clang_cl_release,box_contact_islands_10k,headless_api,1,step,300,30,2,10050,10050,0,0,median_ms_per_step,35.863313000,ms,lower_is_better,35.863313000,27.883648117,0,ok,ok,engine_runner_cli,work_unit_wall_sum_inline,1,box_contact_islands_10k,2,position_iterations=5; velocity_iterations=1; sleep=disabled; ccd=disabled; worker_count=1; islands=50,windows_clang_cl_release,1,1,,,1,yes,,,,,,,,,,,300,10758.993900000,,,,,results/box-contact-islands-10k/intel-core-i7-13700k/2026-10-05_0800_ddr5-4800_threads-1-2-3-4-5-6-8-10-12-14-16-24_r5/raw/physx34/t1/physx34_t1_raw.csv
2026-10-05_0800_ddr5-4800_threads-1-2-3-4-5-6-8-10-12-14-16-24_r5,physx34,2b13cae09734616d07d09ecf645326fa0bf43ef7,windows,windows_clang_cl_release,box_contact_islands_10k,headless_api,1,step,300,30,3,10050,10050,0,0,median_ms_per_step,35.585441667,ms,lower_is_better,35.585441667,28.101379473,0,ok,ok,engine_runner_cli,work_unit_wall_sum_inline,1,box_contact_islands_10k,2,position_iterations=5; velocity_iterations=1; sleep=disabled; ccd=disabled; worker_count=1; islands=50,windows_clang_cl_release,1,1,,,1,yes,,,,,,,,,,,300,10675.632500000,,,,,results/box-contact-islands-10k/intel-core-i7-13700k/2026-10-05_0800_ddr5-4800_threads-1-2-3-4-5-6-8-10-12-14-16-24_r5/raw/physx34/t1/physx34_t1_raw.csv
2026-10-05_0800_ddr5-4800_threads-1-2-3-4-5-6-8-10-12-14-16-24_r5,physx34,2b13cae09734616d07d09ecf645326fa0bf43ef7,windows,windows_clang_cl_release,box_contact_islands_10k,headless_api,1,step,300,30,4,10050,10050,0,0,median_ms_per_step,36.607941333,ms,lower_is_better,36.607941333,27.316477343,0,ok,ok,engine_runner_cli,work_unit_wall_sum_inline,1,box_contact_islands_10k,2,position_iterations=5; velocity_iterations=1; sleep=disabled; ccd=disabled; worker_count=1; islands=50,windows_clang_cl_release,1,1,,,1,yes,,,,,,,,,,,300,10982.382400000,,,,,results/box-contact-islands-10k/intel-core-i7-13700k/2026-10-05_0800_ddr5-4800_threads-1-2-3-4-5-6-8-10-12-14-16-24_r5/raw/physx34/t1/physx34_t1_raw.csv
2026-10-05_0800_ddr5-4800_threads-1-2-3-4-5-6-8-10-12-14-16-24_r5,physx34,2b13cae09734616d07d09ecf645326fa0bf43ef7,windows,windows_clang_cl_release,box_contact_islands_10k,headless_api,2,step,300,30,0,10050,10050,0,0,median_ms_per_step,18.873734667,ms,lower_is_better,18.873734667,52.983684346,0,ok,ok,engine_runner_cli,work_unit_wall_sum_inline,2,box_contact_islands_10k,2,position_iterations=5; velocity_iterations=1; sleep=disabled; ccd=disabled; worker_count=2; islands=50,windows_clang_cl_release,2,2,,,2,yes,,,,,,,,,,,300,5662.120400000,,,,,results/box-contact-islands-10k/intel-core-i7-13700k/2026-10-05_0800_ddr5-4800_threads-1-2-3-4-5-6-8-10-12-14-16-24_r5/raw/physx34/t2/physx34_t2_raw.csv
2026-10-05_0800_ddr5-4800_threads-1-2-3-4-5-6-8-10-12-14-16-24_r5,physx34,2b13cae09734616d07d09ecf645326fa0bf43ef7,windows,windows_clang_cl_release,box_contact_islands_10k,headless_api,2,step,300,30,1,10050,10050,0,0,median_ms_per_step,18.870659667,ms,lower_is_better,18.870659667,52.992318110,0,ok,ok,engine_runner_cli,work_unit_wall_sum_inline,2,box_contact_islands_10k,2,position_iterations=5; velocity_iterations=1; sleep=disabled; ccd=disabled; worker_count=2; islands=50,windows_clang_cl_release,2,2,,,2,yes,,,,,,,,,,,300,5661.197900000,,,,,results/box-contact-islands-10k/intel-core-i7-13700k/2026-10-05_0800_ddr5-4800_threads-1-2-3-4-5-6-8-10-12-14-16-24_r5/raw/physx34/t2/physx34_t2_raw.csv
2026-10-05_0800_ddr5-4800_threads-1-2-3-4-5-6-8-10-12-14-16-24_r5,physx34,2b13cae09734616d07d09ecf645326fa0bf43ef7,windows,windows_clang_cl_release,box_contact_islands_10k,headless_api,2,step,300,30,2,10050,10050,0,0,median_ms_per_step,19.251049667,ms,lower_is_better,19.251049667,51.945219472,0,ok,ok,engine_runner_cli,work_unit_wall_sum_inline,2,box_contact_islands_10k,2,position_iterations=5; velocity_iterations=1; sleep=disabled; ccd=disabled; worker_count=2; islands=50,windows_clang_cl_release,2,2,,,2,yes,,,,,,,,,,,300,5775.314900000,,,,,results/box-contact-islands-10k/intel-core-i7-13700k/2026-10-05_0800_ddr5-4800_threads-1-2-3-4-5-6-8-10-12-14-16-24_r5/raw/physx34/t2/physx34_t2_raw.csv
2026-10-05_0800_ddr5-4800_threads-1-2-3-4-5-6-8-10-12-14-16-24_r5,physx34,2b13cae09734616d07d09ecf645326fa0bf43ef7,windows,windows_clang_cl_release,box_contact_islands_10k,headless_api,2,step,300,30,3,10050,10050,0,0,median_ms_per_step,18.744470667,ms,lower_is_better,18.744470667,53.349065854,0,ok,ok,engine_runner_cli,work_unit_wall_sum_inline,2,box_contact_islands_10k,2,position_iterations=5; velocity_iterations=1; sleep=disabled; ccd=disabled; worker_count=2; islands=50,windows_clang_cl_release,2,2,,,2,yes,,,,,,,,,,,300,5623.341200000,,,,,results/box-contact-islands-10k/intel-core-i7-13700k/2026-10-05_0800_ddr5-4800_threads-1-2-3-4-5-6-8-10-12-14-16-24_r5/raw/physx34/t2/physx34_t2_raw.csv
2026-10-05_0800_ddr5-4800_threads-1-2-3-4-5-6-8-10-12-14-16-24_r5,physx34,2b13cae09734616d07d09ecf645326fa0bf43ef7,windows,windows_clang_cl_release,box_contact_islands_10k,headless_api,2,step,300,30,4,10050,10050,0,0,median_ms_per_step,19.801362667,ms,lower_is_better,19.801362667,50.501574908,0,ok,ok,engine_runner_cli,work_unit_wall_sum_inline,2,box_contact_islands_10k,2,position_iterations=5; velocity_iterations=1; sleep=disabled; ccd=disabled; worker_count=2; islands=50,windows_clang_cl_release,2,2,,,2,yes,,,,,,,,,,,300,5940.408800000,,,,,results/box-contact-islands-10k/intel-core-i7-13700k/2026-10-05_0800_ddr5-4800_threads-1-2-3-4-5-6-8-10-12-14-16-24_r5/raw/physx34/t2/physx34_t2_raw.csv
2026-10-05_0800_ddr5-4800_threads-1-2-3-4-5-6-8-10-12-14-16-24_r5,physx34,2b13cae09734616d07d09ecf645326fa0bf43ef7,windows,windows_clang_cl_release,box_contact_islands_10k,headless_api,3,step,300,30,0,10050,10050,0,0,median_ms_per_step,13.451724333,ms,lower_is_better,13.451724333,74.339911763,0,ok,ok,engine_runner_cli,work_unit_wall_sum_inline,3,box_contact_islands_10k,2,position_iterations=5; velocity_iterations=1; sleep=disabled; ccd=disabled; worker_count=3; islands=50,windows_clang_cl_release,3,3,,,3,yes,,,,,,,,,,,300,4035.517300000,,,,,results/box-contact-islands-10k/intel-core-i7-13700k/2026-10-05_0800_ddr5-4800_threads-1-2-3-4-5-6-8-10-12-14-16-24_r5/raw/physx34/t3/physx34_t3_raw.csv
2026-10-05_0800_ddr5-4800_threads-1-2-3-4-5-6-8-10-12-14-16-24_r5,physx34,2b13cae09734616d07d09ecf645326fa0bf43ef7,windows,windows_clang_cl_release,box_contact_islands_10k,headless_api,3,step,300,30,1,10050,10050,0,0,median_ms_per_step,13.382818000,ms,lower_is_better,13.382818000,74.722677989,0,ok,ok,engine_runner_cli,work_unit_wall_sum_inline,3,box_contact_islands_10k,2,position_iterations=5; velocity_iterations=1; sleep=disabled; ccd=disabled; worker_count=3; islands=50,windows_clang_cl_release,3,3,,,3,yes,,,,,,,,,,,300,4014.845400000,,,,,results/box-contact-islands-10k/intel-core-i7-13700k/2026-10-05_0800_ddr5-4800_threads-1-2-3-4-5-6-8-10-12-14-16-24_r5/raw/physx34/t3/physx34_t3_raw.csv
2026-10-05_0800_ddr5-4800_threads-1-2-3-4-5-6-8-10-12-14-16-24_r5,physx34,2b13cae09734616d07d09ecf645326fa0bf43ef7,windows,windows_clang_cl_release,box_contact_islands_10k,headless_api,3,step,300,30,2,10050,10050,0,0,median_ms_per_step,14.931495000,ms,lower_is_better,14.931495000,66.972530212,0,ok,ok,engine_runner_cli,work_unit_wall_sum_inline,3,box_contact_islands_10k,2,position_iterations=5; velocity_iterations=1; sleep=disabled; ccd=disabled; worker_count=3; islands=50,windows_clang_cl_release,3,3,,,3,yes,,,,,,,,,,,300,4479.448500000,,,,,results/box-contact-islands-10k/intel-core-i7-13700k/2026-10-05_0800_ddr5-4800_threads-1-2-3-4-5-6-8-10-12-14-16-24_r5/raw/physx34/t3/physx34_t3_raw.csv
2026-10-05_0800_ddr5-4800_threads-1-2-3-4-5-6-8-10-12-14-16-24_r5,physx34,2b13cae09734616d07d09ecf645326fa0bf43ef7,windows,windows_clang_cl_release,box_contact_islands_10k,headless_api,3,step,300,30,3,10050,10050,0,0,median_ms_per_step,13.952149667,ms,lower_is_better,13.952149667,71.673543066,0,ok,ok,engine_runner_cli,work_unit_wall_sum_inline,3,box_contact_islands_10k,2,position_iterations=5; velocity_iterations=1; sleep=disabled; ccd=disabled; worker_count=3; islands=50,windows_clang_cl_release,3,3,,,3,yes,,,,,,,,,,,300,4185.644900000,,,,,results/box-contact-islands-10k/intel-core-i7-13700k/2026-10-05_0800_ddr5-4800_threads-1-2-3-4-5-6-8-10-12-14-16-24_r5/raw/physx34/t3/physx34_t3_raw.csv
2026-10-05_0800_ddr5-4800_threads-1-2-3-4-5-6-8-10-12-14-16-24_r5,physx34,2b13cae09734616d07d09ecf645326fa0bf43ef7,windows,windows_clang_cl_release,box_contact_islands_10k,headless_api,3,step,300,30,4,10050,10050,0,0,median_ms_per_step,14.350564333,ms,lower_is_better,14.350564333,69.683670744,0,ok,ok,engine_runner_cli,work_unit_wall_sum_inline,3,box_contact_islands_10k,2,position_iterations=5; velocity_iterations=1; sleep=disabled; ccd=disabled; worker_count=3; islands=50,windows_clang_cl_release,3,3,,,3,yes,,,,,,,,,,,300,4305.169300000,,,,,results/box-contact-islands-10k/intel-core-i7-13700k/2026-10-05_0800_ddr5-4800_threads-1-2-3-4-5-6-8-10-12-14-16-24_r5/raw/physx34/t3/physx34_t3_raw.csv
2026-10-05_0800_ddr5-4800_threads-1-2-3-4-5-6-8-10-12-14-16-24_r5,physx34,2b13cae09734616d07d09ecf645326fa0bf43ef7,windows,windows_clang_cl_release,box_contact_islands_10k,headless_api,4,step,300,30,0,10050,10050,0,0,median_ms_per_step,10.981714333,ms,lower_is_better,10.981714333,91.060463753,0,ok,ok,engine_runner_cli,work_unit_wall_sum_inline,4,box_contact_islands_10k,2,position_iterations=5; velocity_iterations=1; sleep=disabled; ccd=disabled; worker_count=4; islands=50,windows_clang_cl_release,4,4,,,4,yes,,,,,,,,,,,300,3294.514300000,,,,,results/box-contact-islands-10k/intel-core-i7-13700k/2026-10-05_0800_ddr5-4800_threads-1-2-3-4-5-6-8-10-12-14-16-24_r5/raw/physx34/t4/physx34_t4_raw.csv
2026-10-05_0800_ddr5-4800_threads-1-2-3-4-5-6-8-10-12-14-16-24_r5,physx34,2b13cae09734616d07d09ecf645326fa0bf43ef7,windows,windows_clang_cl_release,box_contact_islands_10k,headless_api,4,step,300,30,1,10050,10050,0,0,median_ms_per_step,11.394383333,ms,lower_is_better,11.394383333,87.762537976,0,ok,ok,engine_runner_cli,work_unit_wall_sum_inline,4,box_contact_islands_10k,2,position_iterations=5; velocity_iterations=1; sleep=disabled; ccd=disabled; worker_count=4; islands=50,windows_clang_cl_release,4,4,,,4,yes,,,,,,,,,,,300,3418.315000000,,,,,results/box-contact-islands-10k/intel-core-i7-13700k/2026-10-05_0800_ddr5-4800_threads-1-2-3-4-5-6-8-10-12-14-16-24_r5/raw/physx34/t4/physx34_t4_raw.csv
2026-10-05_0800_ddr5-4800_threads-1-2-3-4-5-6-8-10-12-14-16-24_r5,physx34,2b13cae09734616d07d09ecf645326fa0bf43ef7,windows,windows_clang_cl_release,box_contact_islands_10k,headless_api,4,step,300,30,2,10050,10050,0,0,median_ms_per_step,10.811517667,ms,lower_is_better,10.811517667,92.493952360,0,ok,ok,engine_runner_cli,work_unit_wall_sum_inline,4,box_contact_islands_10k,2,position_iterations=5; velocity_iterations=1; sleep=disabled; ccd=disabled; worker_count=4; islands=50,windows_clang_cl_release,4,4,,,4,yes,,,,,,,,,,,300,3243.455300000,,,,,results/box-contact-islands-10k/intel-core-i7-13700k/2026-10-05_0800_ddr5-4800_threads-1-2-3-4-5-6-8-10-12-14-16-24_r5/raw/physx34/t4/physx34_t4_raw.csv
2026-10-05_0800_ddr5-4800_threads-1-2-3-4-5-6-8-10-12-14-16-24_r5,physx34,2b13cae09734616d07d09ecf645326fa0bf43ef7,windows,windows_clang_cl_release,box_contact_islands_10k,headless_api,4,step,300,30,3,10050,10050,0,0,median_ms_per_step,10.660692000,ms,lower_is_better,10.660692000,93.802541148,0,ok,ok,engine_runner_cli,work_unit_wall_sum_inline,4,box_contact_islands_10k,2,position_iterations=5; velocity_iterations=1; sleep=disabled; ccd=disabled; worker_count=4; islands=50,windows_clang_cl_release,4,4,,,4,yes,,,,,,,,,,,300,3198.207600000,,,,,results/box-contact-islands-10k/intel-core-i7-13700k/2026-10-05_0800_ddr5-4800_threads-1-2-3-4-5-6-8-10-12-14-16-24_r5/raw/physx34/t4/physx34_t4_raw.csv
2026-10-05_0800_ddr5-4800_threads-1-2-3-4-5-6-8-10-12-14-16-24_r5,physx34,2b13cae09734616d07d09ecf645326fa0bf43ef7,windows,windows_clang_cl_release,box_contact_islands_10k,headless_api,4,step,300,30,4,10050,10050,0,0,median_ms_per_step,11.012842333,ms,lower_is_better,11.012842333,90.803079689,0,ok,ok,engine_runner_cli,work_unit_wall_sum_inline,4,box_contact_islands_10k,2,position_iterations=5; velocity_iterations=1; sleep=disabled; ccd=disabled; worker_count=4; islands=50,windows_clang_cl_release,4,4,,,4,yes,,,,,,,,,,,300,3303.852700000,,,,,results/box-contact-islands-10k/intel-core-i7-13700k/2026-10-05_0800_ddr5-4800_threads-1-2-3-4-5-6-8-10-12-14-16-24_r5/raw/physx34/t4/physx34_t4_raw.csv
2026-10-05_0800_ddr5-4800_threads-1-2-3-4-5-6-8-10-12-14-16-24_r5,physx34,2b13cae09734616d07d09ecf645326fa0bf43ef7,windows,windows_clang_cl_release,box_contact_islands_10k,headless_api,5,step,300,30,0,10050,10050,0,0,median_ms_per_step,8.706372667,ms,lower_is_better,8.706372667,114.858396061,0,ok,ok,engine_runner_cli,work_unit_wall_sum_inline,5,box_contact_islands_10k,2,position_iterations=5; velocity_iterations=1; sleep=disabled; ccd=disabled; worker_count=5; islands=50,windows_clang_cl_release,5,5,,,5,yes,,,,,,,,,,,300,2611.911800000,,,,,results/box-contact-islands-10k/intel-core-i7-13700k/2026-10-05_0800_ddr5-4800_threads-1-2-3-4-5-6-8-10-12-14-16-24_r5/raw/physx34/t5/physx34_t5_raw.csv
2026-10-05_0800_ddr5-4800_threads-1-2-3-4-5-6-8-10-12-14-16-24_r5,physx34,2b13cae09734616d07d09ecf645326fa0bf43ef7,windows,windows_clang_cl_release,box_contact_islands_10k,headless_api,5,step,300,30,1,10050,10050,0,0,median_ms_per_step,9.207397000,ms,lower_is_better,9.207397000,108.608328717,0,ok,ok,engine_runner_cli,work_unit_wall_sum_inline,5,box_contact_islands_10k,2,position_iterations=5; velocity_iterations=1; sleep=disabled; ccd=disabled; worker_count=5; islands=50,windows_clang_cl_release,5,5,,,5,yes,,,,,,,,,,,300,2762.219100000,,,,,results/box-contact-islands-10k/intel-core-i7-13700k/2026-10-05_0800_ddr5-4800_threads-1-2-3-4-5-6-8-10-12-14-16-24_r5/raw/physx34/t5/physx34_t5_raw.csv
2026-10-05_0800_ddr5-4800_threads-1-2-3-4-5-6-8-10-12-14-16-24_r5,physx34,2b13cae09734616d07d09ecf645326fa0bf43ef7,windows,windows_clang_cl_release,box_contact_islands_10k,headless_api,5,step,300,30,2,10050,10050,0,0,median_ms_per_step,8.575743667,ms,lower_is_better,8.575743667,116.607962979,0,ok,ok,engine_runner_cli,work_unit_wall_sum_inline,5,box_contact_islands_10k,2,position_iterations=5; velocity_iterations=1; sleep=disabled; ccd=disabled; worker_count=5; islands=50,windows_clang_cl_release,5,5,,,5,yes,,,,,,,,,,,300,2572.723100000,,,,,results/box-contact-islands-10k/intel-core-i7-13700k/2026-10-05_0800_ddr5-4800_threads-1-2-3-4-5-6-8-10-12-14-16-24_r5/raw/physx34/t5/physx34_t5_raw.csv
2026-10-05_0800_ddr5-4800_threads-1-2-3-4-5-6-8-10-12-14-16-24_r5,physx34,2b13cae09734616d07d09ecf645326fa0bf43ef7,windows,windows_clang_cl_release,box_contact_islands_10k,headless_api,5,step,300,30,3,10050,10050,0,0,median_ms_per_step,8.805836333,ms,lower_is_better,8.805836333,113.561047713,0,ok,ok,engine_runner_cli,work_unit_wall_sum_inline,5,box_contact_islands_10k,2,position_iterations=5; velocity_iterations=1; sleep=disabled; ccd=disabled; worker_count=5; islands=50,windows_clang_cl_release,5,5,,,5,yes,,,,,,,,,,,300,2641.750900000,,,,,results/box-contact-islands-10k/intel-core-i7-13700k/2026-10-05_0800_ddr5-4800_threads-1-2-3-4-5-6-8-10-12-14-16-24_r5/raw/physx34/t5/physx34_t5_raw.csv
2026-10-05_0800_ddr5-4800_threads-1-2-3-4-5-6-8-10-12-14-16-24_r5,physx34,2b13cae09734616d07d09ecf645326fa0bf43ef7,windows,windows_clang_cl_release,box_contact_islands_10k,headless_api,5,step,300,30,4,10050,10050,0,0,median_ms_per_step,8.820689000,ms,lower_is_better,8.820689000,113.369828593,0,ok,ok,engine_runner_cli,work_unit_wall_sum_inline,5,box_contact_islands_10k,2,position_iterations=5; velocity_iterations=1; sleep=disabled; ccd=disabled; worker_count=5; islands=50,windows_clang_cl_release,5,5,,,5,yes,,,,,,,,,,,300,2646.206700000,,,,,results/box-contact-islands-10k/intel-core-i7-13700k/2026-10-05_0800_ddr5-4800_threads-1-2-3-4-5-6-8-10-12-14-16-24_r5/raw/physx34/t5/physx34_t5_raw.csv
2026-10-05_0800_ddr5-4800_threads-1-2-3-4-5-6-8-10-12-14-16-24_r5,physx34,2b13cae09734616d07d09ecf645326fa0bf43ef7,windows,windows_clang_cl_release,box_contact_islands_10k,headless_api,6,step,300,30,0,10050,10050,0,0,median_ms_per_step,8.316386667,ms,lower_is_better,8.316386667,120.244529275,0,ok,ok,engine_runner_cli,work_unit_wall_sum_inline,6,box_contact_islands_10k,2,position_iterations=5; velocity_iterations=1; sleep=disabled; ccd=disabled; worker_count=6; islands=50,windows_clang_cl_release,6,6,,,6,yes,,,,,,,,,,,300,2494.916000000,,,,,results/box-contact-islands-10k/intel-core-i7-13700k/2026-10-05_0800_ddr5-4800_threads-1-2-3-4-5-6-8-10-12-14-16-24_r5/raw/physx34/t6/physx34_t6_raw.csv
2026-10-05_0800_ddr5-4800_threads-1-2-3-4-5-6-8-10-12-14-16-24_r5,physx34,2b13cae09734616d07d09ecf645326fa0bf43ef7,windows,windows_clang_cl_release,box_contact_islands_10k,headless_api,6,step,300,30,1,10050,10050,0,0,median_ms_per_step,7.916521667,ms,lower_is_better,7.916521667,126.318103089,0,ok,ok,engine_runner_cli,work_unit_wall_sum_inline,6,box_contact_islands_10k,2,position_iterations=5; velocity_iterations=1; sleep=disabled; ccd=disabled; worker_count=6; islands=50,windows_clang_cl_release,6,6,,,6,yes,,,,,,,,,,,300,2374.956500000,,,,,results/box-contact-islands-10k/intel-core-i7-13700k/2026-10-05_0800_ddr5-4800_threads-1-2-3-4-5-6-8-10-12-14-16-24_r5/raw/physx34/t6/physx34_t6_raw.csv
2026-10-05_0800_ddr5-4800_threads-1-2-3-4-5-6-8-10-12-14-16-24_r5,physx34,2b13cae09734616d07d09ecf645326fa0bf43ef7,windows,windows_clang_cl_release,box_contact_islands_10k,headless_api,6,step,300,30,2,10050,10050,0,0,median_ms_per_step,7.998695667,ms,lower_is_better,7.998695667,125.020383532,0,ok,ok,engine_runner_cli,work_unit_wall_sum_inline,6,box_contact_islands_10k,2,position_iterations=5; velocity_iterations=1; sleep=disabled; ccd=disabled; worker_count=6; islands=50,windows_clang_cl_release,6,6,,,6,yes,,,,,,,,,,,300,2399.608700000,,,,,results/box-contact-islands-10k/intel-core-i7-13700k/2026-10-05_0800_ddr5-4800_threads-1-2-3-4-5-6-8-10-12-14-16-24_r5/raw/physx34/t6/physx34_t6_raw.csv
2026-10-05_0800_ddr5-4800_threads-1-2-3-4-5-6-8-10-12-14-16-24_r5,physx34,2b13cae09734616d07d09ecf645326fa0bf43ef7,windows,windows_clang_cl_release,box_contact_islands_10k,headless_api,6,step,300,30,3,10050,10050,0,0,median_ms_per_step,8.342779333,ms,lower_is_better,8.342779333,119.864131610,0,ok,ok,engine_runner_cli,work_unit_wall_sum_inline,6,box_contact_islands_10k,2,position_iterations=5; velocity_iterations=1; sleep=disabled; ccd=disabled; worker_count=6; islands=50,windows_clang_cl_release,6,6,,,6,yes,,,,,,,,,,,300,2502.833800000,,,,,results/box-contact-islands-10k/intel-core-i7-13700k/2026-10-05_0800_ddr5-4800_threads-1-2-3-4-5-6-8-10-12-14-16-24_r5/raw/physx34/t6/physx34_t6_raw.csv
2026-10-05_0800_ddr5-4800_threads-1-2-3-4-5-6-8-10-12-14-16-24_r5,physx34,2b13cae09734616d07d09ecf645326fa0bf43ef7,windows,windows_clang_cl_release,box_contact_islands_10k,headless_api,6,step,300,30,4,10050,10050,0,0,median_ms_per_step,8.441767667,ms,lower_is_better,8.441767667,118.458602450,0,ok,ok,engine_runner_cli,work_unit_wall_sum_inline,6,box_contact_islands_10k,2,position_iterations=5; velocity_iterations=1; sleep=disabled; ccd=disabled; worker_count=6; islands=50,windows_clang_cl_release,6,6,,,6,yes,,,,,,,,,,,300,2532.530300000,,,,,results/box-contact-islands-10k/intel-core-i7-13700k/2026-10-05_0800_ddr5-4800_threads-1-2-3-4-5-6-8-10-12-14-16-24_r5/raw/physx34/t6/physx34_t6_raw.csv
2026-10-05_0800_ddr5-4800_threads-1-2-3-4-5-6-8-10-12-14-16-24_r5,physx34,2b13cae09734616d07d09ecf645326fa0bf43ef7,windows,windows_clang_cl_release,box_contact_islands_10k,headless_api,8,step,300,30,0,10050,10050,0,0,median_ms_per_step,6.829888667,ms,lower_is_better,6.829888667,146.415270996,0,ok,ok,engine_runner_cli,work_unit_wall_sum_inline,8,box_contact_islands_10k,2,position_iterations=5; velocity_iterations=1; sleep=disabled; ccd=disabled; worker_count=8; islands=50,windows_clang_cl_release,8,8,,,8,yes,,,,,,,,,,,300,2048.966600000,,,,,results/box-contact-islands-10k/intel-core-i7-13700k/2026-10-05_0800_ddr5-4800_threads-1-2-3-4-5-6-8-10-12-14-16-24_r5/raw/physx34/t8/physx34_t8_raw.csv
2026-10-05_0800_ddr5-4800_threads-1-2-3-4-5-6-8-10-12-14-16-24_r5,physx34,2b13cae09734616d07d09ecf645326fa0bf43ef7,windows,windows_clang_cl_release,box_contact_islands_10k,headless_api,8,step,300,30,1,10050,10050,0,0,median_ms_per_step,6.666402000,ms,lower_is_better,6.666402000,150.005955236,0,ok,ok,engine_runner_cli,work_unit_wall_sum_inline,8,box_contact_islands_10k,2,position_iterations=5; velocity_iterations=1; sleep=disabled; ccd=disabled; worker_count=8; islands=50,windows_clang_cl_release,8,8,,,8,yes,,,,,,,,,,,300,1999.920600000,,,,,results/box-contact-islands-10k/intel-core-i7-13700k/2026-10-05_0800_ddr5-4800_threads-1-2-3-4-5-6-8-10-12-14-16-24_r5/raw/physx34/t8/physx34_t8_raw.csv
2026-10-05_0800_ddr5-4800_threads-1-2-3-4-5-6-8-10-12-14-16-24_r5,physx34,2b13cae09734616d07d09ecf645326fa0bf43ef7,windows,windows_clang_cl_release,box_contact_islands_10k,headless_api,8,step,300,30,2,10050,10050,0,0,median_ms_per_step,6.766398333,ms,lower_is_better,6.766398333,147.789111834,0,ok,ok,engine_runner_cli,work_unit_wall_sum_inline,8,box_contact_islands_10k,2,position_iterations=5; velocity_iterations=1; sleep=disabled; ccd=disabled; worker_count=8; islands=50,windows_clang_cl_release,8,8,,,8,yes,,,,,,,,,,,300,2029.919500000,,,,,results/box-contact-islands-10k/intel-core-i7-13700k/2026-10-05_0800_ddr5-4800_threads-1-2-3-4-5-6-8-10-12-14-16-24_r5/raw/physx34/t8/physx34_t8_raw.csv
2026-10-05_0800_ddr5-4800_threads-1-2-3-4-5-6-8-10-12-14-16-24_r5,physx34,2b13cae09734616d07d09ecf645326fa0bf43ef7,windows,windows_clang_cl_release,box_contact_islands_10k,headless_api,8,step,300,30,3,10050,10050,0,0,median_ms_per_step,6.635272667,ms,lower_is_better,6.635272667,150.709707082,0,ok,ok,engine_runner_cli,work_unit_wall_sum_inline,8,box_contact_islands_10k,2,position_iterations=5; velocity_iterations=1; sleep=disabled; ccd=disabled; worker_count=8; islands=50,windows_clang_cl_release,8,8,,,8,yes,,,,,,,,,,,300,1990.581800000,,,,,results/box-contact-islands-10k/intel-core-i7-13700k/2026-10-05_0800_ddr5-4800_threads-1-2-3-4-5-6-8-10-12-14-16-24_r5/raw/physx34/t8/physx34_t8_raw.csv
2026-10-05_0800_ddr5-4800_threads-1-2-3-4-5-6-8-10-12-14-16-24_r5,physx34,2b13cae09734616d07d09ecf645326fa0bf43ef7,windows,windows_clang_cl_release,box_contact_islands_10k,headless_api,8,step,300,30,4,10050,10050,0,0,median_ms_per_step,6.768022333,ms,lower_is_better,6.768022333,147.753649552,0,ok,ok,engine_runner_cli,work_unit_wall_sum_inline,8,box_contact_islands_10k,2,position_iterations=5; velocity_iterations=1; sleep=disabled; ccd=disabled; worker_count=8; islands=50,windows_clang_cl_release,8,8,,,8,yes,,,,,,,,,,,300,2030.406700000,,,,,results/box-contact-islands-10k/intel-core-i7-13700k/2026-10-05_0800_ddr5-4800_threads-1-2-3-4-5-6-8-10-12-14-16-24_r5/raw/physx34/t8/physx34_t8_raw.csv
2026-10-05_0800_ddr5-4800_threads-1-2-3-4-5-6-8-10-12-14-16-24_r5,physx34,2b13cae09734616d07d09ecf645326fa0bf43ef7,windows,windows_clang_cl_release,box_contact_islands_10k,headless_api,10,step,300,30,0,10050,10050,0,0,median_ms_per_step,6.333605333,ms,lower_is_better,6.333605333,157.887955970,0,ok,ok,engine_runner_cli,work_unit_wall_sum_inline,10,box_contact_islands_10k,2,position_iterations=5; velocity_iterations=1; sleep=disabled; ccd=disabled; worker_count=10; islands=50,windows_clang_cl_release,10,10,,,10,yes,,,,,,,,,,,300,1900.081600000,,,,,results/box-contact-islands-10k/intel-core-i7-13700k/2026-10-05_0800_ddr5-4800_threads-1-2-3-4-5-6-8-10-12-14-16-24_r5/raw/physx34/t10/physx34_t10_raw.csv
2026-10-05_0800_ddr5-4800_threads-1-2-3-4-5-6-8-10-12-14-16-24_r5,physx34,2b13cae09734616d07d09ecf645326fa0bf43ef7,windows,windows_clang_cl_release,box_contact_islands_10k,headless_api,10,step,300,30,1,10050,10050,0,0,median_ms_per_step,6.323475667,ms,lower_is_better,6.323475667,158.140878959,0,ok,ok,engine_runner_cli,work_unit_wall_sum_inline,10,box_contact_islands_10k,2,position_iterations=5; velocity_iterations=1; sleep=disabled; ccd=disabled; worker_count=10; islands=50,windows_clang_cl_release,10,10,,,10,yes,,,,,,,,,,,300,1897.042700000,,,,,results/box-contact-islands-10k/intel-core-i7-13700k/2026-10-05_0800_ddr5-4800_threads-1-2-3-4-5-6-8-10-12-14-16-24_r5/raw/physx34/t10/physx34_t10_raw.csv
2026-10-05_0800_ddr5-4800_threads-1-2-3-4-5-6-8-10-12-14-16-24_r5,physx34,2b13cae09734616d07d09ecf645326fa0bf43ef7,windows,windows_clang_cl_release,box_contact_islands_10k,headless_api,10,step,300,30,2,10050,10050,0,0,median_ms_per_step,6.272237667,ms,lower_is_better,6.272237667,159.432734081,0,ok,ok,engine_runner_cli,work_unit_wall_sum_inline,10,box_contact_islands_10k,2,position_iterations=5; velocity_iterations=1; sleep=disabled; ccd=disabled; worker_count=10; islands=50,windows_clang_cl_release,10,10,,,10,yes,,,,,,,,,,,300,1881.671300000,,,,,results/box-contact-islands-10k/intel-core-i7-13700k/2026-10-05_0800_ddr5-4800_threads-1-2-3-4-5-6-8-10-12-14-16-24_r5/raw/physx34/t10/physx34_t10_raw.csv
2026-10-05_0800_ddr5-4800_threads-1-2-3-4-5-6-8-10-12-14-16-24_r5,physx34,2b13cae09734616d07d09ecf645326fa0bf43ef7,windows,windows_clang_cl_release,box_contact_islands_10k,headless_api,10,step,300,30,3,10050,10050,0,0,median_ms_per_step,6.254400000,ms,lower_is_better,6.254400000,159.887439243,0,ok,ok,engine_runner_cli,work_unit_wall_sum_inline,10,box_contact_islands_10k,2,position_iterations=5; velocity_iterations=1; sleep=disabled; ccd=disabled; worker_count=10; islands=50,windows_clang_cl_release,10,10,,,10,yes,,,,,,,,,,,300,1876.320000000,,,,,results/box-contact-islands-10k/intel-core-i7-13700k/2026-10-05_0800_ddr5-4800_threads-1-2-3-4-5-6-8-10-12-14-16-24_r5/raw/physx34/t10/physx34_t10_raw.csv
2026-10-05_0800_ddr5-4800_threads-1-2-3-4-5-6-8-10-12-14-16-24_r5,physx34,2b13cae09734616d07d09ecf645326fa0bf43ef7,windows,windows_clang_cl_release,box_contact_islands_10k,headless_api,10,step,300,30,4,10050,10050,0,0,median_ms_per_step,6.256679333,ms,lower_is_better,6.256679333,159.829191608,0,ok,ok,engine_runner_cli,work_unit_wall_sum_inline,10,box_contact_islands_10k,2,position_iterations=5; velocity_iterations=1; sleep=disabled; ccd=disabled; worker_count=10; islands=50,windows_clang_cl_release,10,10,,,10,yes,,,,,,,,,,,300,1877.003800000,,,,,results/box-contact-islands-10k/intel-core-i7-13700k/2026-10-05_0800_ddr5-4800_threads-1-2-3-4-5-6-8-10-12-14-16-24_r5/raw/physx34/t10/physx34_t10_raw.csv
2026-10-05_0800_ddr5-4800_threads-1-2-3-4-5-6-8-10-12-14-16-24_r5,physx34,2b13cae09734616d07d09ecf645326fa0bf43ef7,windows,windows_clang_cl_release,box_contact_islands_10k,headless_api,12,step,300,30,0,10050,10050,0,0,median_ms_per_step,6.135406000,ms,lower_is_better,6.135406000,162.988398812,0,ok,ok,engine_runner_cli,work_unit_wall_sum_inline,12,box_contact_islands_10k,2,position_iterations=5; velocity_iterations=1; sleep=disabled; ccd=disabled; worker_count=12; islands=50,windows_clang_cl_release,12,12,,,12,yes,,,,,,,,,,,300,1840.621800000,,,,,results/box-contact-islands-10k/intel-core-i7-13700k/2026-10-05_0800_ddr5-4800_threads-1-2-3-4-5-6-8-10-12-14-16-24_r5/raw/physx34/t12/physx34_t12_raw.csv
2026-10-05_0800_ddr5-4800_threads-1-2-3-4-5-6-8-10-12-14-16-24_r5,physx34,2b13cae09734616d07d09ecf645326fa0bf43ef7,windows,windows_clang_cl_release,box_contact_islands_10k,headless_api,12,step,300,30,1,10050,10050,0,0,median_ms_per_step,6.103434000,ms,lower_is_better,6.103434000,163.842191134,0,ok,ok,engine_runner_cli,work_unit_wall_sum_inline,12,box_contact_islands_10k,2,position_iterations=5; velocity_iterations=1; sleep=disabled; ccd=disabled; worker_count=12; islands=50,windows_clang_cl_release,12,12,,,12,yes,,,,,,,,,,,300,1831.030200000,,,,,results/box-contact-islands-10k/intel-core-i7-13700k/2026-10-05_0800_ddr5-4800_threads-1-2-3-4-5-6-8-10-12-14-16-24_r5/raw/physx34/t12/physx34_t12_raw.csv
2026-10-05_0800_ddr5-4800_threads-1-2-3-4-5-6-8-10-12-14-16-24_r5,physx34,2b13cae09734616d07d09ecf645326fa0bf43ef7,windows,windows_clang_cl_release,box_contact_islands_10k,headless_api,12,step,300,30,2,10050,10050,0,0,median_ms_per_step,5.879734000,ms,lower_is_better,5.879734000,170.075721113,0,ok,ok,engine_runner_cli,work_unit_wall_sum_inline,12,box_contact_islands_10k,2,position_iterations=5; velocity_iterations=1; sleep=disabled; ccd=disabled; worker_count=12; islands=50,windows_clang_cl_release,12,12,,,12,yes,,,,,,,,,,,300,1763.920200000,,,,,results/box-contact-islands-10k/intel-core-i7-13700k/2026-10-05_0800_ddr5-4800_threads-1-2-3-4-5-6-8-10-12-14-16-24_r5/raw/physx34/t12/physx34_t12_raw.csv
2026-10-05_0800_ddr5-4800_threads-1-2-3-4-5-6-8-10-12-14-16-24_r5,physx34,2b13cae09734616d07d09ecf645326fa0bf43ef7,windows,windows_clang_cl_release,box_contact_islands_10k,headless_api,12,step,300,30,3,10050,10050,0,0,median_ms_per_step,5.929365667,ms,lower_is_better,5.929365667,168.652104832,0,ok,ok,engine_runner_cli,work_unit_wall_sum_inline,12,box_contact_islands_10k,2,position_iterations=5; velocity_iterations=1; sleep=disabled; ccd=disabled; worker_count=12; islands=50,windows_clang_cl_release,12,12,,,12,yes,,,,,,,,,,,300,1778.809700000,,,,,results/box-contact-islands-10k/intel-core-i7-13700k/2026-10-05_0800_ddr5-4800_threads-1-2-3-4-5-6-8-10-12-14-16-24_r5/raw/physx34/t12/physx34_t12_raw.csv
2026-10-05_0800_ddr5-4800_threads-1-2-3-4-5-6-8-10-12-14-16-24_r5,physx34,2b13cae09734616d07d09ecf645326fa0bf43ef7,windows,windows_clang_cl_release,box_contact_islands_10k,headless_api,12,step,300,30,4,10050,10050,0,0,median_ms_per_step,5.839687667,ms,lower_is_better,5.839687667,171.242035033,0,ok,ok,engine_runner_cli,work_unit_wall_sum_inline,12,box_contact_islands_10k,2,position_iterations=5; velocity_iterations=1; sleep=disabled; ccd=disabled; worker_count=12; islands=50,windows_clang_cl_release,12,12,,,12,yes,,,,,,,,,,,300,1751.906300000,,,,,results/box-contact-islands-10k/intel-core-i7-13700k/2026-10-05_0800_ddr5-4800_threads-1-2-3-4-5-6-8-10-12-14-16-24_r5/raw/physx34/t12/physx34_t12_raw.csv
2026-10-05_0800_ddr5-4800_threads-1-2-3-4-5-6-8-10-12-14-16-24_r5,physx34,2b13cae09734616d07d09ecf645326fa0bf43ef7,windows,windows_clang_cl_release,box_contact_islands_10k,headless_api,14,step,300,30,0,10050,10050,0,0,median_ms_per_step,5.680129667,ms,lower_is_better,5.680129667,176.052318993,0,ok,ok,engine_runner_cli,work_unit_wall_sum_inline,14,box_contact_islands_10k,2,position_iterations=5; velocity_iterations=1; sleep=disabled; ccd=disabled; worker_count=14; islands=50,windows_clang_cl_release,14,14,,,14,yes,,,,,,,,,,,300,1704.038900000,,,,,results/box-contact-islands-10k/intel-core-i7-13700k/2026-10-05_0800_ddr5-4800_threads-1-2-3-4-5-6-8-10-12-14-16-24_r5/raw/physx34/t14/physx34_t14_raw.csv
2026-10-05_0800_ddr5-4800_threads-1-2-3-4-5-6-8-10-12-14-16-24_r5,physx34,2b13cae09734616d07d09ecf645326fa0bf43ef7,windows,windows_clang_cl_release,box_contact_islands_10k,headless_api,14,step,300,30,1,10050,10050,0,0,median_ms_per_step,5.838770000,ms,lower_is_better,5.838770000,171.268948768,0,ok,ok,engine_runner_cli,work_unit_wall_sum_inline,14,box_contact_islands_10k,2,position_iterations=5; velocity_iterations=1; sleep=disabled; ccd=disabled; worker_count=14; islands=50,windows_clang_cl_release,14,14,,,14,yes,,,,,,,,,,,300,1751.631000000,,,,,results/box-contact-islands-10k/intel-core-i7-13700k/2026-10-05_0800_ddr5-4800_threads-1-2-3-4-5-6-8-10-12-14-16-24_r5/raw/physx34/t14/physx34_t14_raw.csv
2026-10-05_0800_ddr5-4800_threads-1-2-3-4-5-6-8-10-12-14-16-24_r5,physx34,2b13cae09734616d07d09ecf645326fa0bf43ef7,windows,windows_clang_cl_release,box_contact_islands_10k,headless_api,14,step,300,30,2,10050,10050,0,0,median_ms_per_step,5.847404333,ms,lower_is_better,5.847404333,171.016051396,0,ok,ok,engine_runner_cli,work_unit_wall_sum_inline,14,box_contact_islands_10k,2,position_iterations=5; velocity_iterations=1; sleep=disabled; ccd=disabled; worker_count=14; islands=50,windows_clang_cl_release,14,14,,,14,yes,,,,,,,,,,,300,1754.221300000,,,,,results/box-contact-islands-10k/intel-core-i7-13700k/2026-10-05_0800_ddr5-4800_threads-1-2-3-4-5-6-8-10-12-14-16-24_r5/raw/physx34/t14/physx34_t14_raw.csv
2026-10-05_0800_ddr5-4800_threads-1-2-3-4-5-6-8-10-12-14-16-24_r5,physx34,2b13cae09734616d07d09ecf645326fa0bf43ef7,windows,windows_clang_cl_release,box_contact_islands_10k,headless_api,14,step,300,30,3,10050,10050,0,0,median_ms_per_step,5.688554667,ms,lower_is_better,5.688554667,175.791577755,0,ok,ok,engine_runner_cli,work_unit_wall_sum_inline,14,box_contact_islands_10k,2,position_iterations=5; velocity_iterations=1; sleep=disabled; ccd=disabled; worker_count=14; islands=50,windows_clang_cl_release,14,14,,,14,yes,,,,,,,,,,,300,1706.566400000,,,,,results/box-contact-islands-10k/intel-core-i7-13700k/2026-10-05_0800_ddr5-4800_threads-1-2-3-4-5-6-8-10-12-14-16-24_r5/raw/physx34/t14/physx34_t14_raw.csv
2026-10-05_0800_ddr5-4800_threads-1-2-3-4-5-6-8-10-12-14-16-24_r5,physx34,2b13cae09734616d07d09ecf645326fa0bf43ef7,windows,windows_clang_cl_release,box_contact_islands_10k,headless_api,14,step,300,30,4,10050,10050,0,0,median_ms_per_step,5.522001000,ms,lower_is_better,5.522001000,181.093773797,0,ok,ok,engine_runner_cli,work_unit_wall_sum_inline,14,box_contact_islands_10k,2,position_iterations=5; velocity_iterations=1; sleep=disabled; ccd=disabled; worker_count=14; islands=50,windows_clang_cl_release,14,14,,,14,yes,,,,,,,,,,,300,1656.600300000,,,,,results/box-contact-islands-10k/intel-core-i7-13700k/2026-10-05_0800_ddr5-4800_threads-1-2-3-4-5-6-8-10-12-14-16-24_r5/raw/physx34/t14/physx34_t14_raw.csv
2026-10-05_0800_ddr5-4800_threads-1-2-3-4-5-6-8-10-12-14-16-24_r5,physx34,2b13cae09734616d07d09ecf645326fa0bf43ef7,windows,windows_clang_cl_release,box_contact_islands_10k,headless_api,16,step,300,30,0,10050,10050,0,0,median_ms_per_step,5.338388667,ms,lower_is_better,5.338388667,187.322441741,0,ok,ok,engine_runner_cli,work_unit_wall_sum_inline,16,box_contact_islands_10k,2,position_iterations=5; velocity_iterations=1; sleep=disabled; ccd=disabled; worker_count=16; islands=50,windows_clang_cl_release,16,16,,,16,yes,,,,,,,,,,,300,1601.516600000,,,,,results/box-contact-islands-10k/intel-core-i7-13700k/2026-10-05_0800_ddr5-4800_threads-1-2-3-4-5-6-8-10-12-14-16-24_r5/raw/physx34/t16/physx34_t16_raw.csv
2026-10-05_0800_ddr5-4800_threads-1-2-3-4-5-6-8-10-12-14-16-24_r5,physx34,2b13cae09734616d07d09ecf645326fa0bf43ef7,windows,windows_clang_cl_release,box_contact_islands_10k,headless_api,16,step,300,30,1,10050,10050,0,0,median_ms_per_step,5.375138667,ms,lower_is_better,5.375138667,186.041712040,0,ok,ok,engine_runner_cli,work_unit_wall_sum_inline,16,box_contact_islands_10k,2,position_iterations=5; velocity_iterations=1; sleep=disabled; ccd=disabled; worker_count=16; islands=50,windows_clang_cl_release,16,16,,,16,yes,,,,,,,,,,,300,1612.541600000,,,,,results/box-contact-islands-10k/intel-core-i7-13700k/2026-10-05_0800_ddr5-4800_threads-1-2-3-4-5-6-8-10-12-14-16-24_r5/raw/physx34/t16/physx34_t16_raw.csv
2026-10-05_0800_ddr5-4800_threads-1-2-3-4-5-6-8-10-12-14-16-24_r5,physx34,2b13cae09734616d07d09ecf645326fa0bf43ef7,windows,windows_clang_cl_release,box_contact_islands_10k,headless_api,16,step,300,30,2,10050,10050,0,0,median_ms_per_step,5.424262667,ms,lower_is_better,5.424262667,184.356853909,0,ok,ok,engine_runner_cli,work_unit_wall_sum_inline,16,box_contact_islands_10k,2,position_iterations=5; velocity_iterations=1; sleep=disabled; ccd=disabled; worker_count=16; islands=50,windows_clang_cl_release,16,16,,,16,yes,,,,,,,,,,,300,1627.278800000,,,,,results/box-contact-islands-10k/intel-core-i7-13700k/2026-10-05_0800_ddr5-4800_threads-1-2-3-4-5-6-8-10-12-14-16-24_r5/raw/physx34/t16/physx34_t16_raw.csv
2026-10-05_0800_ddr5-4800_threads-1-2-3-4-5-6-8-10-12-14-16-24_r5,physx34,2b13cae09734616d07d09ecf645326fa0bf43ef7,windows,windows_clang_cl_release,box_contact_islands_10k,headless_api,16,step,300,30,3,10050,10050,0,0,median_ms_per_step,5.387639000,ms,lower_is_better,5.387639000,185.610060362,0,ok,ok,engine_runner_cli,work_unit_wall_sum_inline,16,box_contact_islands_10k,2,position_iterations=5; velocity_iterations=1; sleep=disabled; ccd=disabled; worker_count=16; islands=50,windows_clang_cl_release,16,16,,,16,yes,,,,,,,,,,,300,1616.291700000,,,,,results/box-contact-islands-10k/intel-core-i7-13700k/2026-10-05_0800_ddr5-4800_threads-1-2-3-4-5-6-8-10-12-14-16-24_r5/raw/physx34/t16/physx34_t16_raw.csv
2026-10-05_0800_ddr5-4800_threads-1-2-3-4-5-6-8-10-12-14-16-24_r5,physx34,2b13cae09734616d07d09ecf645326fa0bf43ef7,windows,windows_clang_cl_release,box_contact_islands_10k,headless_api,16,step,300,30,4,10050,10050,0,0,median_ms_per_step,5.429237000,ms,lower_is_better,5.429237000,184.187943904,0,ok,ok,engine_runner_cli,work_unit_wall_sum_inline,16,box_contact_islands_10k,2,position_iterations=5; velocity_iterations=1; sleep=disabled; ccd=disabled; worker_count=16; islands=50,windows_clang_cl_release,16,16,,,16,yes,,,,,,,,,,,300,1628.771100000,,,,,results/box-contact-islands-10k/intel-core-i7-13700k/2026-10-05_0800_ddr5-4800_threads-1-2-3-4-5-6-8-10-12-14-16-24_r5/raw/physx34/t16/physx34_t16_raw.csv
2026-10-05_0800_ddr5-4800_threads-1-2-3-4-5-6-8-10-12-14-16-24_r5,physx34,2b13cae09734616d07d09ecf645326fa0bf43ef7,windows,windows_clang_cl_release,box_contact_islands_10k,headless_api,24,step,300,30,0,10050,10050,0,0,median_ms_per_step,13.887747000,ms,lower_is_better,13.887747000,72.005920039,0,ok,ok,engine_runner_cli,work_unit_wall_sum_inline,24,box_contact_islands_10k,2,position_iterations=5; velocity_iterations=1; sleep=disabled; ccd=disabled; worker_count=24; islands=50,windows_clang_cl_release,24,24,,,24,yes,,,,,,,,,,,300,4166.324100000,,,,,results/box-contact-islands-10k/intel-core-i7-13700k/2026-10-05_0800_ddr5-4800_threads-1-2-3-4-5-6-8-10-12-14-16-24_r5/raw/physx34/t24/physx34_t24_raw.csv
2026-10-05_0800_ddr5-4800_threads-1-2-3-4-5-6-8-10-12-14-16-24_r5,physx34,2b13cae09734616d07d09ecf645326fa0bf43ef7,windows,windows_clang_cl_release,box_contact_islands_10k,headless_api,24,step,300,30,1,10050,10050,0,0,median_ms_per_step,13.888939333,ms,lower_is_better,13.888939333,71.999738497,0,ok,ok,engine_runner_cli,work_unit_wall_sum_inline,24,box_contact_islands_10k,2,position_iterations=5; velocity_iterations=1; sleep=disabled; ccd=disabled; worker_count=24; islands=50,windows_clang_cl_release,24,24,,,24,yes,,,,,,,,,,,300,4166.681800000,,,,,results/box-contact-islands-10k/intel-core-i7-13700k/2026-10-05_0800_ddr5-4800_threads-1-2-3-4-5-6-8-10-12-14-16-24_r5/raw/physx34/t24/physx34_t24_raw.csv
2026-10-05_0800_ddr5-4800_threads-1-2-3-4-5-6-8-10-12-14-16-24_r5,physx34,2b13cae09734616d07d09ecf645326fa0bf43ef7,windows,windows_clang_cl_release,box_contact_islands_10k,headless_api,24,step,300,30,2,10050,10050,0,0,median_ms_per_step,14.071140000,ms,lower_is_better,14.071140000,71.067447272,0,ok,ok,engine_runner_cli,work_unit_wall_sum_inline,24,box_contact_islands_10k,2,position_iterations=5; velocity_iterations=1; sleep=disabled; ccd=disabled; worker_count=24; islands=50,windows_clang_cl_release,24,24,,,24,yes,,,,,,,,,,,300,4221.342000000,,,,,results/box-contact-islands-10k/intel-core-i7-13700k/2026-10-05_0800_ddr5-4800_threads-1-2-3-4-5-6-8-10-12-14-16-24_r5/raw/physx34/t24/physx34_t24_raw.csv
2026-10-05_0800_ddr5-4800_threads-1-2-3-4-5-6-8-10-12-14-16-24_r5,physx34,2b13cae09734616d07d09ecf645326fa0bf43ef7,windows,windows_clang_cl_release,box_contact_islands_10k,headless_api,24,step,300,30,3,10050,10050,0,0,median_ms_per_step,14.049918667,ms,lower_is_better,14.049918667,71.174789244,0,ok,ok,engine_runner_cli,work_unit_wall_sum_inline,24,box_contact_islands_10k,2,position_iterations=5; velocity_iterations=1; sleep=disabled; ccd=disabled; worker_count=24; islands=50,windows_clang_cl_release,24,24,,,24,yes,,,,,,,,,,,300,4214.975600000,,,,,results/box-contact-islands-10k/intel-core-i7-13700k/2026-10-05_0800_ddr5-4800_threads-1-2-3-4-5-6-8-10-12-14-16-24_r5/raw/physx34/t24/physx34_t24_raw.csv
2026-10-05_0800_ddr5-4800_threads-1-2-3-4-5-6-8-10-12-14-16-24_r5,physx34,2b13cae09734616d07d09ecf645326fa0bf43ef7,windows,windows_clang_cl_release,box_contact_islands_10k,headless_api,24,step,300,30,4,10050,10050,0,0,median_ms_per_step,13.853574333,ms,lower_is_better,13.853574333,72.183537327,0,ok,ok,engine_runner_cli,work_unit_wall_sum_inline,24,box_contact_islands_10k,2,position_iterations=5; velocity_iterations=1; sleep=disabled; ccd=disabled; worker_count=24; islands=50,windows_clang_cl_release,24,24,,,24,yes,,,,,,,,,,,300,4156.072300000,,,,,results/box-contact-islands-10k/intel-core-i7-13700k/2026-10-05_0800_ddr5-4800_threads-1-2-3-4-5-6-8-10-12-14-16-24_r5/raw/physx34/t24/physx34_t24_raw.csv
2026-10-05_0800_ddr5-4800_threads-1-2-3-4-5-6-8-10-12-14-16-24_r5,rapier3d,28d0ba929b460597f0959fe600c7afd65612f6f9,windows,rust_1_89_msvc_cargo_release,box_contact_islands_10k,headless_api,1,step,300,30,0,10050,10050,0,0,median_ms_per_step,71.070378333,ms,lower_is_better,71.070378333,14.070559683,0,ok,ok,engine_runner_cli,work_unit_wall_sum_inline,1,box_contact_islands_10k,2,solver_iterations=4; sleep=disabled; ccd=disabled; worker_count=1; islands=50,rust_1_89_msvc_cargo_release,1,1,,,1,yes,,,,,,,,,,,300,21321.113500000,,,,,results/box-contact-islands-10k/intel-core-i7-13700k/2026-10-05_0800_ddr5-4800_threads-1-2-3-4-5-6-8-10-12-14-16-24_r5/raw/rapier3d/t1/rapier3d_t1_raw.csv
2026-10-05_0800_ddr5-4800_threads-1-2-3-4-5-6-8-10-12-14-16-24_r5,rapier3d,28d0ba929b460597f0959fe600c7afd65612f6f9,windows,rust_1_89_msvc_cargo_release,box_contact_islands_10k,headless_api,1,step,300,30,1,10050,10050,0,0,median_ms_per_step,88.112278333,ms,lower_is_better,88.112278333,11.349156087,0,ok,ok,engine_runner_cli,work_unit_wall_sum_inline,1,box_contact_islands_10k,2,solver_iterations=4; sleep=disabled; ccd=disabled; worker_count=1; islands=50,rust_1_89_msvc_cargo_release,1,1,,,1,yes,,,,,,,,,,,300,26433.683500000,,,,,results/box-contact-islands-10k/intel-core-i7-13700k/2026-10-05_0800_ddr5-4800_threads-1-2-3-4-5-6-8-10-12-14-16-24_r5/raw/rapier3d/t1/rapier3d_t1_raw.csv
2026-10-05_0800_ddr5-4800_threads-1-2-3-4-5-6-8-10-12-14-16-24_r5,rapier3d,28d0ba929b460597f0959fe600c7afd65612f6f9,windows,rust_1_89_msvc_cargo_release,box_contact_islands_10k,headless_api,1,step,300,30,2,10050,10050,0,0,median_ms_per_step,73.400049333,ms,lower_is_better,73.400049333,13.623969045,0,ok,ok,engine_runner_cli,work_unit_wall_sum_inline,1,box_contact_islands_10k,2,solver_iterations=4; sleep=disabled; ccd=disabled; worker_count=1; islands=50,rust_1_89_msvc_cargo_release,1,1,,,1,yes,,,,,,,,,,,300,22020.014800000,,,,,results/box-contact-islands-10k/intel-core-i7-13700k/2026-10-05_0800_ddr5-4800_threads-1-2-3-4-5-6-8-10-12-14-16-24_r5/raw/rapier3d/t1/rapier3d_t1_raw.csv
2026-10-05_0800_ddr5-4800_threads-1-2-3-4-5-6-8-10-12-14-16-24_r5,rapier3d,28d0ba929b460597f0959fe600c7afd65612f6f9,windows,rust_1_89_msvc_cargo_release,box_contact_islands_10k,headless_api,1,step,300,30,3,10050,10050,0,0,median_ms_per_step,90.239093333,ms,lower_is_better,90.239093333,11.081671624,0,ok,ok,engine_runner_cli,work_unit_wall_sum_inline,1,box_contact_islands_10k,2,solver_iterations=4; sleep=disabled; ccd=disabled; worker_count=1; islands=50,rust_1_89_msvc_cargo_release,1,1,,,1,yes,,,,,,,,,,,300,27071.728000000,,,,,results/box-contact-islands-10k/intel-core-i7-13700k/2026-10-05_0800_ddr5-4800_threads-1-2-3-4-5-6-8-10-12-14-16-24_r5/raw/rapier3d/t1/rapier3d_t1_raw.csv
2026-10-05_0800_ddr5-4800_threads-1-2-3-4-5-6-8-10-12-14-16-24_r5,rapier3d,28d0ba929b460597f0959fe600c7afd65612f6f9,windows,rust_1_89_msvc_cargo_release,box_contact_islands_10k,headless_api,1,step,300,30,4,10050,10050,0,0,median_ms_per_step,69.744304667,ms,lower_is_better,69.744304667,14.338088318,0,ok,ok,engine_runner_cli,work_unit_wall_sum_inline,1,box_contact_islands_10k,2,solver_iterations=4; sleep=disabled; ccd=disabled; worker_count=1; islands=50,rust_1_89_msvc_cargo_release,1,1,,,1,yes,,,,,,,,,,,300,20923.291400000,,,,,results/box-contact-islands-10k/intel-core-i7-13700k/2026-10-05_0800_ddr5-4800_threads-1-2-3-4-5-6-8-10-12-14-16-24_r5/raw/rapier3d/t1/rapier3d_t1_raw.csv
2026-10-05_0800_ddr5-4800_threads-1-2-3-4-5-6-8-10-12-14-16-24_r5,rapier3d,28d0ba929b460597f0959fe600c7afd65612f6f9,windows,rust_1_89_msvc_cargo_release,box_contact_islands_10k,headless_api,2,step,300,30,0,10050,10050,0,0,median_ms_per_step,34.222253667,ms,lower_is_better,34.222253667,29.220752372,0,ok,ok,engine_runner_cli,work_unit_wall_sum_inline,2,box_contact_islands_10k,2,solver_iterations=4; sleep=disabled; ccd=disabled; worker_count=2; islands=50,rust_1_89_msvc_cargo_release,2,2,,,2,yes,,,,,,,,,,,300,10266.676100000,,,,,results/box-contact-islands-10k/intel-core-i7-13700k/2026-10-05_0800_ddr5-4800_threads-1-2-3-4-5-6-8-10-12-14-16-24_r5/raw/rapier3d/t2/rapier3d_t2_raw.csv
2026-10-05_0800_ddr5-4800_threads-1-2-3-4-5-6-8-10-12-14-16-24_r5,rapier3d,28d0ba929b460597f0959fe600c7afd65612f6f9,windows,rust_1_89_msvc_cargo_release,box_contact_islands_10k,headless_api,2,step,300,30,1,10050,10050,0,0,median_ms_per_step,36.964331333,ms,lower_is_better,36.964331333,27.053106709,0,ok,ok,engine_runner_cli,work_unit_wall_sum_inline,2,box_contact_islands_10k,2,solver_iterations=4; sleep=disabled; ccd=disabled; worker_count=2; islands=50,rust_1_89_msvc_cargo_release,2,2,,,2,yes,,,,,,,,,,,300,11089.299400000,,,,,results/box-contact-islands-10k/intel-core-i7-13700k/2026-10-05_0800_ddr5-4800_threads-1-2-3-4-5-6-8-10-12-14-16-24_r5/raw/rapier3d/t2/rapier3d_t2_raw.csv
2026-10-05_0800_ddr5-4800_threads-1-2-3-4-5-6-8-10-12-14-16-24_r5,rapier3d,28d0ba929b460597f0959fe600c7afd65612f6f9,windows,rust_1_89_msvc_cargo_release,box_contact_islands_10k,headless_api,2,step,300,30,2,10050,10050,0,0,median_ms_per_step,37.179096667,ms,lower_is_better,37.179096667,26.896834234,0,ok,ok,engine_runner_cli,work_unit_wall_sum_inline,2,box_contact_islands_10k,2,solver_iterations=4; sleep=disabled; ccd=disabled; worker_count=2; islands=50,rust_1_89_msvc_cargo_release,2,2,,,2,yes,,,,,,,,,,,300,11153.729000000,,,,,results/box-contact-islands-10k/intel-core-i7-13700k/2026-10-05_0800_ddr5-4800_threads-1-2-3-4-5-6-8-10-12-14-16-24_r5/raw/rapier3d/t2/rapier3d_t2_raw.csv
2026-10-05_0800_ddr5-4800_threads-1-2-3-4-5-6-8-10-12-14-16-24_r5,rapier3d,28d0ba929b460597f0959fe600c7afd65612f6f9,windows,rust_1_89_msvc_cargo_release,box_contact_islands_10k,headless_api,2,step,300,30,3,10050,10050,0,0,median_ms_per_step,35.837131667,ms,lower_is_better,35.837131667,27.904018918,0,ok,ok,engine_runner_cli,work_unit_wall_sum_inline,2,box_contact_islands_10k,2,solver_iterations=4; sleep=disabled; ccd=disabled; worker_count=2; islands=50,rust_1_89_msvc_cargo_release,2,2,,,2,yes,,,,,,,,,,,300,10751.139500000,,,,,results/box-contact-islands-10k/intel-core-i7-13700k/2026-10-05_0800_ddr5-4800_threads-1-2-3-4-5-6-8-10-12-14-16-24_r5/raw/rapier3d/t2/rapier3d_t2_raw.csv
2026-10-05_0800_ddr5-4800_threads-1-2-3-4-5-6-8-10-12-14-16-24_r5,rapier3d,28d0ba929b460597f0959fe600c7afd65612f6f9,windows,rust_1_89_msvc_cargo_release,box_contact_islands_10k,headless_api,2,step,300,30,4,10050,10050,0,0,median_ms_per_step,36.684516000,ms,lower_is_better,36.684516000,27.259457369,0,ok,ok,engine_runner_cli,work_unit_wall_sum_inline,2,box_contact_islands_10k,2,solver_iterations=4; sleep=disabled; ccd=disabled; worker_count=2; islands=50,rust_1_89_msvc_cargo_release,2,2,,,2,yes,,,,,,,,,,,300,11005.354800000,,,,,results/box-contact-islands-10k/intel-core-i7-13700k/2026-10-05_0800_ddr5-4800_threads-1-2-3-4-5-6-8-10-12-14-16-24_r5/raw/rapier3d/t2/rapier3d_t2_raw.csv
2026-10-05_0800_ddr5-4800_threads-1-2-3-4-5-6-8-10-12-14-16-24_r5,rapier3d,28d0ba929b460597f0959fe600c7afd65612f6f9,windows,rust_1_89_msvc_cargo_release,box_contact_islands_10k,headless_api,3,step,300,30,0,10050,10050,0,0,median_ms_per_step,31.912138000,ms,lower_is_better,31.912138000,31.336038971,0,ok,ok,engine_runner_cli,work_unit_wall_sum_inline,3,box_contact_islands_10k,2,solver_iterations=4; sleep=disabled; ccd=disabled; worker_count=3; islands=50,rust_1_89_msvc_cargo_release,3,3,,,3,yes,,,,,,,,,,,300,9573.641400000,,,,,results/box-contact-islands-10k/intel-core-i7-13700k/2026-10-05_0800_ddr5-4800_threads-1-2-3-4-5-6-8-10-12-14-16-24_r5/raw/rapier3d/t3/rapier3d_t3_raw.csv
2026-10-05_0800_ddr5-4800_threads-1-2-3-4-5-6-8-10-12-14-16-24_r5,rapier3d,28d0ba929b460597f0959fe600c7afd65612f6f9,windows,rust_1_89_msvc_cargo_release,box_contact_islands_10k,headless_api,3,step,300,30,1,10050,10050,0,0,median_ms_per_step,29.058125000,ms,lower_is_better,29.058125000,34.413782720,0,ok,ok,engine_runner_cli,work_unit_wall_sum_inline,3,box_contact_islands_10k,2,solver_iterations=4; sleep=disabled; ccd=disabled; worker_count=3; islands=50,rust_1_89_msvc_cargo_release,3,3,,,3,yes,,,,,,,,,,,300,8717.437500000,,,,,results/box-contact-islands-10k/intel-core-i7-13700k/2026-10-05_0800_ddr5-4800_threads-1-2-3-4-5-6-8-10-12-14-16-24_r5/raw/rapier3d/t3/rapier3d_t3_raw.csv
2026-10-05_0800_ddr5-4800_threads-1-2-3-4-5-6-8-10-12-14-16-24_r5,rapier3d,28d0ba929b460597f0959fe600c7afd65612f6f9,windows,rust_1_89_msvc_cargo_release,box_contact_islands_10k,headless_api,3,step,300,30,2,10050,10050,0,0,median_ms_per_step,28.465676000,ms,lower_is_better,28.465676000,35.130028178,0,ok,ok,engine_runner_cli,work_unit_wall_sum_inline,3,box_contact_islands_10k,2,solver_iterations=4; sleep=disabled; ccd=disabled; worker_count=3; islands=50,rust_1_89_msvc_cargo_release,3,3,,,3,yes,,,,,,,,,,,300,8539.702800000,,,,,results/box-contact-islands-10k/intel-core-i7-13700k/2026-10-05_0800_ddr5-4800_threads-1-2-3-4-5-6-8-10-12-14-16-24_r5/raw/rapier3d/t3/rapier3d_t3_raw.csv
2026-10-05_0800_ddr5-4800_threads-1-2-3-4-5-6-8-10-12-14-16-24_r5,rapier3d,28d0ba929b460597f0959fe600c7afd65612f6f9,windows,rust_1_89_msvc_cargo_release,box_contact_islands_10k,headless_api,3,step,300,30,3,10050,10050,0,0,median_ms_per_step,28.314073000,ms,lower_is_better,28.314073000,35.318126078,0,ok,ok,engine_runner_cli,work_unit_wall_sum_inline,3,box_contact_islands_10k,2,solver_iterations=4; sleep=disabled; ccd=disabled; worker_count=3; islands=50,rust_1_89_msvc_cargo_release,3,3,,,3,yes,,,,,,,,,,,300,8494.221900000,,,,,results/box-contact-islands-10k/intel-core-i7-13700k/2026-10-05_0800_ddr5-4800_threads-1-2-3-4-5-6-8-10-12-14-16-24_r5/raw/rapier3d/t3/rapier3d_t3_raw.csv
2026-10-05_0800_ddr5-4800_threads-1-2-3-4-5-6-8-10-12-14-16-24_r5,rapier3d,28d0ba929b460597f0959fe600c7afd65612f6f9,windows,rust_1_89_msvc_cargo_release,box_contact_islands_10k,headless_api,3,step,300,30,4,10050,10050,0,0,median_ms_per_step,31.758156667,ms,lower_is_better,31.758156667,31.487973641,0,ok,ok,engine_runner_cli,work_unit_wall_sum_inline,3,box_contact_islands_10k,2,solver_iterations=4; sleep=disabled; ccd=disabled; worker_count=3; islands=50,rust_1_89_msvc_cargo_release,3,3,,,3,yes,,,,,,,,,,,300,9527.447000000,,,,,results/box-contact-islands-10k/intel-core-i7-13700k/2026-10-05_0800_ddr5-4800_threads-1-2-3-4-5-6-8-10-12-14-16-24_r5/raw/rapier3d/t3/rapier3d_t3_raw.csv
2026-10-05_0800_ddr5-4800_threads-1-2-3-4-5-6-8-10-12-14-16-24_r5,rapier3d,28d0ba929b460597f0959fe600c7afd65612f6f9,windows,rust_1_89_msvc_cargo_release,box_contact_islands_10k,headless_api,4,step,300,30,0,10050,10050,0,0,median_ms_per_step,27.535847667,ms,lower_is_better,27.535847667,36.316296201,0,ok,ok,engine_runner_cli,work_unit_wall_sum_inline,4,box_contact_islands_10k,2,solver_iterations=4; sleep=disabled; ccd=disabled; worker_count=4; islands=50,rust_1_89_msvc_cargo_release,4,4,,,4,yes,,,,,,,,,,,300,8260.754300000,,,,,results/box-contact-islands-10k/intel-core-i7-13700k/2026-10-05_0800_ddr5-4800_threads-1-2-3-4-5-6-8-10-12-14-16-24_r5/raw/rapier3d/t4/rapier3d_t4_raw.csv
2026-10-05_0800_ddr5-4800_threads-1-2-3-4-5-6-8-10-12-14-16-24_r5,rapier3d,28d0ba929b460597f0959fe600c7afd65612f6f9,windows,rust_1_89_msvc_cargo_release,box_contact_islands_10k,headless_api,4,step,300,30,1,10050,10050,0,0,median_ms_per_step,26.806637333,ms,lower_is_better,26.806637333,37.304194016,0,ok,ok,engine_runner_cli,work_unit_wall_sum_inline,4,box_contact_islands_10k,2,solver_iterations=4; sleep=disabled; ccd=disabled; worker_count=4; islands=50,rust_1_89_msvc_cargo_release,4,4,,,4,yes,,,,,,,,,,,300,8041.991200000,,,,,results/box-contact-islands-10k/intel-core-i7-13700k/2026-10-05_0800_ddr5-4800_threads-1-2-3-4-5-6-8-10-12-14-16-24_r5/raw/rapier3d/t4/rapier3d_t4_raw.csv
2026-10-05_0800_ddr5-4800_threads-1-2-3-4-5-6-8-10-12-14-16-24_r5,rapier3d,28d0ba929b460597f0959fe600c7afd65612f6f9,windows,rust_1_89_msvc_cargo_release,box_contact_islands_10k,headless_api,4,step,300,30,2,10050,10050,0,0,median_ms_per_step,26.943550667,ms,lower_is_better,26.943550667,37.114633196,0,ok,ok,engine_runner_cli,work_unit_wall_sum_inline,4,box_contact_islands_10k,2,solver_iterations=4; sleep=disabled; ccd=disabled; worker_count=4; islands=50,rust_1_89_msvc_cargo_release,4,4,,,4,yes,,,,,,,,,,,300,8083.065200000,,,,,results/box-contact-islands-10k/intel-core-i7-13700k/2026-10-05_0800_ddr5-4800_threads-1-2-3-4-5-6-8-10-12-14-16-24_r5/raw/rapier3d/t4/rapier3d_t4_raw.csv
2026-10-05_0800_ddr5-4800_threads-1-2-3-4-5-6-8-10-12-14-16-24_r5,rapier3d,28d0ba929b460597f0959fe600c7afd65612f6f9,windows,rust_1_89_msvc_cargo_release,box_contact_islands_10k,headless_api,4,step,300,30,3,10050,10050,0,0,median_ms_per_step,26.215214333,ms,lower_is_better,26.215214333,38.145787682,0,ok,ok,engine_runner_cli,work_unit_wall_sum_inline,4,box_contact_islands_10k,2,solver_iterations=4; sleep=disabled; ccd=disabled; worker_count=4; islands=50,rust_1_89_msvc_cargo_release,4,4,,,4,yes,,,,,,,,,,,300,7864.564300000,,,,,results/box-contact-islands-10k/intel-core-i7-13700k/2026-10-05_0800_ddr5-4800_threads-1-2-3-4-5-6-8-10-12-14-16-24_r5/raw/rapier3d/t4/rapier3d_t4_raw.csv
2026-10-05_0800_ddr5-4800_threads-1-2-3-4-5-6-8-10-12-14-16-24_r5,rapier3d,28d0ba929b460597f0959fe600c7afd65612f6f9,windows,rust_1_89_msvc_cargo_release,box_contact_islands_10k,headless_api,4,step,300,30,4,10050,10050,0,0,median_ms_per_step,26.045792000,ms,lower_is_better,26.045792000,38.393917912,0,ok,ok,engine_runner_cli,work_unit_wall_sum_inline,4,box_contact_islands_10k,2,solver_iterations=4; sleep=disabled; ccd=disabled; worker_count=4; islands=50,rust_1_89_msvc_cargo_release,4,4,,,4,yes,,,,,,,,,,,300,7813.737600000,,,,,results/box-contact-islands-10k/intel-core-i7-13700k/2026-10-05_0800_ddr5-4800_threads-1-2-3-4-5-6-8-10-12-14-16-24_r5/raw/rapier3d/t4/rapier3d_t4_raw.csv
2026-10-05_0800_ddr5-4800_threads-1-2-3-4-5-6-8-10-12-14-16-24_r5,rapier3d,28d0ba929b460597f0959fe600c7afd65612f6f9,windows,rust_1_89_msvc_cargo_release,box_contact_islands_10k,headless_api,5,step,300,30,0,10050,10050,0,0,median_ms_per_step,23.017825000,ms,lower_is_better,23.017825000,43.444591311,0,ok,ok,engine_runner_cli,work_unit_wall_sum_inline,5,box_contact_islands_10k,2,solver_iterations=4; sleep=disabled; ccd=disabled; worker_count=5; islands=50,rust_1_89_msvc_cargo_release,5,5,,,5,yes,,,,,,,,,,,300,6905.347500000,,,,,results/box-contact-islands-10k/intel-core-i7-13700k/2026-10-05_0800_ddr5-4800_threads-1-2-3-4-5-6-8-10-12-14-16-24_r5/raw/rapier3d/t5/rapier3d_t5_raw.csv
2026-10-05_0800_ddr5-4800_threads-1-2-3-4-5-6-8-10-12-14-16-24_r5,rapier3d,28d0ba929b460597f0959fe600c7afd65612f6f9,windows,rust_1_89_msvc_cargo_release,box_contact_islands_10k,headless_api,5,step,300,30,1,10050,10050,0,0,median_ms_per_step,22.147547667,ms,lower_is_better,22.147547667,45.151725828,0,ok,ok,engine_runner_cli,work_unit_wall_sum_inline,5,box_contact_islands_10k,2,solver_iterations=4; sleep=disabled; ccd=disabled; worker_count=5; islands=50,rust_1_89_msvc_cargo_release,5,5,,,5,yes,,,,,,,,,,,300,6644.264300000,,,,,results/box-contact-islands-10k/intel-core-i7-13700k/2026-10-05_0800_ddr5-4800_threads-1-2-3-4-5-6-8-10-12-14-16-24_r5/raw/rapier3d/t5/rapier3d_t5_raw.csv
2026-10-05_0800_ddr5-4800_threads-1-2-3-4-5-6-8-10-12-14-16-24_r5,rapier3d,28d0ba929b460597f0959fe600c7afd65612f6f9,windows,rust_1_89_msvc_cargo_release,box_contact_islands_10k,headless_api,5,step,300,30,2,10050,10050,0,0,median_ms_per_step,22.819621667,ms,lower_is_better,22.819621667,43.821935990,0,ok,ok,engine_runner_cli,work_unit_wall_sum_inline,5,box_contact_islands_10k,2,solver_iterations=4; sleep=disabled; ccd=disabled; worker_count=5; islands=50,rust_1_89_msvc_cargo_release,5,5,,,5,yes,,,,,,,,,,,300,6845.886500000,,,,,results/box-contact-islands-10k/intel-core-i7-13700k/2026-10-05_0800_ddr5-4800_threads-1-2-3-4-5-6-8-10-12-14-16-24_r5/raw/rapier3d/t5/rapier3d_t5_raw.csv
2026-10-05_0800_ddr5-4800_threads-1-2-3-4-5-6-8-10-12-14-16-24_r5,rapier3d,28d0ba929b460597f0959fe600c7afd65612f6f9,windows,rust_1_89_msvc_cargo_release,box_contact_islands_10k,headless_api,5,step,300,30,3,10050,10050,0,0,median_ms_per_step,23.509832333,ms,lower_is_better,23.509832333,42.535394801,0,ok,ok,engine_runner_cli,work_unit_wall_sum_inline,5,box_contact_islands_10k,2,solver_iterations=4; sleep=disabled; ccd=disabled; worker_count=5; islands=50,rust_1_89_msvc_cargo_release,5,5,,,5,yes,,,,,,,,,,,300,7052.949700000,,,,,results/box-contact-islands-10k/intel-core-i7-13700k/2026-10-05_0800_ddr5-4800_threads-1-2-3-4-5-6-8-10-12-14-16-24_r5/raw/rapier3d/t5/rapier3d_t5_raw.csv
2026-10-05_0800_ddr5-4800_threads-1-2-3-4-5-6-8-10-12-14-16-24_r5,rapier3d,28d0ba929b460597f0959fe600c7afd65612f6f9,windows,rust_1_89_msvc_cargo_release,box_contact_islands_10k,headless_api,5,step,300,30,4,10050,10050,0,0,median_ms_per_step,22.504615000,ms,lower_is_better,22.504615000,44.435330264,0,ok,ok,engine_runner_cli,work_unit_wall_sum_inline,5,box_contact_islands_10k,2,solver_iterations=4; sleep=disabled; ccd=disabled; worker_count=5; islands=50,rust_1_89_msvc_cargo_release,5,5,,,5,yes,,,,,,,,,,,300,6751.384500000,,,,,results/box-contact-islands-10k/intel-core-i7-13700k/2026-10-05_0800_ddr5-4800_threads-1-2-3-4-5-6-8-10-12-14-16-24_r5/raw/rapier3d/t5/rapier3d_t5_raw.csv
2026-10-05_0800_ddr5-4800_threads-1-2-3-4-5-6-8-10-12-14-16-24_r5,rapier3d,28d0ba929b460597f0959fe600c7afd65612f6f9,windows,rust_1_89_msvc_cargo_release,box_contact_islands_10k,headless_api,6,step,300,30,0,10050,10050,0,0,median_ms_per_step,20.577180000,ms,lower_is_better,20.577180000,48.597524053,0,ok,ok,engine_runner_cli,work_unit_wall_sum_inline,6,box_contact_islands_10k,2,solver_iterations=4; sleep=disabled; ccd=disabled; worker_count=6; islands=50,rust_1_89_msvc_cargo_release,6,6,,,6,yes,,,,,,,,,,,300,6173.154000000,,,,,results/box-contact-islands-10k/intel-core-i7-13700k/2026-10-05_0800_ddr5-4800_threads-1-2-3-4-5-6-8-10-12-14-16-24_r5/raw/rapier3d/t6/rapier3d_t6_raw.csv
2026-10-05_0800_ddr5-4800_threads-1-2-3-4-5-6-8-10-12-14-16-24_r5,rapier3d,28d0ba929b460597f0959fe600c7afd65612f6f9,windows,rust_1_89_msvc_cargo_release,box_contact_islands_10k,headless_api,6,step,300,30,1,10050,10050,0,0,median_ms_per_step,21.031089000,ms,lower_is_better,21.031089000,47.548655231,0,ok,ok,engine_runner_cli,work_unit_wall_sum_inline,6,box_contact_islands_10k,2,solver_iterations=4; sleep=disabled; ccd=disabled; worker_count=6; islands=50,rust_1_89_msvc_cargo_release,6,6,,,6,yes,,,,,,,,,,,300,6309.326700000,,,,,results/box-contact-islands-10k/intel-core-i7-13700k/2026-10-05_0800_ddr5-4800_threads-1-2-3-4-5-6-8-10-12-14-16-24_r5/raw/rapier3d/t6/rapier3d_t6_raw.csv
2026-10-05_0800_ddr5-4800_threads-1-2-3-4-5-6-8-10-12-14-16-24_r5,rapier3d,28d0ba929b460597f0959fe600c7afd65612f6f9,windows,rust_1_89_msvc_cargo_release,box_contact_islands_10k,headless_api,6,step,300,30,2,10050,10050,0,0,median_ms_per_step,21.085622333,ms,lower_is_better,21.085622333,47.425681073,0,ok,ok,engine_runner_cli,work_unit_wall_sum_inline,6,box_contact_islands_10k,2,solver_iterations=4; sleep=disabled; ccd=disabled; worker_count=6; islands=50,rust_1_89_msvc_cargo_release,6,6,,,6,yes,,,,,,,,,,,300,6325.686700000,,,,,results/box-contact-islands-10k/intel-core-i7-13700k/2026-10-05_0800_ddr5-4800_threads-1-2-3-4-5-6-8-10-12-14-16-24_r5/raw/rapier3d/t6/rapier3d_t6_raw.csv
2026-10-05_0800_ddr5-4800_threads-1-2-3-4-5-6-8-10-12-14-16-24_r5,rapier3d,28d0ba929b460597f0959fe600c7afd65612f6f9,windows,rust_1_89_msvc_cargo_release,box_contact_islands_10k,headless_api,6,step,300,30,3,10050,10050,0,0,median_ms_per_step,21.850418000,ms,lower_is_better,21.850418000,45.765714871,0,ok,ok,engine_runner_cli,work_unit_wall_sum_inline,6,box_contact_islands_10k,2,solver_iterations=4; sleep=disabled; ccd=disabled; worker_count=6; islands=50,rust_1_89_msvc_cargo_release,6,6,,,6,yes,,,,,,,,,,,300,6555.125400000,,,,,results/box-contact-islands-10k/intel-core-i7-13700k/2026-10-05_0800_ddr5-4800_threads-1-2-3-4-5-6-8-10-12-14-16-24_r5/raw/rapier3d/t6/rapier3d_t6_raw.csv
2026-10-05_0800_ddr5-4800_threads-1-2-3-4-5-6-8-10-12-14-16-24_r5,rapier3d,28d0ba929b460597f0959fe600c7afd65612f6f9,windows,rust_1_89_msvc_cargo_release,box_contact_islands_10k,headless_api,6,step,300,30,4,10050,10050,0,0,median_ms_per_step,21.626120667,ms,lower_is_better,21.626120667,46.240378264,0,ok,ok,engine_runner_cli,work_unit_wall_sum_inline,6,box_contact_islands_10k,2,solver_iterations=4; sleep=disabled; ccd=disabled; worker_count=6; islands=50,rust_1_89_msvc_cargo_release,6,6,,,6,yes,,,,,,,,,,,300,6487.836200000,,,,,results/box-contact-islands-10k/intel-core-i7-13700k/2026-10-05_0800_ddr5-4800_threads-1-2-3-4-5-6-8-10-12-14-16-24_r5/raw/rapier3d/t6/rapier3d_t6_raw.csv
2026-10-05_0800_ddr5-4800_threads-1-2-3-4-5-6-8-10-12-14-16-24_r5,rapier3d,28d0ba929b460597f0959fe600c7afd65612f6f9,windows,rust_1_89_msvc_cargo_release,box_contact_islands_10k,headless_api,8,step,300,30,0,10050,10050,0,0,median_ms_per_step,18.990744000,ms,lower_is_better,18.990744000,52.657231333,0,ok,ok,engine_runner_cli,work_unit_wall_sum_inline,8,box_contact_islands_10k,2,solver_iterations=4; sleep=disabled; ccd=disabled; worker_count=8; islands=50,rust_1_89_msvc_cargo_release,8,8,,,8,yes,,,,,,,,,,,300,5697.223200000,,,,,results/box-contact-islands-10k/intel-core-i7-13700k/2026-10-05_0800_ddr5-4800_threads-1-2-3-4-5-6-8-10-12-14-16-24_r5/raw/rapier3d/t8/rapier3d_t8_raw.csv
2026-10-05_0800_ddr5-4800_threads-1-2-3-4-5-6-8-10-12-14-16-24_r5,rapier3d,28d0ba929b460597f0959fe600c7afd65612f6f9,windows,rust_1_89_msvc_cargo_release,box_contact_islands_10k,headless_api,8,step,300,30,1,10050,10050,0,0,median_ms_per_step,18.070514000,ms,lower_is_better,18.070514000,55.338769002,0,ok,ok,engine_runner_cli,work_unit_wall_sum_inline,8,box_contact_islands_10k,2,solver_iterations=4; sleep=disabled; ccd=disabled; worker_count=8; islands=50,rust_1_89_msvc_cargo_release,8,8,,,8,yes,,,,,,,,,,,300,5421.154200000,,,,,results/box-contact-islands-10k/intel-core-i7-13700k/2026-10-05_0800_ddr5-4800_threads-1-2-3-4-5-6-8-10-12-14-16-24_r5/raw/rapier3d/t8/rapier3d_t8_raw.csv
2026-10-05_0800_ddr5-4800_threads-1-2-3-4-5-6-8-10-12-14-16-24_r5,rapier3d,28d0ba929b460597f0959fe600c7afd65612f6f9,windows,rust_1_89_msvc_cargo_release,box_contact_islands_10k,headless_api,8,step,300,30,2,10050,10050,0,0,median_ms_per_step,19.217048333,ms,lower_is_better,19.217048333,52.037127797,0,ok,ok,engine_runner_cli,work_unit_wall_sum_inline,8,box_contact_islands_10k,2,solver_iterations=4; sleep=disabled; ccd=disabled; worker_count=8; islands=50,rust_1_89_msvc_cargo_release,8,8,,,8,yes,,,,,,,,,,,300,5765.114500000,,,,,results/box-contact-islands-10k/intel-core-i7-13700k/2026-10-05_0800_ddr5-4800_threads-1-2-3-4-5-6-8-10-12-14-16-24_r5/raw/rapier3d/t8/rapier3d_t8_raw.csv
2026-10-05_0800_ddr5-4800_threads-1-2-3-4-5-6-8-10-12-14-16-24_r5,rapier3d,28d0ba929b460597f0959fe600c7afd65612f6f9,windows,rust_1_89_msvc_cargo_release,box_contact_islands_10k,headless_api,8,step,300,30,3,10050,10050,0,0,median_ms_per_step,19.030539333,ms,lower_is_better,19.030539333,52.547118213,0,ok,ok,engine_runner_cli,work_unit_wall_sum_inline,8,box_contact_islands_10k,2,solver_iterations=4; sleep=disabled; ccd=disabled; worker_count=8; islands=50,rust_1_89_msvc_cargo_release,8,8,,,8,yes,,,,,,,,,,,300,5709.161800000,,,,,results/box-contact-islands-10k/intel-core-i7-13700k/2026-10-05_0800_ddr5-4800_threads-1-2-3-4-5-6-8-10-12-14-16-24_r5/raw/rapier3d/t8/rapier3d_t8_raw.csv
2026-10-05_0800_ddr5-4800_threads-1-2-3-4-5-6-8-10-12-14-16-24_r5,rapier3d,28d0ba929b460597f0959fe600c7afd65612f6f9,windows,rust_1_89_msvc_cargo_release,box_contact_islands_10k,headless_api,8,step,300,30,4,10050,10050,0,0,median_ms_per_step,19.249836333,ms,lower_is_better,19.249836333,51.948493623,0,ok,ok,engine_runner_cli,work_unit_wall_sum_inline,8,box_contact_islands_10k,2,solver_iterations=4; sleep=disabled; ccd=disabled; worker_count=8; islands=50,rust_1_89_msvc_cargo_release,8,8,,,8,yes,,,,,,,,,,,300,5774.950900000,,,,,results/box-contact-islands-10k/intel-core-i7-13700k/2026-10-05_0800_ddr5-4800_threads-1-2-3-4-5-6-8-10-12-14-16-24_r5/raw/rapier3d/t8/rapier3d_t8_raw.csv
2026-10-05_0800_ddr5-4800_threads-1-2-3-4-5-6-8-10-12-14-16-24_r5,rapier3d,28d0ba929b460597f0959fe600c7afd65612f6f9,windows,rust_1_89_msvc_cargo_release,box_contact_islands_10k,headless_api,10,step,300,30,0,10050,10050,0,0,median_ms_per_step,16.832990000,ms,lower_is_better,16.832990000,59.407152265,0,ok,ok,engine_runner_cli,work_unit_wall_sum_inline,10,box_contact_islands_10k,2,solver_iterations=4; sleep=disabled; ccd=disabled; worker_count=10; islands=50,rust_1_89_msvc_cargo_release,10,10,,,10,yes,,,,,,,,,,,300,5049.897000000,,,,,results/box-contact-islands-10k/intel-core-i7-13700k/2026-10-05_0800_ddr5-4800_threads-1-2-3-4-5-6-8-10-12-14-16-24_r5/raw/rapier3d/t10/rapier3d_t10_raw.csv
2026-10-05_0800_ddr5-4800_threads-1-2-3-4-5-6-8-10-12-14-16-24_r5,rapier3d,28d0ba929b460597f0959fe600c7afd65612f6f9,windows,rust_1_89_msvc_cargo_release,box_contact_islands_10k,headless_api,10,step,300,30,1,10050,10050,0,0,median_ms_per_step,17.942754667,ms,lower_is_better,17.942754667,55.732802381,0,ok,ok,engine_runner_cli,work_unit_wall_sum_inline,10,box_contact_islands_10k,2,solver_iterations=4; sleep=disabled; ccd=disabled; worker_count=10; islands=50,rust_1_89_msvc_cargo_release,10,10,,,10,yes,,,,,,,,,,,300,5382.826400000,,,,,results/box-contact-islands-10k/intel-core-i7-13700k/2026-10-05_0800_ddr5-4800_threads-1-2-3-4-5-6-8-10-12-14-16-24_r5/raw/rapier3d/t10/rapier3d_t10_raw.csv
2026-10-05_0800_ddr5-4800_threads-1-2-3-4-5-6-8-10-12-14-16-24_r5,rapier3d,28d0ba929b460597f0959fe600c7afd65612f6f9,windows,rust_1_89_msvc_cargo_release,box_contact_islands_10k,headless_api,10,step,300,30,2,10050,10050,0,0,median_ms_per_step,17.478059000,ms,lower_is_better,17.478059000,57.214591163,0,ok,ok,engine_runner_cli,work_unit_wall_sum_inline,10,box_contact_islands_10k,2,solver_iterations=4; sleep=disabled; ccd=disabled; worker_count=10; islands=50,rust_1_89_msvc_cargo_release,10,10,,,10,yes,,,,,,,,,,,300,5243.417700000,,,,,results/box-contact-islands-10k/intel-core-i7-13700k/2026-10-05_0800_ddr5-4800_threads-1-2-3-4-5-6-8-10-12-14-16-24_r5/raw/rapier3d/t10/rapier3d_t10_raw.csv
2026-10-05_0800_ddr5-4800_threads-1-2-3-4-5-6-8-10-12-14-16-24_r5,rapier3d,28d0ba929b460597f0959fe600c7afd65612f6f9,windows,rust_1_89_msvc_cargo_release,box_contact_islands_10k,headless_api,10,step,300,30,3,10050,10050,0,0,median_ms_per_step,17.970048333,ms,lower_is_better,17.970048333,55.648153052,0,ok,ok,engine_runner_cli,work_unit_wall_sum_inline,10,box_contact_islands_10k,2,solver_iterations=4; sleep=disabled; ccd=disabled; worker_count=10; islands=50,rust_1_89_msvc_cargo_release,10,10,,,10,yes,,,,,,,,,,,300,5391.014500000,,,,,results/box-contact-islands-10k/intel-core-i7-13700k/2026-10-05_0800_ddr5-4800_threads-1-2-3-4-5-6-8-10-12-14-16-24_r5/raw/rapier3d/t10/rapier3d_t10_raw.csv
2026-10-05_0800_ddr5-4800_threads-1-2-3-4-5-6-8-10-12-14-16-24_r5,rapier3d,28d0ba929b460597f0959fe600c7afd65612f6f9,windows,rust_1_89_msvc_cargo_release,box_contact_islands_10k,headless_api,10,step,300,30,4,10050,10050,0,0,median_ms_per_step,17.309850667,ms,lower_is_better,17.309850667,57.770573488,0,ok,ok,engine_runner_cli,work_unit_wall_sum_inline,10,box_contact_islands_10k,2,solver_iterations=4; sleep=disabled; ccd=disabled; worker_count=10; islands=50,rust_1_89_msvc_cargo_release,10,10,,,10,yes,,,,,,,,,,,300,5192.955200000,,,,,results/box-contact-islands-10k/intel-core-i7-13700k/2026-10-05_0800_ddr5-4800_threads-1-2-3-4-5-6-8-10-12-14-16-24_r5/raw/rapier3d/t10/rapier3d_t10_raw.csv
2026-10-05_0800_ddr5-4800_threads-1-2-3-4-5-6-8-10-12-14-16-24_r5,rapier3d,28d0ba929b460597f0959fe600c7afd65612f6f9,windows,rust_1_89_msvc_cargo_release,box_contact_islands_10k,headless_api,12,step,300,30,0,10050,10050,0,0,median_ms_per_step,17.272880333,ms,lower_is_better,17.272880333,57.894223818,0,ok,ok,engine_runner_cli,work_unit_wall_sum_inline,12,box_contact_islands_10k,2,solver_iterations=4; sleep=disabled; ccd=disabled; worker_count=12; islands=50,rust_1_89_msvc_cargo_release,12,12,,,12,yes,,,,,,,,,,,300,5181.864100000,,,,,results/box-contact-islands-10k/intel-core-i7-13700k/2026-10-05_0800_ddr5-4800_threads-1-2-3-4-5-6-8-10-12-14-16-24_r5/raw/rapier3d/t12/rapier3d_t12_raw.csv
2026-10-05_0800_ddr5-4800_threads-1-2-3-4-5-6-8-10-12-14-16-24_r5,rapier3d,28d0ba929b460597f0959fe600c7afd65612f6f9,windows,rust_1_89_msvc_cargo_release,box_contact_islands_10k,headless_api,12,step,300,30,1,10050,10050,0,0,median_ms_per_step,17.294836667,ms,lower_is_better,17.294836667,57.820725299,0,ok,ok,engine_runner_cli,work_unit_wall_sum_inline,12,box_contact_islands_10k,2,solver_iterations=4; sleep=disabled; ccd=disabled; worker_count=12; islands=50,rust_1_89_msvc_cargo_release,12,12,,,12,yes,,,,,,,,,,,300,5188.451000000,,,,,results/box-contact-islands-10k/intel-core-i7-13700k/2026-10-05_0800_ddr5-4800_threads-1-2-3-4-5-6-8-10-12-14-16-24_r5/raw/rapier3d/t12/rapier3d_t12_raw.csv
2026-10-05_0800_ddr5-4800_threads-1-2-3-4-5-6-8-10-12-14-16-24_r5,rapier3d,28d0ba929b460597f0959fe600c7afd65612f6f9,windows,rust_1_89_msvc_cargo_release,box_contact_islands_10k,headless_api,12,step,300,30,2,10050,10050,0,0,median_ms_per_step,17.350223667,ms,lower_is_better,17.350223667,57.636144595,0,ok,ok,engine_runner_cli,work_unit_wall_sum_inline,12,box_contact_islands_10k,2,solver_iterations=4; sleep=disabled; ccd=disabled; worker_count=12; islands=50,rust_1_89_msvc_cargo_release,12,12,,,12,yes,,,,,,,,,,,300,5205.067100000,,,,,results/box-contact-islands-10k/intel-core-i7-13700k/2026-10-05_0800_ddr5-4800_threads-1-2-3-4-5-6-8-10-12-14-16-24_r5/raw/rapier3d/t12/rapier3d_t12_raw.csv
2026-10-05_0800_ddr5-4800_threads-1-2-3-4-5-6-8-10-12-14-16-24_r5,rapier3d,28d0ba929b460597f0959fe600c7afd65612f6f9,windows,rust_1_89_msvc_cargo_release,box_contact_islands_10k,headless_api,12,step,300,30,3,10050,10050,0,0,median_ms_per_step,17.212419667,ms,lower_is_better,17.212419667,58.097584149,0,ok,ok,engine_runner_cli,work_unit_wall_sum_inline,12,box_contact_islands_10k,2,solver_iterations=4; sleep=disabled; ccd=disabled; worker_count=12; islands=50,rust_1_89_msvc_cargo_release,12,12,,,12,yes,,,,,,,,,,,300,5163.725900000,,,,,results/box-contact-islands-10k/intel-core-i7-13700k/2026-10-05_0800_ddr5-4800_threads-1-2-3-4-5-6-8-10-12-14-16-24_r5/raw/rapier3d/t12/rapier3d_t12_raw.csv
2026-10-05_0800_ddr5-4800_threads-1-2-3-4-5-6-8-10-12-14-16-24_r5,rapier3d,28d0ba929b460597f0959fe600c7afd65612f6f9,windows,rust_1_89_msvc_cargo_release,box_contact_islands_10k,headless_api,12,step,300,30,4,10050,10050,0,0,median_ms_per_step,16.869471333,ms,lower_is_better,16.869471333,59.278680419,0,ok,ok,engine_runner_cli,work_unit_wall_sum_inline,12,box_contact_islands_10k,2,solver_iterations=4; sleep=disabled; ccd=disabled; worker_count=12; islands=50,rust_1_89_msvc_cargo_release,12,12,,,12,yes,,,,,,,,,,,300,5060.841400000,,,,,results/box-contact-islands-10k/intel-core-i7-13700k/2026-10-05_0800_ddr5-4800_threads-1-2-3-4-5-6-8-10-12-14-16-24_r5/raw/rapier3d/t12/rapier3d_t12_raw.csv
2026-10-05_0800_ddr5-4800_threads-1-2-3-4-5-6-8-10-12-14-16-24_r5,rapier3d,28d0ba929b460597f0959fe600c7afd65612f6f9,windows,rust_1_89_msvc_cargo_release,box_contact_islands_10k,headless_api,14,step,300,30,0,10050,10050,0,0,median_ms_per_step,17.166239667,ms,lower_is_better,17.166239667,58.253876179,0,ok,ok,engine_runner_cli,work_unit_wall_sum_inline,14,box_contact_islands_10k,2,solver_iterations=4; sleep=disabled; ccd=disabled; worker_count=14; islands=50,rust_1_89_msvc_cargo_release,14,14,,,14,yes,,,,,,,,,,,300,5149.871900000,,,,,results/box-contact-islands-10k/intel-core-i7-13700k/2026-10-05_0800_ddr5-4800_threads-1-2-3-4-5-6-8-10-12-14-16-24_r5/raw/rapier3d/t14/rapier3d_t14_raw.csv
2026-10-05_0800_ddr5-4800_threads-1-2-3-4-5-6-8-10-12-14-16-24_r5,rapier3d,28d0ba929b460597f0959fe600c7afd65612f6f9,windows,rust_1_89_msvc_cargo_release,box_contact_islands_10k,headless_api,14,step,300,30,1,10050,10050,0,0,median_ms_per_step,16.834602667,ms,lower_is_better,16.834602667,59.401461371,0,ok,ok,engine_runner_cli,work_unit_wall_sum_inline,14,box_contact_islands_10k,2,solver_iterations=4; sleep=disabled; ccd=disabled; worker_count=14; islands=50,rust_1_89_msvc_cargo_release,14,14,,,14,yes,,,,,,,,,,,300,5050.380800000,,,,,results/box-contact-islands-10k/intel-core-i7-13700k/2026-10-05_0800_ddr5-4800_threads-1-2-3-4-5-6-8-10-12-14-16-24_r5/raw/rapier3d/t14/rapier3d_t14_raw.csv
2026-10-05_0800_ddr5-4800_threads-1-2-3-4-5-6-8-10-12-14-16-24_r5,rapier3d,28d0ba929b460597f0959fe600c7afd65612f6f9,windows,rust_1_89_msvc_cargo_release,box_contact_islands_10k,headless_api,14,step,300,30,2,10050,10050,0,0,median_ms_per_step,17.005080333,ms,lower_is_better,17.005080333,58.805955655,0,ok,ok,engine_runner_cli,work_unit_wall_sum_inline,14,box_contact_islands_10k,2,solver_iterations=4; sleep=disabled; ccd=disabled; worker_count=14; islands=50,rust_1_89_msvc_cargo_release,14,14,,,14,yes,,,,,,,,,,,300,5101.524100000,,,,,results/box-contact-islands-10k/intel-core-i7-13700k/2026-10-05_0800_ddr5-4800_threads-1-2-3-4-5-6-8-10-12-14-16-24_r5/raw/rapier3d/t14/rapier3d_t14_raw.csv
2026-10-05_0800_ddr5-4800_threads-1-2-3-4-5-6-8-10-12-14-16-24_r5,rapier3d,28d0ba929b460597f0959fe600c7afd65612f6f9,windows,rust_1_89_msvc_cargo_release,box_contact_islands_10k,headless_api,14,step,300,30,3,10050,10050,0,0,median_ms_per_step,16.647270333,ms,lower_is_better,16.647270333,60.069908158,0,ok,ok,engine_runner_cli,work_unit_wall_sum_inline,14,box_contact_islands_10k,2,solver_iterations=4; sleep=disabled; ccd=disabled; worker_count=14; islands=50,rust_1_89_msvc_cargo_release,14,14,,,14,yes,,,,,,,,,,,300,4994.181100000,,,,,results/box-contact-islands-10k/intel-core-i7-13700k/2026-10-05_0800_ddr5-4800_threads-1-2-3-4-5-6-8-10-12-14-16-24_r5/raw/rapier3d/t14/rapier3d_t14_raw.csv
2026-10-05_0800_ddr5-4800_threads-1-2-3-4-5-6-8-10-12-14-16-24_r5,rapier3d,28d0ba929b460597f0959fe600c7afd65612f6f9,windows,rust_1_89_msvc_cargo_release,box_contact_islands_10k,headless_api,14,step,300,30,4,10050,10050,0,0,median_ms_per_step,16.691633333,ms,lower_is_better,16.691633333,59.910254439,0,ok,ok,engine_runner_cli,work_unit_wall_sum_inline,14,box_contact_islands_10k,2,solver_iterations=4; sleep=disabled; ccd=disabled; worker_count=14; islands=50,rust_1_89_msvc_cargo_release,14,14,,,14,yes,,,,,,,,,,,300,5007.490000000,,,,,results/box-contact-islands-10k/intel-core-i7-13700k/2026-10-05_0800_ddr5-4800_threads-1-2-3-4-5-6-8-10-12-14-16-24_r5/raw/rapier3d/t14/rapier3d_t14_raw.csv
2026-10-05_0800_ddr5-4800_threads-1-2-3-4-5-6-8-10-12-14-16-24_r5,rapier3d,28d0ba929b460597f0959fe600c7afd65612f6f9,windows,rust_1_89_msvc_cargo_release,box_contact_islands_10k,headless_api,16,step,300,30,0,10050,10050,0,0,median_ms_per_step,16.593722333,ms,lower_is_better,16.593722333,60.263753961,0,ok,ok,engine_runner_cli,work_unit_wall_sum_inline,16,box_contact_islands_10k,2,solver_iterations=4; sleep=disabled; ccd=disabled; worker_count=16; islands=50,rust_1_89_msvc_cargo_release,16,16,,,16,yes,,,,,,,,,,,300,4978.116700000,,,,,results/box-contact-islands-10k/intel-core-i7-13700k/2026-10-05_0800_ddr5-4800_threads-1-2-3-4-5-6-8-10-12-14-16-24_r5/raw/rapier3d/t16/rapier3d_t16_raw.csv
2026-10-05_0800_ddr5-4800_threads-1-2-3-4-5-6-8-10-12-14-16-24_r5,rapier3d,28d0ba929b460597f0959fe600c7afd65612f6f9,windows,rust_1_89_msvc_cargo_release,box_contact_islands_10k,headless_api,16,step,300,30,1,10050,10050,0,0,median_ms_per_step,16.930228333,ms,lower_is_better,16.930228333,59.065948805,0,ok,ok,engine_runner_cli,work_unit_wall_sum_inline,16,box_contact_islands_10k,2,solver_iterations=4; sleep=disabled; ccd=disabled; worker_count=16; islands=50,rust_1_89_msvc_cargo_release,16,16,,,16,yes,,,,,,,,,,,300,5079.068500000,,,,,results/box-contact-islands-10k/intel-core-i7-13700k/2026-10-05_0800_ddr5-4800_threads-1-2-3-4-5-6-8-10-12-14-16-24_r5/raw/rapier3d/t16/rapier3d_t16_raw.csv
2026-10-05_0800_ddr5-4800_threads-1-2-3-4-5-6-8-10-12-14-16-24_r5,rapier3d,28d0ba929b460597f0959fe600c7afd65612f6f9,windows,rust_1_89_msvc_cargo_release,box_contact_islands_10k,headless_api,16,step,300,30,2,10050,10050,0,0,median_ms_per_step,17.356675000,ms,lower_is_better,17.356675000,57.614721714,0,ok,ok,engine_runner_cli,work_unit_wall_sum_inline,16,box_contact_islands_10k,2,solver_iterations=4; sleep=disabled; ccd=disabled; worker_count=16; islands=50,rust_1_89_msvc_cargo_release,16,16,,,16,yes,,,,,,,,,,,300,5207.002500000,,,,,results/box-contact-islands-10k/intel-core-i7-13700k/2026-10-05_0800_ddr5-4800_threads-1-2-3-4-5-6-8-10-12-14-16-24_r5/raw/rapier3d/t16/rapier3d_t16_raw.csv
2026-10-05_0800_ddr5-4800_threads-1-2-3-4-5-6-8-10-12-14-16-24_r5,rapier3d,28d0ba929b460597f0959fe600c7afd65612f6f9,windows,rust_1_89_msvc_cargo_release,box_contact_islands_10k,headless_api,16,step,300,30,3,10050,10050,0,0,median_ms_per_step,16.860672333,ms,lower_is_better,16.860672333,59.309615906,0,ok,ok,engine_runner_cli,work_unit_wall_sum_inline,16,box_contact_islands_10k,2,solver_iterations=4; sleep=disabled; ccd=disabled; worker_count=16; islands=50,rust_1_89_msvc_cargo_release,16,16,,,16,yes,,,,,,,,,,,300,5058.201700000,,,,,results/box-contact-islands-10k/intel-core-i7-13700k/2026-10-05_0800_ddr5-4800_threads-1-2-3-4-5-6-8-10-12-14-16-24_r5/raw/rapier3d/t16/rapier3d_t16_raw.csv
2026-10-05_0800_ddr5-4800_threads-1-2-3-4-5-6-8-10-12-14-16-24_r5,rapier3d,28d0ba929b460597f0959fe600c7afd65612f6f9,windows,rust_1_89_msvc_cargo_release,box_contact_islands_10k,headless_api,16,step,300,30,4,10050,10050,0,0,median_ms_per_step,17.023149667,ms,lower_is_better,17.023149667,58.743535690,0,ok,ok,engine_runner_cli,work_unit_wall_sum_inline,16,box_contact_islands_10k,2,solver_iterations=4; sleep=disabled; ccd=disabled; worker_count=16; islands=50,rust_1_89_msvc_cargo_release,16,16,,,16,yes,,,,,,,,,,,300,5106.944900000,,,,,results/box-contact-islands-10k/intel-core-i7-13700k/2026-10-05_0800_ddr5-4800_threads-1-2-3-4-5-6-8-10-12-14-16-24_r5/raw/rapier3d/t16/rapier3d_t16_raw.csv
2026-10-05_0800_ddr5-4800_threads-1-2-3-4-5-6-8-10-12-14-16-24_r5,rapier3d,28d0ba929b460597f0959fe600c7afd65612f6f9,windows,rust_1_89_msvc_cargo_release,box_contact_islands_10k,headless_api,24,step,300,30,0,10050,10050,0,0,median_ms_per_step,16.282668333,ms,lower_is_better,16.282668333,61.414995351,0,ok,ok,engine_runner_cli,work_unit_wall_sum_inline,24,box_contact_islands_10k,2,solver_iterations=4; sleep=disabled; ccd=disabled; worker_count=24; islands=50,rust_1_89_msvc_cargo_release,24,24,,,24,yes,,,,,,,,,,,300,4884.800500000,,,,,results/box-contact-islands-10k/intel-core-i7-13700k/2026-10-05_0800_ddr5-4800_threads-1-2-3-4-5-6-8-10-12-14-16-24_r5/raw/rapier3d/t24/rapier3d_t24_raw.csv
2026-10-05_0800_ddr5-4800_threads-1-2-3-4-5-6-8-10-12-14-16-24_r5,rapier3d,28d0ba929b460597f0959fe600c7afd65612f6f9,windows,rust_1_89_msvc_cargo_release,box_contact_islands_10k,headless_api,24,step,300,30,1,10050,10050,0,0,median_ms_per_step,16.534261000,ms,lower_is_better,16.534261000,60.480477476,0,ok,ok,engine_runner_cli,work_unit_wall_sum_inline,24,box_contact_islands_10k,2,solver_iterations=4; sleep=disabled; ccd=disabled; worker_count=24; islands=50,rust_1_89_msvc_cargo_release,24,24,,,24,yes,,,,,,,,,,,300,4960.278300000,,,,,results/box-contact-islands-10k/intel-core-i7-13700k/2026-10-05_0800_ddr5-4800_threads-1-2-3-4-5-6-8-10-12-14-16-24_r5/raw/rapier3d/t24/rapier3d_t24_raw.csv
2026-10-05_0800_ddr5-4800_threads-1-2-3-4-5-6-8-10-12-14-16-24_r5,rapier3d,28d0ba929b460597f0959fe600c7afd65612f6f9,windows,rust_1_89_msvc_cargo_release,box_contact_islands_10k,headless_api,24,step,300,30,2,10050,10050,0,0,median_ms_per_step,16.315532667,ms,lower_is_better,16.315532667,61.291287292,0,ok,ok,engine_runner_cli,work_unit_wall_sum_inline,24,box_contact_islands_10k,2,solver_iterations=4; sleep=disabled; ccd=disabled; worker_count=24; islands=50,rust_1_89_msvc_cargo_release,24,24,,,24,yes,,,,,,,,,,,300,4894.659800000,,,,,results/box-contact-islands-10k/intel-core-i7-13700k/2026-10-05_0800_ddr5-4800_threads-1-2-3-4-5-6-8-10-12-14-16-24_r5/raw/rapier3d/t24/rapier3d_t24_raw.csv
2026-10-05_0800_ddr5-4800_threads-1-2-3-4-5-6-8-10-12-14-16-24_r5,rapier3d,28d0ba929b460597f0959fe600c7afd65612f6f9,windows,rust_1_89_msvc_cargo_release,box_contact_islands_10k,headless_api,24,step,300,30,3,10050,10050,0,0,median_ms_per_step,15.652311333,ms,lower_is_better,15.652311333,63.888327973,0,ok,ok,engine_runner_cli,work_unit_wall_sum_inline,24,box_contact_islands_10k,2,solver_iterations=4; sleep=disabled; ccd=disabled; worker_count=24; islands=50,rust_1_89_msvc_cargo_release,24,24,,,24,yes,,,,,,,,,,,300,4695.693400000,,,,,results/box-contact-islands-10k/intel-core-i7-13700k/2026-10-05_0800_ddr5-4800_threads-1-2-3-4-5-6-8-10-12-14-16-24_r5/raw/rapier3d/t24/rapier3d_t24_raw.csv
2026-10-05_0800_ddr5-4800_threads-1-2-3-4-5-6-8-10-12-14-16-24_r5,rapier3d,28d0ba929b460597f0959fe600c7afd65612f6f9,windows,rust_1_89_msvc_cargo_release,box_contact_islands_10k,headless_api,24,step,300,30,4,10050,10050,0,0,median_ms_per_step,15.912254667,ms,lower_is_better,15.912254667,62.844645272,0,ok,ok,engine_runner_cli,work_unit_wall_sum_inline,24,box_contact_islands_10k,2,solver_iterations=4; sleep=disabled; ccd=disabled; worker_count=24; islands=50,rust_1_89_msvc_cargo_release,24,24,,,24,yes,,,,,,,,,,,300,4773.676400000,,,,,results/box-contact-islands-10k/intel-core-i7-13700k/2026-10-05_0800_ddr5-4800_threads-1-2-3-4-5-6-8-10-12-14-16-24_r5/raw/rapier3d/t24/rapier3d_t24_raw.csv
2026-10-05_0800_ddr5-4800_threads-1-2-3-4-5-6-8-10-12-14-16-24_r5,unity_physics,unity-6000.5.2f1-com.unity.physics-6.5.0,windows,unity_player,box_contact_islands_10k,headless_api,1,step,300,30,0,10050,10050,0,0,median_ms_per_step,79.740690667,ms,lower_is_better,79.740690667,12.540648841,0,ok,ok,engine_runner_cli,work_unit_wall_sum_inline,1,box_contact_islands_10k,2,solver_iterations=2; substeps=3; solver_type=iterative; stabilization=on; synchronize_collision_world=on; sleep=not_applicable; worker_count=0; islands=50,unity_player,1,0,,,0,yes,,,,,,,,,,,300,23922.207200000,,,,,results/box-contact-islands-10k/intel-core-i7-13700k/2026-10-05_0800_ddr5-4800_threads-1-2-3-4-5-6-8-10-12-14-16-24_r5/raw/unity_physics/t1/unity_physics_t1_raw.csv
2026-10-05_0800_ddr5-4800_threads-1-2-3-4-5-6-8-10-12-14-16-24_r5,unity_physics,unity-6000.5.2f1-com.unity.physics-6.5.0,windows,unity_player,box_contact_islands_10k,headless_api,1,step,300,30,1,10050,10050,0,0,median_ms_per_step,79.013574000,ms,lower_is_better,79.013574000,12.656053250,0,ok,ok,engine_runner_cli,work_unit_wall_sum_inline,1,box_contact_islands_10k,2,solver_iterations=2; substeps=3; solver_type=iterative; stabilization=on; synchronize_collision_world=on; sleep=not_applicable; worker_count=0; islands=50,unity_player,1,0,,,0,yes,,,,,,,,,,,300,23704.072200000,,,,,results/box-contact-islands-10k/intel-core-i7-13700k/2026-10-05_0800_ddr5-4800_threads-1-2-3-4-5-6-8-10-12-14-16-24_r5/raw/unity_physics/t1/unity_physics_t1_raw.csv
2026-10-05_0800_ddr5-4800_threads-1-2-3-4-5-6-8-10-12-14-16-24_r5,unity_physics,unity-6000.5.2f1-com.unity.physics-6.5.0,windows,unity_player,box_contact_islands_10k,headless_api,1,step,300,30,2,10050,10050,0,0,median_ms_per_step,82.068495000,ms,lower_is_better,82.068495000,12.184943808,0,ok,ok,engine_runner_cli,work_unit_wall_sum_inline,1,box_contact_islands_10k,2,solver_iterations=2; substeps=3; solver_type=iterative; stabilization=on; synchronize_collision_world=on; sleep=not_applicable; worker_count=0; islands=50,unity_player,1,0,,,0,yes,,,,,,,,,,,300,24620.548500000,,,,,results/box-contact-islands-10k/intel-core-i7-13700k/2026-10-05_0800_ddr5-4800_threads-1-2-3-4-5-6-8-10-12-14-16-24_r5/raw/unity_physics/t1/unity_physics_t1_raw.csv
2026-10-05_0800_ddr5-4800_threads-1-2-3-4-5-6-8-10-12-14-16-24_r5,unity_physics,unity-6000.5.2f1-com.unity.physics-6.5.0,windows,unity_player,box_contact_islands_10k,headless_api,1,step,300,30,3,10050,10050,0,0,median_ms_per_step,79.616381000,ms,lower_is_better,79.616381000,12.560229282,0,ok,ok,engine_runner_cli,work_unit_wall_sum_inline,1,box_contact_islands_10k,2,solver_iterations=2; substeps=3; solver_type=iterative; stabilization=on; synchronize_collision_world=on; sleep=not_applicable; worker_count=0; islands=50,unity_player,1,0,,,0,yes,,,,,,,,,,,300,23884.914300000,,,,,results/box-contact-islands-10k/intel-core-i7-13700k/2026-10-05_0800_ddr5-4800_threads-1-2-3-4-5-6-8-10-12-14-16-24_r5/raw/unity_physics/t1/unity_physics_t1_raw.csv
2026-10-05_0800_ddr5-4800_threads-1-2-3-4-5-6-8-10-12-14-16-24_r5,unity_physics,unity-6000.5.2f1-com.unity.physics-6.5.0,windows,unity_player,box_contact_islands_10k,headless_api,1,step,300,30,4,10050,10050,0,0,median_ms_per_step,81.607000000,ms,lower_is_better,81.607000000,12.253850773,0,ok,ok,engine_runner_cli,work_unit_wall_sum_inline,1,box_contact_islands_10k,2,solver_iterations=2; substeps=3; solver_type=iterative; stabilization=on; synchronize_collision_world=on; sleep=not_applicable; worker_count=0; islands=50,unity_player,1,0,,,0,yes,,,,,,,,,,,300,24482.100000000,,,,,results/box-contact-islands-10k/intel-core-i7-13700k/2026-10-05_0800_ddr5-4800_threads-1-2-3-4-5-6-8-10-12-14-16-24_r5/raw/unity_physics/t1/unity_physics_t1_raw.csv
2026-10-05_0800_ddr5-4800_threads-1-2-3-4-5-6-8-10-12-14-16-24_r5,unity_physics,unity-6000.5.2f1-com.unity.physics-6.5.0,windows,unity_player,box_contact_islands_10k,headless_api,2,step,300,30,0,10050,10050,0,0,median_ms_per_step,44.056106333,ms,lower_is_better,44.056106333,22.698329090,0,ok,ok,engine_runner_cli,work_unit_wall_sum_inline,2,box_contact_islands_10k,2,solver_iterations=2; substeps=3; solver_type=iterative; stabilization=on; synchronize_collision_world=on; sleep=not_applicable; worker_count=1; islands=50,unity_player,2,1,,,1,yes,,,,,,,,,,,300,13216.831900000,,,,,results/box-contact-islands-10k/intel-core-i7-13700k/2026-10-05_0800_ddr5-4800_threads-1-2-3-4-5-6-8-10-12-14-16-24_r5/raw/unity_physics/t2/unity_physics_t2_raw.csv
2026-10-05_0800_ddr5-4800_threads-1-2-3-4-5-6-8-10-12-14-16-24_r5,unity_physics,unity-6000.5.2f1-com.unity.physics-6.5.0,windows,unity_player,box_contact_islands_10k,headless_api,2,step,300,30,1,10050,10050,0,0,median_ms_per_step,44.861851667,ms,lower_is_better,44.861851667,22.290653704,0,ok,ok,engine_runner_cli,work_unit_wall_sum_inline,2,box_contact_islands_10k,2,solver_iterations=2; substeps=3; solver_type=iterative; stabilization=on; synchronize_collision_world=on; sleep=not_applicable; worker_count=1; islands=50,unity_player,2,1,,,1,yes,,,,,,,,,,,300,13458.555500000,,,,,results/box-contact-islands-10k/intel-core-i7-13700k/2026-10-05_0800_ddr5-4800_threads-1-2-3-4-5-6-8-10-12-14-16-24_r5/raw/unity_physics/t2/unity_physics_t2_raw.csv
2026-10-05_0800_ddr5-4800_threads-1-2-3-4-5-6-8-10-12-14-16-24_r5,unity_physics,unity-6000.5.2f1-com.unity.physics-6.5.0,windows,unity_player,box_contact_islands_10k,headless_api,2,step,300,30,2,10050,10050,0,0,median_ms_per_step,43.722776333,ms,lower_is_better,43.722776333,22.871374690,0,ok,ok,engine_runner_cli,work_unit_wall_sum_inline,2,box_contact_islands_10k,2,solver_iterations=2; substeps=3; solver_type=iterative; stabilization=on; synchronize_collision_world=on; sleep=not_applicable; worker_count=1; islands=50,unity_player,2,1,,,1,yes,,,,,,,,,,,300,13116.832900000,,,,,results/box-contact-islands-10k/intel-core-i7-13700k/2026-10-05_0800_ddr5-4800_threads-1-2-3-4-5-6-8-10-12-14-16-24_r5/raw/unity_physics/t2/unity_physics_t2_raw.csv
2026-10-05_0800_ddr5-4800_threads-1-2-3-4-5-6-8-10-12-14-16-24_r5,unity_physics,unity-6000.5.2f1-com.unity.physics-6.5.0,windows,unity_player,box_contact_islands_10k,headless_api,2,step,300,30,3,10050,10050,0,0,median_ms_per_step,43.783773333,ms,lower_is_better,43.783773333,22.839511624,0,ok,ok,engine_runner_cli,work_unit_wall_sum_inline,2,box_contact_islands_10k,2,solver_iterations=2; substeps=3; solver_type=iterative; stabilization=on; synchronize_collision_world=on; sleep=not_applicable; worker_count=1; islands=50,unity_player,2,1,,,1,yes,,,,,,,,,,,300,13135.132000000,,,,,results/box-contact-islands-10k/intel-core-i7-13700k/2026-10-05_0800_ddr5-4800_threads-1-2-3-4-5-6-8-10-12-14-16-24_r5/raw/unity_physics/t2/unity_physics_t2_raw.csv
2026-10-05_0800_ddr5-4800_threads-1-2-3-4-5-6-8-10-12-14-16-24_r5,unity_physics,unity-6000.5.2f1-com.unity.physics-6.5.0,windows,unity_player,box_contact_islands_10k,headless_api,2,step,300,30,4,10050,10050,0,0,median_ms_per_step,44.973276333,ms,lower_is_better,44.973276333,22.235426936,0,ok,ok,engine_runner_cli,work_unit_wall_sum_inline,2,box_contact_islands_10k,2,solver_iterations=2; substeps=3; solver_type=iterative; stabilization=on; synchronize_collision_world=on; sleep=not_applicable; worker_count=1; islands=50,unity_player,2,1,,,1,yes,,,,,,,,,,,300,13491.982900000,,,,,results/box-contact-islands-10k/intel-core-i7-13700k/2026-10-05_0800_ddr5-4800_threads-1-2-3-4-5-6-8-10-12-14-16-24_r5/raw/unity_physics/t2/unity_physics_t2_raw.csv
2026-10-05_0800_ddr5-4800_threads-1-2-3-4-5-6-8-10-12-14-16-24_r5,unity_physics,unity-6000.5.2f1-com.unity.physics-6.5.0,windows,unity_player,box_contact_islands_10k,headless_api,3,step,300,30,0,10050,10050,0,0,median_ms_per_step,30.900603333,ms,lower_is_better,30.900603333,32.361827671,0,ok,ok,engine_runner_cli,work_unit_wall_sum_inline,3,box_contact_islands_10k,2,solver_iterations=2; substeps=3; solver_type=iterative; stabilization=on; synchronize_collision_world=on; sleep=not_applicable; worker_count=2; islands=50,unity_player,3,2,,,2,yes,,,,,,,,,,,300,9270.181000000,,,,,results/box-contact-islands-10k/intel-core-i7-13700k/2026-10-05_0800_ddr5-4800_threads-1-2-3-4-5-6-8-10-12-14-16-24_r5/raw/unity_physics/t3/unity_physics_t3_raw.csv
2026-10-05_0800_ddr5-4800_threads-1-2-3-4-5-6-8-10-12-14-16-24_r5,unity_physics,unity-6000.5.2f1-com.unity.physics-6.5.0,windows,unity_player,box_contact_islands_10k,headless_api,3,step,300,30,1,10050,10050,0,0,median_ms_per_step,30.432519667,ms,lower_is_better,30.432519667,32.859586093,0,ok,ok,engine_runner_cli,work_unit_wall_sum_inline,3,box_contact_islands_10k,2,solver_iterations=2; substeps=3; solver_type=iterative; stabilization=on; synchronize_collision_world=on; sleep=not_applicable; worker_count=2; islands=50,unity_player,3,2,,,2,yes,,,,,,,,,,,300,9129.755900000,,,,,results/box-contact-islands-10k/intel-core-i7-13700k/2026-10-05_0800_ddr5-4800_threads-1-2-3-4-5-6-8-10-12-14-16-24_r5/raw/unity_physics/t3/unity_physics_t3_raw.csv
2026-10-05_0800_ddr5-4800_threads-1-2-3-4-5-6-8-10-12-14-16-24_r5,unity_physics,unity-6000.5.2f1-com.unity.physics-6.5.0,windows,unity_player,box_contact_islands_10k,headless_api,3,step,300,30,2,10050,10050,0,0,median_ms_per_step,30.725977000,ms,lower_is_better,30.725977000,32.545751108,0,ok,ok,engine_runner_cli,work_unit_wall_sum_inline,3,box_contact_islands_10k,2,solver_iterations=2; substeps=3; solver_type=iterative; stabilization=on; synchronize_collision_world=on; sleep=not_applicable; worker_count=2; islands=50,unity_player,3,2,,,2,yes,,,,,,,,,,,300,9217.793100000,,,,,results/box-contact-islands-10k/intel-core-i7-13700k/2026-10-05_0800_ddr5-4800_threads-1-2-3-4-5-6-8-10-12-14-16-24_r5/raw/unity_physics/t3/unity_physics_t3_raw.csv
2026-10-05_0800_ddr5-4800_threads-1-2-3-4-5-6-8-10-12-14-16-24_r5,unity_physics,unity-6000.5.2f1-com.unity.physics-6.5.0,windows,unity_player,box_contact_islands_10k,headless_api,3,step,300,30,3,10050,10050,0,0,median_ms_per_step,30.053036000,ms,lower_is_better,30.053036000,33.274508439,0,ok,ok,engine_runner_cli,work_unit_wall_sum_inline,3,box_contact_islands_10k,2,solver_iterations=2; substeps=3; solver_type=iterative; stabilization=on; synchronize_collision_world=on; sleep=not_applicable; worker_count=2; islands=50,unity_player,3,2,,,2,yes,,,,,,,,,,,300,9015.910800000,,,,,results/box-contact-islands-10k/intel-core-i7-13700k/2026-10-05_0800_ddr5-4800_threads-1-2-3-4-5-6-8-10-12-14-16-24_r5/raw/unity_physics/t3/unity_physics_t3_raw.csv
2026-10-05_0800_ddr5-4800_threads-1-2-3-4-5-6-8-10-12-14-16-24_r5,unity_physics,unity-6000.5.2f1-com.unity.physics-6.5.0,windows,unity_player,box_contact_islands_10k,headless_api,3,step,300,30,4,10050,10050,0,0,median_ms_per_step,30.586059667,ms,lower_is_better,30.586059667,32.694633140,0,ok,ok,engine_runner_cli,work_unit_wall_sum_inline,3,box_contact_islands_10k,2,solver_iterations=2; substeps=3; solver_type=iterative; stabilization=on; synchronize_collision_world=on; sleep=not_applicable; worker_count=2; islands=50,unity_player,3,2,,,2,yes,,,,,,,,,,,300,9175.817900000,,,,,results/box-contact-islands-10k/intel-core-i7-13700k/2026-10-05_0800_ddr5-4800_threads-1-2-3-4-5-6-8-10-12-14-16-24_r5/raw/unity_physics/t3/unity_physics_t3_raw.csv
2026-10-05_0800_ddr5-4800_threads-1-2-3-4-5-6-8-10-12-14-16-24_r5,unity_physics,unity-6000.5.2f1-com.unity.physics-6.5.0,windows,unity_player,box_contact_islands_10k,headless_api,4,step,300,30,0,10050,10050,0,0,median_ms_per_step,23.195870667,ms,lower_is_better,23.195870667,43.111121560,0,ok,ok,engine_runner_cli,work_unit_wall_sum_inline,4,box_contact_islands_10k,2,solver_iterations=2; substeps=3; solver_type=iterative; stabilization=on; synchronize_collision_world=on; sleep=not_applicable; worker_count=3; islands=50,unity_player,4,3,,,3,yes,,,,,,,,,,,300,6958.761200000,,,,,results/box-contact-islands-10k/intel-core-i7-13700k/2026-10-05_0800_ddr5-4800_threads-1-2-3-4-5-6-8-10-12-14-16-24_r5/raw/unity_physics/t4/unity_physics_t4_raw.csv
2026-10-05_0800_ddr5-4800_threads-1-2-3-4-5-6-8-10-12-14-16-24_r5,unity_physics,unity-6000.5.2f1-com.unity.physics-6.5.0,windows,unity_player,box_contact_islands_10k,headless_api,4,step,300,30,1,10050,10050,0,0,median_ms_per_step,22.891058667,ms,lower_is_better,22.891058667,43.685179203,0,ok,ok,engine_runner_cli,work_unit_wall_sum_inline,4,box_contact_islands_10k,2,solver_iterations=2; substeps=3; solver_type=iterative; stabilization=on; synchronize_collision_world=on; sleep=not_applicable; worker_count=3; islands=50,unity_player,4,3,,,3,yes,,,,,,,,,,,300,6867.317600000,,,,,results/box-contact-islands-10k/intel-core-i7-13700k/2026-10-05_0800_ddr5-4800_threads-1-2-3-4-5-6-8-10-12-14-16-24_r5/raw/unity_physics/t4/unity_physics_t4_raw.csv
2026-10-05_0800_ddr5-4800_threads-1-2-3-4-5-6-8-10-12-14-16-24_r5,unity_physics,unity-6000.5.2f1-com.unity.physics-6.5.0,windows,unity_player,box_contact_islands_10k,headless_api,4,step,300,30,2,10050,10050,0,0,median_ms_per_step,23.013510667,ms,lower_is_better,23.013510667,43.452735851,0,ok,ok,engine_runner_cli,work_unit_wall_sum_inline,4,box_contact_islands_10k,2,solver_iterations=2; substeps=3; solver_type=iterative; stabilization=on; synchronize_collision_world=on; sleep=not_applicable; worker_count=3; islands=50,unity_player,4,3,,,3,yes,,,,,,,,,,,300,6904.053200000,,,,,results/box-contact-islands-10k/intel-core-i7-13700k/2026-10-05_0800_ddr5-4800_threads-1-2-3-4-5-6-8-10-12-14-16-24_r5/raw/unity_physics/t4/unity_physics_t4_raw.csv
2026-10-05_0800_ddr5-4800_threads-1-2-3-4-5-6-8-10-12-14-16-24_r5,unity_physics,unity-6000.5.2f1-com.unity.physics-6.5.0,windows,unity_player,box_contact_islands_10k,headless_api,4,step,300,30,3,10050,10050,0,0,median_ms_per_step,23.450604667,ms,lower_is_better,23.450604667,42.642823680,0,ok,ok,engine_runner_cli,work_unit_wall_sum_inline,4,box_contact_islands_10k,2,solver_iterations=2; substeps=3; solver_type=iterative; stabilization=on; synchronize_collision_world=on; sleep=not_applicable; worker_count=3; islands=50,unity_player,4,3,,,3,yes,,,,,,,,,,,300,7035.181400000,,,,,results/box-contact-islands-10k/intel-core-i7-13700k/2026-10-05_0800_ddr5-4800_threads-1-2-3-4-5-6-8-10-12-14-16-24_r5/raw/unity_physics/t4/unity_physics_t4_raw.csv
2026-10-05_0800_ddr5-4800_threads-1-2-3-4-5-6-8-10-12-14-16-24_r5,unity_physics,unity-6000.5.2f1-com.unity.physics-6.5.0,windows,unity_player,box_contact_islands_10k,headless_api,4,step,300,30,4,10050,10050,0,0,median_ms_per_step,22.972763667,ms,lower_is_better,22.972763667,43.529808364,0,ok,ok,engine_runner_cli,work_unit_wall_sum_inline,4,box_contact_islands_10k,2,solver_iterations=2; substeps=3; solver_type=iterative; stabilization=on; synchronize_collision_world=on; sleep=not_applicable; worker_count=3; islands=50,unity_player,4,3,,,3,yes,,,,,,,,,,,300,6891.829100000,,,,,results/box-contact-islands-10k/intel-core-i7-13700k/2026-10-05_0800_ddr5-4800_threads-1-2-3-4-5-6-8-10-12-14-16-24_r5/raw/unity_physics/t4/unity_physics_t4_raw.csv
2026-10-05_0800_ddr5-4800_threads-1-2-3-4-5-6-8-10-12-14-16-24_r5,unity_physics,unity-6000.5.2f1-com.unity.physics-6.5.0,windows,unity_player,box_contact_islands_10k,headless_api,5,step,300,30,0,10050,10050,0,0,median_ms_per_step,18.560937333,ms,lower_is_better,18.560937333,53.876589422,0,ok,ok,engine_runner_cli,work_unit_wall_sum_inline,5,box_contact_islands_10k,2,solver_iterations=2; substeps=3; solver_type=iterative; stabilization=on; synchronize_collision_world=on; sleep=not_applicable; worker_count=4; islands=50,unity_player,5,4,,,4,yes,,,,,,,,,,,300,5568.281200000,,,,,results/box-contact-islands-10k/intel-core-i7-13700k/2026-10-05_0800_ddr5-4800_threads-1-2-3-4-5-6-8-10-12-14-16-24_r5/raw/unity_physics/t5/unity_physics_t5_raw.csv
2026-10-05_0800_ddr5-4800_threads-1-2-3-4-5-6-8-10-12-14-16-24_r5,unity_physics,unity-6000.5.2f1-com.unity.physics-6.5.0,windows,unity_player,box_contact_islands_10k,headless_api,5,step,300,30,1,10050,10050,0,0,median_ms_per_step,18.562245000,ms,lower_is_better,18.562245000,53.872793943,0,ok,ok,engine_runner_cli,work_unit_wall_sum_inline,5,box_contact_islands_10k,2,solver_iterations=2; substeps=3; solver_type=iterative; stabilization=on; synchronize_collision_world=on; sleep=not_applicable; worker_count=4; islands=50,unity_player,5,4,,,4,yes,,,,,,,,,,,300,5568.673500000,,,,,results/box-contact-islands-10k/intel-core-i7-13700k/2026-10-05_0800_ddr5-4800_threads-1-2-3-4-5-6-8-10-12-14-16-24_r5/raw/unity_physics/t5/unity_physics_t5_raw.csv
2026-10-05_0800_ddr5-4800_threads-1-2-3-4-5-6-8-10-12-14-16-24_r5,unity_physics,unity-6000.5.2f1-com.unity.physics-6.5.0,windows,unity_player,box_contact_islands_10k,headless_api,5,step,300,30,2,10050,10050,0,0,median_ms_per_step,18.569656000,ms,lower_is_better,18.569656000,53.851293745,0,ok,ok,engine_runner_cli,work_unit_wall_sum_inline,5,box_contact_islands_10k,2,solver_iterations=2; substeps=3; solver_type=iterative; stabilization=on; synchronize_collision_world=on; sleep=not_applicable; worker_count=4; islands=50,unity_player,5,4,,,4,yes,,,,,,,,,,,300,5570.896800000,,,,,results/box-contact-islands-10k/intel-core-i7-13700k/2026-10-05_0800_ddr5-4800_threads-1-2-3-4-5-6-8-10-12-14-16-24_r5/raw/unity_physics/t5/unity_physics_t5_raw.csv
2026-10-05_0800_ddr5-4800_threads-1-2-3-4-5-6-8-10-12-14-16-24_r5,unity_physics,unity-6000.5.2f1-com.unity.physics-6.5.0,windows,unity_player,box_contact_islands_10k,headless_api,5,step,300,30,3,10050,10050,0,0,median_ms_per_step,18.779464667,ms,lower_is_better,18.779464667,53.249654223,0,ok,ok,engine_runner_cli,work_unit_wall_sum_inline,5,box_contact_islands_10k,2,solver_iterations=2; substeps=3; solver_type=iterative; stabilization=on; synchronize_collision_world=on; sleep=not_applicable; worker_count=4; islands=50,unity_player,5,4,,,4,yes,,,,,,,,,,,300,5633.839400000,,,,,results/box-contact-islands-10k/intel-core-i7-13700k/2026-10-05_0800_ddr5-4800_threads-1-2-3-4-5-6-8-10-12-14-16-24_r5/raw/unity_physics/t5/unity_physics_t5_raw.csv
2026-10-05_0800_ddr5-4800_threads-1-2-3-4-5-6-8-10-12-14-16-24_r5,unity_physics,unity-6000.5.2f1-com.unity.physics-6.5.0,windows,unity_player,box_contact_islands_10k,headless_api,5,step,300,30,4,10050,10050,0,0,median_ms_per_step,18.526205333,ms,lower_is_better,18.526205333,53.977594548,0,ok,ok,engine_runner_cli,work_unit_wall_sum_inline,5,box_contact_islands_10k,2,solver_iterations=2; substeps=3; solver_type=iterative; stabilization=on; synchronize_collision_world=on; sleep=not_applicable; worker_count=4; islands=50,unity_player,5,4,,,4,yes,,,,,,,,,,,300,5557.861600000,,,,,results/box-contact-islands-10k/intel-core-i7-13700k/2026-10-05_0800_ddr5-4800_threads-1-2-3-4-5-6-8-10-12-14-16-24_r5/raw/unity_physics/t5/unity_physics_t5_raw.csv
2026-10-05_0800_ddr5-4800_threads-1-2-3-4-5-6-8-10-12-14-16-24_r5,unity_physics,unity-6000.5.2f1-com.unity.physics-6.5.0,windows,unity_player,box_contact_islands_10k,headless_api,6,step,300,30,0,10050,10050,0,0,median_ms_per_step,15.810806667,ms,lower_is_better,15.810806667,63.247879826,0,ok,ok,engine_runner_cli,work_unit_wall_sum_inline,6,box_contact_islands_10k,2,solver_iterations=2; substeps=3; solver_type=iterative; stabilization=on; synchronize_collision_world=on; sleep=not_applicable; worker_count=5; islands=50,unity_player,6,5,,,5,yes,,,,,,,,,,,300,4743.242000000,,,,,results/box-contact-islands-10k/intel-core-i7-13700k/2026-10-05_0800_ddr5-4800_threads-1-2-3-4-5-6-8-10-12-14-16-24_r5/raw/unity_physics/t6/unity_physics_t6_raw.csv
2026-10-05_0800_ddr5-4800_threads-1-2-3-4-5-6-8-10-12-14-16-24_r5,unity_physics,unity-6000.5.2f1-com.unity.physics-6.5.0,windows,unity_player,box_contact_islands_10k,headless_api,6,step,300,30,1,10050,10050,0,0,median_ms_per_step,15.739552667,ms,lower_is_better,15.739552667,63.534207177,0,ok,ok,engine_runner_cli,work_unit_wall_sum_inline,6,box_contact_islands_10k,2,solver_iterations=2; substeps=3; solver_type=iterative; stabilization=on; synchronize_collision_world=on; sleep=not_applicable; worker_count=5; islands=50,unity_player,6,5,,,5,yes,,,,,,,,,,,300,4721.865800000,,,,,results/box-contact-islands-10k/intel-core-i7-13700k/2026-10-05_0800_ddr5-4800_threads-1-2-3-4-5-6-8-10-12-14-16-24_r5/raw/unity_physics/t6/unity_physics_t6_raw.csv
2026-10-05_0800_ddr5-4800_threads-1-2-3-4-5-6-8-10-12-14-16-24_r5,unity_physics,unity-6000.5.2f1-com.unity.physics-6.5.0,windows,unity_player,box_contact_islands_10k,headless_api,6,step,300,30,2,10050,10050,0,0,median_ms_per_step,15.740944000,ms,lower_is_better,15.740944000,63.528591424,0,ok,ok,engine_runner_cli,work_unit_wall_sum_inline,6,box_contact_islands_10k,2,solver_iterations=2; substeps=3; solver_type=iterative; stabilization=on; synchronize_collision_world=on; sleep=not_applicable; worker_count=5; islands=50,unity_player,6,5,,,5,yes,,,,,,,,,,,300,4722.283200000,,,,,results/box-contact-islands-10k/intel-core-i7-13700k/2026-10-05_0800_ddr5-4800_threads-1-2-3-4-5-6-8-10-12-14-16-24_r5/raw/unity_physics/t6/unity_physics_t6_raw.csv
2026-10-05_0800_ddr5-4800_threads-1-2-3-4-5-6-8-10-12-14-16-24_r5,unity_physics,unity-6000.5.2f1-com.unity.physics-6.5.0,windows,unity_player,box_contact_islands_10k,headless_api,6,step,300,30,3,10050,10050,0,0,median_ms_per_step,15.843565000,ms,lower_is_better,15.843565000,63.117107797,0,ok,ok,engine_runner_cli,work_unit_wall_sum_inline,6,box_contact_islands_10k,2,solver_iterations=2; substeps=3; solver_type=iterative; stabilization=on; synchronize_collision_world=on; sleep=not_applicable; worker_count=5; islands=50,unity_player,6,5,,,5,yes,,,,,,,,,,,300,4753.069500000,,,,,results/box-contact-islands-10k/intel-core-i7-13700k/2026-10-05_0800_ddr5-4800_threads-1-2-3-4-5-6-8-10-12-14-16-24_r5/raw/unity_physics/t6/unity_physics_t6_raw.csv
2026-10-05_0800_ddr5-4800_threads-1-2-3-4-5-6-8-10-12-14-16-24_r5,unity_physics,unity-6000.5.2f1-com.unity.physics-6.5.0,windows,unity_player,box_contact_islands_10k,headless_api,6,step,300,30,4,10050,10050,0,0,median_ms_per_step,15.817843000,ms,lower_is_better,15.817843000,63.219744942,0,ok,ok,engine_runner_cli,work_unit_wall_sum_inline,6,box_contact_islands_10k,2,solver_iterations=2; substeps=3; solver_type=iterative; stabilization=on; synchronize_collision_world=on; sleep=not_applicable; worker_count=5; islands=50,unity_player,6,5,,,5,yes,,,,,,,,,,,300,4745.352900000,,,,,results/box-contact-islands-10k/intel-core-i7-13700k/2026-10-05_0800_ddr5-4800_threads-1-2-3-4-5-6-8-10-12-14-16-24_r5/raw/unity_physics/t6/unity_physics_t6_raw.csv
2026-10-05_0800_ddr5-4800_threads-1-2-3-4-5-6-8-10-12-14-16-24_r5,unity_physics,unity-6000.5.2f1-com.unity.physics-6.5.0,windows,unity_player,box_contact_islands_10k,headless_api,8,step,300,30,0,10050,10050,0,0,median_ms_per_step,12.627105667,ms,lower_is_better,12.627105667,79.194712264,0,ok,ok,engine_runner_cli,work_unit_wall_sum_inline,8,box_contact_islands_10k,2,solver_iterations=2; substeps=3; solver_type=iterative; stabilization=on; synchronize_collision_world=on; sleep=not_applicable; worker_count=7; islands=50,unity_player,8,7,,,7,yes,,,,,,,,,,,300,3788.131700000,,,,,results/box-contact-islands-10k/intel-core-i7-13700k/2026-10-05_0800_ddr5-4800_threads-1-2-3-4-5-6-8-10-12-14-16-24_r5/raw/unity_physics/t8/unity_physics_t8_raw.csv
2026-10-05_0800_ddr5-4800_threads-1-2-3-4-5-6-8-10-12-14-16-24_r5,unity_physics,unity-6000.5.2f1-com.unity.physics-6.5.0,windows,unity_player,box_contact_islands_10k,headless_api,8,step,300,30,1,10050,10050,0,0,median_ms_per_step,12.307788667,ms,lower_is_better,12.307788667,81.249363885,0,ok,ok,engine_runner_cli,work_unit_wall_sum_inline,8,box_contact_islands_10k,2,solver_iterations=2; substeps=3; solver_type=iterative; stabilization=on; synchronize_collision_world=on; sleep=not_applicable; worker_count=7; islands=50,unity_player,8,7,,,7,yes,,,,,,,,,,,300,3692.336600000,,,,,results/box-contact-islands-10k/intel-core-i7-13700k/2026-10-05_0800_ddr5-4800_threads-1-2-3-4-5-6-8-10-12-14-16-24_r5/raw/unity_physics/t8/unity_physics_t8_raw.csv
2026-10-05_0800_ddr5-4800_threads-1-2-3-4-5-6-8-10-12-14-16-24_r5,unity_physics,unity-6000.5.2f1-com.unity.physics-6.5.0,windows,unity_player,box_contact_islands_10k,headless_api,8,step,300,30,2,10050,10050,0,0,median_ms_per_step,12.353948667,ms,lower_is_better,12.353948667,80.945779117,0,ok,ok,engine_runner_cli,work_unit_wall_sum_inline,8,box_contact_islands_10k,2,solver_iterations=2; substeps=3; solver_type=iterative; stabilization=on; synchronize_collision_world=on; sleep=not_applicable; worker_count=7; islands=50,unity_player,8,7,,,7,yes,,,,,,,,,,,300,3706.184600000,,,,,results/box-contact-islands-10k/intel-core-i7-13700k/2026-10-05_0800_ddr5-4800_threads-1-2-3-4-5-6-8-10-12-14-16-24_r5/raw/unity_physics/t8/unity_physics_t8_raw.csv
2026-10-05_0800_ddr5-4800_threads-1-2-3-4-5-6-8-10-12-14-16-24_r5,unity_physics,unity-6000.5.2f1-com.unity.physics-6.5.0,windows,unity_player,box_contact_islands_10k,headless_api,8,step,300,30,3,10050,10050,0,0,median_ms_per_step,12.425741333,ms,lower_is_better,12.425741333,80.478095687,0,ok,ok,engine_runner_cli,work_unit_wall_sum_inline,8,box_contact_islands_10k,2,solver_iterations=2; substeps=3; solver_type=iterative; stabilization=on; synchronize_collision_world=on; sleep=not_applicable; worker_count=7; islands=50,unity_player,8,7,,,7,yes,,,,,,,,,,,300,3727.722400000,,,,,results/box-contact-islands-10k/intel-core-i7-13700k/2026-10-05_0800_ddr5-4800_threads-1-2-3-4-5-6-8-10-12-14-16-24_r5/raw/unity_physics/t8/unity_physics_t8_raw.csv
2026-10-05_0800_ddr5-4800_threads-1-2-3-4-5-6-8-10-12-14-16-24_r5,unity_physics,unity-6000.5.2f1-com.unity.physics-6.5.0,windows,unity_player,box_contact_islands_10k,headless_api,8,step,300,30,4,10050,10050,0,0,median_ms_per_step,12.455131000,ms,lower_is_better,12.455131000,80.288196086,0,ok,ok,engine_runner_cli,work_unit_wall_sum_inline,8,box_contact_islands_10k,2,solver_iterations=2; substeps=3; solver_type=iterative; stabilization=on; synchronize_collision_world=on; sleep=not_applicable; worker_count=7; islands=50,unity_player,8,7,,,7,yes,,,,,,,,,,,300,3736.539300000,,,,,results/box-contact-islands-10k/intel-core-i7-13700k/2026-10-05_0800_ddr5-4800_threads-1-2-3-4-5-6-8-10-12-14-16-24_r5/raw/unity_physics/t8/unity_physics_t8_raw.csv
2026-10-05_0800_ddr5-4800_threads-1-2-3-4-5-6-8-10-12-14-16-24_r5,unity_physics,unity-6000.5.2f1-com.unity.physics-6.5.0,windows,unity_player,box_contact_islands_10k,headless_api,10,step,300,30,0,10050,10050,0,0,median_ms_per_step,11.593499333,ms,lower_is_better,11.593499333,86.255234183,0,ok,ok,engine_runner_cli,work_unit_wall_sum_inline,10,box_contact_islands_10k,2,solver_iterations=2; substeps=3; solver_type=iterative; stabilization=on; synchronize_collision_world=on; sleep=not_applicable; worker_count=9; islands=50,unity_player,10,9,,,9,yes,,,,,,,,,,,300,3478.049800000,,,,,results/box-contact-islands-10k/intel-core-i7-13700k/2026-10-05_0800_ddr5-4800_threads-1-2-3-4-5-6-8-10-12-14-16-24_r5/raw/unity_physics/t10/unity_physics_t10_raw.csv
2026-10-05_0800_ddr5-4800_threads-1-2-3-4-5-6-8-10-12-14-16-24_r5,unity_physics,unity-6000.5.2f1-com.unity.physics-6.5.0,windows,unity_player,box_contact_islands_10k,headless_api,10,step,300,30,1,10050,10050,0,0,median_ms_per_step,11.475593333,ms,lower_is_better,11.475593333,87.141463709,0,ok,ok,engine_runner_cli,work_unit_wall_sum_inline,10,box_contact_islands_10k,2,solver_iterations=2; substeps=3; solver_type=iterative; stabilization=on; synchronize_collision_world=on; sleep=not_applicable; worker_count=9; islands=50,unity_player,10,9,,,9,yes,,,,,,,,,,,300,3442.678000000,,,,,results/box-contact-islands-10k/intel-core-i7-13700k/2026-10-05_0800_ddr5-4800_threads-1-2-3-4-5-6-8-10-12-14-16-24_r5/raw/unity_physics/t10/unity_physics_t10_raw.csv
2026-10-05_0800_ddr5-4800_threads-1-2-3-4-5-6-8-10-12-14-16-24_r5,unity_physics,unity-6000.5.2f1-com.unity.physics-6.5.0,windows,unity_player,box_contact_islands_10k,headless_api,10,step,300,30,2,10050,10050,0,0,median_ms_per_step,11.661057667,ms,lower_is_better,11.661057667,85.755514516,0,ok,ok,engine_runner_cli,work_unit_wall_sum_inline,10,box_contact_islands_10k,2,solver_iterations=2; substeps=3; solver_type=iterative; stabilization=on; synchronize_collision_world=on; sleep=not_applicable; worker_count=9; islands=50,unity_player,10,9,,,9,yes,,,,,,,,,,,300,3498.317300000,,,,,results/box-contact-islands-10k/intel-core-i7-13700k/2026-10-05_0800_ddr5-4800_threads-1-2-3-4-5-6-8-10-12-14-16-24_r5/raw/unity_physics/t10/unity_physics_t10_raw.csv
2026-10-05_0800_ddr5-4800_threads-1-2-3-4-5-6-8-10-12-14-16-24_r5,unity_physics,unity-6000.5.2f1-com.unity.physics-6.5.0,windows,unity_player,box_contact_islands_10k,headless_api,10,step,300,30,3,10050,10050,0,0,median_ms_per_step,11.498971667,ms,lower_is_better,11.498971667,86.964298112,0,ok,ok,engine_runner_cli,work_unit_wall_sum_inline,10,box_contact_islands_10k,2,solver_iterations=2; substeps=3; solver_type=iterative; stabilization=on; synchronize_collision_world=on; sleep=not_applicable; worker_count=9; islands=50,unity_player,10,9,,,9,yes,,,,,,,,,,,300,3449.691500000,,,,,results/box-contact-islands-10k/intel-core-i7-13700k/2026-10-05_0800_ddr5-4800_threads-1-2-3-4-5-6-8-10-12-14-16-24_r5/raw/unity_physics/t10/unity_physics_t10_raw.csv
2026-10-05_0800_ddr5-4800_threads-1-2-3-4-5-6-8-10-12-14-16-24_r5,unity_physics,unity-6000.5.2f1-com.unity.physics-6.5.0,windows,unity_player,box_contact_islands_10k,headless_api,10,step,300,30,4,10050,10050,0,0,median_ms_per_step,11.440132667,ms,lower_is_better,11.440132667,87.411573724,0,ok,ok,engine_runner_cli,work_unit_wall_sum_inline,10,box_contact_islands_10k,2,solver_iterations=2; substeps=3; solver_type=iterative; stabilization=on; synchronize_collision_world=on; sleep=not_applicable; worker_count=9; islands=50,unity_player,10,9,,,9,yes,,,,,,,,,,,300,3432.039800000,,,,,results/box-contact-islands-10k/intel-core-i7-13700k/2026-10-05_0800_ddr5-4800_threads-1-2-3-4-5-6-8-10-12-14-16-24_r5/raw/unity_physics/t10/unity_physics_t10_raw.csv
2026-10-05_0800_ddr5-4800_threads-1-2-3-4-5-6-8-10-12-14-16-24_r5,unity_physics,unity-6000.5.2f1-com.unity.physics-6.5.0,windows,unity_player,box_contact_islands_10k,headless_api,12,step,300,30,0,10050,10050,0,0,median_ms_per_step,10.694903667,ms,lower_is_better,10.694903667,93.502478486,0,ok,ok,engine_runner_cli,work_unit_wall_sum_inline,12,box_contact_islands_10k,2,solver_iterations=2; substeps=3; solver_type=iterative; stabilization=on; synchronize_collision_world=on; sleep=not_applicable; worker_count=11; islands=50,unity_player,12,11,,,11,yes,,,,,,,,,,,300,3208.471100000,,,,,results/box-contact-islands-10k/intel-core-i7-13700k/2026-10-05_0800_ddr5-4800_threads-1-2-3-4-5-6-8-10-12-14-16-24_r5/raw/unity_physics/t12/unity_physics_t12_raw.csv
2026-10-05_0800_ddr5-4800_threads-1-2-3-4-5-6-8-10-12-14-16-24_r5,unity_physics,unity-6000.5.2f1-com.unity.physics-6.5.0,windows,unity_player,box_contact_islands_10k,headless_api,12,step,300,30,1,10050,10050,0,0,median_ms_per_step,10.715299667,ms,lower_is_better,10.715299667,93.324501517,0,ok,ok,engine_runner_cli,work_unit_wall_sum_inline,12,box_contact_islands_10k,2,solver_iterations=2; substeps=3; solver_type=iterative; stabilization=on; synchronize_collision_world=on; sleep=not_applicable; worker_count=11; islands=50,unity_player,12,11,,,11,yes,,,,,,,,,,,300,3214.589900000,,,,,results/box-contact-islands-10k/intel-core-i7-13700k/2026-10-05_0800_ddr5-4800_threads-1-2-3-4-5-6-8-10-12-14-16-24_r5/raw/unity_physics/t12/unity_physics_t12_raw.csv
2026-10-05_0800_ddr5-4800_threads-1-2-3-4-5-6-8-10-12-14-16-24_r5,unity_physics,unity-6000.5.2f1-com.unity.physics-6.5.0,windows,unity_player,box_contact_islands_10k,headless_api,12,step,300,30,2,10050,10050,0,0,median_ms_per_step,10.716323000,ms,lower_is_better,10.716323000,93.315589685,0,ok,ok,engine_runner_cli,work_unit_wall_sum_inline,12,box_contact_islands_10k,2,solver_iterations=2; substeps=3; solver_type=iterative; stabilization=on; synchronize_collision_world=on; sleep=not_applicable; worker_count=11; islands=50,unity_player,12,11,,,11,yes,,,,,,,,,,,300,3214.896900000,,,,,results/box-contact-islands-10k/intel-core-i7-13700k/2026-10-05_0800_ddr5-4800_threads-1-2-3-4-5-6-8-10-12-14-16-24_r5/raw/unity_physics/t12/unity_physics_t12_raw.csv
2026-10-05_0800_ddr5-4800_threads-1-2-3-4-5-6-8-10-12-14-16-24_r5,unity_physics,unity-6000.5.2f1-com.unity.physics-6.5.0,windows,unity_player,box_contact_islands_10k,headless_api,12,step,300,30,3,10050,10050,0,0,median_ms_per_step,10.701007333,ms,lower_is_better,10.701007333,93.449146314,0,ok,ok,engine_runner_cli,work_unit_wall_sum_inline,12,box_contact_islands_10k,2,solver_iterations=2; substeps=3; solver_type=iterative; stabilization=on; synchronize_collision_world=on; sleep=not_applicable; worker_count=11; islands=50,unity_player,12,11,,,11,yes,,,,,,,,,,,300,3210.302200000,,,,,results/box-contact-islands-10k/intel-core-i7-13700k/2026-10-05_0800_ddr5-4800_threads-1-2-3-4-5-6-8-10-12-14-16-24_r5/raw/unity_physics/t12/unity_physics_t12_raw.csv
2026-10-05_0800_ddr5-4800_threads-1-2-3-4-5-6-8-10-12-14-16-24_r5,unity_physics,unity-6000.5.2f1-com.unity.physics-6.5.0,windows,unity_player,box_contact_islands_10k,headless_api,12,step,300,30,4,10050,10050,0,0,median_ms_per_step,10.682288333,ms,lower_is_better,10.682288333,93.612900981,0,ok,ok,engine_runner_cli,work_unit_wall_sum_inline,12,box_contact_islands_10k,2,solver_iterations=2; substeps=3; solver_type=iterative; stabilization=on; synchronize_collision_world=on; sleep=not_applicable; worker_count=11; islands=50,unity_player,12,11,,,11,yes,,,,,,,,,,,300,3204.686500000,,,,,results/box-contact-islands-10k/intel-core-i7-13700k/2026-10-05_0800_ddr5-4800_threads-1-2-3-4-5-6-8-10-12-14-16-24_r5/raw/unity_physics/t12/unity_physics_t12_raw.csv
2026-10-05_0800_ddr5-4800_threads-1-2-3-4-5-6-8-10-12-14-16-24_r5,unity_physics,unity-6000.5.2f1-com.unity.physics-6.5.0,windows,unity_player,box_contact_islands_10k,headless_api,14,step,300,30,0,10050,10050,0,0,median_ms_per_step,10.055300333,ms,lower_is_better,10.055300333,99.450037975,0,ok,ok,engine_runner_cli,work_unit_wall_sum_inline,14,box_contact_islands_10k,2,solver_iterations=2; substeps=3; solver_type=iterative; stabilization=on; synchronize_collision_world=on; sleep=not_applicable; worker_count=13; islands=50,unity_player,14,13,,,13,yes,,,,,,,,,,,300,3016.590100000,,,,,results/box-contact-islands-10k/intel-core-i7-13700k/2026-10-05_0800_ddr5-4800_threads-1-2-3-4-5-6-8-10-12-14-16-24_r5/raw/unity_physics/t14/unity_physics_t14_raw.csv
2026-10-05_0800_ddr5-4800_threads-1-2-3-4-5-6-8-10-12-14-16-24_r5,unity_physics,unity-6000.5.2f1-com.unity.physics-6.5.0,windows,unity_player,box_contact_islands_10k,headless_api,14,step,300,30,1,10050,10050,0,0,median_ms_per_step,10.112207000,ms,lower_is_better,10.112207000,98.890380705,0,ok,ok,engine_runner_cli,work_unit_wall_sum_inline,14,box_contact_islands_10k,2,solver_iterations=2; substeps=3; solver_type=iterative; stabilization=on; synchronize_collision_world=on; sleep=not_applicable; worker_count=13; islands=50,unity_player,14,13,,,13,yes,,,,,,,,,,,300,3033.662100000,,,,,results/box-contact-islands-10k/intel-core-i7-13700k/2026-10-05_0800_ddr5-4800_threads-1-2-3-4-5-6-8-10-12-14-16-24_r5/raw/unity_physics/t14/unity_physics_t14_raw.csv
2026-10-05_0800_ddr5-4800_threads-1-2-3-4-5-6-8-10-12-14-16-24_r5,unity_physics,unity-6000.5.2f1-com.unity.physics-6.5.0,windows,unity_player,box_contact_islands_10k,headless_api,14,step,300,30,2,10050,10050,0,0,median_ms_per_step,10.016531333,ms,lower_is_better,10.016531333,99.834959501,0,ok,ok,engine_runner_cli,work_unit_wall_sum_inline,14,box_contact_islands_10k,2,solver_iterations=2; substeps=3; solver_type=iterative; stabilization=on; synchronize_collision_world=on; sleep=not_applicable; worker_count=13; islands=50,unity_player,14,13,,,13,yes,,,,,,,,,,,300,3004.959400000,,,,,results/box-contact-islands-10k/intel-core-i7-13700k/2026-10-05_0800_ddr5-4800_threads-1-2-3-4-5-6-8-10-12-14-16-24_r5/raw/unity_physics/t14/unity_physics_t14_raw.csv
2026-10-05_0800_ddr5-4800_threads-1-2-3-4-5-6-8-10-12-14-16-24_r5,unity_physics,unity-6000.5.2f1-com.unity.physics-6.5.0,windows,unity_player,box_contact_islands_10k,headless_api,14,step,300,30,3,10050,10050,0,0,median_ms_per_step,10.039922667,ms,lower_is_better,10.039922667,99.602360815,0,ok,ok,engine_runner_cli,work_unit_wall_sum_inline,14,box_contact_islands_10k,2,solver_iterations=2; substeps=3; solver_type=iterative; stabilization=on; synchronize_collision_world=on; sleep=not_applicable; worker_count=13; islands=50,unity_player,14,13,,,13,yes,,,,,,,,,,,300,3011.976800000,,,,,results/box-contact-islands-10k/intel-core-i7-13700k/2026-10-05_0800_ddr5-4800_threads-1-2-3-4-5-6-8-10-12-14-16-24_r5/raw/unity_physics/t14/unity_physics_t14_raw.csv
2026-10-05_0800_ddr5-4800_threads-1-2-3-4-5-6-8-10-12-14-16-24_r5,unity_physics,unity-6000.5.2f1-com.unity.physics-6.5.0,windows,unity_player,box_contact_islands_10k,headless_api,14,step,300,30,4,10050,10050,0,0,median_ms_per_step,10.043858333,ms,lower_is_better,10.043858333,99.563331821,0,ok,ok,engine_runner_cli,work_unit_wall_sum_inline,14,box_contact_islands_10k,2,solver_iterations=2; substeps=3; solver_type=iterative; stabilization=on; synchronize_collision_world=on; sleep=not_applicable; worker_count=13; islands=50,unity_player,14,13,,,13,yes,,,,,,,,,,,300,3013.157500000,,,,,results/box-contact-islands-10k/intel-core-i7-13700k/2026-10-05_0800_ddr5-4800_threads-1-2-3-4-5-6-8-10-12-14-16-24_r5/raw/unity_physics/t14/unity_physics_t14_raw.csv
2026-10-05_0800_ddr5-4800_threads-1-2-3-4-5-6-8-10-12-14-16-24_r5,unity_physics,unity-6000.5.2f1-com.unity.physics-6.5.0,windows,unity_player,box_contact_islands_10k,headless_api,16,step,300,30,0,10050,10050,0,0,median_ms_per_step,9.564371333,ms,lower_is_better,9.564371333,104.554702567,0,ok,ok,engine_runner_cli,work_unit_wall_sum_inline,16,box_contact_islands_10k,2,solver_iterations=2; substeps=3; solver_type=iterative; stabilization=on; synchronize_collision_world=on; sleep=not_applicable; worker_count=15; islands=50,unity_player,16,15,,,15,yes,,,,,,,,,,,300,2869.311400000,,,,,results/box-contact-islands-10k/intel-core-i7-13700k/2026-10-05_0800_ddr5-4800_threads-1-2-3-4-5-6-8-10-12-14-16-24_r5/raw/unity_physics/t16/unity_physics_t16_raw.csv
2026-10-05_0800_ddr5-4800_threads-1-2-3-4-5-6-8-10-12-14-16-24_r5,unity_physics,unity-6000.5.2f1-com.unity.physics-6.5.0,windows,unity_player,box_contact_islands_10k,headless_api,16,step,300,30,1,10050,10050,0,0,median_ms_per_step,9.573023667,ms,lower_is_better,9.573023667,104.460203465,0,ok,ok,engine_runner_cli,work_unit_wall_sum_inline,16,box_contact_islands_10k,2,solver_iterations=2; substeps=3; solver_type=iterative; stabilization=on; synchronize_collision_world=on; sleep=not_applicable; worker_count=15; islands=50,unity_player,16,15,,,15,yes,,,,,,,,,,,300,2871.907100000,,,,,results/box-contact-islands-10k/intel-core-i7-13700k/2026-10-05_0800_ddr5-4800_threads-1-2-3-4-5-6-8-10-12-14-16-24_r5/raw/unity_physics/t16/unity_physics_t16_raw.csv
2026-10-05_0800_ddr5-4800_threads-1-2-3-4-5-6-8-10-12-14-16-24_r5,unity_physics,unity-6000.5.2f1-com.unity.physics-6.5.0,windows,unity_player,box_contact_islands_10k,headless_api,16,step,300,30,2,10050,10050,0,0,median_ms_per_step,9.601601000,ms,lower_is_better,9.601601000,104.149297602,0,ok,ok,engine_runner_cli,work_unit_wall_sum_inline,16,box_contact_islands_10k,2,solver_iterations=2; substeps=3; solver_type=iterative; stabilization=on; synchronize_collision_world=on; sleep=not_applicable; worker_count=15; islands=50,unity_player,16,15,,,15,yes,,,,,,,,,,,300,2880.480300000,,,,,results/box-contact-islands-10k/intel-core-i7-13700k/2026-10-05_0800_ddr5-4800_threads-1-2-3-4-5-6-8-10-12-14-16-24_r5/raw/unity_physics/t16/unity_physics_t16_raw.csv
2026-10-05_0800_ddr5-4800_threads-1-2-3-4-5-6-8-10-12-14-16-24_r5,unity_physics,unity-6000.5.2f1-com.unity.physics-6.5.0,windows,unity_player,box_contact_islands_10k,headless_api,16,step,300,30,3,10050,10050,0,0,median_ms_per_step,9.560071667,ms,lower_is_better,9.560071667,104.601726312,0,ok,ok,engine_runner_cli,work_unit_wall_sum_inline,16,box_contact_islands_10k,2,solver_iterations=2; substeps=3; solver_type=iterative; stabilization=on; synchronize_collision_world=on; sleep=not_applicable; worker_count=15; islands=50,unity_player,16,15,,,15,yes,,,,,,,,,,,300,2868.021500000,,,,,results/box-contact-islands-10k/intel-core-i7-13700k/2026-10-05_0800_ddr5-4800_threads-1-2-3-4-5-6-8-10-12-14-16-24_r5/raw/unity_physics/t16/unity_physics_t16_raw.csv
2026-10-05_0800_ddr5-4800_threads-1-2-3-4-5-6-8-10-12-14-16-24_r5,unity_physics,unity-6000.5.2f1-com.unity.physics-6.5.0,windows,unity_player,box_contact_islands_10k,headless_api,16,step,300,30,4,10050,10050,0,0,median_ms_per_step,9.561827333,ms,lower_is_better,9.561827333,104.582520175,0,ok,ok,engine_runner_cli,work_unit_wall_sum_inline,16,box_contact_islands_10k,2,solver_iterations=2; substeps=3; solver_type=iterative; stabilization=on; synchronize_collision_world=on; sleep=not_applicable; worker_count=15; islands=50,unity_player,16,15,,,15,yes,,,,,,,,,,,300,2868.548200000,,,,,results/box-contact-islands-10k/intel-core-i7-13700k/2026-10-05_0800_ddr5-4800_threads-1-2-3-4-5-6-8-10-12-14-16-24_r5/raw/unity_physics/t16/unity_physics_t16_raw.csv
2026-10-05_0800_ddr5-4800_threads-1-2-3-4-5-6-8-10-12-14-16-24_r5,unity_physics,unity-6000.5.2f1-com.unity.physics-6.5.0,windows,unity_player,box_contact_islands_10k,headless_api,24,step,300,30,0,10050,10050,0,0,median_ms_per_step,8.312189667,ms,lower_is_better,8.312189667,120.305243275,0,ok,ok,engine_runner_cli,work_unit_wall_sum_inline,24,box_contact_islands_10k,2,solver_iterations=2; substeps=3; solver_type=iterative; stabilization=on; synchronize_collision_world=on; sleep=not_applicable; worker_count=23; islands=50,unity_player,24,23,,,23,yes,,,,,,,,,,,300,2493.656900000,,,,,results/box-contact-islands-10k/intel-core-i7-13700k/2026-10-05_0800_ddr5-4800_threads-1-2-3-4-5-6-8-10-12-14-16-24_r5/raw/unity_physics/t24/unity_physics_t24_raw.csv
2026-10-05_0800_ddr5-4800_threads-1-2-3-4-5-6-8-10-12-14-16-24_r5,unity_physics,unity-6000.5.2f1-com.unity.physics-6.5.0,windows,unity_player,box_contact_islands_10k,headless_api,24,step,300,30,1,10050,10050,0,0,median_ms_per_step,8.372547333,ms,lower_is_better,8.372547333,119.437963165,0,ok,ok,engine_runner_cli,work_unit_wall_sum_inline,24,box_contact_islands_10k,2,solver_iterations=2; substeps=3; solver_type=iterative; stabilization=on; synchronize_collision_world=on; sleep=not_applicable; worker_count=23; islands=50,unity_player,24,23,,,23,yes,,,,,,,,,,,300,2511.764200000,,,,,results/box-contact-islands-10k/intel-core-i7-13700k/2026-10-05_0800_ddr5-4800_threads-1-2-3-4-5-6-8-10-12-14-16-24_r5/raw/unity_physics/t24/unity_physics_t24_raw.csv
2026-10-05_0800_ddr5-4800_threads-1-2-3-4-5-6-8-10-12-14-16-24_r5,unity_physics,unity-6000.5.2f1-com.unity.physics-6.5.0,windows,unity_player,box_contact_islands_10k,headless_api,24,step,300,30,2,10050,10050,0,0,median_ms_per_step,8.326170667,ms,lower_is_better,8.326170667,120.103231129,0,ok,ok,engine_runner_cli,work_unit_wall_sum_inline,24,box_contact_islands_10k,2,solver_iterations=2; substeps=3; solver_type=iterative; stabilization=on; synchronize_collision_world=on; sleep=not_applicable; worker_count=23; islands=50,unity_player,24,23,,,23,yes,,,,,,,,,,,300,2497.851200000,,,,,results/box-contact-islands-10k/intel-core-i7-13700k/2026-10-05_0800_ddr5-4800_threads-1-2-3-4-5-6-8-10-12-14-16-24_r5/raw/unity_physics/t24/unity_physics_t24_raw.csv
2026-10-05_0800_ddr5-4800_threads-1-2-3-4-5-6-8-10-12-14-16-24_r5,unity_physics,unity-6000.5.2f1-com.unity.physics-6.5.0,windows,unity_player,box_contact_islands_10k,headless_api,24,step,300,30,3,10050,10050,0,0,median_ms_per_step,8.296445667,ms,lower_is_better,8.296445667,120.533544144,0,ok,ok,engine_runner_cli,work_unit_wall_sum_inline,24,box_contact_islands_10k,2,solver_iterations=2; substeps=3; solver_type=iterative; stabilization=on; synchronize_collision_world=on; sleep=not_applicable; worker_count=23; islands=50,unity_player,24,23,,,23,yes,,,,,,,,,,,300,2488.933700000,,,,,results/box-contact-islands-10k/intel-core-i7-13700k/2026-10-05_0800_ddr5-4800_threads-1-2-3-4-5-6-8-10-12-14-16-24_r5/raw/unity_physics/t24/unity_physics_t24_raw.csv
2026-10-05_0800_ddr5-4800_threads-1-2-3-4-5-6-8-10-12-14-16-24_r5,unity_physics,unity-6000.5.2f1-com.unity.physics-6.5.0,windows,unity_player,box_contact_islands_10k,headless_api,24,step,300,30,4,10050,10050,0,0,median_ms_per_step,8.300923667,ms,lower_is_better,8.300923667,120.468521355,0,ok,ok,engine_runner_cli,work_unit_wall_sum_inline,24,box_contact_islands_10k,2,solver_iterations=2; substeps=3; solver_type=iterative; stabilization=on; synchronize_collision_world=on; sleep=not_applicable; worker_count=23; islands=50,unity_player,24,23,,,23,yes,,,,,,,,,,,300,2490.277100000,,,,,results/box-contact-islands-10k/intel-core-i7-13700k/2026-10-05_0800_ddr5-4800_threads-1-2-3-4-5-6-8-10-12-14-16-24_r5/raw/unity_physics/t24/unity_physics_t24_raw.csv
2026-10-05_0800_ddr5-4800_threads-1-2-3-4-5-6-8-10-12-14-16-24_r5,unreal_chaos,7deeb413d3dc1fc034f48d1aacc0861301829d32,windows,unreal_chaos_ubt_win64_shipping,box_contact_islands_10k,headless_api,1,step,300,30,0,10050,10050,0,0,median_ms_per_step,99.817023667,ms,lower_is_better,99.817023667,10.018331175,0,ok,ok,engine_runner_cli,work_unit_wall_sum_inline,1,box_contact_islands_10k,2,position_iterations=3; velocity_iterations=1; projection_iterations=1; sleep=disabled; ccd=disabled; unit_scale=100_chaos_units_per_meter; worker_count=1; islands=50,unreal_chaos_ubt_win64_shipping,1,1,,,1,yes,,,,,,,,,,,300,29945.107100000,,,,,results/box-contact-islands-10k/intel-core-i7-13700k/2026-10-05_0800_ddr5-4800_threads-1-2-3-4-5-6-8-10-12-14-16-24_r5/raw/unreal_chaos/t1/unreal_chaos_t1_raw.csv
2026-10-05_0800_ddr5-4800_threads-1-2-3-4-5-6-8-10-12-14-16-24_r5,unreal_chaos,7deeb413d3dc1fc034f48d1aacc0861301829d32,windows,unreal_chaos_ubt_win64_shipping,box_contact_islands_10k,headless_api,1,step,300,30,1,10050,10050,0,0,median_ms_per_step,103.016046333,ms,lower_is_better,103.016046333,9.707225579,0,ok,ok,engine_runner_cli,work_unit_wall_sum_inline,1,box_contact_islands_10k,2,position_iterations=3; velocity_iterations=1; projection_iterations=1; sleep=disabled; ccd=disabled; unit_scale=100_chaos_units_per_meter; worker_count=1; islands=50,unreal_chaos_ubt_win64_shipping,1,1,,,1,yes,,,,,,,,,,,300,30904.813900000,,,,,results/box-contact-islands-10k/intel-core-i7-13700k/2026-10-05_0800_ddr5-4800_threads-1-2-3-4-5-6-8-10-12-14-16-24_r5/raw/unreal_chaos/t1/unreal_chaos_t1_raw.csv
2026-10-05_0800_ddr5-4800_threads-1-2-3-4-5-6-8-10-12-14-16-24_r5,unreal_chaos,7deeb413d3dc1fc034f48d1aacc0861301829d32,windows,unreal_chaos_ubt_win64_shipping,box_contact_islands_10k,headless_api,1,step,300,30,2,10050,10050,0,0,median_ms_per_step,96.545607667,ms,lower_is_better,96.545607667,10.357799015,0,ok,ok,engine_runner_cli,work_unit_wall_sum_inline,1,box_contact_islands_10k,2,position_iterations=3; velocity_iterations=1; projection_iterations=1; sleep=disabled; ccd=disabled; unit_scale=100_chaos_units_per_meter; worker_count=1; islands=50,unreal_chaos_ubt_win64_shipping,1,1,,,1,yes,,,,,,,,,,,300,28963.682300000,,,,,results/box-contact-islands-10k/intel-core-i7-13700k/2026-10-05_0800_ddr5-4800_threads-1-2-3-4-5-6-8-10-12-14-16-24_r5/raw/unreal_chaos/t1/unreal_chaos_t1_raw.csv
2026-10-05_0800_ddr5-4800_threads-1-2-3-4-5-6-8-10-12-14-16-24_r5,unreal_chaos,7deeb413d3dc1fc034f48d1aacc0861301829d32,windows,unreal_chaos_ubt_win64_shipping,box_contact_islands_10k,headless_api,1,step,300,30,3,10050,10050,0,0,median_ms_per_step,104.726524000,ms,lower_is_better,104.726524000,9.548679378,0,ok,ok,engine_runner_cli,work_unit_wall_sum_inline,1,box_contact_islands_10k,2,position_iterations=3; velocity_iterations=1; projection_iterations=1; sleep=disabled; ccd=disabled; unit_scale=100_chaos_units_per_meter; worker_count=1; islands=50,unreal_chaos_ubt_win64_shipping,1,1,,,1,yes,,,,,,,,,,,300,31417.957200000,,,,,results/box-contact-islands-10k/intel-core-i7-13700k/2026-10-05_0800_ddr5-4800_threads-1-2-3-4-5-6-8-10-12-14-16-24_r5/raw/unreal_chaos/t1/unreal_chaos_t1_raw.csv
2026-10-05_0800_ddr5-4800_threads-1-2-3-4-5-6-8-10-12-14-16-24_r5,unreal_chaos,7deeb413d3dc1fc034f48d1aacc0861301829d32,windows,unreal_chaos_ubt_win64_shipping,box_contact_islands_10k,headless_api,1,step,300,30,4,10050,10050,0,0,median_ms_per_step,101.519453667,ms,lower_is_better,101.519453667,9.850328818,0,ok,ok,engine_runner_cli,work_unit_wall_sum_inline,1,box_contact_islands_10k,2,position_iterations=3; velocity_iterations=1; projection_iterations=1; sleep=disabled; ccd=disabled; unit_scale=100_chaos_units_per_meter; worker_count=1; islands=50,unreal_chaos_ubt_win64_shipping,1,1,,,1,yes,,,,,,,,,,,300,30455.836100000,,,,,results/box-contact-islands-10k/intel-core-i7-13700k/2026-10-05_0800_ddr5-4800_threads-1-2-3-4-5-6-8-10-12-14-16-24_r5/raw/unreal_chaos/t1/unreal_chaos_t1_raw.csv
2026-10-05_0800_ddr5-4800_threads-1-2-3-4-5-6-8-10-12-14-16-24_r5,unreal_chaos,7deeb413d3dc1fc034f48d1aacc0861301829d32,windows,unreal_chaos_ubt_win64_shipping,box_contact_islands_10k,headless_api,2,step,300,30,0,10050,10050,0,0,median_ms_per_step,51.906718667,ms,lower_is_better,51.906718667,19.265328761,0,ok,ok,engine_runner_cli,work_unit_wall_sum_inline,2,box_contact_islands_10k,2,position_iterations=3; velocity_iterations=1; projection_iterations=1; sleep=disabled; ccd=disabled; unit_scale=100_chaos_units_per_meter; worker_count=2; islands=50,unreal_chaos_ubt_win64_shipping,2,2,,,2,yes,,,,,,,,,,,300,15572.015600000,,,,,results/box-contact-islands-10k/intel-core-i7-13700k/2026-10-05_0800_ddr5-4800_threads-1-2-3-4-5-6-8-10-12-14-16-24_r5/raw/unreal_chaos/t2/unreal_chaos_t2_raw.csv
2026-10-05_0800_ddr5-4800_threads-1-2-3-4-5-6-8-10-12-14-16-24_r5,unreal_chaos,7deeb413d3dc1fc034f48d1aacc0861301829d32,windows,unreal_chaos_ubt_win64_shipping,box_contact_islands_10k,headless_api,2,step,300,30,1,10050,10050,0,0,median_ms_per_step,51.526820000,ms,lower_is_better,51.526820000,19.407368823,0,ok,ok,engine_runner_cli,work_unit_wall_sum_inline,2,box_contact_islands_10k,2,position_iterations=3; velocity_iterations=1; projection_iterations=1; sleep=disabled; ccd=disabled; unit_scale=100_chaos_units_per_meter; worker_count=2; islands=50,unreal_chaos_ubt_win64_shipping,2,2,,,2,yes,,,,,,,,,,,300,15458.046000000,,,,,results/box-contact-islands-10k/intel-core-i7-13700k/2026-10-05_0800_ddr5-4800_threads-1-2-3-4-5-6-8-10-12-14-16-24_r5/raw/unreal_chaos/t2/unreal_chaos_t2_raw.csv
2026-10-05_0800_ddr5-4800_threads-1-2-3-4-5-6-8-10-12-14-16-24_r5,unreal_chaos,7deeb413d3dc1fc034f48d1aacc0861301829d32,windows,unreal_chaos_ubt_win64_shipping,box_contact_islands_10k,headless_api,2,step,300,30,2,10050,10050,0,0,median_ms_per_step,53.913413000,ms,lower_is_better,53.913413000,18.548259966,0,ok,ok,engine_runner_cli,work_unit_wall_sum_inline,2,box_contact_islands_10k,2,position_iterations=3; velocity_iterations=1; projection_iterations=1; sleep=disabled; ccd=disabled; unit_scale=100_chaos_units_per_meter; worker_count=2; islands=50,unreal_chaos_ubt_win64_shipping,2,2,,,2,yes,,,,,,,,,,,300,16174.023900000,,,,,results/box-contact-islands-10k/intel-core-i7-13700k/2026-10-05_0800_ddr5-4800_threads-1-2-3-4-5-6-8-10-12-14-16-24_r5/raw/unreal_chaos/t2/unreal_chaos_t2_raw.csv
2026-10-05_0800_ddr5-4800_threads-1-2-3-4-5-6-8-10-12-14-16-24_r5,unreal_chaos,7deeb413d3dc1fc034f48d1aacc0861301829d32,windows,unreal_chaos_ubt_win64_shipping,box_contact_islands_10k,headless_api,2,step,300,30,3,10050,10050,0,0,median_ms_per_step,51.699779333,ms,lower_is_better,51.699779333,19.342442326,0,ok,ok,engine_runner_cli,work_unit_wall_sum_inline,2,box_contact_islands_10k,2,position_iterations=3; velocity_iterations=1; projection_iterations=1; sleep=disabled; ccd=disabled; unit_scale=100_chaos_units_per_meter; worker_count=2; islands=50,unreal_chaos_ubt_win64_shipping,2,2,,,2,yes,,,,,,,,,,,300,15509.933800000,,,,,results/box-contact-islands-10k/intel-core-i7-13700k/2026-10-05_0800_ddr5-4800_threads-1-2-3-4-5-6-8-10-12-14-16-24_r5/raw/unreal_chaos/t2/unreal_chaos_t2_raw.csv
2026-10-05_0800_ddr5-4800_threads-1-2-3-4-5-6-8-10-12-14-16-24_r5,unreal_chaos,7deeb413d3dc1fc034f48d1aacc0861301829d32,windows,unreal_chaos_ubt_win64_shipping,box_contact_islands_10k,headless_api,2,step,300,30,4,10050,10050,0,0,median_ms_per_step,51.336493333,ms,lower_is_better,51.336493333,19.479320364,0,ok,ok,engine_runner_cli,work_unit_wall_sum_inline,2,box_contact_islands_10k,2,position_iterations=3; velocity_iterations=1; projection_iterations=1; sleep=disabled; ccd=disabled; unit_scale=100_chaos_units_per_meter; worker_count=2; islands=50,unreal_chaos_ubt_win64_shipping,2,2,,,2,yes,,,,,,,,,,,300,15400.948000000,,,,,results/box-contact-islands-10k/intel-core-i7-13700k/2026-10-05_0800_ddr5-4800_threads-1-2-3-4-5-6-8-10-12-14-16-24_r5/raw/unreal_chaos/t2/unreal_chaos_t2_raw.csv
2026-10-05_0800_ddr5-4800_threads-1-2-3-4-5-6-8-10-12-14-16-24_r5,unreal_chaos,7deeb413d3dc1fc034f48d1aacc0861301829d32,windows,unreal_chaos_ubt_win64_shipping,box_contact_islands_10k,headless_api,3,step,300,30,0,10050,10050,0,0,median_ms_per_step,42.393559333,ms,lower_is_better,42.393559333,23.588488811,0,ok,ok,engine_runner_cli,work_unit_wall_sum_inline,3,box_contact_islands_10k,2,position_iterations=3; velocity_iterations=1; projection_iterations=1; sleep=disabled; ccd=disabled; unit_scale=100_chaos_units_per_meter; worker_count=3; islands=50,unreal_chaos_ubt_win64_shipping,3,3,,,3,yes,,,,,,,,,,,300,12718.067800000,,,,,results/box-contact-islands-10k/intel-core-i7-13700k/2026-10-05_0800_ddr5-4800_threads-1-2-3-4-5-6-8-10-12-14-16-24_r5/raw/unreal_chaos/t3/unreal_chaos_t3_raw.csv
2026-10-05_0800_ddr5-4800_threads-1-2-3-4-5-6-8-10-12-14-16-24_r5,unreal_chaos,7deeb413d3dc1fc034f48d1aacc0861301829d32,windows,unreal_chaos_ubt_win64_shipping,box_contact_islands_10k,headless_api,3,step,300,30,1,10050,10050,0,0,median_ms_per_step,44.118217000,ms,lower_is_better,44.118217000,22.666373847,0,ok,ok,engine_runner_cli,work_unit_wall_sum_inline,3,box_contact_islands_10k,2,position_iterations=3; velocity_iterations=1; projection_iterations=1; sleep=disabled; ccd=disabled; unit_scale=100_chaos_units_per_meter; worker_count=3; islands=50,unreal_chaos_ubt_win64_shipping,3,3,,,3,yes,,,,,,,,,,,300,13235.465100000,,,,,results/box-contact-islands-10k/intel-core-i7-13700k/2026-10-05_0800_ddr5-4800_threads-1-2-3-4-5-6-8-10-12-14-16-24_r5/raw/unreal_chaos/t3/unreal_chaos_t3_raw.csv
2026-10-05_0800_ddr5-4800_threads-1-2-3-4-5-6-8-10-12-14-16-24_r5,unreal_chaos,7deeb413d3dc1fc034f48d1aacc0861301829d32,windows,unreal_chaos_ubt_win64_shipping,box_contact_islands_10k,headless_api,3,step,300,30,2,10050,10050,0,0,median_ms_per_step,44.578456333,ms,lower_is_better,44.578456333,22.432360433,0,ok,ok,engine_runner_cli,work_unit_wall_sum_inline,3,box_contact_islands_10k,2,position_iterations=3; velocity_iterations=1; projection_iterations=1; sleep=disabled; ccd=disabled; unit_scale=100_chaos_units_per_meter; worker_count=3; islands=50,unreal_chaos_ubt_win64_shipping,3,3,,,3,yes,,,,,,,,,,,300,13373.536900000,,,,,results/box-contact-islands-10k/intel-core-i7-13700k/2026-10-05_0800_ddr5-4800_threads-1-2-3-4-5-6-8-10-12-14-16-24_r5/raw/unreal_chaos/t3/unreal_chaos_t3_raw.csv
2026-10-05_0800_ddr5-4800_threads-1-2-3-4-5-6-8-10-12-14-16-24_r5,unreal_chaos,7deeb413d3dc1fc034f48d1aacc0861301829d32,windows,unreal_chaos_ubt_win64_shipping,box_contact_islands_10k,headless_api,3,step,300,30,3,10050,10050,0,0,median_ms_per_step,43.057349333,ms,lower_is_better,43.057349333,23.224838860,0,ok,ok,engine_runner_cli,work_unit_wall_sum_inline,3,box_contact_islands_10k,2,position_iterations=3; velocity_iterations=1; projection_iterations=1; sleep=disabled; ccd=disabled; unit_scale=100_chaos_units_per_meter; worker_count=3; islands=50,unreal_chaos_ubt_win64_shipping,3,3,,,3,yes,,,,,,,,,,,300,12917.204800000,,,,,results/box-contact-islands-10k/intel-core-i7-13700k/2026-10-05_0800_ddr5-4800_threads-1-2-3-4-5-6-8-10-12-14-16-24_r5/raw/unreal_chaos/t3/unreal_chaos_t3_raw.csv
2026-10-05_0800_ddr5-4800_threads-1-2-3-4-5-6-8-10-12-14-16-24_r5,unreal_chaos,7deeb413d3dc1fc034f48d1aacc0861301829d32,windows,unreal_chaos_ubt_win64_shipping,box_contact_islands_10k,headless_api,3,step,300,30,4,10050,10050,0,0,median_ms_per_step,43.386271667,ms,lower_is_better,43.386271667,23.048765464,0,ok,ok,engine_runner_cli,work_unit_wall_sum_inline,3,box_contact_islands_10k,2,position_iterations=3; velocity_iterations=1; projection_iterations=1; sleep=disabled; ccd=disabled; unit_scale=100_chaos_units_per_meter; worker_count=3; islands=50,unreal_chaos_ubt_win64_shipping,3,3,,,3,yes,,,,,,,,,,,300,13015.881500000,,,,,results/box-contact-islands-10k/intel-core-i7-13700k/2026-10-05_0800_ddr5-4800_threads-1-2-3-4-5-6-8-10-12-14-16-24_r5/raw/unreal_chaos/t3/unreal_chaos_t3_raw.csv
2026-10-05_0800_ddr5-4800_threads-1-2-3-4-5-6-8-10-12-14-16-24_r5,unreal_chaos,7deeb413d3dc1fc034f48d1aacc0861301829d32,windows,unreal_chaos_ubt_win64_shipping,box_contact_islands_10k,headless_api,4,step,300,30,0,10050,10050,0,0,median_ms_per_step,38.923579333,ms,lower_is_better,38.923579333,25.691367986,0,ok,ok,engine_runner_cli,work_unit_wall_sum_inline,4,box_contact_islands_10k,2,position_iterations=3; velocity_iterations=1; projection_iterations=1; sleep=disabled; ccd=disabled; unit_scale=100_chaos_units_per_meter; worker_count=4; islands=50,unreal_chaos_ubt_win64_shipping,4,4,,,4,yes,,,,,,,,,,,300,11677.073800000,,,,,results/box-contact-islands-10k/intel-core-i7-13700k/2026-10-05_0800_ddr5-4800_threads-1-2-3-4-5-6-8-10-12-14-16-24_r5/raw/unreal_chaos/t4/unreal_chaos_t4_raw.csv
2026-10-05_0800_ddr5-4800_threads-1-2-3-4-5-6-8-10-12-14-16-24_r5,unreal_chaos,7deeb413d3dc1fc034f48d1aacc0861301829d32,windows,unreal_chaos_ubt_win64_shipping,box_contact_islands_10k,headless_api,4,step,300,30,1,10050,10050,0,0,median_ms_per_step,38.402016667,ms,lower_is_better,38.402016667,26.040299099,0,ok,ok,engine_runner_cli,work_unit_wall_sum_inline,4,box_contact_islands_10k,2,position_iterations=3; velocity_iterations=1; projection_iterations=1; sleep=disabled; ccd=disabled; unit_scale=100_chaos_units_per_meter; worker_count=4; islands=50,unreal_chaos_ubt_win64_shipping,4,4,,,4,yes,,,,,,,,,,,300,11520.605000000,,,,,results/box-contact-islands-10k/intel-core-i7-13700k/2026-10-05_0800_ddr5-4800_threads-1-2-3-4-5-6-8-10-12-14-16-24_r5/raw/unreal_chaos/t4/unreal_chaos_t4_raw.csv
2026-10-05_0800_ddr5-4800_threads-1-2-3-4-5-6-8-10-12-14-16-24_r5,unreal_chaos,7deeb413d3dc1fc034f48d1aacc0861301829d32,windows,unreal_chaos_ubt_win64_shipping,box_contact_islands_10k,headless_api,4,step,300,30,2,10050,10050,0,0,median_ms_per_step,38.064109667,ms,lower_is_better,38.064109667,26.271466974,0,ok,ok,engine_runner_cli,work_unit_wall_sum_inline,4,box_contact_islands_10k,2,position_iterations=3; velocity_iterations=1; projection_iterations=1; sleep=disabled; ccd=disabled; unit_scale=100_chaos_units_per_meter; worker_count=4; islands=50,unreal_chaos_ubt_win64_shipping,4,4,,,4,yes,,,,,,,,,,,300,11419.232900000,,,,,results/box-contact-islands-10k/intel-core-i7-13700k/2026-10-05_0800_ddr5-4800_threads-1-2-3-4-5-6-8-10-12-14-16-24_r5/raw/unreal_chaos/t4/unreal_chaos_t4_raw.csv
2026-10-05_0800_ddr5-4800_threads-1-2-3-4-5-6-8-10-12-14-16-24_r5,unreal_chaos,7deeb413d3dc1fc034f48d1aacc0861301829d32,windows,unreal_chaos_ubt_win64_shipping,box_contact_islands_10k,headless_api,4,step,300,30,3,10050,10050,0,0,median_ms_per_step,38.156196333,ms,lower_is_better,38.156196333,26.208063070,0,ok,ok,engine_runner_cli,work_unit_wall_sum_inline,4,box_contact_islands_10k,2,position_iterations=3; velocity_iterations=1; projection_iterations=1; sleep=disabled; ccd=disabled; unit_scale=100_chaos_units_per_meter; worker_count=4; islands=50,unreal_chaos_ubt_win64_shipping,4,4,,,4,yes,,,,,,,,,,,300,11446.858900000,,,,,results/box-contact-islands-10k/intel-core-i7-13700k/2026-10-05_0800_ddr5-4800_threads-1-2-3-4-5-6-8-10-12-14-16-24_r5/raw/unreal_chaos/t4/unreal_chaos_t4_raw.csv
2026-10-05_0800_ddr5-4800_threads-1-2-3-4-5-6-8-10-12-14-16-24_r5,unreal_chaos,7deeb413d3dc1fc034f48d1aacc0861301829d32,windows,unreal_chaos_ubt_win64_shipping,box_contact_islands_10k,headless_api,4,step,300,30,4,10050,10050,0,0,median_ms_per_step,38.629139000,ms,lower_is_better,38.629139000,25.887193603,0,ok,ok,engine_runner_cli,work_unit_wall_sum_inline,4,box_contact_islands_10k,2,position_iterations=3; velocity_iterations=1; projection_iterations=1; sleep=disabled; ccd=disabled; unit_scale=100_chaos_units_per_meter; worker_count=4; islands=50,unreal_chaos_ubt_win64_shipping,4,4,,,4,yes,,,,,,,,,,,300,11588.741700000,,,,,results/box-contact-islands-10k/intel-core-i7-13700k/2026-10-05_0800_ddr5-4800_threads-1-2-3-4-5-6-8-10-12-14-16-24_r5/raw/unreal_chaos/t4/unreal_chaos_t4_raw.csv
2026-10-05_0800_ddr5-4800_threads-1-2-3-4-5-6-8-10-12-14-16-24_r5,unreal_chaos,7deeb413d3dc1fc034f48d1aacc0861301829d32,windows,unreal_chaos_ubt_win64_shipping,box_contact_islands_10k,headless_api,5,step,300,30,0,10050,10050,0,0,median_ms_per_step,35.844985333,ms,lower_is_better,35.844985333,27.897905124,0,ok,ok,engine_runner_cli,work_unit_wall_sum_inline,5,box_contact_islands_10k,2,position_iterations=3; velocity_iterations=1; projection_iterations=1; sleep=disabled; ccd=disabled; unit_scale=100_chaos_units_per_meter; worker_count=5; islands=50,unreal_chaos_ubt_win64_shipping,5,5,,,5,yes,,,,,,,,,,,300,10753.495600000,,,,,results/box-contact-islands-10k/intel-core-i7-13700k/2026-10-05_0800_ddr5-4800_threads-1-2-3-4-5-6-8-10-12-14-16-24_r5/raw/unreal_chaos/t5/unreal_chaos_t5_raw.csv
2026-10-05_0800_ddr5-4800_threads-1-2-3-4-5-6-8-10-12-14-16-24_r5,unreal_chaos,7deeb413d3dc1fc034f48d1aacc0861301829d32,windows,unreal_chaos_ubt_win64_shipping,box_contact_islands_10k,headless_api,5,step,300,30,1,10050,10050,0,0,median_ms_per_step,35.742840667,ms,lower_is_better,35.742840667,27.977630802,0,ok,ok,engine_runner_cli,work_unit_wall_sum_inline,5,box_contact_islands_10k,2,position_iterations=3; velocity_iterations=1; projection_iterations=1; sleep=disabled; ccd=disabled; unit_scale=100_chaos_units_per_meter; worker_count=5; islands=50,unreal_chaos_ubt_win64_shipping,5,5,,,5,yes,,,,,,,,,,,300,10722.852200000,,,,,results/box-contact-islands-10k/intel-core-i7-13700k/2026-10-05_0800_ddr5-4800_threads-1-2-3-4-5-6-8-10-12-14-16-24_r5/raw/unreal_chaos/t5/unreal_chaos_t5_raw.csv
2026-10-05_0800_ddr5-4800_threads-1-2-3-4-5-6-8-10-12-14-16-24_r5,unreal_chaos,7deeb413d3dc1fc034f48d1aacc0861301829d32,windows,unreal_chaos_ubt_win64_shipping,box_contact_islands_10k,headless_api,5,step,300,30,2,10050,10050,0,0,median_ms_per_step,35.706042333,ms,lower_is_better,35.706042333,28.006464303,0,ok,ok,engine_runner_cli,work_unit_wall_sum_inline,5,box_contact_islands_10k,2,position_iterations=3; velocity_iterations=1; projection_iterations=1; sleep=disabled; ccd=disabled; unit_scale=100_chaos_units_per_meter; worker_count=5; islands=50,unreal_chaos_ubt_win64_shipping,5,5,,,5,yes,,,,,,,,,,,300,10711.812700000,,,,,results/box-contact-islands-10k/intel-core-i7-13700k/2026-10-05_0800_ddr5-4800_threads-1-2-3-4-5-6-8-10-12-14-16-24_r5/raw/unreal_chaos/t5/unreal_chaos_t5_raw.csv
2026-10-05_0800_ddr5-4800_threads-1-2-3-4-5-6-8-10-12-14-16-24_r5,unreal_chaos,7deeb413d3dc1fc034f48d1aacc0861301829d32,windows,unreal_chaos_ubt_win64_shipping,box_contact_islands_10k,headless_api,5,step,300,30,3,10050,10050,0,0,median_ms_per_step,35.796055667,ms,lower_is_better,35.796055667,27.936038800,0,ok,ok,engine_runner_cli,work_unit_wall_sum_inline,5,box_contact_islands_10k,2,position_iterations=3; velocity_iterations=1; projection_iterations=1; sleep=disabled; ccd=disabled; unit_scale=100_chaos_units_per_meter; worker_count=5; islands=50,unreal_chaos_ubt_win64_shipping,5,5,,,5,yes,,,,,,,,,,,300,10738.816700000,,,,,results/box-contact-islands-10k/intel-core-i7-13700k/2026-10-05_0800_ddr5-4800_threads-1-2-3-4-5-6-8-10-12-14-16-24_r5/raw/unreal_chaos/t5/unreal_chaos_t5_raw.csv
2026-10-05_0800_ddr5-4800_threads-1-2-3-4-5-6-8-10-12-14-16-24_r5,unreal_chaos,7deeb413d3dc1fc034f48d1aacc0861301829d32,windows,unreal_chaos_ubt_win64_shipping,box_contact_islands_10k,headless_api,5,step,300,30,4,10050,10050,0,0,median_ms_per_step,35.511482333,ms,lower_is_better,35.511482333,28.159905875,0,ok,ok,engine_runner_cli,work_unit_wall_sum_inline,5,box_contact_islands_10k,2,position_iterations=3; velocity_iterations=1; projection_iterations=1; sleep=disabled; ccd=disabled; unit_scale=100_chaos_units_per_meter; worker_count=5; islands=50,unreal_chaos_ubt_win64_shipping,5,5,,,5,yes,,,,,,,,,,,300,10653.444700000,,,,,results/box-contact-islands-10k/intel-core-i7-13700k/2026-10-05_0800_ddr5-4800_threads-1-2-3-4-5-6-8-10-12-14-16-24_r5/raw/unreal_chaos/t5/unreal_chaos_t5_raw.csv
2026-10-05_0800_ddr5-4800_threads-1-2-3-4-5-6-8-10-12-14-16-24_r5,unreal_chaos,7deeb413d3dc1fc034f48d1aacc0861301829d32,windows,unreal_chaos_ubt_win64_shipping,box_contact_islands_10k,headless_api,6,step,300,30,0,10050,10050,0,0,median_ms_per_step,34.186531000,ms,lower_is_better,34.186531000,29.251286128,0,ok,ok,engine_runner_cli,work_unit_wall_sum_inline,6,box_contact_islands_10k,2,position_iterations=3; velocity_iterations=1; projection_iterations=1; sleep=disabled; ccd=disabled; unit_scale=100_chaos_units_per_meter; worker_count=6; islands=50,unreal_chaos_ubt_win64_shipping,6,6,,,6,yes,,,,,,,,,,,300,10255.959300000,,,,,results/box-contact-islands-10k/intel-core-i7-13700k/2026-10-05_0800_ddr5-4800_threads-1-2-3-4-5-6-8-10-12-14-16-24_r5/raw/unreal_chaos/t6/unreal_chaos_t6_raw.csv
2026-10-05_0800_ddr5-4800_threads-1-2-3-4-5-6-8-10-12-14-16-24_r5,unreal_chaos,7deeb413d3dc1fc034f48d1aacc0861301829d32,windows,unreal_chaos_ubt_win64_shipping,box_contact_islands_10k,headless_api,6,step,300,30,1,10050,10050,0,0,median_ms_per_step,34.075599333,ms,lower_is_better,34.075599333,29.346512448,0,ok,ok,engine_runner_cli,work_unit_wall_sum_inline,6,box_contact_islands_10k,2,position_iterations=3; velocity_iterations=1; projection_iterations=1; sleep=disabled; ccd=disabled; unit_scale=100_chaos_units_per_meter; worker_count=6; islands=50,unreal_chaos_ubt_win64_shipping,6,6,,,6,yes,,,,,,,,,,,300,10222.679800000,,,,,results/box-contact-islands-10k/intel-core-i7-13700k/2026-10-05_0800_ddr5-4800_threads-1-2-3-4-5-6-8-10-12-14-16-24_r5/raw/unreal_chaos/t6/unreal_chaos_t6_raw.csv
2026-10-05_0800_ddr5-4800_threads-1-2-3-4-5-6-8-10-12-14-16-24_r5,unreal_chaos,7deeb413d3dc1fc034f48d1aacc0861301829d32,windows,unreal_chaos_ubt_win64_shipping,box_contact_islands_10k,headless_api,6,step,300,30,2,10050,10050,0,0,median_ms_per_step,34.561297000,ms,lower_is_better,34.561297000,28.934099319,0,ok,ok,engine_runner_cli,work_unit_wall_sum_inline,6,box_contact_islands_10k,2,position_iterations=3; velocity_iterations=1; projection_iterations=1; sleep=disabled; ccd=disabled; unit_scale=100_chaos_units_per_meter; worker_count=6; islands=50,unreal_chaos_ubt_win64_shipping,6,6,,,6,yes,,,,,,,,,,,300,10368.389100000,,,,,results/box-contact-islands-10k/intel-core-i7-13700k/2026-10-05_0800_ddr5-4800_threads-1-2-3-4-5-6-8-10-12-14-16-24_r5/raw/unreal_chaos/t6/unreal_chaos_t6_raw.csv
2026-10-05_0800_ddr5-4800_threads-1-2-3-4-5-6-8-10-12-14-16-24_r5,unreal_chaos,7deeb413d3dc1fc034f48d1aacc0861301829d32,windows,unreal_chaos_ubt_win64_shipping,box_contact_islands_10k,headless_api,6,step,300,30,3,10050,10050,0,0,median_ms_per_step,34.617291667,ms,lower_is_better,34.617291667,28.887297413,0,ok,ok,engine_runner_cli,work_unit_wall_sum_inline,6,box_contact_islands_10k,2,position_iterations=3; velocity_iterations=1; projection_iterations=1; sleep=disabled; ccd=disabled; unit_scale=100_chaos_units_per_meter; worker_count=6; islands=50,unreal_chaos_ubt_win64_shipping,6,6,,,6,yes,,,,,,,,,,,300,10385.187500000,,,,,results/box-contact-islands-10k/intel-core-i7-13700k/2026-10-05_0800_ddr5-4800_threads-1-2-3-4-5-6-8-10-12-14-16-24_r5/raw/unreal_chaos/t6/unreal_chaos_t6_raw.csv
2026-10-05_0800_ddr5-4800_threads-1-2-3-4-5-6-8-10-12-14-16-24_r5,unreal_chaos,7deeb413d3dc1fc034f48d1aacc0861301829d32,windows,unreal_chaos_ubt_win64_shipping,box_contact_islands_10k,headless_api,6,step,300,30,4,10050,10050,0,0,median_ms_per_step,34.117079333,ms,lower_is_better,34.117079333,29.310832567,0,ok,ok,engine_runner_cli,work_unit_wall_sum_inline,6,box_contact_islands_10k,2,position_iterations=3; velocity_iterations=1; projection_iterations=1; sleep=disabled; ccd=disabled; unit_scale=100_chaos_units_per_meter; worker_count=6; islands=50,unreal_chaos_ubt_win64_shipping,6,6,,,6,yes,,,,,,,,,,,300,10235.123800000,,,,,results/box-contact-islands-10k/intel-core-i7-13700k/2026-10-05_0800_ddr5-4800_threads-1-2-3-4-5-6-8-10-12-14-16-24_r5/raw/unreal_chaos/t6/unreal_chaos_t6_raw.csv
2026-10-05_0800_ddr5-4800_threads-1-2-3-4-5-6-8-10-12-14-16-24_r5,unreal_chaos,7deeb413d3dc1fc034f48d1aacc0861301829d32,windows,unreal_chaos_ubt_win64_shipping,box_contact_islands_10k,headless_api,8,step,300,30,0,10050,10050,0,0,median_ms_per_step,30.867617000,ms,lower_is_better,30.867617000,32.396410776,0,ok,ok,engine_runner_cli,work_unit_wall_sum_inline,8,box_contact_islands_10k,2,position_iterations=3; velocity_iterations=1; projection_iterations=1; sleep=disabled; ccd=disabled; unit_scale=100_chaos_units_per_meter; worker_count=8; islands=50,unreal_chaos_ubt_win64_shipping,8,8,,,8,yes,,,,,,,,,,,300,9260.285100000,,,,,results/box-contact-islands-10k/intel-core-i7-13700k/2026-10-05_0800_ddr5-4800_threads-1-2-3-4-5-6-8-10-12-14-16-24_r5/raw/unreal_chaos/t8/unreal_chaos_t8_raw.csv
2026-10-05_0800_ddr5-4800_threads-1-2-3-4-5-6-8-10-12-14-16-24_r5,unreal_chaos,7deeb413d3dc1fc034f48d1aacc0861301829d32,windows,unreal_chaos_ubt_win64_shipping,box_contact_islands_10k,headless_api,8,step,300,30,1,10050,10050,0,0,median_ms_per_step,31.284501000,ms,lower_is_better,31.284501000,31.964709937,0,ok,ok,engine_runner_cli,work_unit_wall_sum_inline,8,box_contact_islands_10k,2,position_iterations=3; velocity_iterations=1; projection_iterations=1; sleep=disabled; ccd=disabled; unit_scale=100_chaos_units_per_meter; worker_count=8; islands=50,unreal_chaos_ubt_win64_shipping,8,8,,,8,yes,,,,,,,,,,,300,9385.350300000,,,,,results/box-contact-islands-10k/intel-core-i7-13700k/2026-10-05_0800_ddr5-4800_threads-1-2-3-4-5-6-8-10-12-14-16-24_r5/raw/unreal_chaos/t8/unreal_chaos_t8_raw.csv
2026-10-05_0800_ddr5-4800_threads-1-2-3-4-5-6-8-10-12-14-16-24_r5,unreal_chaos,7deeb413d3dc1fc034f48d1aacc0861301829d32,windows,unreal_chaos_ubt_win64_shipping,box_contact_islands_10k,headless_api,8,step,300,30,2,10050,10050,0,0,median_ms_per_step,32.345354000,ms,lower_is_better,32.345354000,30.916341185,0,ok,ok,engine_runner_cli,work_unit_wall_sum_inline,8,box_contact_islands_10k,2,position_iterations=3; velocity_iterations=1; projection_iterations=1; sleep=disabled; ccd=disabled; unit_scale=100_chaos_units_per_meter; worker_count=8; islands=50,unreal_chaos_ubt_win64_shipping,8,8,,,8,yes,,,,,,,,,,,300,9703.606200000,,,,,results/box-contact-islands-10k/intel-core-i7-13700k/2026-10-05_0800_ddr5-4800_threads-1-2-3-4-5-6-8-10-12-14-16-24_r5/raw/unreal_chaos/t8/unreal_chaos_t8_raw.csv
2026-10-05_0800_ddr5-4800_threads-1-2-3-4-5-6-8-10-12-14-16-24_r5,unreal_chaos,7deeb413d3dc1fc034f48d1aacc0861301829d32,windows,unreal_chaos_ubt_win64_shipping,box_contact_islands_10k,headless_api,8,step,300,30,3,10050,10050,0,0,median_ms_per_step,32.298854667,ms,lower_is_better,32.298854667,30.960850170,0,ok,ok,engine_runner_cli,work_unit_wall_sum_inline,8,box_contact_islands_10k,2,position_iterations=3; velocity_iterations=1; projection_iterations=1; sleep=disabled; ccd=disabled; unit_scale=100_chaos_units_per_meter; worker_count=8; islands=50,unreal_chaos_ubt_win64_shipping,8,8,,,8,yes,,,,,,,,,,,300,9689.656400000,,,,,results/box-contact-islands-10k/intel-core-i7-13700k/2026-10-05_0800_ddr5-4800_threads-1-2-3-4-5-6-8-10-12-14-16-24_r5/raw/unreal_chaos/t8/unreal_chaos_t8_raw.csv
2026-10-05_0800_ddr5-4800_threads-1-2-3-4-5-6-8-10-12-14-16-24_r5,unreal_chaos,7deeb413d3dc1fc034f48d1aacc0861301829d32,windows,unreal_chaos_ubt_win64_shipping,box_contact_islands_10k,headless_api,8,step,300,30,4,10050,10050,0,0,median_ms_per_step,30.798684000,ms,lower_is_better,30.798684000,32.468919776,0,ok,ok,engine_runner_cli,work_unit_wall_sum_inline,8,box_contact_islands_10k,2,position_iterations=3; velocity_iterations=1; projection_iterations=1; sleep=disabled; ccd=disabled; unit_scale=100_chaos_units_per_meter; worker_count=8; islands=50,unreal_chaos_ubt_win64_shipping,8,8,,,8,yes,,,,,,,,,,,300,9239.605200000,,,,,results/box-contact-islands-10k/intel-core-i7-13700k/2026-10-05_0800_ddr5-4800_threads-1-2-3-4-5-6-8-10-12-14-16-24_r5/raw/unreal_chaos/t8/unreal_chaos_t8_raw.csv
2026-10-05_0800_ddr5-4800_threads-1-2-3-4-5-6-8-10-12-14-16-24_r5,unreal_chaos,7deeb413d3dc1fc034f48d1aacc0861301829d32,windows,unreal_chaos_ubt_win64_shipping,box_contact_islands_10k,headless_api,10,step,300,30,0,10050,10050,0,0,median_ms_per_step,30.298343000,ms,lower_is_better,30.298343000,33.005105263,0,ok,ok,engine_runner_cli,work_unit_wall_sum_inline,10,box_contact_islands_10k,2,position_iterations=3; velocity_iterations=1; projection_iterations=1; sleep=disabled; ccd=disabled; unit_scale=100_chaos_units_per_meter; worker_count=10; islands=50,unreal_chaos_ubt_win64_shipping,10,10,,,10,yes,,,,,,,,,,,300,9089.502900000,,,,,results/box-contact-islands-10k/intel-core-i7-13700k/2026-10-05_0800_ddr5-4800_threads-1-2-3-4-5-6-8-10-12-14-16-24_r5/raw/unreal_chaos/t10/unreal_chaos_t10_raw.csv
2026-10-05_0800_ddr5-4800_threads-1-2-3-4-5-6-8-10-12-14-16-24_r5,unreal_chaos,7deeb413d3dc1fc034f48d1aacc0861301829d32,windows,unreal_chaos_ubt_win64_shipping,box_contact_islands_10k,headless_api,10,step,300,30,1,10050,10050,0,0,median_ms_per_step,30.392391000,ms,lower_is_better,30.392391000,32.902972326,0,ok,ok,engine_runner_cli,work_unit_wall_sum_inline,10,box_contact_islands_10k,2,position_iterations=3; velocity_iterations=1; projection_iterations=1; sleep=disabled; ccd=disabled; unit_scale=100_chaos_units_per_meter; worker_count=10; islands=50,unreal_chaos_ubt_win64_shipping,10,10,,,10,yes,,,,,,,,,,,300,9117.717300000,,,,,results/box-contact-islands-10k/intel-core-i7-13700k/2026-10-05_0800_ddr5-4800_threads-1-2-3-4-5-6-8-10-12-14-16-24_r5/raw/unreal_chaos/t10/unreal_chaos_t10_raw.csv
2026-10-05_0800_ddr5-4800_threads-1-2-3-4-5-6-8-10-12-14-16-24_r5,unreal_chaos,7deeb413d3dc1fc034f48d1aacc0861301829d32,windows,unreal_chaos_ubt_win64_shipping,box_contact_islands_10k,headless_api,10,step,300,30,2,10050,10050,0,0,median_ms_per_step,30.353169333,ms,lower_is_better,30.353169333,32.945488790,0,ok,ok,engine_runner_cli,work_unit_wall_sum_inline,10,box_contact_islands_10k,2,position_iterations=3; velocity_iterations=1; projection_iterations=1; sleep=disabled; ccd=disabled; unit_scale=100_chaos_units_per_meter; worker_count=10; islands=50,unreal_chaos_ubt_win64_shipping,10,10,,,10,yes,,,,,,,,,,,300,9105.950800000,,,,,results/box-contact-islands-10k/intel-core-i7-13700k/2026-10-05_0800_ddr5-4800_threads-1-2-3-4-5-6-8-10-12-14-16-24_r5/raw/unreal_chaos/t10/unreal_chaos_t10_raw.csv
2026-10-05_0800_ddr5-4800_threads-1-2-3-4-5-6-8-10-12-14-16-24_r5,unreal_chaos,7deeb413d3dc1fc034f48d1aacc0861301829d32,windows,unreal_chaos_ubt_win64_shipping,box_contact_islands_10k,headless_api,10,step,300,30,3,10050,10050,0,0,median_ms_per_step,30.461465667,ms,lower_is_better,30.461465667,32.828361279,0,ok,ok,engine_runner_cli,work_unit_wall_sum_inline,10,box_contact_islands_10k,2,position_iterations=3; velocity_iterations=1; projection_iterations=1; sleep=disabled; ccd=disabled; unit_scale=100_chaos_units_per_meter; worker_count=10; islands=50,unreal_chaos_ubt_win64_shipping,10,10,,,10,yes,,,,,,,,,,,300,9138.439700000,,,,,results/box-contact-islands-10k/intel-core-i7-13700k/2026-10-05_0800_ddr5-4800_threads-1-2-3-4-5-6-8-10-12-14-16-24_r5/raw/unreal_chaos/t10/unreal_chaos_t10_raw.csv
2026-10-05_0800_ddr5-4800_threads-1-2-3-4-5-6-8-10-12-14-16-24_r5,unreal_chaos,7deeb413d3dc1fc034f48d1aacc0861301829d32,windows,unreal_chaos_ubt_win64_shipping,box_contact_islands_10k,headless_api,10,step,300,30,4,10050,10050,0,0,median_ms_per_step,30.238574000,ms,lower_is_better,30.238574000,33.070342537,0,ok,ok,engine_runner_cli,work_unit_wall_sum_inline,10,box_contact_islands_10k,2,position_iterations=3; velocity_iterations=1; projection_iterations=1; sleep=disabled; ccd=disabled; unit_scale=100_chaos_units_per_meter; worker_count=10; islands=50,unreal_chaos_ubt_win64_shipping,10,10,,,10,yes,,,,,,,,,,,300,9071.572200000,,,,,results/box-contact-islands-10k/intel-core-i7-13700k/2026-10-05_0800_ddr5-4800_threads-1-2-3-4-5-6-8-10-12-14-16-24_r5/raw/unreal_chaos/t10/unreal_chaos_t10_raw.csv
2026-10-05_0800_ddr5-4800_threads-1-2-3-4-5-6-8-10-12-14-16-24_r5,unreal_chaos,7deeb413d3dc1fc034f48d1aacc0861301829d32,windows,unreal_chaos_ubt_win64_shipping,box_contact_islands_10k,headless_api,12,step,300,30,0,10050,10050,0,0,median_ms_per_step,30.504967333,ms,lower_is_better,30.504967333,32.781546332,0,ok,ok,engine_runner_cli,work_unit_wall_sum_inline,12,box_contact_islands_10k,2,position_iterations=3; velocity_iterations=1; projection_iterations=1; sleep=disabled; ccd=disabled; unit_scale=100_chaos_units_per_meter; worker_count=12; islands=50,unreal_chaos_ubt_win64_shipping,12,12,,,12,yes,,,,,,,,,,,300,9151.490200000,,,,,results/box-contact-islands-10k/intel-core-i7-13700k/2026-10-05_0800_ddr5-4800_threads-1-2-3-4-5-6-8-10-12-14-16-24_r5/raw/unreal_chaos/t12/unreal_chaos_t12_raw.csv
2026-10-05_0800_ddr5-4800_threads-1-2-3-4-5-6-8-10-12-14-16-24_r5,unreal_chaos,7deeb413d3dc1fc034f48d1aacc0861301829d32,windows,unreal_chaos_ubt_win64_shipping,box_contact_islands_10k,headless_api,12,step,300,30,1,10050,10050,0,0,median_ms_per_step,30.616019333,ms,lower_is_better,30.616019333,32.662639421,0,ok,ok,engine_runner_cli,work_unit_wall_sum_inline,12,box_contact_islands_10k,2,position_iterations=3; velocity_iterations=1; projection_iterations=1; sleep=disabled; ccd=disabled; unit_scale=100_chaos_units_per_meter; worker_count=12; islands=50,unreal_chaos_ubt_win64_shipping,12,12,,,12,yes,,,,,,,,,,,300,9184.805800000,,,,,results/box-contact-islands-10k/intel-core-i7-13700k/2026-10-05_0800_ddr5-4800_threads-1-2-3-4-5-6-8-10-12-14-16-24_r5/raw/unreal_chaos/t12/unreal_chaos_t12_raw.csv
2026-10-05_0800_ddr5-4800_threads-1-2-3-4-5-6-8-10-12-14-16-24_r5,unreal_chaos,7deeb413d3dc1fc034f48d1aacc0861301829d32,windows,unreal_chaos_ubt_win64_shipping,box_contact_islands_10k,headless_api,12,step,300,30,2,10050,10050,0,0,median_ms_per_step,30.644823333,ms,lower_is_better,30.644823333,32.631938815,0,ok,ok,engine_runner_cli,work_unit_wall_sum_inline,12,box_contact_islands_10k,2,position_iterations=3; velocity_iterations=1; projection_iterations=1; sleep=disabled; ccd=disabled; unit_scale=100_chaos_units_per_meter; worker_count=12; islands=50,unreal_chaos_ubt_win64_shipping,12,12,,,12,yes,,,,,,,,,,,300,9193.447000000,,,,,results/box-contact-islands-10k/intel-core-i7-13700k/2026-10-05_0800_ddr5-4800_threads-1-2-3-4-5-6-8-10-12-14-16-24_r5/raw/unreal_chaos/t12/unreal_chaos_t12_raw.csv
2026-10-05_0800_ddr5-4800_threads-1-2-3-4-5-6-8-10-12-14-16-24_r5,unreal_chaos,7deeb413d3dc1fc034f48d1aacc0861301829d32,windows,unreal_chaos_ubt_win64_shipping,box_contact_islands_10k,headless_api,12,step,300,30,3,10050,10050,0,0,median_ms_per_step,30.822814667,ms,lower_is_better,30.822814667,32.443500401,0,ok,ok,engine_runner_cli,work_unit_wall_sum_inline,12,box_contact_islands_10k,2,position_iterations=3; velocity_iterations=1; projection_iterations=1; sleep=disabled; ccd=disabled; unit_scale=100_chaos_units_per_meter; worker_count=12; islands=50,unreal_chaos_ubt_win64_shipping,12,12,,,12,yes,,,,,,,,,,,300,9246.844400000,,,,,results/box-contact-islands-10k/intel-core-i7-13700k/2026-10-05_0800_ddr5-4800_threads-1-2-3-4-5-6-8-10-12-14-16-24_r5/raw/unreal_chaos/t12/unreal_chaos_t12_raw.csv
2026-10-05_0800_ddr5-4800_threads-1-2-3-4-5-6-8-10-12-14-16-24_r5,unreal_chaos,7deeb413d3dc1fc034f48d1aacc0861301829d32,windows,unreal_chaos_ubt_win64_shipping,box_contact_islands_10k,headless_api,12,step,300,30,4,10050,10050,0,0,median_ms_per_step,30.422445667,ms,lower_is_better,30.422445667,32.870467120,0,ok,ok,engine_runner_cli,work_unit_wall_sum_inline,12,box_contact_islands_10k,2,position_iterations=3; velocity_iterations=1; projection_iterations=1; sleep=disabled; ccd=disabled; unit_scale=100_chaos_units_per_meter; worker_count=12; islands=50,unreal_chaos_ubt_win64_shipping,12,12,,,12,yes,,,,,,,,,,,300,9126.733700000,,,,,results/box-contact-islands-10k/intel-core-i7-13700k/2026-10-05_0800_ddr5-4800_threads-1-2-3-4-5-6-8-10-12-14-16-24_r5/raw/unreal_chaos/t12/unreal_chaos_t12_raw.csv
2026-10-05_0800_ddr5-4800_threads-1-2-3-4-5-6-8-10-12-14-16-24_r5,unreal_chaos,7deeb413d3dc1fc034f48d1aacc0861301829d32,windows,unreal_chaos_ubt_win64_shipping,box_contact_islands_10k,headless_api,14,step,300,30,0,10050,10050,0,0,median_ms_per_step,29.890696333,ms,lower_is_better,29.890696333,33.455225962,0,ok,ok,engine_runner_cli,work_unit_wall_sum_inline,14,box_contact_islands_10k,2,position_iterations=3; velocity_iterations=1; projection_iterations=1; sleep=disabled; ccd=disabled; unit_scale=100_chaos_units_per_meter; worker_count=14; islands=50,unreal_chaos_ubt_win64_shipping,14,14,,,14,yes,,,,,,,,,,,300,8967.208900000,,,,,results/box-contact-islands-10k/intel-core-i7-13700k/2026-10-05_0800_ddr5-4800_threads-1-2-3-4-5-6-8-10-12-14-16-24_r5/raw/unreal_chaos/t14/unreal_chaos_t14_raw.csv
2026-10-05_0800_ddr5-4800_threads-1-2-3-4-5-6-8-10-12-14-16-24_r5,unreal_chaos,7deeb413d3dc1fc034f48d1aacc0861301829d32,windows,unreal_chaos_ubt_win64_shipping,box_contact_islands_10k,headless_api,14,step,300,30,1,10050,10050,0,0,median_ms_per_step,29.693605000,ms,lower_is_better,29.693605000,33.677285059,0,ok,ok,engine_runner_cli,work_unit_wall_sum_inline,14,box_contact_islands_10k,2,position_iterations=3; velocity_iterations=1; projection_iterations=1; sleep=disabled; ccd=disabled; unit_scale=100_chaos_units_per_meter; worker_count=14; islands=50,unreal_chaos_ubt_win64_shipping,14,14,,,14,yes,,,,,,,,,,,300,8908.081500000,,,,,results/box-contact-islands-10k/intel-core-i7-13700k/2026-10-05_0800_ddr5-4800_threads-1-2-3-4-5-6-8-10-12-14-16-24_r5/raw/unreal_chaos/t14/unreal_chaos_t14_raw.csv
2026-10-05_0800_ddr5-4800_threads-1-2-3-4-5-6-8-10-12-14-16-24_r5,unreal_chaos,7deeb413d3dc1fc034f48d1aacc0861301829d32,windows,unreal_chaos_ubt_win64_shipping,box_contact_islands_10k,headless_api,14,step,300,30,2,10050,10050,0,0,median_ms_per_step,29.827887667,ms,lower_is_better,29.827887667,33.525672725,0,ok,ok,engine_runner_cli,work_unit_wall_sum_inline,14,box_contact_islands_10k,2,position_iterations=3; velocity_iterations=1; projection_iterations=1; sleep=disabled; ccd=disabled; unit_scale=100_chaos_units_per_meter; worker_count=14; islands=50,unreal_chaos_ubt_win64_shipping,14,14,,,14,yes,,,,,,,,,,,300,8948.366300000,,,,,results/box-contact-islands-10k/intel-core-i7-13700k/2026-10-05_0800_ddr5-4800_threads-1-2-3-4-5-6-8-10-12-14-16-24_r5/raw/unreal_chaos/t14/unreal_chaos_t14_raw.csv
2026-10-05_0800_ddr5-4800_threads-1-2-3-4-5-6-8-10-12-14-16-24_r5,unreal_chaos,7deeb413d3dc1fc034f48d1aacc0861301829d32,windows,unreal_chaos_ubt_win64_shipping,box_contact_islands_10k,headless_api,14,step,300,30,3,10050,10050,0,0,median_ms_per_step,29.730329333,ms,lower_is_better,29.730329333,33.635685256,0,ok,ok,engine_runner_cli,work_unit_wall_sum_inline,14,box_contact_islands_10k,2,position_iterations=3; velocity_iterations=1; projection_iterations=1; sleep=disabled; ccd=disabled; unit_scale=100_chaos_units_per_meter; worker_count=14; islands=50,unreal_chaos_ubt_win64_shipping,14,14,,,14,yes,,,,,,,,,,,300,8919.098800000,,,,,results/box-contact-islands-10k/intel-core-i7-13700k/2026-10-05_0800_ddr5-4800_threads-1-2-3-4-5-6-8-10-12-14-16-24_r5/raw/unreal_chaos/t14/unreal_chaos_t14_raw.csv
2026-10-05_0800_ddr5-4800_threads-1-2-3-4-5-6-8-10-12-14-16-24_r5,unreal_chaos,7deeb413d3dc1fc034f48d1aacc0861301829d32,windows,unreal_chaos_ubt_win64_shipping,box_contact_islands_10k,headless_api,14,step,300,30,4,10050,10050,0,0,median_ms_per_step,29.999617333,ms,lower_is_better,29.999617333,33.333758524,0,ok,ok,engine_runner_cli,work_unit_wall_sum_inline,14,box_contact_islands_10k,2,position_iterations=3; velocity_iterations=1; projection_iterations=1; sleep=disabled; ccd=disabled; unit_scale=100_chaos_units_per_meter; worker_count=14; islands=50,unreal_chaos_ubt_win64_shipping,14,14,,,14,yes,,,,,,,,,,,300,8999.885200000,,,,,results/box-contact-islands-10k/intel-core-i7-13700k/2026-10-05_0800_ddr5-4800_threads-1-2-3-4-5-6-8-10-12-14-16-24_r5/raw/unreal_chaos/t14/unreal_chaos_t14_raw.csv
2026-10-05_0800_ddr5-4800_threads-1-2-3-4-5-6-8-10-12-14-16-24_r5,unreal_chaos,7deeb413d3dc1fc034f48d1aacc0861301829d32,windows,unreal_chaos_ubt_win64_shipping,box_contact_islands_10k,headless_api,16,step,300,30,0,10050,10050,0,0,median_ms_per_step,29.389734000,ms,lower_is_better,29.389734000,34.025486587,0,ok,ok,engine_runner_cli,work_unit_wall_sum_inline,16,box_contact_islands_10k,2,position_iterations=3; velocity_iterations=1; projection_iterations=1; sleep=disabled; ccd=disabled; unit_scale=100_chaos_units_per_meter; worker_count=16; islands=50,unreal_chaos_ubt_win64_shipping,16,16,,,16,yes,,,,,,,,,,,300,8816.920200000,,,,,results/box-contact-islands-10k/intel-core-i7-13700k/2026-10-05_0800_ddr5-4800_threads-1-2-3-4-5-6-8-10-12-14-16-24_r5/raw/unreal_chaos/t16/unreal_chaos_t16_raw.csv
2026-10-05_0800_ddr5-4800_threads-1-2-3-4-5-6-8-10-12-14-16-24_r5,unreal_chaos,7deeb413d3dc1fc034f48d1aacc0861301829d32,windows,unreal_chaos_ubt_win64_shipping,box_contact_islands_10k,headless_api,16,step,300,30,1,10050,10050,0,0,median_ms_per_step,29.417426667,ms,lower_is_better,29.417426667,33.993456033,0,ok,ok,engine_runner_cli,work_unit_wall_sum_inline,16,box_contact_islands_10k,2,position_iterations=3; velocity_iterations=1; projection_iterations=1; sleep=disabled; ccd=disabled; unit_scale=100_chaos_units_per_meter; worker_count=16; islands=50,unreal_chaos_ubt_win64_shipping,16,16,,,16,yes,,,,,,,,,,,300,8825.228000000,,,,,results/box-contact-islands-10k/intel-core-i7-13700k/2026-10-05_0800_ddr5-4800_threads-1-2-3-4-5-6-8-10-12-14-16-24_r5/raw/unreal_chaos/t16/unreal_chaos_t16_raw.csv
2026-10-05_0800_ddr5-4800_threads-1-2-3-4-5-6-8-10-12-14-16-24_r5,unreal_chaos,7deeb413d3dc1fc034f48d1aacc0861301829d32,windows,unreal_chaos_ubt_win64_shipping,box_contact_islands_10k,headless_api,16,step,300,30,2,10050,10050,0,0,median_ms_per_step,29.429304000,ms,lower_is_better,29.429304000,33.979736660,0,ok,ok,engine_runner_cli,work_unit_wall_sum_inline,16,box_contact_islands_10k,2,position_iterations=3; velocity_iterations=1; projection_iterations=1; sleep=disabled; ccd=disabled; unit_scale=100_chaos_units_per_meter; worker_count=16; islands=50,unreal_chaos_ubt_win64_shipping,16,16,,,16,yes,,,,,,,,,,,300,8828.791200000,,,,,results/box-contact-islands-10k/intel-core-i7-13700k/2026-10-05_0800_ddr5-4800_threads-1-2-3-4-5-6-8-10-12-14-16-24_r5/raw/unreal_chaos/t16/unreal_chaos_t16_raw.csv
2026-10-05_0800_ddr5-4800_threads-1-2-3-4-5-6-8-10-12-14-16-24_r5,unreal_chaos,7deeb413d3dc1fc034f48d1aacc0861301829d32,windows,unreal_chaos_ubt_win64_shipping,box_contact_islands_10k,headless_api,16,step,300,30,3,10050,10050,0,0,median_ms_per_step,29.392573000,ms,lower_is_better,29.392573000,34.022200098,0,ok,ok,engine_runner_cli,work_unit_wall_sum_inline,16,box_contact_islands_10k,2,position_iterations=3; velocity_iterations=1; projection_iterations=1; sleep=disabled; ccd=disabled; unit_scale=100_chaos_units_per_meter; worker_count=16; islands=50,unreal_chaos_ubt_win64_shipping,16,16,,,16,yes,,,,,,,,,,,300,8817.771900000,,,,,results/box-contact-islands-10k/intel-core-i7-13700k/2026-10-05_0800_ddr5-4800_threads-1-2-3-4-5-6-8-10-12-14-16-24_r5/raw/unreal_chaos/t16/unreal_chaos_t16_raw.csv
2026-10-05_0800_ddr5-4800_threads-1-2-3-4-5-6-8-10-12-14-16-24_r5,unreal_chaos,7deeb413d3dc1fc034f48d1aacc0861301829d32,windows,unreal_chaos_ubt_win64_shipping,box_contact_islands_10k,headless_api,16,step,300,30,4,10050,10050,0,0,median_ms_per_step,29.372730333,ms,lower_is_better,29.372730333,34.045183701,0,ok,ok,engine_runner_cli,work_unit_wall_sum_inline,16,box_contact_islands_10k,2,position_iterations=3; velocity_iterations=1; projection_iterations=1; sleep=disabled; ccd=disabled; unit_scale=100_chaos_units_per_meter; worker_count=16; islands=50,unreal_chaos_ubt_win64_shipping,16,16,,,16,yes,,,,,,,,,,,300,8811.819100000,,,,,results/box-contact-islands-10k/intel-core-i7-13700k/2026-10-05_0800_ddr5-4800_threads-1-2-3-4-5-6-8-10-12-14-16-24_r5/raw/unreal_chaos/t16/unreal_chaos_t16_raw.csv
2026-10-05_0800_ddr5-4800_threads-1-2-3-4-5-6-8-10-12-14-16-24_r5,unreal_chaos,7deeb413d3dc1fc034f48d1aacc0861301829d32,windows,unreal_chaos_ubt_win64_shipping,box_contact_islands_10k,headless_api,24,step,300,30,0,10050,10050,0,0,median_ms_per_step,29.080996000,ms,lower_is_better,29.080996000,34.386717704,0,ok,ok,engine_runner_cli,work_unit_wall_sum_inline,24,box_contact_islands_10k,2,position_iterations=3; velocity_iterations=1; projection_iterations=1; sleep=disabled; ccd=disabled; unit_scale=100_chaos_units_per_meter; worker_count=24; islands=50,unreal_chaos_ubt_win64_shipping,24,24,,,24,yes,,,,,,,,,,,300,8724.298800000,,,,,results/box-contact-islands-10k/intel-core-i7-13700k/2026-10-05_0800_ddr5-4800_threads-1-2-3-4-5-6-8-10-12-14-16-24_r5/raw/unreal_chaos/t24/unreal_chaos_t24_raw.csv
2026-10-05_0800_ddr5-4800_threads-1-2-3-4-5-6-8-10-12-14-16-24_r5,unreal_chaos,7deeb413d3dc1fc034f48d1aacc0861301829d32,windows,unreal_chaos_ubt_win64_shipping,box_contact_islands_10k,headless_api,24,step,300,30,1,10050,10050,0,0,median_ms_per_step,29.092575667,ms,lower_is_better,29.092575667,34.373030819,0,ok,ok,engine_runner_cli,work_unit_wall_sum_inline,24,box_contact_islands_10k,2,position_iterations=3; velocity_iterations=1; projection_iterations=1; sleep=disabled; ccd=disabled; unit_scale=100_chaos_units_per_meter; worker_count=24; islands=50,unreal_chaos_ubt_win64_shipping,24,24,,,24,yes,,,,,,,,,,,300,8727.772700000,,,,,results/box-contact-islands-10k/intel-core-i7-13700k/2026-10-05_0800_ddr5-4800_threads-1-2-3-4-5-6-8-10-12-14-16-24_r5/raw/unreal_chaos/t24/unreal_chaos_t24_raw.csv
2026-10-05_0800_ddr5-4800_threads-1-2-3-4-5-6-8-10-12-14-16-24_r5,unreal_chaos,7deeb413d3dc1fc034f48d1aacc0861301829d32,windows,unreal_chaos_ubt_win64_shipping,box_contact_islands_10k,headless_api,24,step,300,30,2,10050,10050,0,0,median_ms_per_step,29.072419667,ms,lower_is_better,29.072419667,34.396861750,0,ok,ok,engine_runner_cli,work_unit_wall_sum_inline,24,box_contact_islands_10k,2,position_iterations=3; velocity_iterations=1; projection_iterations=1; sleep=disabled; ccd=disabled; unit_scale=100_chaos_units_per_meter; worker_count=24; islands=50,unreal_chaos_ubt_win64_shipping,24,24,,,24,yes,,,,,,,,,,,300,8721.725900000,,,,,results/box-contact-islands-10k/intel-core-i7-13700k/2026-10-05_0800_ddr5-4800_threads-1-2-3-4-5-6-8-10-12-14-16-24_r5/raw/unreal_chaos/t24/unreal_chaos_t24_raw.csv
2026-10-05_0800_ddr5-4800_threads-1-2-3-4-5-6-8-10-12-14-16-24_r5,unreal_chaos,7deeb413d3dc1fc034f48d1aacc0861301829d32,windows,unreal_chaos_ubt_win64_shipping,box_contact_islands_10k,headless_api,24,step,300,30,3,10050,10050,0,0,median_ms_per_step,29.072191333,ms,lower_is_better,29.072191333,34.397131903,0,ok,ok,engine_runner_cli,work_unit_wall_sum_inline,24,box_contact_islands_10k,2,position_iterations=3; velocity_iterations=1; projection_iterations=1; sleep=disabled; ccd=disabled; unit_scale=100_chaos_units_per_meter; worker_count=24; islands=50,unreal_chaos_ubt_win64_shipping,24,24,,,24,yes,,,,,,,,,,,300,8721.657400000,,,,,results/box-contact-islands-10k/intel-core-i7-13700k/2026-10-05_0800_ddr5-4800_threads-1-2-3-4-5-6-8-10-12-14-16-24_r5/raw/unreal_chaos/t24/unreal_chaos_t24_raw.csv
2026-10-05_0800_ddr5-4800_threads-1-2-3-4-5-6-8-10-12-14-16-24_r5,unreal_chaos,7deeb413d3dc1fc034f48d1aacc0861301829d32,windows,unreal_chaos_ubt_win64_shipping,box_contact_islands_10k,headless_api,24,step,300,30,4,10050,10050,0,0,median_ms_per_step,29.118942333,ms,lower_is_better,29.118942333,34.341906672,0,ok,ok,engine_runner_cli,work_unit_wall_sum_inline,24,box_contact_islands_10k,2,position_iterations=3; velocity_iterations=1; projection_iterations=1; sleep=disabled; ccd=disabled; unit_scale=100_chaos_units_per_meter; worker_count=24; islands=50,unreal_chaos_ubt_win64_shipping,24,24,,,24,yes,,,,,,,,,,,300,8735.682700000,,,,,results/box-contact-islands-10k/intel-core-i7-13700k/2026-10-05_0800_ddr5-4800_threads-1-2-3-4-5-6-8-10-12-14-16-24_r5/raw/unreal_chaos/t24/unreal_chaos_t24_raw.csv
