run_id,engine_id,thread_count,repeat_index,assessment,coverage,reason,margin_m,first_segment,first_phase,first_step,last_segment,last_phase,last_step,impact_present,impact_segment,impact_phase,impact_step,sample_seconds,first_rule,first_body,breach_segment,breach_phase,breach_step,metric,value_m,body,segment,phase,step,capture_elapsed_ms,analysis_elapsed_ms,criterion,margin_policy
2026-10-05_0800_ddr5-4800_threads-1-2-3-4-5-6-8-10-12-14-16-24_r5,box3d,1,0,1,1,evaluated,0.10000000000000001,0,0,0,0,2,300,0,0,0,0,0.016666666666666666,0,0,0,0,0,rest_envelope,0.008358977279741886,2998,0,2,51,74.661600000000064,1185.9974999999999,contact-islands-safety-and-shape,terminal-1s-shape-0.10-edge
2026-10-05_0800_ddr5-4800_threads-1-2-3-4-5-6-8-10-12-14-16-24_r5,box3d,1,0,1,1,evaluated,0.10000000000000001,0,0,0,0,2,300,0,0,0,0,0.016666666666666666,0,0,0,0,0,upward_excursion,0.0016865730285644531,192,0,1,5,74.661600000000064,1185.9974999999999,contact-islands-safety-and-shape,terminal-1s-shape-0.10-edge
2026-10-05_0800_ddr5-4800_threads-1-2-3-4-5-6-8-10-12-14-16-24_r5,box3d,1,0,1,1,evaluated,0.10000000000000001,0,0,0,0,2,300,0,0,0,0,0.016666666666666666,0,0,0,0,0,terminal_stack_shape_excess,0.0083541380635503426,2998,0,2,240,74.661600000000064,1185.9974999999999,contact-islands-safety-and-shape,terminal-1s-shape-0.10-edge
2026-10-05_0800_ddr5-4800_threads-1-2-3-4-5-6-8-10-12-14-16-24_r5,box3d,1,1,1,1,evaluated,0.10000000000000001,0,0,0,0,2,300,0,0,0,0,0.016666666666666666,0,0,0,0,0,rest_envelope,0.008358977279741886,2998,0,2,51,73.182399999999944,1184.0073,contact-islands-safety-and-shape,terminal-1s-shape-0.10-edge
2026-10-05_0800_ddr5-4800_threads-1-2-3-4-5-6-8-10-12-14-16-24_r5,box3d,1,1,1,1,evaluated,0.10000000000000001,0,0,0,0,2,300,0,0,0,0,0.016666666666666666,0,0,0,0,0,upward_excursion,0.0016865730285644531,192,0,1,5,73.182399999999944,1184.0073,contact-islands-safety-and-shape,terminal-1s-shape-0.10-edge
2026-10-05_0800_ddr5-4800_threads-1-2-3-4-5-6-8-10-12-14-16-24_r5,box3d,1,1,1,1,evaluated,0.10000000000000001,0,0,0,0,2,300,0,0,0,0,0.016666666666666666,0,0,0,0,0,terminal_stack_shape_excess,0.0083541380635503426,2998,0,2,240,73.182399999999944,1184.0073,contact-islands-safety-and-shape,terminal-1s-shape-0.10-edge
2026-10-05_0800_ddr5-4800_threads-1-2-3-4-5-6-8-10-12-14-16-24_r5,box3d,1,2,1,1,evaluated,0.10000000000000001,0,0,0,0,2,300,0,0,0,0,0.016666666666666666,0,0,0,0,0,rest_envelope,0.008358977279741886,2998,0,2,51,73.290800000000019,1185.3253999999999,contact-islands-safety-and-shape,terminal-1s-shape-0.10-edge
2026-10-05_0800_ddr5-4800_threads-1-2-3-4-5-6-8-10-12-14-16-24_r5,box3d,1,2,1,1,evaluated,0.10000000000000001,0,0,0,0,2,300,0,0,0,0,0.016666666666666666,0,0,0,0,0,upward_excursion,0.0016865730285644531,192,0,1,5,73.290800000000019,1185.3253999999999,contact-islands-safety-and-shape,terminal-1s-shape-0.10-edge
2026-10-05_0800_ddr5-4800_threads-1-2-3-4-5-6-8-10-12-14-16-24_r5,box3d,1,2,1,1,evaluated,0.10000000000000001,0,0,0,0,2,300,0,0,0,0,0.016666666666666666,0,0,0,0,0,terminal_stack_shape_excess,0.0083541380635503426,2998,0,2,240,73.290800000000019,1185.3253999999999,contact-islands-safety-and-shape,terminal-1s-shape-0.10-edge
2026-10-05_0800_ddr5-4800_threads-1-2-3-4-5-6-8-10-12-14-16-24_r5,box3d,1,3,1,1,evaluated,0.10000000000000001,0,0,0,0,2,300,0,0,0,0,0.016666666666666666,0,0,0,0,0,rest_envelope,0.008358977279741886,2998,0,2,51,80.677099999999982,1186.7489,contact-islands-safety-and-shape,terminal-1s-shape-0.10-edge
2026-10-05_0800_ddr5-4800_threads-1-2-3-4-5-6-8-10-12-14-16-24_r5,box3d,1,3,1,1,evaluated,0.10000000000000001,0,0,0,0,2,300,0,0,0,0,0.016666666666666666,0,0,0,0,0,upward_excursion,0.0016865730285644531,192,0,1,5,80.677099999999982,1186.7489,contact-islands-safety-and-shape,terminal-1s-shape-0.10-edge
2026-10-05_0800_ddr5-4800_threads-1-2-3-4-5-6-8-10-12-14-16-24_r5,box3d,1,3,1,1,evaluated,0.10000000000000001,0,0,0,0,2,300,0,0,0,0,0.016666666666666666,0,0,0,0,0,terminal_stack_shape_excess,0.0083541380635503426,2998,0,2,240,80.677099999999982,1186.7489,contact-islands-safety-and-shape,terminal-1s-shape-0.10-edge
2026-10-05_0800_ddr5-4800_threads-1-2-3-4-5-6-8-10-12-14-16-24_r5,box3d,1,4,1,1,evaluated,0.10000000000000001,0,0,0,0,2,300,0,0,0,0,0.016666666666666666,0,0,0,0,0,rest_envelope,0.008358977279741886,2998,0,2,51,78.458200000000033,1185.1659,contact-islands-safety-and-shape,terminal-1s-shape-0.10-edge
2026-10-05_0800_ddr5-4800_threads-1-2-3-4-5-6-8-10-12-14-16-24_r5,box3d,1,4,1,1,evaluated,0.10000000000000001,0,0,0,0,2,300,0,0,0,0,0.016666666666666666,0,0,0,0,0,upward_excursion,0.0016865730285644531,192,0,1,5,78.458200000000033,1185.1659,contact-islands-safety-and-shape,terminal-1s-shape-0.10-edge
2026-10-05_0800_ddr5-4800_threads-1-2-3-4-5-6-8-10-12-14-16-24_r5,box3d,1,4,1,1,evaluated,0.10000000000000001,0,0,0,0,2,300,0,0,0,0,0.016666666666666666,0,0,0,0,0,terminal_stack_shape_excess,0.0083541380635503426,2998,0,2,240,78.458200000000033,1185.1659,contact-islands-safety-and-shape,terminal-1s-shape-0.10-edge
2026-10-05_0800_ddr5-4800_threads-1-2-3-4-5-6-8-10-12-14-16-24_r5,box3d,2,0,1,1,evaluated,0.10000000000000001,0,0,0,0,2,300,0,0,0,0,0.016666666666666666,0,0,0,0,0,rest_envelope,0.008358977279741886,2998,0,2,51,84.378299999999925,1188.3889999999999,contact-islands-safety-and-shape,terminal-1s-shape-0.10-edge
2026-10-05_0800_ddr5-4800_threads-1-2-3-4-5-6-8-10-12-14-16-24_r5,box3d,2,0,1,1,evaluated,0.10000000000000001,0,0,0,0,2,300,0,0,0,0,0.016666666666666666,0,0,0,0,0,upward_excursion,0.0016865730285644531,192,0,1,5,84.378299999999925,1188.3889999999999,contact-islands-safety-and-shape,terminal-1s-shape-0.10-edge
2026-10-05_0800_ddr5-4800_threads-1-2-3-4-5-6-8-10-12-14-16-24_r5,box3d,2,0,1,1,evaluated,0.10000000000000001,0,0,0,0,2,300,0,0,0,0,0.016666666666666666,0,0,0,0,0,terminal_stack_shape_excess,0.0083541380635503426,2998,0,2,240,84.378299999999925,1188.3889999999999,contact-islands-safety-and-shape,terminal-1s-shape-0.10-edge
2026-10-05_0800_ddr5-4800_threads-1-2-3-4-5-6-8-10-12-14-16-24_r5,box3d,2,1,1,1,evaluated,0.10000000000000001,0,0,0,0,2,300,0,0,0,0,0.016666666666666666,0,0,0,0,0,rest_envelope,0.008358977279741886,2998,0,2,51,90.610900000000015,1189.5929000000001,contact-islands-safety-and-shape,terminal-1s-shape-0.10-edge
2026-10-05_0800_ddr5-4800_threads-1-2-3-4-5-6-8-10-12-14-16-24_r5,box3d,2,1,1,1,evaluated,0.10000000000000001,0,0,0,0,2,300,0,0,0,0,0.016666666666666666,0,0,0,0,0,upward_excursion,0.0016865730285644531,192,0,1,5,90.610900000000015,1189.5929000000001,contact-islands-safety-and-shape,terminal-1s-shape-0.10-edge
2026-10-05_0800_ddr5-4800_threads-1-2-3-4-5-6-8-10-12-14-16-24_r5,box3d,2,1,1,1,evaluated,0.10000000000000001,0,0,0,0,2,300,0,0,0,0,0.016666666666666666,0,0,0,0,0,terminal_stack_shape_excess,0.0083541380635503426,2998,0,2,240,90.610900000000015,1189.5929000000001,contact-islands-safety-and-shape,terminal-1s-shape-0.10-edge
2026-10-05_0800_ddr5-4800_threads-1-2-3-4-5-6-8-10-12-14-16-24_r5,box3d,2,2,1,1,evaluated,0.10000000000000001,0,0,0,0,2,300,0,0,0,0,0.016666666666666666,0,0,0,0,0,rest_envelope,0.008358977279741886,2998,0,2,51,96.329900000000066,1187.1388999999999,contact-islands-safety-and-shape,terminal-1s-shape-0.10-edge
2026-10-05_0800_ddr5-4800_threads-1-2-3-4-5-6-8-10-12-14-16-24_r5,box3d,2,2,1,1,evaluated,0.10000000000000001,0,0,0,0,2,300,0,0,0,0,0.016666666666666666,0,0,0,0,0,upward_excursion,0.0016865730285644531,192,0,1,5,96.329900000000066,1187.1388999999999,contact-islands-safety-and-shape,terminal-1s-shape-0.10-edge
2026-10-05_0800_ddr5-4800_threads-1-2-3-4-5-6-8-10-12-14-16-24_r5,box3d,2,2,1,1,evaluated,0.10000000000000001,0,0,0,0,2,300,0,0,0,0,0.016666666666666666,0,0,0,0,0,terminal_stack_shape_excess,0.0083541380635503426,2998,0,2,240,96.329900000000066,1187.1388999999999,contact-islands-safety-and-shape,terminal-1s-shape-0.10-edge
2026-10-05_0800_ddr5-4800_threads-1-2-3-4-5-6-8-10-12-14-16-24_r5,box3d,2,3,1,1,evaluated,0.10000000000000001,0,0,0,0,2,300,0,0,0,0,0.016666666666666666,0,0,0,0,0,rest_envelope,0.008358977279741886,2998,0,2,51,104.16370000000003,1182.2692,contact-islands-safety-and-shape,terminal-1s-shape-0.10-edge
2026-10-05_0800_ddr5-4800_threads-1-2-3-4-5-6-8-10-12-14-16-24_r5,box3d,2,3,1,1,evaluated,0.10000000000000001,0,0,0,0,2,300,0,0,0,0,0.016666666666666666,0,0,0,0,0,upward_excursion,0.0016865730285644531,192,0,1,5,104.16370000000003,1182.2692,contact-islands-safety-and-shape,terminal-1s-shape-0.10-edge
2026-10-05_0800_ddr5-4800_threads-1-2-3-4-5-6-8-10-12-14-16-24_r5,box3d,2,3,1,1,evaluated,0.10000000000000001,0,0,0,0,2,300,0,0,0,0,0.016666666666666666,0,0,0,0,0,terminal_stack_shape_excess,0.0083541380635503426,2998,0,2,240,104.16370000000003,1182.2692,contact-islands-safety-and-shape,terminal-1s-shape-0.10-edge
2026-10-05_0800_ddr5-4800_threads-1-2-3-4-5-6-8-10-12-14-16-24_r5,box3d,2,4,1,1,evaluated,0.10000000000000001,0,0,0,0,2,300,0,0,0,0,0.016666666666666666,0,0,0,0,0,rest_envelope,0.008358977279741886,2998,0,2,51,79.545500000000089,1182.6344999999999,contact-islands-safety-and-shape,terminal-1s-shape-0.10-edge
2026-10-05_0800_ddr5-4800_threads-1-2-3-4-5-6-8-10-12-14-16-24_r5,box3d,2,4,1,1,evaluated,0.10000000000000001,0,0,0,0,2,300,0,0,0,0,0.016666666666666666,0,0,0,0,0,upward_excursion,0.0016865730285644531,192,0,1,5,79.545500000000089,1182.6344999999999,contact-islands-safety-and-shape,terminal-1s-shape-0.10-edge
2026-10-05_0800_ddr5-4800_threads-1-2-3-4-5-6-8-10-12-14-16-24_r5,box3d,2,4,1,1,evaluated,0.10000000000000001,0,0,0,0,2,300,0,0,0,0,0.016666666666666666,0,0,0,0,0,terminal_stack_shape_excess,0.0083541380635503426,2998,0,2,240,79.545500000000089,1182.6344999999999,contact-islands-safety-and-shape,terminal-1s-shape-0.10-edge
2026-10-05_0800_ddr5-4800_threads-1-2-3-4-5-6-8-10-12-14-16-24_r5,box3d,3,0,1,1,evaluated,0.10000000000000001,0,0,0,0,2,300,0,0,0,0,0.016666666666666666,0,0,0,0,0,rest_envelope,0.008358977279741886,2998,0,2,51,78.386899999999997,1189.1242999999999,contact-islands-safety-and-shape,terminal-1s-shape-0.10-edge
2026-10-05_0800_ddr5-4800_threads-1-2-3-4-5-6-8-10-12-14-16-24_r5,box3d,3,0,1,1,evaluated,0.10000000000000001,0,0,0,0,2,300,0,0,0,0,0.016666666666666666,0,0,0,0,0,upward_excursion,0.0016865730285644531,192,0,1,5,78.386899999999997,1189.1242999999999,contact-islands-safety-and-shape,terminal-1s-shape-0.10-edge
2026-10-05_0800_ddr5-4800_threads-1-2-3-4-5-6-8-10-12-14-16-24_r5,box3d,3,0,1,1,evaluated,0.10000000000000001,0,0,0,0,2,300,0,0,0,0,0.016666666666666666,0,0,0,0,0,terminal_stack_shape_excess,0.0083541380635503426,2998,0,2,240,78.386899999999997,1189.1242999999999,contact-islands-safety-and-shape,terminal-1s-shape-0.10-edge
2026-10-05_0800_ddr5-4800_threads-1-2-3-4-5-6-8-10-12-14-16-24_r5,box3d,3,1,1,1,evaluated,0.10000000000000001,0,0,0,0,2,300,0,0,0,0,0.016666666666666666,0,0,0,0,0,rest_envelope,0.008358977279741886,2998,0,2,51,74.415500000000023,1181.8812,contact-islands-safety-and-shape,terminal-1s-shape-0.10-edge
2026-10-05_0800_ddr5-4800_threads-1-2-3-4-5-6-8-10-12-14-16-24_r5,box3d,3,1,1,1,evaluated,0.10000000000000001,0,0,0,0,2,300,0,0,0,0,0.016666666666666666,0,0,0,0,0,upward_excursion,0.0016865730285644531,192,0,1,5,74.415500000000023,1181.8812,contact-islands-safety-and-shape,terminal-1s-shape-0.10-edge
2026-10-05_0800_ddr5-4800_threads-1-2-3-4-5-6-8-10-12-14-16-24_r5,box3d,3,1,1,1,evaluated,0.10000000000000001,0,0,0,0,2,300,0,0,0,0,0.016666666666666666,0,0,0,0,0,terminal_stack_shape_excess,0.0083541380635503426,2998,0,2,240,74.415500000000023,1181.8812,contact-islands-safety-and-shape,terminal-1s-shape-0.10-edge
2026-10-05_0800_ddr5-4800_threads-1-2-3-4-5-6-8-10-12-14-16-24_r5,box3d,3,2,1,1,evaluated,0.10000000000000001,0,0,0,0,2,300,0,0,0,0,0.016666666666666666,0,0,0,0,0,rest_envelope,0.008358977279741886,2998,0,2,51,83.946899999999985,1185.3856000000001,contact-islands-safety-and-shape,terminal-1s-shape-0.10-edge
2026-10-05_0800_ddr5-4800_threads-1-2-3-4-5-6-8-10-12-14-16-24_r5,box3d,3,2,1,1,evaluated,0.10000000000000001,0,0,0,0,2,300,0,0,0,0,0.016666666666666666,0,0,0,0,0,upward_excursion,0.0016865730285644531,192,0,1,5,83.946899999999985,1185.3856000000001,contact-islands-safety-and-shape,terminal-1s-shape-0.10-edge
2026-10-05_0800_ddr5-4800_threads-1-2-3-4-5-6-8-10-12-14-16-24_r5,box3d,3,2,1,1,evaluated,0.10000000000000001,0,0,0,0,2,300,0,0,0,0,0.016666666666666666,0,0,0,0,0,terminal_stack_shape_excess,0.0083541380635503426,2998,0,2,240,83.946899999999985,1185.3856000000001,contact-islands-safety-and-shape,terminal-1s-shape-0.10-edge
2026-10-05_0800_ddr5-4800_threads-1-2-3-4-5-6-8-10-12-14-16-24_r5,box3d,3,3,1,1,evaluated,0.10000000000000001,0,0,0,0,2,300,0,0,0,0,0.016666666666666666,0,0,0,0,0,rest_envelope,0.008358977279741886,2998,0,2,51,75.813200000000023,1182.8973000000001,contact-islands-safety-and-shape,terminal-1s-shape-0.10-edge
2026-10-05_0800_ddr5-4800_threads-1-2-3-4-5-6-8-10-12-14-16-24_r5,box3d,3,3,1,1,evaluated,0.10000000000000001,0,0,0,0,2,300,0,0,0,0,0.016666666666666666,0,0,0,0,0,upward_excursion,0.0016865730285644531,192,0,1,5,75.813200000000023,1182.8973000000001,contact-islands-safety-and-shape,terminal-1s-shape-0.10-edge
2026-10-05_0800_ddr5-4800_threads-1-2-3-4-5-6-8-10-12-14-16-24_r5,box3d,3,3,1,1,evaluated,0.10000000000000001,0,0,0,0,2,300,0,0,0,0,0.016666666666666666,0,0,0,0,0,terminal_stack_shape_excess,0.0083541380635503426,2998,0,2,240,75.813200000000023,1182.8973000000001,contact-islands-safety-and-shape,terminal-1s-shape-0.10-edge
2026-10-05_0800_ddr5-4800_threads-1-2-3-4-5-6-8-10-12-14-16-24_r5,box3d,3,4,1,1,evaluated,0.10000000000000001,0,0,0,0,2,300,0,0,0,0,0.016666666666666666,0,0,0,0,0,rest_envelope,0.008358977279741886,2998,0,2,51,83.019999999999996,1181.979,contact-islands-safety-and-shape,terminal-1s-shape-0.10-edge
2026-10-05_0800_ddr5-4800_threads-1-2-3-4-5-6-8-10-12-14-16-24_r5,box3d,3,4,1,1,evaluated,0.10000000000000001,0,0,0,0,2,300,0,0,0,0,0.016666666666666666,0,0,0,0,0,upward_excursion,0.0016865730285644531,192,0,1,5,83.019999999999996,1181.979,contact-islands-safety-and-shape,terminal-1s-shape-0.10-edge
2026-10-05_0800_ddr5-4800_threads-1-2-3-4-5-6-8-10-12-14-16-24_r5,box3d,3,4,1,1,evaluated,0.10000000000000001,0,0,0,0,2,300,0,0,0,0,0.016666666666666666,0,0,0,0,0,terminal_stack_shape_excess,0.0083541380635503426,2998,0,2,240,83.019999999999996,1181.979,contact-islands-safety-and-shape,terminal-1s-shape-0.10-edge
2026-10-05_0800_ddr5-4800_threads-1-2-3-4-5-6-8-10-12-14-16-24_r5,box3d,4,0,1,1,evaluated,0.10000000000000001,0,0,0,0,2,300,0,0,0,0,0.016666666666666666,0,0,0,0,0,rest_envelope,0.008358977279741886,2998,0,2,51,73.714999999999961,1183.7285999999999,contact-islands-safety-and-shape,terminal-1s-shape-0.10-edge
2026-10-05_0800_ddr5-4800_threads-1-2-3-4-5-6-8-10-12-14-16-24_r5,box3d,4,0,1,1,evaluated,0.10000000000000001,0,0,0,0,2,300,0,0,0,0,0.016666666666666666,0,0,0,0,0,upward_excursion,0.0016865730285644531,192,0,1,5,73.714999999999961,1183.7285999999999,contact-islands-safety-and-shape,terminal-1s-shape-0.10-edge
2026-10-05_0800_ddr5-4800_threads-1-2-3-4-5-6-8-10-12-14-16-24_r5,box3d,4,0,1,1,evaluated,0.10000000000000001,0,0,0,0,2,300,0,0,0,0,0.016666666666666666,0,0,0,0,0,terminal_stack_shape_excess,0.0083541380635503426,2998,0,2,240,73.714999999999961,1183.7285999999999,contact-islands-safety-and-shape,terminal-1s-shape-0.10-edge
2026-10-05_0800_ddr5-4800_threads-1-2-3-4-5-6-8-10-12-14-16-24_r5,box3d,4,1,1,1,evaluated,0.10000000000000001,0,0,0,0,2,300,0,0,0,0,0.016666666666666666,0,0,0,0,0,rest_envelope,0.008358977279741886,2998,0,2,51,79.441299999999984,1182.8957,contact-islands-safety-and-shape,terminal-1s-shape-0.10-edge
2026-10-05_0800_ddr5-4800_threads-1-2-3-4-5-6-8-10-12-14-16-24_r5,box3d,4,1,1,1,evaluated,0.10000000000000001,0,0,0,0,2,300,0,0,0,0,0.016666666666666666,0,0,0,0,0,upward_excursion,0.0016865730285644531,192,0,1,5,79.441299999999984,1182.8957,contact-islands-safety-and-shape,terminal-1s-shape-0.10-edge
2026-10-05_0800_ddr5-4800_threads-1-2-3-4-5-6-8-10-12-14-16-24_r5,box3d,4,1,1,1,evaluated,0.10000000000000001,0,0,0,0,2,300,0,0,0,0,0.016666666666666666,0,0,0,0,0,terminal_stack_shape_excess,0.0083541380635503426,2998,0,2,240,79.441299999999984,1182.8957,contact-islands-safety-and-shape,terminal-1s-shape-0.10-edge
2026-10-05_0800_ddr5-4800_threads-1-2-3-4-5-6-8-10-12-14-16-24_r5,box3d,4,2,1,1,evaluated,0.10000000000000001,0,0,0,0,2,300,0,0,0,0,0.016666666666666666,0,0,0,0,0,rest_envelope,0.008358977279741886,2998,0,2,51,79.537700000000072,1182.9875999999999,contact-islands-safety-and-shape,terminal-1s-shape-0.10-edge
2026-10-05_0800_ddr5-4800_threads-1-2-3-4-5-6-8-10-12-14-16-24_r5,box3d,4,2,1,1,evaluated,0.10000000000000001,0,0,0,0,2,300,0,0,0,0,0.016666666666666666,0,0,0,0,0,upward_excursion,0.0016865730285644531,192,0,1,5,79.537700000000072,1182.9875999999999,contact-islands-safety-and-shape,terminal-1s-shape-0.10-edge
2026-10-05_0800_ddr5-4800_threads-1-2-3-4-5-6-8-10-12-14-16-24_r5,box3d,4,2,1,1,evaluated,0.10000000000000001,0,0,0,0,2,300,0,0,0,0,0.016666666666666666,0,0,0,0,0,terminal_stack_shape_excess,0.0083541380635503426,2998,0,2,240,79.537700000000072,1182.9875999999999,contact-islands-safety-and-shape,terminal-1s-shape-0.10-edge
2026-10-05_0800_ddr5-4800_threads-1-2-3-4-5-6-8-10-12-14-16-24_r5,box3d,4,3,1,1,evaluated,0.10000000000000001,0,0,0,0,2,300,0,0,0,0,0.016666666666666666,0,0,0,0,0,rest_envelope,0.008358977279741886,2998,0,2,51,75.243399999999951,1182.6045999999999,contact-islands-safety-and-shape,terminal-1s-shape-0.10-edge
2026-10-05_0800_ddr5-4800_threads-1-2-3-4-5-6-8-10-12-14-16-24_r5,box3d,4,3,1,1,evaluated,0.10000000000000001,0,0,0,0,2,300,0,0,0,0,0.016666666666666666,0,0,0,0,0,upward_excursion,0.0016865730285644531,192,0,1,5,75.243399999999951,1182.6045999999999,contact-islands-safety-and-shape,terminal-1s-shape-0.10-edge
2026-10-05_0800_ddr5-4800_threads-1-2-3-4-5-6-8-10-12-14-16-24_r5,box3d,4,3,1,1,evaluated,0.10000000000000001,0,0,0,0,2,300,0,0,0,0,0.016666666666666666,0,0,0,0,0,terminal_stack_shape_excess,0.0083541380635503426,2998,0,2,240,75.243399999999951,1182.6045999999999,contact-islands-safety-and-shape,terminal-1s-shape-0.10-edge
2026-10-05_0800_ddr5-4800_threads-1-2-3-4-5-6-8-10-12-14-16-24_r5,box3d,4,4,1,1,evaluated,0.10000000000000001,0,0,0,0,2,300,0,0,0,0,0.016666666666666666,0,0,0,0,0,rest_envelope,0.008358977279741886,2998,0,2,51,77.563000000000031,1188.0630000000001,contact-islands-safety-and-shape,terminal-1s-shape-0.10-edge
2026-10-05_0800_ddr5-4800_threads-1-2-3-4-5-6-8-10-12-14-16-24_r5,box3d,4,4,1,1,evaluated,0.10000000000000001,0,0,0,0,2,300,0,0,0,0,0.016666666666666666,0,0,0,0,0,upward_excursion,0.0016865730285644531,192,0,1,5,77.563000000000031,1188.0630000000001,contact-islands-safety-and-shape,terminal-1s-shape-0.10-edge
2026-10-05_0800_ddr5-4800_threads-1-2-3-4-5-6-8-10-12-14-16-24_r5,box3d,4,4,1,1,evaluated,0.10000000000000001,0,0,0,0,2,300,0,0,0,0,0.016666666666666666,0,0,0,0,0,terminal_stack_shape_excess,0.0083541380635503426,2998,0,2,240,77.563000000000031,1188.0630000000001,contact-islands-safety-and-shape,terminal-1s-shape-0.10-edge
2026-10-05_0800_ddr5-4800_threads-1-2-3-4-5-6-8-10-12-14-16-24_r5,box3d,5,0,1,1,evaluated,0.10000000000000001,0,0,0,0,2,300,0,0,0,0,0.016666666666666666,0,0,0,0,0,rest_envelope,0.008358977279741886,2998,0,2,51,75.739700000000056,1183.6560999999999,contact-islands-safety-and-shape,terminal-1s-shape-0.10-edge
2026-10-05_0800_ddr5-4800_threads-1-2-3-4-5-6-8-10-12-14-16-24_r5,box3d,5,0,1,1,evaluated,0.10000000000000001,0,0,0,0,2,300,0,0,0,0,0.016666666666666666,0,0,0,0,0,upward_excursion,0.0016865730285644531,192,0,1,5,75.739700000000056,1183.6560999999999,contact-islands-safety-and-shape,terminal-1s-shape-0.10-edge
2026-10-05_0800_ddr5-4800_threads-1-2-3-4-5-6-8-10-12-14-16-24_r5,box3d,5,0,1,1,evaluated,0.10000000000000001,0,0,0,0,2,300,0,0,0,0,0.016666666666666666,0,0,0,0,0,terminal_stack_shape_excess,0.0083541380635503426,2998,0,2,240,75.739700000000056,1183.6560999999999,contact-islands-safety-and-shape,terminal-1s-shape-0.10-edge
2026-10-05_0800_ddr5-4800_threads-1-2-3-4-5-6-8-10-12-14-16-24_r5,box3d,5,1,1,1,evaluated,0.10000000000000001,0,0,0,0,2,300,0,0,0,0,0.016666666666666666,0,0,0,0,0,rest_envelope,0.008358977279741886,2998,0,2,51,76.965700000000012,1184.2393,contact-islands-safety-and-shape,terminal-1s-shape-0.10-edge
2026-10-05_0800_ddr5-4800_threads-1-2-3-4-5-6-8-10-12-14-16-24_r5,box3d,5,1,1,1,evaluated,0.10000000000000001,0,0,0,0,2,300,0,0,0,0,0.016666666666666666,0,0,0,0,0,upward_excursion,0.0016865730285644531,192,0,1,5,76.965700000000012,1184.2393,contact-islands-safety-and-shape,terminal-1s-shape-0.10-edge
2026-10-05_0800_ddr5-4800_threads-1-2-3-4-5-6-8-10-12-14-16-24_r5,box3d,5,1,1,1,evaluated,0.10000000000000001,0,0,0,0,2,300,0,0,0,0,0.016666666666666666,0,0,0,0,0,terminal_stack_shape_excess,0.0083541380635503426,2998,0,2,240,76.965700000000012,1184.2393,contact-islands-safety-and-shape,terminal-1s-shape-0.10-edge
2026-10-05_0800_ddr5-4800_threads-1-2-3-4-5-6-8-10-12-14-16-24_r5,box3d,5,2,1,1,evaluated,0.10000000000000001,0,0,0,0,2,300,0,0,0,0,0.016666666666666666,0,0,0,0,0,rest_envelope,0.008358977279741886,2998,0,2,51,75.513899999999978,1182.0943,contact-islands-safety-and-shape,terminal-1s-shape-0.10-edge
2026-10-05_0800_ddr5-4800_threads-1-2-3-4-5-6-8-10-12-14-16-24_r5,box3d,5,2,1,1,evaluated,0.10000000000000001,0,0,0,0,2,300,0,0,0,0,0.016666666666666666,0,0,0,0,0,upward_excursion,0.0016865730285644531,192,0,1,5,75.513899999999978,1182.0943,contact-islands-safety-and-shape,terminal-1s-shape-0.10-edge
2026-10-05_0800_ddr5-4800_threads-1-2-3-4-5-6-8-10-12-14-16-24_r5,box3d,5,2,1,1,evaluated,0.10000000000000001,0,0,0,0,2,300,0,0,0,0,0.016666666666666666,0,0,0,0,0,terminal_stack_shape_excess,0.0083541380635503426,2998,0,2,240,75.513899999999978,1182.0943,contact-islands-safety-and-shape,terminal-1s-shape-0.10-edge
2026-10-05_0800_ddr5-4800_threads-1-2-3-4-5-6-8-10-12-14-16-24_r5,box3d,5,3,1,1,evaluated,0.10000000000000001,0,0,0,0,2,300,0,0,0,0,0.016666666666666666,0,0,0,0,0,rest_envelope,0.008358977279741886,2998,0,2,51,76.160099999999971,1183.1829,contact-islands-safety-and-shape,terminal-1s-shape-0.10-edge
2026-10-05_0800_ddr5-4800_threads-1-2-3-4-5-6-8-10-12-14-16-24_r5,box3d,5,3,1,1,evaluated,0.10000000000000001,0,0,0,0,2,300,0,0,0,0,0.016666666666666666,0,0,0,0,0,upward_excursion,0.0016865730285644531,192,0,1,5,76.160099999999971,1183.1829,contact-islands-safety-and-shape,terminal-1s-shape-0.10-edge
2026-10-05_0800_ddr5-4800_threads-1-2-3-4-5-6-8-10-12-14-16-24_r5,box3d,5,3,1,1,evaluated,0.10000000000000001,0,0,0,0,2,300,0,0,0,0,0.016666666666666666,0,0,0,0,0,terminal_stack_shape_excess,0.0083541380635503426,2998,0,2,240,76.160099999999971,1183.1829,contact-islands-safety-and-shape,terminal-1s-shape-0.10-edge
2026-10-05_0800_ddr5-4800_threads-1-2-3-4-5-6-8-10-12-14-16-24_r5,box3d,5,4,1,1,evaluated,0.10000000000000001,0,0,0,0,2,300,0,0,0,0,0.016666666666666666,0,0,0,0,0,rest_envelope,0.008358977279741886,2998,0,2,51,73.924999999999997,1184.0530000000001,contact-islands-safety-and-shape,terminal-1s-shape-0.10-edge
2026-10-05_0800_ddr5-4800_threads-1-2-3-4-5-6-8-10-12-14-16-24_r5,box3d,5,4,1,1,evaluated,0.10000000000000001,0,0,0,0,2,300,0,0,0,0,0.016666666666666666,0,0,0,0,0,upward_excursion,0.0016865730285644531,192,0,1,5,73.924999999999997,1184.0530000000001,contact-islands-safety-and-shape,terminal-1s-shape-0.10-edge
2026-10-05_0800_ddr5-4800_threads-1-2-3-4-5-6-8-10-12-14-16-24_r5,box3d,5,4,1,1,evaluated,0.10000000000000001,0,0,0,0,2,300,0,0,0,0,0.016666666666666666,0,0,0,0,0,terminal_stack_shape_excess,0.0083541380635503426,2998,0,2,240,73.924999999999997,1184.0530000000001,contact-islands-safety-and-shape,terminal-1s-shape-0.10-edge
2026-10-05_0800_ddr5-4800_threads-1-2-3-4-5-6-8-10-12-14-16-24_r5,box3d,6,0,1,1,evaluated,0.10000000000000001,0,0,0,0,2,300,0,0,0,0,0.016666666666666666,0,0,0,0,0,rest_envelope,0.008358977279741886,2998,0,2,51,74.658299999999983,1182.6668,contact-islands-safety-and-shape,terminal-1s-shape-0.10-edge
2026-10-05_0800_ddr5-4800_threads-1-2-3-4-5-6-8-10-12-14-16-24_r5,box3d,6,0,1,1,evaluated,0.10000000000000001,0,0,0,0,2,300,0,0,0,0,0.016666666666666666,0,0,0,0,0,upward_excursion,0.0016865730285644531,192,0,1,5,74.658299999999983,1182.6668,contact-islands-safety-and-shape,terminal-1s-shape-0.10-edge
2026-10-05_0800_ddr5-4800_threads-1-2-3-4-5-6-8-10-12-14-16-24_r5,box3d,6,0,1,1,evaluated,0.10000000000000001,0,0,0,0,2,300,0,0,0,0,0.016666666666666666,0,0,0,0,0,terminal_stack_shape_excess,0.0083541380635503426,2998,0,2,240,74.658299999999983,1182.6668,contact-islands-safety-and-shape,terminal-1s-shape-0.10-edge
2026-10-05_0800_ddr5-4800_threads-1-2-3-4-5-6-8-10-12-14-16-24_r5,box3d,6,1,1,1,evaluated,0.10000000000000001,0,0,0,0,2,300,0,0,0,0,0.016666666666666666,0,0,0,0,0,rest_envelope,0.008358977279741886,2998,0,2,51,74.295799999999915,1185.4033999999999,contact-islands-safety-and-shape,terminal-1s-shape-0.10-edge
2026-10-05_0800_ddr5-4800_threads-1-2-3-4-5-6-8-10-12-14-16-24_r5,box3d,6,1,1,1,evaluated,0.10000000000000001,0,0,0,0,2,300,0,0,0,0,0.016666666666666666,0,0,0,0,0,upward_excursion,0.0016865730285644531,192,0,1,5,74.295799999999915,1185.4033999999999,contact-islands-safety-and-shape,terminal-1s-shape-0.10-edge
2026-10-05_0800_ddr5-4800_threads-1-2-3-4-5-6-8-10-12-14-16-24_r5,box3d,6,1,1,1,evaluated,0.10000000000000001,0,0,0,0,2,300,0,0,0,0,0.016666666666666666,0,0,0,0,0,terminal_stack_shape_excess,0.0083541380635503426,2998,0,2,240,74.295799999999915,1185.4033999999999,contact-islands-safety-and-shape,terminal-1s-shape-0.10-edge
2026-10-05_0800_ddr5-4800_threads-1-2-3-4-5-6-8-10-12-14-16-24_r5,box3d,6,2,1,1,evaluated,0.10000000000000001,0,0,0,0,2,300,0,0,0,0,0.016666666666666666,0,0,0,0,0,rest_envelope,0.008358977279741886,2998,0,2,51,74.197299999999998,1181.4757999999999,contact-islands-safety-and-shape,terminal-1s-shape-0.10-edge
2026-10-05_0800_ddr5-4800_threads-1-2-3-4-5-6-8-10-12-14-16-24_r5,box3d,6,2,1,1,evaluated,0.10000000000000001,0,0,0,0,2,300,0,0,0,0,0.016666666666666666,0,0,0,0,0,upward_excursion,0.0016865730285644531,192,0,1,5,74.197299999999998,1181.4757999999999,contact-islands-safety-and-shape,terminal-1s-shape-0.10-edge
2026-10-05_0800_ddr5-4800_threads-1-2-3-4-5-6-8-10-12-14-16-24_r5,box3d,6,2,1,1,evaluated,0.10000000000000001,0,0,0,0,2,300,0,0,0,0,0.016666666666666666,0,0,0,0,0,terminal_stack_shape_excess,0.0083541380635503426,2998,0,2,240,74.197299999999998,1181.4757999999999,contact-islands-safety-and-shape,terminal-1s-shape-0.10-edge
2026-10-05_0800_ddr5-4800_threads-1-2-3-4-5-6-8-10-12-14-16-24_r5,box3d,6,3,1,1,evaluated,0.10000000000000001,0,0,0,0,2,300,0,0,0,0,0.016666666666666666,0,0,0,0,0,rest_envelope,0.008358977279741886,2998,0,2,51,74.701299999999961,1191.3986,contact-islands-safety-and-shape,terminal-1s-shape-0.10-edge
2026-10-05_0800_ddr5-4800_threads-1-2-3-4-5-6-8-10-12-14-16-24_r5,box3d,6,3,1,1,evaluated,0.10000000000000001,0,0,0,0,2,300,0,0,0,0,0.016666666666666666,0,0,0,0,0,upward_excursion,0.0016865730285644531,192,0,1,5,74.701299999999961,1191.3986,contact-islands-safety-and-shape,terminal-1s-shape-0.10-edge
2026-10-05_0800_ddr5-4800_threads-1-2-3-4-5-6-8-10-12-14-16-24_r5,box3d,6,3,1,1,evaluated,0.10000000000000001,0,0,0,0,2,300,0,0,0,0,0.016666666666666666,0,0,0,0,0,terminal_stack_shape_excess,0.0083541380635503426,2998,0,2,240,74.701299999999961,1191.3986,contact-islands-safety-and-shape,terminal-1s-shape-0.10-edge
2026-10-05_0800_ddr5-4800_threads-1-2-3-4-5-6-8-10-12-14-16-24_r5,box3d,6,4,1,1,evaluated,0.10000000000000001,0,0,0,0,2,300,0,0,0,0,0.016666666666666666,0,0,0,0,0,rest_envelope,0.008358977279741886,2998,0,2,51,76.051099999999963,1185.2189000000001,contact-islands-safety-and-shape,terminal-1s-shape-0.10-edge
2026-10-05_0800_ddr5-4800_threads-1-2-3-4-5-6-8-10-12-14-16-24_r5,box3d,6,4,1,1,evaluated,0.10000000000000001,0,0,0,0,2,300,0,0,0,0,0.016666666666666666,0,0,0,0,0,upward_excursion,0.0016865730285644531,192,0,1,5,76.051099999999963,1185.2189000000001,contact-islands-safety-and-shape,terminal-1s-shape-0.10-edge
2026-10-05_0800_ddr5-4800_threads-1-2-3-4-5-6-8-10-12-14-16-24_r5,box3d,6,4,1,1,evaluated,0.10000000000000001,0,0,0,0,2,300,0,0,0,0,0.016666666666666666,0,0,0,0,0,terminal_stack_shape_excess,0.0083541380635503426,2998,0,2,240,76.051099999999963,1185.2189000000001,contact-islands-safety-and-shape,terminal-1s-shape-0.10-edge
2026-10-05_0800_ddr5-4800_threads-1-2-3-4-5-6-8-10-12-14-16-24_r5,box3d,8,0,1,1,evaluated,0.10000000000000001,0,0,0,0,2,300,0,0,0,0,0.016666666666666666,0,0,0,0,0,rest_envelope,0.008358977279741886,2998,0,2,51,75.425200000000004,1182.8085000000001,contact-islands-safety-and-shape,terminal-1s-shape-0.10-edge
2026-10-05_0800_ddr5-4800_threads-1-2-3-4-5-6-8-10-12-14-16-24_r5,box3d,8,0,1,1,evaluated,0.10000000000000001,0,0,0,0,2,300,0,0,0,0,0.016666666666666666,0,0,0,0,0,upward_excursion,0.0016865730285644531,192,0,1,5,75.425200000000004,1182.8085000000001,contact-islands-safety-and-shape,terminal-1s-shape-0.10-edge
2026-10-05_0800_ddr5-4800_threads-1-2-3-4-5-6-8-10-12-14-16-24_r5,box3d,8,0,1,1,evaluated,0.10000000000000001,0,0,0,0,2,300,0,0,0,0,0.016666666666666666,0,0,0,0,0,terminal_stack_shape_excess,0.0083541380635503426,2998,0,2,240,75.425200000000004,1182.8085000000001,contact-islands-safety-and-shape,terminal-1s-shape-0.10-edge
2026-10-05_0800_ddr5-4800_threads-1-2-3-4-5-6-8-10-12-14-16-24_r5,box3d,8,1,1,1,evaluated,0.10000000000000001,0,0,0,0,2,300,0,0,0,0,0.016666666666666666,0,0,0,0,0,rest_envelope,0.008358977279741886,2998,0,2,51,73.789999999999935,1182.7289000000001,contact-islands-safety-and-shape,terminal-1s-shape-0.10-edge
2026-10-05_0800_ddr5-4800_threads-1-2-3-4-5-6-8-10-12-14-16-24_r5,box3d,8,1,1,1,evaluated,0.10000000000000001,0,0,0,0,2,300,0,0,0,0,0.016666666666666666,0,0,0,0,0,upward_excursion,0.0016865730285644531,192,0,1,5,73.789999999999935,1182.7289000000001,contact-islands-safety-and-shape,terminal-1s-shape-0.10-edge
2026-10-05_0800_ddr5-4800_threads-1-2-3-4-5-6-8-10-12-14-16-24_r5,box3d,8,1,1,1,evaluated,0.10000000000000001,0,0,0,0,2,300,0,0,0,0,0.016666666666666666,0,0,0,0,0,terminal_stack_shape_excess,0.0083541380635503426,2998,0,2,240,73.789999999999935,1182.7289000000001,contact-islands-safety-and-shape,terminal-1s-shape-0.10-edge
2026-10-05_0800_ddr5-4800_threads-1-2-3-4-5-6-8-10-12-14-16-24_r5,box3d,8,2,1,1,evaluated,0.10000000000000001,0,0,0,0,2,300,0,0,0,0,0.016666666666666666,0,0,0,0,0,rest_envelope,0.008358977279741886,2998,0,2,51,73.654600000000059,1181.8818000000001,contact-islands-safety-and-shape,terminal-1s-shape-0.10-edge
2026-10-05_0800_ddr5-4800_threads-1-2-3-4-5-6-8-10-12-14-16-24_r5,box3d,8,2,1,1,evaluated,0.10000000000000001,0,0,0,0,2,300,0,0,0,0,0.016666666666666666,0,0,0,0,0,upward_excursion,0.0016865730285644531,192,0,1,5,73.654600000000059,1181.8818000000001,contact-islands-safety-and-shape,terminal-1s-shape-0.10-edge
2026-10-05_0800_ddr5-4800_threads-1-2-3-4-5-6-8-10-12-14-16-24_r5,box3d,8,2,1,1,evaluated,0.10000000000000001,0,0,0,0,2,300,0,0,0,0,0.016666666666666666,0,0,0,0,0,terminal_stack_shape_excess,0.0083541380635503426,2998,0,2,240,73.654600000000059,1181.8818000000001,contact-islands-safety-and-shape,terminal-1s-shape-0.10-edge
2026-10-05_0800_ddr5-4800_threads-1-2-3-4-5-6-8-10-12-14-16-24_r5,box3d,8,3,1,1,evaluated,0.10000000000000001,0,0,0,0,2,300,0,0,0,0,0.016666666666666666,0,0,0,0,0,rest_envelope,0.008358977279741886,2998,0,2,51,74.628099999999947,1181.5023000000001,contact-islands-safety-and-shape,terminal-1s-shape-0.10-edge
2026-10-05_0800_ddr5-4800_threads-1-2-3-4-5-6-8-10-12-14-16-24_r5,box3d,8,3,1,1,evaluated,0.10000000000000001,0,0,0,0,2,300,0,0,0,0,0.016666666666666666,0,0,0,0,0,upward_excursion,0.0016865730285644531,192,0,1,5,74.628099999999947,1181.5023000000001,contact-islands-safety-and-shape,terminal-1s-shape-0.10-edge
2026-10-05_0800_ddr5-4800_threads-1-2-3-4-5-6-8-10-12-14-16-24_r5,box3d,8,3,1,1,evaluated,0.10000000000000001,0,0,0,0,2,300,0,0,0,0,0.016666666666666666,0,0,0,0,0,terminal_stack_shape_excess,0.0083541380635503426,2998,0,2,240,74.628099999999947,1181.5023000000001,contact-islands-safety-and-shape,terminal-1s-shape-0.10-edge
2026-10-05_0800_ddr5-4800_threads-1-2-3-4-5-6-8-10-12-14-16-24_r5,box3d,8,4,1,1,evaluated,0.10000000000000001,0,0,0,0,2,300,0,0,0,0,0.016666666666666666,0,0,0,0,0,rest_envelope,0.008358977279741886,2998,0,2,51,75.515599999999992,1182.8615,contact-islands-safety-and-shape,terminal-1s-shape-0.10-edge
2026-10-05_0800_ddr5-4800_threads-1-2-3-4-5-6-8-10-12-14-16-24_r5,box3d,8,4,1,1,evaluated,0.10000000000000001,0,0,0,0,2,300,0,0,0,0,0.016666666666666666,0,0,0,0,0,upward_excursion,0.0016865730285644531,192,0,1,5,75.515599999999992,1182.8615,contact-islands-safety-and-shape,terminal-1s-shape-0.10-edge
2026-10-05_0800_ddr5-4800_threads-1-2-3-4-5-6-8-10-12-14-16-24_r5,box3d,8,4,1,1,evaluated,0.10000000000000001,0,0,0,0,2,300,0,0,0,0,0.016666666666666666,0,0,0,0,0,terminal_stack_shape_excess,0.0083541380635503426,2998,0,2,240,75.515599999999992,1182.8615,contact-islands-safety-and-shape,terminal-1s-shape-0.10-edge
2026-10-05_0800_ddr5-4800_threads-1-2-3-4-5-6-8-10-12-14-16-24_r5,box3d,10,0,1,1,evaluated,0.10000000000000001,0,0,0,0,2,300,0,0,0,0,0.016666666666666666,0,0,0,0,0,rest_envelope,0.008358977279741886,2998,0,2,51,72.200399999999973,1180.7545,contact-islands-safety-and-shape,terminal-1s-shape-0.10-edge
2026-10-05_0800_ddr5-4800_threads-1-2-3-4-5-6-8-10-12-14-16-24_r5,box3d,10,0,1,1,evaluated,0.10000000000000001,0,0,0,0,2,300,0,0,0,0,0.016666666666666666,0,0,0,0,0,upward_excursion,0.0016865730285644531,192,0,1,5,72.200399999999973,1180.7545,contact-islands-safety-and-shape,terminal-1s-shape-0.10-edge
2026-10-05_0800_ddr5-4800_threads-1-2-3-4-5-6-8-10-12-14-16-24_r5,box3d,10,0,1,1,evaluated,0.10000000000000001,0,0,0,0,2,300,0,0,0,0,0.016666666666666666,0,0,0,0,0,terminal_stack_shape_excess,0.0083541380635503426,2998,0,2,240,72.200399999999973,1180.7545,contact-islands-safety-and-shape,terminal-1s-shape-0.10-edge
2026-10-05_0800_ddr5-4800_threads-1-2-3-4-5-6-8-10-12-14-16-24_r5,box3d,10,1,1,1,evaluated,0.10000000000000001,0,0,0,0,2,300,0,0,0,0,0.016666666666666666,0,0,0,0,0,rest_envelope,0.008358977279741886,2998,0,2,51,75.088899999999938,1183.1504,contact-islands-safety-and-shape,terminal-1s-shape-0.10-edge
2026-10-05_0800_ddr5-4800_threads-1-2-3-4-5-6-8-10-12-14-16-24_r5,box3d,10,1,1,1,evaluated,0.10000000000000001,0,0,0,0,2,300,0,0,0,0,0.016666666666666666,0,0,0,0,0,upward_excursion,0.0016865730285644531,192,0,1,5,75.088899999999938,1183.1504,contact-islands-safety-and-shape,terminal-1s-shape-0.10-edge
2026-10-05_0800_ddr5-4800_threads-1-2-3-4-5-6-8-10-12-14-16-24_r5,box3d,10,1,1,1,evaluated,0.10000000000000001,0,0,0,0,2,300,0,0,0,0,0.016666666666666666,0,0,0,0,0,terminal_stack_shape_excess,0.0083541380635503426,2998,0,2,240,75.088899999999938,1183.1504,contact-islands-safety-and-shape,terminal-1s-shape-0.10-edge
2026-10-05_0800_ddr5-4800_threads-1-2-3-4-5-6-8-10-12-14-16-24_r5,box3d,10,2,1,1,evaluated,0.10000000000000001,0,0,0,0,2,300,0,0,0,0,0.016666666666666666,0,0,0,0,0,rest_envelope,0.008358977279741886,2998,0,2,51,76.407000000000011,1182.2279000000001,contact-islands-safety-and-shape,terminal-1s-shape-0.10-edge
2026-10-05_0800_ddr5-4800_threads-1-2-3-4-5-6-8-10-12-14-16-24_r5,box3d,10,2,1,1,evaluated,0.10000000000000001,0,0,0,0,2,300,0,0,0,0,0.016666666666666666,0,0,0,0,0,upward_excursion,0.0016865730285644531,192,0,1,5,76.407000000000011,1182.2279000000001,contact-islands-safety-and-shape,terminal-1s-shape-0.10-edge
2026-10-05_0800_ddr5-4800_threads-1-2-3-4-5-6-8-10-12-14-16-24_r5,box3d,10,2,1,1,evaluated,0.10000000000000001,0,0,0,0,2,300,0,0,0,0,0.016666666666666666,0,0,0,0,0,terminal_stack_shape_excess,0.0083541380635503426,2998,0,2,240,76.407000000000011,1182.2279000000001,contact-islands-safety-and-shape,terminal-1s-shape-0.10-edge
2026-10-05_0800_ddr5-4800_threads-1-2-3-4-5-6-8-10-12-14-16-24_r5,box3d,10,3,1,1,evaluated,0.10000000000000001,0,0,0,0,2,300,0,0,0,0,0.016666666666666666,0,0,0,0,0,rest_envelope,0.008358977279741886,2998,0,2,51,73.099499999999992,1183.4628,contact-islands-safety-and-shape,terminal-1s-shape-0.10-edge
2026-10-05_0800_ddr5-4800_threads-1-2-3-4-5-6-8-10-12-14-16-24_r5,box3d,10,3,1,1,evaluated,0.10000000000000001,0,0,0,0,2,300,0,0,0,0,0.016666666666666666,0,0,0,0,0,upward_excursion,0.0016865730285644531,192,0,1,5,73.099499999999992,1183.4628,contact-islands-safety-and-shape,terminal-1s-shape-0.10-edge
2026-10-05_0800_ddr5-4800_threads-1-2-3-4-5-6-8-10-12-14-16-24_r5,box3d,10,3,1,1,evaluated,0.10000000000000001,0,0,0,0,2,300,0,0,0,0,0.016666666666666666,0,0,0,0,0,terminal_stack_shape_excess,0.0083541380635503426,2998,0,2,240,73.099499999999992,1183.4628,contact-islands-safety-and-shape,terminal-1s-shape-0.10-edge
2026-10-05_0800_ddr5-4800_threads-1-2-3-4-5-6-8-10-12-14-16-24_r5,box3d,10,4,1,1,evaluated,0.10000000000000001,0,0,0,0,2,300,0,0,0,0,0.016666666666666666,0,0,0,0,0,rest_envelope,0.008358977279741886,2998,0,2,51,73.4191,1181.9827,contact-islands-safety-and-shape,terminal-1s-shape-0.10-edge
2026-10-05_0800_ddr5-4800_threads-1-2-3-4-5-6-8-10-12-14-16-24_r5,box3d,10,4,1,1,evaluated,0.10000000000000001,0,0,0,0,2,300,0,0,0,0,0.016666666666666666,0,0,0,0,0,upward_excursion,0.0016865730285644531,192,0,1,5,73.4191,1181.9827,contact-islands-safety-and-shape,terminal-1s-shape-0.10-edge
2026-10-05_0800_ddr5-4800_threads-1-2-3-4-5-6-8-10-12-14-16-24_r5,box3d,10,4,1,1,evaluated,0.10000000000000001,0,0,0,0,2,300,0,0,0,0,0.016666666666666666,0,0,0,0,0,terminal_stack_shape_excess,0.0083541380635503426,2998,0,2,240,73.4191,1181.9827,contact-islands-safety-and-shape,terminal-1s-shape-0.10-edge
2026-10-05_0800_ddr5-4800_threads-1-2-3-4-5-6-8-10-12-14-16-24_r5,box3d,12,0,1,1,evaluated,0.10000000000000001,0,0,0,0,2,300,0,0,0,0,0.016666666666666666,0,0,0,0,0,rest_envelope,0.008358977279741886,2998,0,2,51,73.900900000000007,1181.7167999999999,contact-islands-safety-and-shape,terminal-1s-shape-0.10-edge
2026-10-05_0800_ddr5-4800_threads-1-2-3-4-5-6-8-10-12-14-16-24_r5,box3d,12,0,1,1,evaluated,0.10000000000000001,0,0,0,0,2,300,0,0,0,0,0.016666666666666666,0,0,0,0,0,upward_excursion,0.0016865730285644531,192,0,1,5,73.900900000000007,1181.7167999999999,contact-islands-safety-and-shape,terminal-1s-shape-0.10-edge
2026-10-05_0800_ddr5-4800_threads-1-2-3-4-5-6-8-10-12-14-16-24_r5,box3d,12,0,1,1,evaluated,0.10000000000000001,0,0,0,0,2,300,0,0,0,0,0.016666666666666666,0,0,0,0,0,terminal_stack_shape_excess,0.0083541380635503426,2998,0,2,240,73.900900000000007,1181.7167999999999,contact-islands-safety-and-shape,terminal-1s-shape-0.10-edge
2026-10-05_0800_ddr5-4800_threads-1-2-3-4-5-6-8-10-12-14-16-24_r5,box3d,12,1,1,1,evaluated,0.10000000000000001,0,0,0,0,2,300,0,0,0,0,0.016666666666666666,0,0,0,0,0,rest_envelope,0.008358977279741886,2998,0,2,51,72.647400000000019,1182.3843999999999,contact-islands-safety-and-shape,terminal-1s-shape-0.10-edge
2026-10-05_0800_ddr5-4800_threads-1-2-3-4-5-6-8-10-12-14-16-24_r5,box3d,12,1,1,1,evaluated,0.10000000000000001,0,0,0,0,2,300,0,0,0,0,0.016666666666666666,0,0,0,0,0,upward_excursion,0.0016865730285644531,192,0,1,5,72.647400000000019,1182.3843999999999,contact-islands-safety-and-shape,terminal-1s-shape-0.10-edge
2026-10-05_0800_ddr5-4800_threads-1-2-3-4-5-6-8-10-12-14-16-24_r5,box3d,12,1,1,1,evaluated,0.10000000000000001,0,0,0,0,2,300,0,0,0,0,0.016666666666666666,0,0,0,0,0,terminal_stack_shape_excess,0.0083541380635503426,2998,0,2,240,72.647400000000019,1182.3843999999999,contact-islands-safety-and-shape,terminal-1s-shape-0.10-edge
2026-10-05_0800_ddr5-4800_threads-1-2-3-4-5-6-8-10-12-14-16-24_r5,box3d,12,2,1,1,evaluated,0.10000000000000001,0,0,0,0,2,300,0,0,0,0,0.016666666666666666,0,0,0,0,0,rest_envelope,0.008358977279741886,2998,0,2,51,73.187399999999982,1182.2533000000001,contact-islands-safety-and-shape,terminal-1s-shape-0.10-edge
2026-10-05_0800_ddr5-4800_threads-1-2-3-4-5-6-8-10-12-14-16-24_r5,box3d,12,2,1,1,evaluated,0.10000000000000001,0,0,0,0,2,300,0,0,0,0,0.016666666666666666,0,0,0,0,0,upward_excursion,0.0016865730285644531,192,0,1,5,73.187399999999982,1182.2533000000001,contact-islands-safety-and-shape,terminal-1s-shape-0.10-edge
2026-10-05_0800_ddr5-4800_threads-1-2-3-4-5-6-8-10-12-14-16-24_r5,box3d,12,2,1,1,evaluated,0.10000000000000001,0,0,0,0,2,300,0,0,0,0,0.016666666666666666,0,0,0,0,0,terminal_stack_shape_excess,0.0083541380635503426,2998,0,2,240,73.187399999999982,1182.2533000000001,contact-islands-safety-and-shape,terminal-1s-shape-0.10-edge
2026-10-05_0800_ddr5-4800_threads-1-2-3-4-5-6-8-10-12-14-16-24_r5,box3d,12,3,1,1,evaluated,0.10000000000000001,0,0,0,0,2,300,0,0,0,0,0.016666666666666666,0,0,0,0,0,rest_envelope,0.008358977279741886,2998,0,2,51,72.835599999999957,1181.7932000000001,contact-islands-safety-and-shape,terminal-1s-shape-0.10-edge
2026-10-05_0800_ddr5-4800_threads-1-2-3-4-5-6-8-10-12-14-16-24_r5,box3d,12,3,1,1,evaluated,0.10000000000000001,0,0,0,0,2,300,0,0,0,0,0.016666666666666666,0,0,0,0,0,upward_excursion,0.0016865730285644531,192,0,1,5,72.835599999999957,1181.7932000000001,contact-islands-safety-and-shape,terminal-1s-shape-0.10-edge
2026-10-05_0800_ddr5-4800_threads-1-2-3-4-5-6-8-10-12-14-16-24_r5,box3d,12,3,1,1,evaluated,0.10000000000000001,0,0,0,0,2,300,0,0,0,0,0.016666666666666666,0,0,0,0,0,terminal_stack_shape_excess,0.0083541380635503426,2998,0,2,240,72.835599999999957,1181.7932000000001,contact-islands-safety-and-shape,terminal-1s-shape-0.10-edge
2026-10-05_0800_ddr5-4800_threads-1-2-3-4-5-6-8-10-12-14-16-24_r5,box3d,12,4,1,1,evaluated,0.10000000000000001,0,0,0,0,2,300,0,0,0,0,0.016666666666666666,0,0,0,0,0,rest_envelope,0.008358977279741886,2998,0,2,51,75.750900000000044,1181.2001,contact-islands-safety-and-shape,terminal-1s-shape-0.10-edge
2026-10-05_0800_ddr5-4800_threads-1-2-3-4-5-6-8-10-12-14-16-24_r5,box3d,12,4,1,1,evaluated,0.10000000000000001,0,0,0,0,2,300,0,0,0,0,0.016666666666666666,0,0,0,0,0,upward_excursion,0.0016865730285644531,192,0,1,5,75.750900000000044,1181.2001,contact-islands-safety-and-shape,terminal-1s-shape-0.10-edge
2026-10-05_0800_ddr5-4800_threads-1-2-3-4-5-6-8-10-12-14-16-24_r5,box3d,12,4,1,1,evaluated,0.10000000000000001,0,0,0,0,2,300,0,0,0,0,0.016666666666666666,0,0,0,0,0,terminal_stack_shape_excess,0.0083541380635503426,2998,0,2,240,75.750900000000044,1181.2001,contact-islands-safety-and-shape,terminal-1s-shape-0.10-edge
2026-10-05_0800_ddr5-4800_threads-1-2-3-4-5-6-8-10-12-14-16-24_r5,box3d,14,0,1,1,evaluated,0.10000000000000001,0,0,0,0,2,300,0,0,0,0,0.016666666666666666,0,0,0,0,0,rest_envelope,0.008358977279741886,2998,0,2,51,73.845800000000068,1182.0447999999999,contact-islands-safety-and-shape,terminal-1s-shape-0.10-edge
2026-10-05_0800_ddr5-4800_threads-1-2-3-4-5-6-8-10-12-14-16-24_r5,box3d,14,0,1,1,evaluated,0.10000000000000001,0,0,0,0,2,300,0,0,0,0,0.016666666666666666,0,0,0,0,0,upward_excursion,0.0016865730285644531,192,0,1,5,73.845800000000068,1182.0447999999999,contact-islands-safety-and-shape,terminal-1s-shape-0.10-edge
2026-10-05_0800_ddr5-4800_threads-1-2-3-4-5-6-8-10-12-14-16-24_r5,box3d,14,0,1,1,evaluated,0.10000000000000001,0,0,0,0,2,300,0,0,0,0,0.016666666666666666,0,0,0,0,0,terminal_stack_shape_excess,0.0083541380635503426,2998,0,2,240,73.845800000000068,1182.0447999999999,contact-islands-safety-and-shape,terminal-1s-shape-0.10-edge
2026-10-05_0800_ddr5-4800_threads-1-2-3-4-5-6-8-10-12-14-16-24_r5,box3d,14,1,1,1,evaluated,0.10000000000000001,0,0,0,0,2,300,0,0,0,0,0.016666666666666666,0,0,0,0,0,rest_envelope,0.008358977279741886,2998,0,2,51,73.671400000000006,1182.0573999999999,contact-islands-safety-and-shape,terminal-1s-shape-0.10-edge
2026-10-05_0800_ddr5-4800_threads-1-2-3-4-5-6-8-10-12-14-16-24_r5,box3d,14,1,1,1,evaluated,0.10000000000000001,0,0,0,0,2,300,0,0,0,0,0.016666666666666666,0,0,0,0,0,upward_excursion,0.0016865730285644531,192,0,1,5,73.671400000000006,1182.0573999999999,contact-islands-safety-and-shape,terminal-1s-shape-0.10-edge
2026-10-05_0800_ddr5-4800_threads-1-2-3-4-5-6-8-10-12-14-16-24_r5,box3d,14,1,1,1,evaluated,0.10000000000000001,0,0,0,0,2,300,0,0,0,0,0.016666666666666666,0,0,0,0,0,terminal_stack_shape_excess,0.0083541380635503426,2998,0,2,240,73.671400000000006,1182.0573999999999,contact-islands-safety-and-shape,terminal-1s-shape-0.10-edge
2026-10-05_0800_ddr5-4800_threads-1-2-3-4-5-6-8-10-12-14-16-24_r5,box3d,14,2,1,1,evaluated,0.10000000000000001,0,0,0,0,2,300,0,0,0,0,0.016666666666666666,0,0,0,0,0,rest_envelope,0.008358977279741886,2998,0,2,51,75.386799999999994,1181.0461,contact-islands-safety-and-shape,terminal-1s-shape-0.10-edge
2026-10-05_0800_ddr5-4800_threads-1-2-3-4-5-6-8-10-12-14-16-24_r5,box3d,14,2,1,1,evaluated,0.10000000000000001,0,0,0,0,2,300,0,0,0,0,0.016666666666666666,0,0,0,0,0,upward_excursion,0.0016865730285644531,192,0,1,5,75.386799999999994,1181.0461,contact-islands-safety-and-shape,terminal-1s-shape-0.10-edge
2026-10-05_0800_ddr5-4800_threads-1-2-3-4-5-6-8-10-12-14-16-24_r5,box3d,14,2,1,1,evaluated,0.10000000000000001,0,0,0,0,2,300,0,0,0,0,0.016666666666666666,0,0,0,0,0,terminal_stack_shape_excess,0.0083541380635503426,2998,0,2,240,75.386799999999994,1181.0461,contact-islands-safety-and-shape,terminal-1s-shape-0.10-edge
2026-10-05_0800_ddr5-4800_threads-1-2-3-4-5-6-8-10-12-14-16-24_r5,box3d,14,3,1,1,evaluated,0.10000000000000001,0,0,0,0,2,300,0,0,0,0,0.016666666666666666,0,0,0,0,0,rest_envelope,0.008358977279741886,2998,0,2,51,72.735100000000003,1181.1310000000001,contact-islands-safety-and-shape,terminal-1s-shape-0.10-edge
2026-10-05_0800_ddr5-4800_threads-1-2-3-4-5-6-8-10-12-14-16-24_r5,box3d,14,3,1,1,evaluated,0.10000000000000001,0,0,0,0,2,300,0,0,0,0,0.016666666666666666,0,0,0,0,0,upward_excursion,0.0016865730285644531,192,0,1,5,72.735100000000003,1181.1310000000001,contact-islands-safety-and-shape,terminal-1s-shape-0.10-edge
2026-10-05_0800_ddr5-4800_threads-1-2-3-4-5-6-8-10-12-14-16-24_r5,box3d,14,3,1,1,evaluated,0.10000000000000001,0,0,0,0,2,300,0,0,0,0,0.016666666666666666,0,0,0,0,0,terminal_stack_shape_excess,0.0083541380635503426,2998,0,2,240,72.735100000000003,1181.1310000000001,contact-islands-safety-and-shape,terminal-1s-shape-0.10-edge
2026-10-05_0800_ddr5-4800_threads-1-2-3-4-5-6-8-10-12-14-16-24_r5,box3d,14,4,1,1,evaluated,0.10000000000000001,0,0,0,0,2,300,0,0,0,0,0.016666666666666666,0,0,0,0,0,rest_envelope,0.008358977279741886,2998,0,2,51,73.378200000000007,1181.8693000000001,contact-islands-safety-and-shape,terminal-1s-shape-0.10-edge
2026-10-05_0800_ddr5-4800_threads-1-2-3-4-5-6-8-10-12-14-16-24_r5,box3d,14,4,1,1,evaluated,0.10000000000000001,0,0,0,0,2,300,0,0,0,0,0.016666666666666666,0,0,0,0,0,upward_excursion,0.0016865730285644531,192,0,1,5,73.378200000000007,1181.8693000000001,contact-islands-safety-and-shape,terminal-1s-shape-0.10-edge
2026-10-05_0800_ddr5-4800_threads-1-2-3-4-5-6-8-10-12-14-16-24_r5,box3d,14,4,1,1,evaluated,0.10000000000000001,0,0,0,0,2,300,0,0,0,0,0.016666666666666666,0,0,0,0,0,terminal_stack_shape_excess,0.0083541380635503426,2998,0,2,240,73.378200000000007,1181.8693000000001,contact-islands-safety-and-shape,terminal-1s-shape-0.10-edge
2026-10-05_0800_ddr5-4800_threads-1-2-3-4-5-6-8-10-12-14-16-24_r5,box3d,16,0,1,1,evaluated,0.10000000000000001,0,0,0,0,2,300,0,0,0,0,0.016666666666666666,0,0,0,0,0,rest_envelope,0.008358977279741886,2998,0,2,51,76.006099999999975,1183.7982,contact-islands-safety-and-shape,terminal-1s-shape-0.10-edge
2026-10-05_0800_ddr5-4800_threads-1-2-3-4-5-6-8-10-12-14-16-24_r5,box3d,16,0,1,1,evaluated,0.10000000000000001,0,0,0,0,2,300,0,0,0,0,0.016666666666666666,0,0,0,0,0,upward_excursion,0.0016865730285644531,192,0,1,5,76.006099999999975,1183.7982,contact-islands-safety-and-shape,terminal-1s-shape-0.10-edge
2026-10-05_0800_ddr5-4800_threads-1-2-3-4-5-6-8-10-12-14-16-24_r5,box3d,16,0,1,1,evaluated,0.10000000000000001,0,0,0,0,2,300,0,0,0,0,0.016666666666666666,0,0,0,0,0,terminal_stack_shape_excess,0.0083541380635503426,2998,0,2,240,76.006099999999975,1183.7982,contact-islands-safety-and-shape,terminal-1s-shape-0.10-edge
2026-10-05_0800_ddr5-4800_threads-1-2-3-4-5-6-8-10-12-14-16-24_r5,box3d,16,1,1,1,evaluated,0.10000000000000001,0,0,0,0,2,300,0,0,0,0,0.016666666666666666,0,0,0,0,0,rest_envelope,0.008358977279741886,2998,0,2,51,73.97829999999999,1183.432,contact-islands-safety-and-shape,terminal-1s-shape-0.10-edge
2026-10-05_0800_ddr5-4800_threads-1-2-3-4-5-6-8-10-12-14-16-24_r5,box3d,16,1,1,1,evaluated,0.10000000000000001,0,0,0,0,2,300,0,0,0,0,0.016666666666666666,0,0,0,0,0,upward_excursion,0.0016865730285644531,192,0,1,5,73.97829999999999,1183.432,contact-islands-safety-and-shape,terminal-1s-shape-0.10-edge
2026-10-05_0800_ddr5-4800_threads-1-2-3-4-5-6-8-10-12-14-16-24_r5,box3d,16,1,1,1,evaluated,0.10000000000000001,0,0,0,0,2,300,0,0,0,0,0.016666666666666666,0,0,0,0,0,terminal_stack_shape_excess,0.0083541380635503426,2998,0,2,240,73.97829999999999,1183.432,contact-islands-safety-and-shape,terminal-1s-shape-0.10-edge
2026-10-05_0800_ddr5-4800_threads-1-2-3-4-5-6-8-10-12-14-16-24_r5,box3d,16,2,1,1,evaluated,0.10000000000000001,0,0,0,0,2,300,0,0,0,0,0.016666666666666666,0,0,0,0,0,rest_envelope,0.008358977279741886,2998,0,2,51,73.956800000000001,1183.7188000000001,contact-islands-safety-and-shape,terminal-1s-shape-0.10-edge
2026-10-05_0800_ddr5-4800_threads-1-2-3-4-5-6-8-10-12-14-16-24_r5,box3d,16,2,1,1,evaluated,0.10000000000000001,0,0,0,0,2,300,0,0,0,0,0.016666666666666666,0,0,0,0,0,upward_excursion,0.0016865730285644531,192,0,1,5,73.956800000000001,1183.7188000000001,contact-islands-safety-and-shape,terminal-1s-shape-0.10-edge
2026-10-05_0800_ddr5-4800_threads-1-2-3-4-5-6-8-10-12-14-16-24_r5,box3d,16,2,1,1,evaluated,0.10000000000000001,0,0,0,0,2,300,0,0,0,0,0.016666666666666666,0,0,0,0,0,terminal_stack_shape_excess,0.0083541380635503426,2998,0,2,240,73.956800000000001,1183.7188000000001,contact-islands-safety-and-shape,terminal-1s-shape-0.10-edge
2026-10-05_0800_ddr5-4800_threads-1-2-3-4-5-6-8-10-12-14-16-24_r5,box3d,16,3,1,1,evaluated,0.10000000000000001,0,0,0,0,2,300,0,0,0,0,0.016666666666666666,0,0,0,0,0,rest_envelope,0.008358977279741886,2998,0,2,51,73.330800000000025,1184.1969999999999,contact-islands-safety-and-shape,terminal-1s-shape-0.10-edge
2026-10-05_0800_ddr5-4800_threads-1-2-3-4-5-6-8-10-12-14-16-24_r5,box3d,16,3,1,1,evaluated,0.10000000000000001,0,0,0,0,2,300,0,0,0,0,0.016666666666666666,0,0,0,0,0,upward_excursion,0.0016865730285644531,192,0,1,5,73.330800000000025,1184.1969999999999,contact-islands-safety-and-shape,terminal-1s-shape-0.10-edge
2026-10-05_0800_ddr5-4800_threads-1-2-3-4-5-6-8-10-12-14-16-24_r5,box3d,16,3,1,1,evaluated,0.10000000000000001,0,0,0,0,2,300,0,0,0,0,0.016666666666666666,0,0,0,0,0,terminal_stack_shape_excess,0.0083541380635503426,2998,0,2,240,73.330800000000025,1184.1969999999999,contact-islands-safety-and-shape,terminal-1s-shape-0.10-edge
2026-10-05_0800_ddr5-4800_threads-1-2-3-4-5-6-8-10-12-14-16-24_r5,box3d,16,4,1,1,evaluated,0.10000000000000001,0,0,0,0,2,300,0,0,0,0,0.016666666666666666,0,0,0,0,0,rest_envelope,0.008358977279741886,2998,0,2,51,74.074000000000026,1188.0201,contact-islands-safety-and-shape,terminal-1s-shape-0.10-edge
2026-10-05_0800_ddr5-4800_threads-1-2-3-4-5-6-8-10-12-14-16-24_r5,box3d,16,4,1,1,evaluated,0.10000000000000001,0,0,0,0,2,300,0,0,0,0,0.016666666666666666,0,0,0,0,0,upward_excursion,0.0016865730285644531,192,0,1,5,74.074000000000026,1188.0201,contact-islands-safety-and-shape,terminal-1s-shape-0.10-edge
2026-10-05_0800_ddr5-4800_threads-1-2-3-4-5-6-8-10-12-14-16-24_r5,box3d,16,4,1,1,evaluated,0.10000000000000001,0,0,0,0,2,300,0,0,0,0,0.016666666666666666,0,0,0,0,0,terminal_stack_shape_excess,0.0083541380635503426,2998,0,2,240,74.074000000000026,1188.0201,contact-islands-safety-and-shape,terminal-1s-shape-0.10-edge
2026-10-05_0800_ddr5-4800_threads-1-2-3-4-5-6-8-10-12-14-16-24_r5,box3d,24,0,1,1,evaluated,0.10000000000000001,0,0,0,0,2,300,0,0,0,0,0.016666666666666666,0,0,0,0,0,rest_envelope,0.008358977279741886,2998,0,2,51,74.23150000000004,1187.7925,contact-islands-safety-and-shape,terminal-1s-shape-0.10-edge
2026-10-05_0800_ddr5-4800_threads-1-2-3-4-5-6-8-10-12-14-16-24_r5,box3d,24,0,1,1,evaluated,0.10000000000000001,0,0,0,0,2,300,0,0,0,0,0.016666666666666666,0,0,0,0,0,upward_excursion,0.0016865730285644531,192,0,1,5,74.23150000000004,1187.7925,contact-islands-safety-and-shape,terminal-1s-shape-0.10-edge
2026-10-05_0800_ddr5-4800_threads-1-2-3-4-5-6-8-10-12-14-16-24_r5,box3d,24,0,1,1,evaluated,0.10000000000000001,0,0,0,0,2,300,0,0,0,0,0.016666666666666666,0,0,0,0,0,terminal_stack_shape_excess,0.0083541380635503426,2998,0,2,240,74.23150000000004,1187.7925,contact-islands-safety-and-shape,terminal-1s-shape-0.10-edge
2026-10-05_0800_ddr5-4800_threads-1-2-3-4-5-6-8-10-12-14-16-24_r5,box3d,24,1,1,1,evaluated,0.10000000000000001,0,0,0,0,2,300,0,0,0,0,0.016666666666666666,0,0,0,0,0,rest_envelope,0.008358977279741886,2998,0,2,51,73.992100000000022,1187.3583000000001,contact-islands-safety-and-shape,terminal-1s-shape-0.10-edge
2026-10-05_0800_ddr5-4800_threads-1-2-3-4-5-6-8-10-12-14-16-24_r5,box3d,24,1,1,1,evaluated,0.10000000000000001,0,0,0,0,2,300,0,0,0,0,0.016666666666666666,0,0,0,0,0,upward_excursion,0.0016865730285644531,192,0,1,5,73.992100000000022,1187.3583000000001,contact-islands-safety-and-shape,terminal-1s-shape-0.10-edge
2026-10-05_0800_ddr5-4800_threads-1-2-3-4-5-6-8-10-12-14-16-24_r5,box3d,24,1,1,1,evaluated,0.10000000000000001,0,0,0,0,2,300,0,0,0,0,0.016666666666666666,0,0,0,0,0,terminal_stack_shape_excess,0.0083541380635503426,2998,0,2,240,73.992100000000022,1187.3583000000001,contact-islands-safety-and-shape,terminal-1s-shape-0.10-edge
2026-10-05_0800_ddr5-4800_threads-1-2-3-4-5-6-8-10-12-14-16-24_r5,box3d,24,2,1,1,evaluated,0.10000000000000001,0,0,0,0,2,300,0,0,0,0,0.016666666666666666,0,0,0,0,0,rest_envelope,0.008358977279741886,2998,0,2,51,75.603000000000037,1181.7661000000001,contact-islands-safety-and-shape,terminal-1s-shape-0.10-edge
2026-10-05_0800_ddr5-4800_threads-1-2-3-4-5-6-8-10-12-14-16-24_r5,box3d,24,2,1,1,evaluated,0.10000000000000001,0,0,0,0,2,300,0,0,0,0,0.016666666666666666,0,0,0,0,0,upward_excursion,0.0016865730285644531,192,0,1,5,75.603000000000037,1181.7661000000001,contact-islands-safety-and-shape,terminal-1s-shape-0.10-edge
2026-10-05_0800_ddr5-4800_threads-1-2-3-4-5-6-8-10-12-14-16-24_r5,box3d,24,2,1,1,evaluated,0.10000000000000001,0,0,0,0,2,300,0,0,0,0,0.016666666666666666,0,0,0,0,0,terminal_stack_shape_excess,0.0083541380635503426,2998,0,2,240,75.603000000000037,1181.7661000000001,contact-islands-safety-and-shape,terminal-1s-shape-0.10-edge
2026-10-05_0800_ddr5-4800_threads-1-2-3-4-5-6-8-10-12-14-16-24_r5,box3d,24,3,1,1,evaluated,0.10000000000000001,0,0,0,0,2,300,0,0,0,0,0.016666666666666666,0,0,0,0,0,rest_envelope,0.008358977279741886,2998,0,2,51,80.620499999999979,1182.8542,contact-islands-safety-and-shape,terminal-1s-shape-0.10-edge
2026-10-05_0800_ddr5-4800_threads-1-2-3-4-5-6-8-10-12-14-16-24_r5,box3d,24,3,1,1,evaluated,0.10000000000000001,0,0,0,0,2,300,0,0,0,0,0.016666666666666666,0,0,0,0,0,upward_excursion,0.0016865730285644531,192,0,1,5,80.620499999999979,1182.8542,contact-islands-safety-and-shape,terminal-1s-shape-0.10-edge
2026-10-05_0800_ddr5-4800_threads-1-2-3-4-5-6-8-10-12-14-16-24_r5,box3d,24,3,1,1,evaluated,0.10000000000000001,0,0,0,0,2,300,0,0,0,0,0.016666666666666666,0,0,0,0,0,terminal_stack_shape_excess,0.0083541380635503426,2998,0,2,240,80.620499999999979,1182.8542,contact-islands-safety-and-shape,terminal-1s-shape-0.10-edge
2026-10-05_0800_ddr5-4800_threads-1-2-3-4-5-6-8-10-12-14-16-24_r5,box3d,24,4,1,1,evaluated,0.10000000000000001,0,0,0,0,2,300,0,0,0,0,0.016666666666666666,0,0,0,0,0,rest_envelope,0.008358977279741886,2998,0,2,51,74.800499999999957,1183.9212,contact-islands-safety-and-shape,terminal-1s-shape-0.10-edge
2026-10-05_0800_ddr5-4800_threads-1-2-3-4-5-6-8-10-12-14-16-24_r5,box3d,24,4,1,1,evaluated,0.10000000000000001,0,0,0,0,2,300,0,0,0,0,0.016666666666666666,0,0,0,0,0,upward_excursion,0.0016865730285644531,192,0,1,5,74.800499999999957,1183.9212,contact-islands-safety-and-shape,terminal-1s-shape-0.10-edge
2026-10-05_0800_ddr5-4800_threads-1-2-3-4-5-6-8-10-12-14-16-24_r5,box3d,24,4,1,1,evaluated,0.10000000000000001,0,0,0,0,2,300,0,0,0,0,0.016666666666666666,0,0,0,0,0,terminal_stack_shape_excess,0.0083541380635503426,2998,0,2,240,74.800499999999957,1183.9212,contact-islands-safety-and-shape,terminal-1s-shape-0.10-edge
2026-10-05_0800_ddr5-4800_threads-1-2-3-4-5-6-8-10-12-14-16-24_r5,joltphysics,1,0,2,1,evaluated,0.10000000000000001,0,0,0,0,2,300,0,0,0,0,0.016666666666666666,4,5720,0,2,207,rest_envelope,23.259302116778969,5795,0,2,300,100.78730000000009,1195.5550000000001,contact-islands-safety-and-shape,terminal-1s-shape-0.10-edge
2026-10-05_0800_ddr5-4800_threads-1-2-3-4-5-6-8-10-12-14-16-24_r5,joltphysics,1,0,2,1,evaluated,0.10000000000000001,0,0,0,0,2,300,0,0,0,0,0.016666666666666666,4,5720,0,2,207,upward_excursion,0.19575691223144531,5670,0,2,195,100.78730000000009,1195.5550000000001,contact-islands-safety-and-shape,terminal-1s-shape-0.10-edge
2026-10-05_0800_ddr5-4800_threads-1-2-3-4-5-6-8-10-12-14-16-24_r5,joltphysics,1,0,2,1,evaluated,0.10000000000000001,0,0,0,0,2,300,0,0,0,0,0.016666666666666666,4,5720,0,2,207,terminal_stack_shape_excess,22.259302116778969,5795,0,2,300,100.78730000000009,1195.5550000000001,contact-islands-safety-and-shape,terminal-1s-shape-0.10-edge
2026-10-05_0800_ddr5-4800_threads-1-2-3-4-5-6-8-10-12-14-16-24_r5,bepuphysics2,1,0,1,1,evaluated,0.10000000000000001,0,0,0,0,2,300,0,0,0,0,0.016666666666666666,0,0,0,0,0,rest_envelope,0.031508570820809823,4189,0,1,7,57.238700000000023,1186.1201000000001,contact-islands-safety-and-shape,terminal-1s-shape-0.10-edge
2026-10-05_0800_ddr5-4800_threads-1-2-3-4-5-6-8-10-12-14-16-24_r5,bepuphysics2,1,0,1,1,evaluated,0.10000000000000001,0,0,0,0,2,300,0,0,0,0,0.016666666666666666,0,0,0,0,0,upward_excursion,0.021882534027099609,5789,0,1,14,57.238700000000023,1186.1201000000001,contact-islands-safety-and-shape,terminal-1s-shape-0.10-edge
2026-10-05_0800_ddr5-4800_threads-1-2-3-4-5-6-8-10-12-14-16-24_r5,bepuphysics2,1,0,1,1,evaluated,0.10000000000000001,0,0,0,0,2,300,0,0,0,0,0.016666666666666666,0,0,0,0,0,terminal_stack_shape_excess,0.019468270866614734,6384,0,2,274,57.238700000000023,1186.1201000000001,contact-islands-safety-and-shape,terminal-1s-shape-0.10-edge
2026-10-05_0800_ddr5-4800_threads-1-2-3-4-5-6-8-10-12-14-16-24_r5,bepuphysics2,1,1,1,1,evaluated,0.10000000000000001,0,0,0,0,2,300,0,0,0,0,0.016666666666666666,0,0,0,0,0,rest_envelope,0.031508570820809823,4189,0,1,7,57.990400000000001,1186.3416999999999,contact-islands-safety-and-shape,terminal-1s-shape-0.10-edge
2026-10-05_0800_ddr5-4800_threads-1-2-3-4-5-6-8-10-12-14-16-24_r5,bepuphysics2,1,1,1,1,evaluated,0.10000000000000001,0,0,0,0,2,300,0,0,0,0,0.016666666666666666,0,0,0,0,0,upward_excursion,0.021882534027099609,5789,0,1,14,57.990400000000001,1186.3416999999999,contact-islands-safety-and-shape,terminal-1s-shape-0.10-edge
2026-10-05_0800_ddr5-4800_threads-1-2-3-4-5-6-8-10-12-14-16-24_r5,bepuphysics2,1,1,1,1,evaluated,0.10000000000000001,0,0,0,0,2,300,0,0,0,0,0.016666666666666666,0,0,0,0,0,terminal_stack_shape_excess,0.019468270866614734,6384,0,2,274,57.990400000000001,1186.3416999999999,contact-islands-safety-and-shape,terminal-1s-shape-0.10-edge
2026-10-05_0800_ddr5-4800_threads-1-2-3-4-5-6-8-10-12-14-16-24_r5,bepuphysics2,1,2,1,1,evaluated,0.10000000000000001,0,0,0,0,2,300,0,0,0,0,0.016666666666666666,0,0,0,0,0,rest_envelope,0.031508570820809823,4189,0,1,7,58.364899999999977,1186.4978000000001,contact-islands-safety-and-shape,terminal-1s-shape-0.10-edge
2026-10-05_0800_ddr5-4800_threads-1-2-3-4-5-6-8-10-12-14-16-24_r5,bepuphysics2,1,2,1,1,evaluated,0.10000000000000001,0,0,0,0,2,300,0,0,0,0,0.016666666666666666,0,0,0,0,0,upward_excursion,0.021882534027099609,5789,0,1,14,58.364899999999977,1186.4978000000001,contact-islands-safety-and-shape,terminal-1s-shape-0.10-edge
2026-10-05_0800_ddr5-4800_threads-1-2-3-4-5-6-8-10-12-14-16-24_r5,bepuphysics2,1,2,1,1,evaluated,0.10000000000000001,0,0,0,0,2,300,0,0,0,0,0.016666666666666666,0,0,0,0,0,terminal_stack_shape_excess,0.019468270866614734,6384,0,2,274,58.364899999999977,1186.4978000000001,contact-islands-safety-and-shape,terminal-1s-shape-0.10-edge
2026-10-05_0800_ddr5-4800_threads-1-2-3-4-5-6-8-10-12-14-16-24_r5,bepuphysics2,1,3,1,1,evaluated,0.10000000000000001,0,0,0,0,2,300,0,0,0,0,0.016666666666666666,0,0,0,0,0,rest_envelope,0.031508570820809823,4189,0,1,7,61.033200000000008,1186.5037,contact-islands-safety-and-shape,terminal-1s-shape-0.10-edge
2026-10-05_0800_ddr5-4800_threads-1-2-3-4-5-6-8-10-12-14-16-24_r5,bepuphysics2,1,3,1,1,evaluated,0.10000000000000001,0,0,0,0,2,300,0,0,0,0,0.016666666666666666,0,0,0,0,0,upward_excursion,0.021882534027099609,5789,0,1,14,61.033200000000008,1186.5037,contact-islands-safety-and-shape,terminal-1s-shape-0.10-edge
2026-10-05_0800_ddr5-4800_threads-1-2-3-4-5-6-8-10-12-14-16-24_r5,bepuphysics2,1,3,1,1,evaluated,0.10000000000000001,0,0,0,0,2,300,0,0,0,0,0.016666666666666666,0,0,0,0,0,terminal_stack_shape_excess,0.019468270866614734,6384,0,2,274,61.033200000000008,1186.5037,contact-islands-safety-and-shape,terminal-1s-shape-0.10-edge
2026-10-05_0800_ddr5-4800_threads-1-2-3-4-5-6-8-10-12-14-16-24_r5,bepuphysics2,1,4,1,1,evaluated,0.10000000000000001,0,0,0,0,2,300,0,0,0,0,0.016666666666666666,0,0,0,0,0,rest_envelope,0.031508570820809823,4189,0,1,7,59.45320000000001,1186.3326999999999,contact-islands-safety-and-shape,terminal-1s-shape-0.10-edge
2026-10-05_0800_ddr5-4800_threads-1-2-3-4-5-6-8-10-12-14-16-24_r5,bepuphysics2,1,4,1,1,evaluated,0.10000000000000001,0,0,0,0,2,300,0,0,0,0,0.016666666666666666,0,0,0,0,0,upward_excursion,0.021882534027099609,5789,0,1,14,59.45320000000001,1186.3326999999999,contact-islands-safety-and-shape,terminal-1s-shape-0.10-edge
2026-10-05_0800_ddr5-4800_threads-1-2-3-4-5-6-8-10-12-14-16-24_r5,bepuphysics2,1,4,1,1,evaluated,0.10000000000000001,0,0,0,0,2,300,0,0,0,0,0.016666666666666666,0,0,0,0,0,terminal_stack_shape_excess,0.019468270866614734,6384,0,2,274,59.45320000000001,1186.3326999999999,contact-islands-safety-and-shape,terminal-1s-shape-0.10-edge
2026-10-05_0800_ddr5-4800_threads-1-2-3-4-5-6-8-10-12-14-16-24_r5,bepuphysics2,2,0,1,1,evaluated,0.10000000000000001,0,0,0,0,2,300,0,0,0,0,0.016666666666666666,0,0,0,0,0,rest_envelope,0.031362956141198772,2576,0,1,7,61.087199999999939,1186.8462999999999,contact-islands-safety-and-shape,terminal-1s-shape-0.10-edge
2026-10-05_0800_ddr5-4800_threads-1-2-3-4-5-6-8-10-12-14-16-24_r5,bepuphysics2,2,0,1,1,evaluated,0.10000000000000001,0,0,0,0,2,300,0,0,0,0,0.016666666666666666,0,0,0,0,0,upward_excursion,0.021409511566162109,2576,0,1,14,61.087199999999939,1186.8462999999999,contact-islands-safety-and-shape,terminal-1s-shape-0.10-edge
2026-10-05_0800_ddr5-4800_threads-1-2-3-4-5-6-8-10-12-14-16-24_r5,bepuphysics2,2,0,1,1,evaluated,0.10000000000000001,0,0,0,0,2,300,0,0,0,0,0.016666666666666666,0,0,0,0,0,terminal_stack_shape_excess,0.01952048607973178,390,0,2,265,61.087199999999939,1186.8462999999999,contact-islands-safety-and-shape,terminal-1s-shape-0.10-edge
2026-10-05_0800_ddr5-4800_threads-1-2-3-4-5-6-8-10-12-14-16-24_r5,bepuphysics2,2,1,1,1,evaluated,0.10000000000000001,0,0,0,0,2,300,0,0,0,0,0.016666666666666666,0,0,0,0,0,rest_envelope,0.031362956141198772,2576,0,1,7,62.711400000000062,1186.0397,contact-islands-safety-and-shape,terminal-1s-shape-0.10-edge
2026-10-05_0800_ddr5-4800_threads-1-2-3-4-5-6-8-10-12-14-16-24_r5,bepuphysics2,2,1,1,1,evaluated,0.10000000000000001,0,0,0,0,2,300,0,0,0,0,0.016666666666666666,0,0,0,0,0,upward_excursion,0.021409511566162109,2576,0,1,14,62.711400000000062,1186.0397,contact-islands-safety-and-shape,terminal-1s-shape-0.10-edge
2026-10-05_0800_ddr5-4800_threads-1-2-3-4-5-6-8-10-12-14-16-24_r5,bepuphysics2,2,1,1,1,evaluated,0.10000000000000001,0,0,0,0,2,300,0,0,0,0,0.016666666666666666,0,0,0,0,0,terminal_stack_shape_excess,0.01952048607973178,390,0,2,265,62.711400000000062,1186.0397,contact-islands-safety-and-shape,terminal-1s-shape-0.10-edge
2026-10-05_0800_ddr5-4800_threads-1-2-3-4-5-6-8-10-12-14-16-24_r5,bepuphysics2,2,2,1,1,evaluated,0.10000000000000001,0,0,0,0,2,300,0,0,0,0,0.016666666666666666,0,0,0,0,0,rest_envelope,0.031362956141198772,2576,0,1,7,59.157099999999978,1190.2708,contact-islands-safety-and-shape,terminal-1s-shape-0.10-edge
2026-10-05_0800_ddr5-4800_threads-1-2-3-4-5-6-8-10-12-14-16-24_r5,bepuphysics2,2,2,1,1,evaluated,0.10000000000000001,0,0,0,0,2,300,0,0,0,0,0.016666666666666666,0,0,0,0,0,upward_excursion,0.021409511566162109,2576,0,1,14,59.157099999999978,1190.2708,contact-islands-safety-and-shape,terminal-1s-shape-0.10-edge
2026-10-05_0800_ddr5-4800_threads-1-2-3-4-5-6-8-10-12-14-16-24_r5,bepuphysics2,2,2,1,1,evaluated,0.10000000000000001,0,0,0,0,2,300,0,0,0,0,0.016666666666666666,0,0,0,0,0,terminal_stack_shape_excess,0.01952048607973178,390,0,2,265,59.157099999999978,1190.2708,contact-islands-safety-and-shape,terminal-1s-shape-0.10-edge
2026-10-05_0800_ddr5-4800_threads-1-2-3-4-5-6-8-10-12-14-16-24_r5,bepuphysics2,2,3,1,1,evaluated,0.10000000000000001,0,0,0,0,2,300,0,0,0,0,0.016666666666666666,0,0,0,0,0,rest_envelope,0.031362956141198772,2576,0,1,7,59.325100000000049,1186.2524000000001,contact-islands-safety-and-shape,terminal-1s-shape-0.10-edge
2026-10-05_0800_ddr5-4800_threads-1-2-3-4-5-6-8-10-12-14-16-24_r5,bepuphysics2,2,3,1,1,evaluated,0.10000000000000001,0,0,0,0,2,300,0,0,0,0,0.016666666666666666,0,0,0,0,0,upward_excursion,0.021409511566162109,2576,0,1,14,59.325100000000049,1186.2524000000001,contact-islands-safety-and-shape,terminal-1s-shape-0.10-edge
2026-10-05_0800_ddr5-4800_threads-1-2-3-4-5-6-8-10-12-14-16-24_r5,bepuphysics2,2,3,1,1,evaluated,0.10000000000000001,0,0,0,0,2,300,0,0,0,0,0.016666666666666666,0,0,0,0,0,terminal_stack_shape_excess,0.01952048607973178,390,0,2,265,59.325100000000049,1186.2524000000001,contact-islands-safety-and-shape,terminal-1s-shape-0.10-edge
2026-10-05_0800_ddr5-4800_threads-1-2-3-4-5-6-8-10-12-14-16-24_r5,bepuphysics2,2,4,1,1,evaluated,0.10000000000000001,0,0,0,0,2,300,0,0,0,0,0.016666666666666666,0,0,0,0,0,rest_envelope,0.031362956141198772,2576,0,1,7,59.243299999999955,1185.7716,contact-islands-safety-and-shape,terminal-1s-shape-0.10-edge
2026-10-05_0800_ddr5-4800_threads-1-2-3-4-5-6-8-10-12-14-16-24_r5,bepuphysics2,2,4,1,1,evaluated,0.10000000000000001,0,0,0,0,2,300,0,0,0,0,0.016666666666666666,0,0,0,0,0,upward_excursion,0.021409511566162109,2576,0,1,14,59.243299999999955,1185.7716,contact-islands-safety-and-shape,terminal-1s-shape-0.10-edge
2026-10-05_0800_ddr5-4800_threads-1-2-3-4-5-6-8-10-12-14-16-24_r5,bepuphysics2,2,4,1,1,evaluated,0.10000000000000001,0,0,0,0,2,300,0,0,0,0,0.016666666666666666,0,0,0,0,0,terminal_stack_shape_excess,0.01952048607973178,390,0,2,265,59.243299999999955,1185.7716,contact-islands-safety-and-shape,terminal-1s-shape-0.10-edge
2026-10-05_0800_ddr5-4800_threads-1-2-3-4-5-6-8-10-12-14-16-24_r5,bepuphysics2,3,0,1,1,evaluated,0.10000000000000001,0,0,0,0,2,300,0,0,0,0,0.016666666666666666,0,0,0,0,0,rest_envelope,0.031362956141198772,2576,0,1,7,57.999800000000008,1186.4425000000001,contact-islands-safety-and-shape,terminal-1s-shape-0.10-edge
2026-10-05_0800_ddr5-4800_threads-1-2-3-4-5-6-8-10-12-14-16-24_r5,bepuphysics2,3,0,1,1,evaluated,0.10000000000000001,0,0,0,0,2,300,0,0,0,0,0.016666666666666666,0,0,0,0,0,upward_excursion,0.021409511566162109,2576,0,1,14,57.999800000000008,1186.4425000000001,contact-islands-safety-and-shape,terminal-1s-shape-0.10-edge
2026-10-05_0800_ddr5-4800_threads-1-2-3-4-5-6-8-10-12-14-16-24_r5,bepuphysics2,3,0,1,1,evaluated,0.10000000000000001,0,0,0,0,2,300,0,0,0,0,0.016666666666666666,0,0,0,0,0,terminal_stack_shape_excess,0.01952048607973178,390,0,2,265,57.999800000000008,1186.4425000000001,contact-islands-safety-and-shape,terminal-1s-shape-0.10-edge
2026-10-05_0800_ddr5-4800_threads-1-2-3-4-5-6-8-10-12-14-16-24_r5,bepuphysics2,3,1,1,1,evaluated,0.10000000000000001,0,0,0,0,2,300,0,0,0,0,0.016666666666666666,0,0,0,0,0,rest_envelope,0.031362956141198772,2576,0,1,7,59.74279999999996,1190.5704000000001,contact-islands-safety-and-shape,terminal-1s-shape-0.10-edge
2026-10-05_0800_ddr5-4800_threads-1-2-3-4-5-6-8-10-12-14-16-24_r5,bepuphysics2,3,1,1,1,evaluated,0.10000000000000001,0,0,0,0,2,300,0,0,0,0,0.016666666666666666,0,0,0,0,0,upward_excursion,0.021409511566162109,2576,0,1,14,59.74279999999996,1190.5704000000001,contact-islands-safety-and-shape,terminal-1s-shape-0.10-edge
2026-10-05_0800_ddr5-4800_threads-1-2-3-4-5-6-8-10-12-14-16-24_r5,bepuphysics2,3,1,1,1,evaluated,0.10000000000000001,0,0,0,0,2,300,0,0,0,0,0.016666666666666666,0,0,0,0,0,terminal_stack_shape_excess,0.01952048607973178,390,0,2,265,59.74279999999996,1190.5704000000001,contact-islands-safety-and-shape,terminal-1s-shape-0.10-edge
2026-10-05_0800_ddr5-4800_threads-1-2-3-4-5-6-8-10-12-14-16-24_r5,bepuphysics2,3,2,1,1,evaluated,0.10000000000000001,0,0,0,0,2,300,0,0,0,0,0.016666666666666666,0,0,0,0,0,rest_envelope,0.031362956141198772,2576,0,1,7,61.083799999999975,1191.2274,contact-islands-safety-and-shape,terminal-1s-shape-0.10-edge
2026-10-05_0800_ddr5-4800_threads-1-2-3-4-5-6-8-10-12-14-16-24_r5,bepuphysics2,3,2,1,1,evaluated,0.10000000000000001,0,0,0,0,2,300,0,0,0,0,0.016666666666666666,0,0,0,0,0,upward_excursion,0.021409511566162109,2576,0,1,14,61.083799999999975,1191.2274,contact-islands-safety-and-shape,terminal-1s-shape-0.10-edge
2026-10-05_0800_ddr5-4800_threads-1-2-3-4-5-6-8-10-12-14-16-24_r5,bepuphysics2,3,2,1,1,evaluated,0.10000000000000001,0,0,0,0,2,300,0,0,0,0,0.016666666666666666,0,0,0,0,0,terminal_stack_shape_excess,0.01952048607973178,390,0,2,265,61.083799999999975,1191.2274,contact-islands-safety-and-shape,terminal-1s-shape-0.10-edge
2026-10-05_0800_ddr5-4800_threads-1-2-3-4-5-6-8-10-12-14-16-24_r5,bepuphysics2,3,3,1,1,evaluated,0.10000000000000001,0,0,0,0,2,300,0,0,0,0,0.016666666666666666,0,0,0,0,0,rest_envelope,0.031362956141198772,2576,0,1,7,58.712400000000002,1189.3371999999999,contact-islands-safety-and-shape,terminal-1s-shape-0.10-edge
2026-10-05_0800_ddr5-4800_threads-1-2-3-4-5-6-8-10-12-14-16-24_r5,bepuphysics2,3,3,1,1,evaluated,0.10000000000000001,0,0,0,0,2,300,0,0,0,0,0.016666666666666666,0,0,0,0,0,upward_excursion,0.021409511566162109,2576,0,1,14,58.712400000000002,1189.3371999999999,contact-islands-safety-and-shape,terminal-1s-shape-0.10-edge
2026-10-05_0800_ddr5-4800_threads-1-2-3-4-5-6-8-10-12-14-16-24_r5,bepuphysics2,3,3,1,1,evaluated,0.10000000000000001,0,0,0,0,2,300,0,0,0,0,0.016666666666666666,0,0,0,0,0,terminal_stack_shape_excess,0.01952048607973178,390,0,2,265,58.712400000000002,1189.3371999999999,contact-islands-safety-and-shape,terminal-1s-shape-0.10-edge
2026-10-05_0800_ddr5-4800_threads-1-2-3-4-5-6-8-10-12-14-16-24_r5,bepuphysics2,3,4,1,1,evaluated,0.10000000000000001,0,0,0,0,2,300,0,0,0,0,0.016666666666666666,0,0,0,0,0,rest_envelope,0.031362956141198772,2576,0,1,7,57.778100000000038,1196.4213,contact-islands-safety-and-shape,terminal-1s-shape-0.10-edge
2026-10-05_0800_ddr5-4800_threads-1-2-3-4-5-6-8-10-12-14-16-24_r5,bepuphysics2,3,4,1,1,evaluated,0.10000000000000001,0,0,0,0,2,300,0,0,0,0,0.016666666666666666,0,0,0,0,0,upward_excursion,0.021409511566162109,2576,0,1,14,57.778100000000038,1196.4213,contact-islands-safety-and-shape,terminal-1s-shape-0.10-edge
2026-10-05_0800_ddr5-4800_threads-1-2-3-4-5-6-8-10-12-14-16-24_r5,bepuphysics2,3,4,1,1,evaluated,0.10000000000000001,0,0,0,0,2,300,0,0,0,0,0.016666666666666666,0,0,0,0,0,terminal_stack_shape_excess,0.01952048607973178,390,0,2,265,57.778100000000038,1196.4213,contact-islands-safety-and-shape,terminal-1s-shape-0.10-edge
2026-10-05_0800_ddr5-4800_threads-1-2-3-4-5-6-8-10-12-14-16-24_r5,bepuphysics2,4,0,1,1,evaluated,0.10000000000000001,0,0,0,0,2,300,0,0,0,0,0.016666666666666666,0,0,0,0,0,rest_envelope,0.031362956141198772,2576,0,1,7,63.186699999999973,1188.7551000000001,contact-islands-safety-and-shape,terminal-1s-shape-0.10-edge
2026-10-05_0800_ddr5-4800_threads-1-2-3-4-5-6-8-10-12-14-16-24_r5,bepuphysics2,4,0,1,1,evaluated,0.10000000000000001,0,0,0,0,2,300,0,0,0,0,0.016666666666666666,0,0,0,0,0,upward_excursion,0.021409511566162109,2576,0,1,14,63.186699999999973,1188.7551000000001,contact-islands-safety-and-shape,terminal-1s-shape-0.10-edge
2026-10-05_0800_ddr5-4800_threads-1-2-3-4-5-6-8-10-12-14-16-24_r5,bepuphysics2,4,0,1,1,evaluated,0.10000000000000001,0,0,0,0,2,300,0,0,0,0,0.016666666666666666,0,0,0,0,0,terminal_stack_shape_excess,0.01952048607973178,390,0,2,265,63.186699999999973,1188.7551000000001,contact-islands-safety-and-shape,terminal-1s-shape-0.10-edge
2026-10-05_0800_ddr5-4800_threads-1-2-3-4-5-6-8-10-12-14-16-24_r5,bepuphysics2,4,1,1,1,evaluated,0.10000000000000001,0,0,0,0,2,300,0,0,0,0,0.016666666666666666,0,0,0,0,0,rest_envelope,0.031362956141198772,2576,0,1,7,62.359100000000005,1186.2534000000001,contact-islands-safety-and-shape,terminal-1s-shape-0.10-edge
2026-10-05_0800_ddr5-4800_threads-1-2-3-4-5-6-8-10-12-14-16-24_r5,bepuphysics2,4,1,1,1,evaluated,0.10000000000000001,0,0,0,0,2,300,0,0,0,0,0.016666666666666666,0,0,0,0,0,upward_excursion,0.021409511566162109,2576,0,1,14,62.359100000000005,1186.2534000000001,contact-islands-safety-and-shape,terminal-1s-shape-0.10-edge
2026-10-05_0800_ddr5-4800_threads-1-2-3-4-5-6-8-10-12-14-16-24_r5,bepuphysics2,4,1,1,1,evaluated,0.10000000000000001,0,0,0,0,2,300,0,0,0,0,0.016666666666666666,0,0,0,0,0,terminal_stack_shape_excess,0.01952048607973178,390,0,2,265,62.359100000000005,1186.2534000000001,contact-islands-safety-and-shape,terminal-1s-shape-0.10-edge
2026-10-05_0800_ddr5-4800_threads-1-2-3-4-5-6-8-10-12-14-16-24_r5,bepuphysics2,4,2,1,1,evaluated,0.10000000000000001,0,0,0,0,2,300,0,0,0,0,0.016666666666666666,0,0,0,0,0,rest_envelope,0.031362956141198772,2576,0,1,7,60.840700000000034,1186.7609,contact-islands-safety-and-shape,terminal-1s-shape-0.10-edge
2026-10-05_0800_ddr5-4800_threads-1-2-3-4-5-6-8-10-12-14-16-24_r5,bepuphysics2,4,2,1,1,evaluated,0.10000000000000001,0,0,0,0,2,300,0,0,0,0,0.016666666666666666,0,0,0,0,0,upward_excursion,0.021409511566162109,2576,0,1,14,60.840700000000034,1186.7609,contact-islands-safety-and-shape,terminal-1s-shape-0.10-edge
2026-10-05_0800_ddr5-4800_threads-1-2-3-4-5-6-8-10-12-14-16-24_r5,bepuphysics2,4,2,1,1,evaluated,0.10000000000000001,0,0,0,0,2,300,0,0,0,0,0.016666666666666666,0,0,0,0,0,terminal_stack_shape_excess,0.01952048607973178,390,0,2,265,60.840700000000034,1186.7609,contact-islands-safety-and-shape,terminal-1s-shape-0.10-edge
2026-10-05_0800_ddr5-4800_threads-1-2-3-4-5-6-8-10-12-14-16-24_r5,bepuphysics2,4,3,1,1,evaluated,0.10000000000000001,0,0,0,0,2,300,0,0,0,0,0.016666666666666666,0,0,0,0,0,rest_envelope,0.031362956141198772,2576,0,1,7,61.123500000000035,1188.7958000000001,contact-islands-safety-and-shape,terminal-1s-shape-0.10-edge
2026-10-05_0800_ddr5-4800_threads-1-2-3-4-5-6-8-10-12-14-16-24_r5,bepuphysics2,4,3,1,1,evaluated,0.10000000000000001,0,0,0,0,2,300,0,0,0,0,0.016666666666666666,0,0,0,0,0,upward_excursion,0.021409511566162109,2576,0,1,14,61.123500000000035,1188.7958000000001,contact-islands-safety-and-shape,terminal-1s-shape-0.10-edge
2026-10-05_0800_ddr5-4800_threads-1-2-3-4-5-6-8-10-12-14-16-24_r5,bepuphysics2,4,3,1,1,evaluated,0.10000000000000001,0,0,0,0,2,300,0,0,0,0,0.016666666666666666,0,0,0,0,0,terminal_stack_shape_excess,0.01952048607973178,390,0,2,265,61.123500000000035,1188.7958000000001,contact-islands-safety-and-shape,terminal-1s-shape-0.10-edge
2026-10-05_0800_ddr5-4800_threads-1-2-3-4-5-6-8-10-12-14-16-24_r5,bepuphysics2,4,4,1,1,evaluated,0.10000000000000001,0,0,0,0,2,300,0,0,0,0,0.016666666666666666,0,0,0,0,0,rest_envelope,0.031362956141198772,2576,0,1,7,60.118200000000016,1189.4775,contact-islands-safety-and-shape,terminal-1s-shape-0.10-edge
2026-10-05_0800_ddr5-4800_threads-1-2-3-4-5-6-8-10-12-14-16-24_r5,bepuphysics2,4,4,1,1,evaluated,0.10000000000000001,0,0,0,0,2,300,0,0,0,0,0.016666666666666666,0,0,0,0,0,upward_excursion,0.021409511566162109,2576,0,1,14,60.118200000000016,1189.4775,contact-islands-safety-and-shape,terminal-1s-shape-0.10-edge
2026-10-05_0800_ddr5-4800_threads-1-2-3-4-5-6-8-10-12-14-16-24_r5,bepuphysics2,4,4,1,1,evaluated,0.10000000000000001,0,0,0,0,2,300,0,0,0,0,0.016666666666666666,0,0,0,0,0,terminal_stack_shape_excess,0.01952048607973178,390,0,2,265,60.118200000000016,1189.4775,contact-islands-safety-and-shape,terminal-1s-shape-0.10-edge
2026-10-05_0800_ddr5-4800_threads-1-2-3-4-5-6-8-10-12-14-16-24_r5,bepuphysics2,5,0,1,1,evaluated,0.10000000000000001,0,0,0,0,2,300,0,0,0,0,0.016666666666666666,0,0,0,0,0,rest_envelope,0.031362956141198772,2576,0,1,7,62.049799999999983,1191.4373000000001,contact-islands-safety-and-shape,terminal-1s-shape-0.10-edge
2026-10-05_0800_ddr5-4800_threads-1-2-3-4-5-6-8-10-12-14-16-24_r5,bepuphysics2,5,0,1,1,evaluated,0.10000000000000001,0,0,0,0,2,300,0,0,0,0,0.016666666666666666,0,0,0,0,0,upward_excursion,0.021409511566162109,2576,0,1,14,62.049799999999983,1191.4373000000001,contact-islands-safety-and-shape,terminal-1s-shape-0.10-edge
2026-10-05_0800_ddr5-4800_threads-1-2-3-4-5-6-8-10-12-14-16-24_r5,bepuphysics2,5,0,1,1,evaluated,0.10000000000000001,0,0,0,0,2,300,0,0,0,0,0.016666666666666666,0,0,0,0,0,terminal_stack_shape_excess,0.01952048607973178,390,0,2,265,62.049799999999983,1191.4373000000001,contact-islands-safety-and-shape,terminal-1s-shape-0.10-edge
2026-10-05_0800_ddr5-4800_threads-1-2-3-4-5-6-8-10-12-14-16-24_r5,bepuphysics2,5,1,1,1,evaluated,0.10000000000000001,0,0,0,0,2,300,0,0,0,0,0.016666666666666666,0,0,0,0,0,rest_envelope,0.031362956141198772,2576,0,1,7,60.014699999999998,1186.2098000000001,contact-islands-safety-and-shape,terminal-1s-shape-0.10-edge
2026-10-05_0800_ddr5-4800_threads-1-2-3-4-5-6-8-10-12-14-16-24_r5,bepuphysics2,5,1,1,1,evaluated,0.10000000000000001,0,0,0,0,2,300,0,0,0,0,0.016666666666666666,0,0,0,0,0,upward_excursion,0.021409511566162109,2576,0,1,14,60.014699999999998,1186.2098000000001,contact-islands-safety-and-shape,terminal-1s-shape-0.10-edge
2026-10-05_0800_ddr5-4800_threads-1-2-3-4-5-6-8-10-12-14-16-24_r5,bepuphysics2,5,1,1,1,evaluated,0.10000000000000001,0,0,0,0,2,300,0,0,0,0,0.016666666666666666,0,0,0,0,0,terminal_stack_shape_excess,0.01952048607973178,390,0,2,265,60.014699999999998,1186.2098000000001,contact-islands-safety-and-shape,terminal-1s-shape-0.10-edge
2026-10-05_0800_ddr5-4800_threads-1-2-3-4-5-6-8-10-12-14-16-24_r5,bepuphysics2,5,2,1,1,evaluated,0.10000000000000001,0,0,0,0,2,300,0,0,0,0,0.016666666666666666,0,0,0,0,0,rest_envelope,0.031362956141198772,2576,0,1,7,62.832299999999996,1194.8141000000001,contact-islands-safety-and-shape,terminal-1s-shape-0.10-edge
2026-10-05_0800_ddr5-4800_threads-1-2-3-4-5-6-8-10-12-14-16-24_r5,bepuphysics2,5,2,1,1,evaluated,0.10000000000000001,0,0,0,0,2,300,0,0,0,0,0.016666666666666666,0,0,0,0,0,upward_excursion,0.021409511566162109,2576,0,1,14,62.832299999999996,1194.8141000000001,contact-islands-safety-and-shape,terminal-1s-shape-0.10-edge
2026-10-05_0800_ddr5-4800_threads-1-2-3-4-5-6-8-10-12-14-16-24_r5,bepuphysics2,5,2,1,1,evaluated,0.10000000000000001,0,0,0,0,2,300,0,0,0,0,0.016666666666666666,0,0,0,0,0,terminal_stack_shape_excess,0.01952048607973178,390,0,2,265,62.832299999999996,1194.8141000000001,contact-islands-safety-and-shape,terminal-1s-shape-0.10-edge
2026-10-05_0800_ddr5-4800_threads-1-2-3-4-5-6-8-10-12-14-16-24_r5,bepuphysics2,5,3,1,1,evaluated,0.10000000000000001,0,0,0,0,2,300,0,0,0,0,0.016666666666666666,0,0,0,0,0,rest_envelope,0.031362956141198772,2576,0,1,7,59.964699999999965,1188.8943999999999,contact-islands-safety-and-shape,terminal-1s-shape-0.10-edge
2026-10-05_0800_ddr5-4800_threads-1-2-3-4-5-6-8-10-12-14-16-24_r5,bepuphysics2,5,3,1,1,evaluated,0.10000000000000001,0,0,0,0,2,300,0,0,0,0,0.016666666666666666,0,0,0,0,0,upward_excursion,0.021409511566162109,2576,0,1,14,59.964699999999965,1188.8943999999999,contact-islands-safety-and-shape,terminal-1s-shape-0.10-edge
2026-10-05_0800_ddr5-4800_threads-1-2-3-4-5-6-8-10-12-14-16-24_r5,bepuphysics2,5,3,1,1,evaluated,0.10000000000000001,0,0,0,0,2,300,0,0,0,0,0.016666666666666666,0,0,0,0,0,terminal_stack_shape_excess,0.01952048607973178,390,0,2,265,59.964699999999965,1188.8943999999999,contact-islands-safety-and-shape,terminal-1s-shape-0.10-edge
2026-10-05_0800_ddr5-4800_threads-1-2-3-4-5-6-8-10-12-14-16-24_r5,bepuphysics2,5,4,1,1,evaluated,0.10000000000000001,0,0,0,0,2,300,0,0,0,0,0.016666666666666666,0,0,0,0,0,rest_envelope,0.031362956141198772,2576,0,1,7,61.849800000000002,1188.0304000000001,contact-islands-safety-and-shape,terminal-1s-shape-0.10-edge
2026-10-05_0800_ddr5-4800_threads-1-2-3-4-5-6-8-10-12-14-16-24_r5,bepuphysics2,5,4,1,1,evaluated,0.10000000000000001,0,0,0,0,2,300,0,0,0,0,0.016666666666666666,0,0,0,0,0,upward_excursion,0.021409511566162109,2576,0,1,14,61.849800000000002,1188.0304000000001,contact-islands-safety-and-shape,terminal-1s-shape-0.10-edge
2026-10-05_0800_ddr5-4800_threads-1-2-3-4-5-6-8-10-12-14-16-24_r5,bepuphysics2,5,4,1,1,evaluated,0.10000000000000001,0,0,0,0,2,300,0,0,0,0,0.016666666666666666,0,0,0,0,0,terminal_stack_shape_excess,0.01952048607973178,390,0,2,265,61.849800000000002,1188.0304000000001,contact-islands-safety-and-shape,terminal-1s-shape-0.10-edge
2026-10-05_0800_ddr5-4800_threads-1-2-3-4-5-6-8-10-12-14-16-24_r5,bepuphysics2,6,0,1,1,evaluated,0.10000000000000001,0,0,0,0,2,300,0,0,0,0,0.016666666666666666,0,0,0,0,0,rest_envelope,0.031362956141198772,2576,0,1,7,67.106599999999972,1192.8931,contact-islands-safety-and-shape,terminal-1s-shape-0.10-edge
2026-10-05_0800_ddr5-4800_threads-1-2-3-4-5-6-8-10-12-14-16-24_r5,bepuphysics2,6,0,1,1,evaluated,0.10000000000000001,0,0,0,0,2,300,0,0,0,0,0.016666666666666666,0,0,0,0,0,upward_excursion,0.021409511566162109,2576,0,1,14,67.106599999999972,1192.8931,contact-islands-safety-and-shape,terminal-1s-shape-0.10-edge
2026-10-05_0800_ddr5-4800_threads-1-2-3-4-5-6-8-10-12-14-16-24_r5,bepuphysics2,6,0,1,1,evaluated,0.10000000000000001,0,0,0,0,2,300,0,0,0,0,0.016666666666666666,0,0,0,0,0,terminal_stack_shape_excess,0.01952048607973178,390,0,2,265,67.106599999999972,1192.8931,contact-islands-safety-and-shape,terminal-1s-shape-0.10-edge
2026-10-05_0800_ddr5-4800_threads-1-2-3-4-5-6-8-10-12-14-16-24_r5,bepuphysics2,6,1,1,1,evaluated,0.10000000000000001,0,0,0,0,2,300,0,0,0,0,0.016666666666666666,0,0,0,0,0,rest_envelope,0.031362956141198772,2576,0,1,7,60.305899999999987,1188.1804999999999,contact-islands-safety-and-shape,terminal-1s-shape-0.10-edge
2026-10-05_0800_ddr5-4800_threads-1-2-3-4-5-6-8-10-12-14-16-24_r5,bepuphysics2,6,1,1,1,evaluated,0.10000000000000001,0,0,0,0,2,300,0,0,0,0,0.016666666666666666,0,0,0,0,0,upward_excursion,0.021409511566162109,2576,0,1,14,60.305899999999987,1188.1804999999999,contact-islands-safety-and-shape,terminal-1s-shape-0.10-edge
2026-10-05_0800_ddr5-4800_threads-1-2-3-4-5-6-8-10-12-14-16-24_r5,bepuphysics2,6,1,1,1,evaluated,0.10000000000000001,0,0,0,0,2,300,0,0,0,0,0.016666666666666666,0,0,0,0,0,terminal_stack_shape_excess,0.01952048607973178,390,0,2,265,60.305899999999987,1188.1804999999999,contact-islands-safety-and-shape,terminal-1s-shape-0.10-edge
2026-10-05_0800_ddr5-4800_threads-1-2-3-4-5-6-8-10-12-14-16-24_r5,bepuphysics2,6,2,1,1,evaluated,0.10000000000000001,0,0,0,0,2,300,0,0,0,0,0.016666666666666666,0,0,0,0,0,rest_envelope,0.031362956141198772,2576,0,1,7,62.502800000000015,1189.1804999999999,contact-islands-safety-and-shape,terminal-1s-shape-0.10-edge
2026-10-05_0800_ddr5-4800_threads-1-2-3-4-5-6-8-10-12-14-16-24_r5,bepuphysics2,6,2,1,1,evaluated,0.10000000000000001,0,0,0,0,2,300,0,0,0,0,0.016666666666666666,0,0,0,0,0,upward_excursion,0.021409511566162109,2576,0,1,14,62.502800000000015,1189.1804999999999,contact-islands-safety-and-shape,terminal-1s-shape-0.10-edge
2026-10-05_0800_ddr5-4800_threads-1-2-3-4-5-6-8-10-12-14-16-24_r5,bepuphysics2,6,2,1,1,evaluated,0.10000000000000001,0,0,0,0,2,300,0,0,0,0,0.016666666666666666,0,0,0,0,0,terminal_stack_shape_excess,0.01952048607973178,390,0,2,265,62.502800000000015,1189.1804999999999,contact-islands-safety-and-shape,terminal-1s-shape-0.10-edge
2026-10-05_0800_ddr5-4800_threads-1-2-3-4-5-6-8-10-12-14-16-24_r5,bepuphysics2,6,3,1,1,evaluated,0.10000000000000001,0,0,0,0,2,300,0,0,0,0,0.016666666666666666,0,0,0,0,0,rest_envelope,0.031362956141198772,2576,0,1,7,62.346400000000003,1192.6259,contact-islands-safety-and-shape,terminal-1s-shape-0.10-edge
2026-10-05_0800_ddr5-4800_threads-1-2-3-4-5-6-8-10-12-14-16-24_r5,bepuphysics2,6,3,1,1,evaluated,0.10000000000000001,0,0,0,0,2,300,0,0,0,0,0.016666666666666666,0,0,0,0,0,upward_excursion,0.021409511566162109,2576,0,1,14,62.346400000000003,1192.6259,contact-islands-safety-and-shape,terminal-1s-shape-0.10-edge
2026-10-05_0800_ddr5-4800_threads-1-2-3-4-5-6-8-10-12-14-16-24_r5,bepuphysics2,6,3,1,1,evaluated,0.10000000000000001,0,0,0,0,2,300,0,0,0,0,0.016666666666666666,0,0,0,0,0,terminal_stack_shape_excess,0.01952048607973178,390,0,2,265,62.346400000000003,1192.6259,contact-islands-safety-and-shape,terminal-1s-shape-0.10-edge
2026-10-05_0800_ddr5-4800_threads-1-2-3-4-5-6-8-10-12-14-16-24_r5,bepuphysics2,6,4,1,1,evaluated,0.10000000000000001,0,0,0,0,2,300,0,0,0,0,0.016666666666666666,0,0,0,0,0,rest_envelope,0.031362956141198772,2576,0,1,7,59.40460000000003,1191.9450999999999,contact-islands-safety-and-shape,terminal-1s-shape-0.10-edge
2026-10-05_0800_ddr5-4800_threads-1-2-3-4-5-6-8-10-12-14-16-24_r5,bepuphysics2,6,4,1,1,evaluated,0.10000000000000001,0,0,0,0,2,300,0,0,0,0,0.016666666666666666,0,0,0,0,0,upward_excursion,0.021409511566162109,2576,0,1,14,59.40460000000003,1191.9450999999999,contact-islands-safety-and-shape,terminal-1s-shape-0.10-edge
2026-10-05_0800_ddr5-4800_threads-1-2-3-4-5-6-8-10-12-14-16-24_r5,bepuphysics2,6,4,1,1,evaluated,0.10000000000000001,0,0,0,0,2,300,0,0,0,0,0.016666666666666666,0,0,0,0,0,terminal_stack_shape_excess,0.01952048607973178,390,0,2,265,59.40460000000003,1191.9450999999999,contact-islands-safety-and-shape,terminal-1s-shape-0.10-edge
2026-10-05_0800_ddr5-4800_threads-1-2-3-4-5-6-8-10-12-14-16-24_r5,bepuphysics2,8,0,1,1,evaluated,0.10000000000000001,0,0,0,0,2,300,0,0,0,0,0.016666666666666666,0,0,0,0,0,rest_envelope,0.031362956141198772,2576,0,1,7,66.505700000000033,1188.9666999999999,contact-islands-safety-and-shape,terminal-1s-shape-0.10-edge
2026-10-05_0800_ddr5-4800_threads-1-2-3-4-5-6-8-10-12-14-16-24_r5,bepuphysics2,8,0,1,1,evaluated,0.10000000000000001,0,0,0,0,2,300,0,0,0,0,0.016666666666666666,0,0,0,0,0,upward_excursion,0.021409511566162109,2576,0,1,14,66.505700000000033,1188.9666999999999,contact-islands-safety-and-shape,terminal-1s-shape-0.10-edge
2026-10-05_0800_ddr5-4800_threads-1-2-3-4-5-6-8-10-12-14-16-24_r5,bepuphysics2,8,0,1,1,evaluated,0.10000000000000001,0,0,0,0,2,300,0,0,0,0,0.016666666666666666,0,0,0,0,0,terminal_stack_shape_excess,0.01952048607973178,390,0,2,265,66.505700000000033,1188.9666999999999,contact-islands-safety-and-shape,terminal-1s-shape-0.10-edge
2026-10-05_0800_ddr5-4800_threads-1-2-3-4-5-6-8-10-12-14-16-24_r5,bepuphysics2,8,1,1,1,evaluated,0.10000000000000001,0,0,0,0,2,300,0,0,0,0,0.016666666666666666,0,0,0,0,0,rest_envelope,0.031362956141198772,2576,0,1,7,63.107299999999981,1190.5777,contact-islands-safety-and-shape,terminal-1s-shape-0.10-edge
2026-10-05_0800_ddr5-4800_threads-1-2-3-4-5-6-8-10-12-14-16-24_r5,bepuphysics2,8,1,1,1,evaluated,0.10000000000000001,0,0,0,0,2,300,0,0,0,0,0.016666666666666666,0,0,0,0,0,upward_excursion,0.021409511566162109,2576,0,1,14,63.107299999999981,1190.5777,contact-islands-safety-and-shape,terminal-1s-shape-0.10-edge
2026-10-05_0800_ddr5-4800_threads-1-2-3-4-5-6-8-10-12-14-16-24_r5,bepuphysics2,8,1,1,1,evaluated,0.10000000000000001,0,0,0,0,2,300,0,0,0,0,0.016666666666666666,0,0,0,0,0,terminal_stack_shape_excess,0.01952048607973178,390,0,2,265,63.107299999999981,1190.5777,contact-islands-safety-and-shape,terminal-1s-shape-0.10-edge
2026-10-05_0800_ddr5-4800_threads-1-2-3-4-5-6-8-10-12-14-16-24_r5,bepuphysics2,8,2,1,1,evaluated,0.10000000000000001,0,0,0,0,2,300,0,0,0,0,0.016666666666666666,0,0,0,0,0,rest_envelope,0.031362956141198772,2576,0,1,7,65.458899999999971,1189.5628999999999,contact-islands-safety-and-shape,terminal-1s-shape-0.10-edge
2026-10-05_0800_ddr5-4800_threads-1-2-3-4-5-6-8-10-12-14-16-24_r5,bepuphysics2,8,2,1,1,evaluated,0.10000000000000001,0,0,0,0,2,300,0,0,0,0,0.016666666666666666,0,0,0,0,0,upward_excursion,0.021409511566162109,2576,0,1,14,65.458899999999971,1189.5628999999999,contact-islands-safety-and-shape,terminal-1s-shape-0.10-edge
2026-10-05_0800_ddr5-4800_threads-1-2-3-4-5-6-8-10-12-14-16-24_r5,bepuphysics2,8,2,1,1,evaluated,0.10000000000000001,0,0,0,0,2,300,0,0,0,0,0.016666666666666666,0,0,0,0,0,terminal_stack_shape_excess,0.01952048607973178,390,0,2,265,65.458899999999971,1189.5628999999999,contact-islands-safety-and-shape,terminal-1s-shape-0.10-edge
2026-10-05_0800_ddr5-4800_threads-1-2-3-4-5-6-8-10-12-14-16-24_r5,bepuphysics2,8,3,1,1,evaluated,0.10000000000000001,0,0,0,0,2,300,0,0,0,0,0.016666666666666666,0,0,0,0,0,rest_envelope,0.031362956141198772,2576,0,1,7,65.683900000000008,1184.6053999999999,contact-islands-safety-and-shape,terminal-1s-shape-0.10-edge
2026-10-05_0800_ddr5-4800_threads-1-2-3-4-5-6-8-10-12-14-16-24_r5,bepuphysics2,8,3,1,1,evaluated,0.10000000000000001,0,0,0,0,2,300,0,0,0,0,0.016666666666666666,0,0,0,0,0,upward_excursion,0.021409511566162109,2576,0,1,14,65.683900000000008,1184.6053999999999,contact-islands-safety-and-shape,terminal-1s-shape-0.10-edge
2026-10-05_0800_ddr5-4800_threads-1-2-3-4-5-6-8-10-12-14-16-24_r5,bepuphysics2,8,3,1,1,evaluated,0.10000000000000001,0,0,0,0,2,300,0,0,0,0,0.016666666666666666,0,0,0,0,0,terminal_stack_shape_excess,0.01952048607973178,390,0,2,265,65.683900000000008,1184.6053999999999,contact-islands-safety-and-shape,terminal-1s-shape-0.10-edge
2026-10-05_0800_ddr5-4800_threads-1-2-3-4-5-6-8-10-12-14-16-24_r5,bepuphysics2,8,4,1,1,evaluated,0.10000000000000001,0,0,0,0,2,300,0,0,0,0,0.016666666666666666,0,0,0,0,0,rest_envelope,0.031362956141198772,2576,0,1,7,61.164300000000047,1187.0295000000001,contact-islands-safety-and-shape,terminal-1s-shape-0.10-edge
2026-10-05_0800_ddr5-4800_threads-1-2-3-4-5-6-8-10-12-14-16-24_r5,bepuphysics2,8,4,1,1,evaluated,0.10000000000000001,0,0,0,0,2,300,0,0,0,0,0.016666666666666666,0,0,0,0,0,upward_excursion,0.021409511566162109,2576,0,1,14,61.164300000000047,1187.0295000000001,contact-islands-safety-and-shape,terminal-1s-shape-0.10-edge
2026-10-05_0800_ddr5-4800_threads-1-2-3-4-5-6-8-10-12-14-16-24_r5,bepuphysics2,8,4,1,1,evaluated,0.10000000000000001,0,0,0,0,2,300,0,0,0,0,0.016666666666666666,0,0,0,0,0,terminal_stack_shape_excess,0.01952048607973178,390,0,2,265,61.164300000000047,1187.0295000000001,contact-islands-safety-and-shape,terminal-1s-shape-0.10-edge
2026-10-05_0800_ddr5-4800_threads-1-2-3-4-5-6-8-10-12-14-16-24_r5,bepuphysics2,10,0,1,1,evaluated,0.10000000000000001,0,0,0,0,2,300,0,0,0,0,0.016666666666666666,0,0,0,0,0,rest_envelope,0.031362956141198772,2576,0,1,7,61.95999999999998,1186.9024999999999,contact-islands-safety-and-shape,terminal-1s-shape-0.10-edge
2026-10-05_0800_ddr5-4800_threads-1-2-3-4-5-6-8-10-12-14-16-24_r5,bepuphysics2,10,0,1,1,evaluated,0.10000000000000001,0,0,0,0,2,300,0,0,0,0,0.016666666666666666,0,0,0,0,0,upward_excursion,0.021409511566162109,2576,0,1,14,61.95999999999998,1186.9024999999999,contact-islands-safety-and-shape,terminal-1s-shape-0.10-edge
2026-10-05_0800_ddr5-4800_threads-1-2-3-4-5-6-8-10-12-14-16-24_r5,bepuphysics2,10,0,1,1,evaluated,0.10000000000000001,0,0,0,0,2,300,0,0,0,0,0.016666666666666666,0,0,0,0,0,terminal_stack_shape_excess,0.01952048607973178,390,0,2,265,61.95999999999998,1186.9024999999999,contact-islands-safety-and-shape,terminal-1s-shape-0.10-edge
2026-10-05_0800_ddr5-4800_threads-1-2-3-4-5-6-8-10-12-14-16-24_r5,bepuphysics2,10,1,1,1,evaluated,0.10000000000000001,0,0,0,0,2,300,0,0,0,0,0.016666666666666666,0,0,0,0,0,rest_envelope,0.031362956141198772,2576,0,1,7,63.841000000000015,1193.1704,contact-islands-safety-and-shape,terminal-1s-shape-0.10-edge
2026-10-05_0800_ddr5-4800_threads-1-2-3-4-5-6-8-10-12-14-16-24_r5,bepuphysics2,10,1,1,1,evaluated,0.10000000000000001,0,0,0,0,2,300,0,0,0,0,0.016666666666666666,0,0,0,0,0,upward_excursion,0.021409511566162109,2576,0,1,14,63.841000000000015,1193.1704,contact-islands-safety-and-shape,terminal-1s-shape-0.10-edge
2026-10-05_0800_ddr5-4800_threads-1-2-3-4-5-6-8-10-12-14-16-24_r5,bepuphysics2,10,1,1,1,evaluated,0.10000000000000001,0,0,0,0,2,300,0,0,0,0,0.016666666666666666,0,0,0,0,0,terminal_stack_shape_excess,0.01952048607973178,390,0,2,265,63.841000000000015,1193.1704,contact-islands-safety-and-shape,terminal-1s-shape-0.10-edge
2026-10-05_0800_ddr5-4800_threads-1-2-3-4-5-6-8-10-12-14-16-24_r5,bepuphysics2,10,2,1,1,evaluated,0.10000000000000001,0,0,0,0,2,300,0,0,0,0,0.016666666666666666,0,0,0,0,0,rest_envelope,0.031362956141198772,2576,0,1,7,63.376000000000005,1187.3697,contact-islands-safety-and-shape,terminal-1s-shape-0.10-edge
2026-10-05_0800_ddr5-4800_threads-1-2-3-4-5-6-8-10-12-14-16-24_r5,bepuphysics2,10,2,1,1,evaluated,0.10000000000000001,0,0,0,0,2,300,0,0,0,0,0.016666666666666666,0,0,0,0,0,upward_excursion,0.021409511566162109,2576,0,1,14,63.376000000000005,1187.3697,contact-islands-safety-and-shape,terminal-1s-shape-0.10-edge
2026-10-05_0800_ddr5-4800_threads-1-2-3-4-5-6-8-10-12-14-16-24_r5,bepuphysics2,10,2,1,1,evaluated,0.10000000000000001,0,0,0,0,2,300,0,0,0,0,0.016666666666666666,0,0,0,0,0,terminal_stack_shape_excess,0.01952048607973178,390,0,2,265,63.376000000000005,1187.3697,contact-islands-safety-and-shape,terminal-1s-shape-0.10-edge
2026-10-05_0800_ddr5-4800_threads-1-2-3-4-5-6-8-10-12-14-16-24_r5,bepuphysics2,10,3,1,1,evaluated,0.10000000000000001,0,0,0,0,2,300,0,0,0,0,0.016666666666666666,0,0,0,0,0,rest_envelope,0.031362956141198772,2576,0,1,7,66.061299999999974,1188.25,contact-islands-safety-and-shape,terminal-1s-shape-0.10-edge
2026-10-05_0800_ddr5-4800_threads-1-2-3-4-5-6-8-10-12-14-16-24_r5,bepuphysics2,10,3,1,1,evaluated,0.10000000000000001,0,0,0,0,2,300,0,0,0,0,0.016666666666666666,0,0,0,0,0,upward_excursion,0.021409511566162109,2576,0,1,14,66.061299999999974,1188.25,contact-islands-safety-and-shape,terminal-1s-shape-0.10-edge
2026-10-05_0800_ddr5-4800_threads-1-2-3-4-5-6-8-10-12-14-16-24_r5,bepuphysics2,10,3,1,1,evaluated,0.10000000000000001,0,0,0,0,2,300,0,0,0,0,0.016666666666666666,0,0,0,0,0,terminal_stack_shape_excess,0.01952048607973178,390,0,2,265,66.061299999999974,1188.25,contact-islands-safety-and-shape,terminal-1s-shape-0.10-edge
2026-10-05_0800_ddr5-4800_threads-1-2-3-4-5-6-8-10-12-14-16-24_r5,bepuphysics2,10,4,1,1,evaluated,0.10000000000000001,0,0,0,0,2,300,0,0,0,0,0.016666666666666666,0,0,0,0,0,rest_envelope,0.031362956141198772,2576,0,1,7,66.832099999999997,1188.1460999999999,contact-islands-safety-and-shape,terminal-1s-shape-0.10-edge
2026-10-05_0800_ddr5-4800_threads-1-2-3-4-5-6-8-10-12-14-16-24_r5,bepuphysics2,10,4,1,1,evaluated,0.10000000000000001,0,0,0,0,2,300,0,0,0,0,0.016666666666666666,0,0,0,0,0,upward_excursion,0.021409511566162109,2576,0,1,14,66.832099999999997,1188.1460999999999,contact-islands-safety-and-shape,terminal-1s-shape-0.10-edge
2026-10-05_0800_ddr5-4800_threads-1-2-3-4-5-6-8-10-12-14-16-24_r5,bepuphysics2,10,4,1,1,evaluated,0.10000000000000001,0,0,0,0,2,300,0,0,0,0,0.016666666666666666,0,0,0,0,0,terminal_stack_shape_excess,0.01952048607973178,390,0,2,265,66.832099999999997,1188.1460999999999,contact-islands-safety-and-shape,terminal-1s-shape-0.10-edge
2026-10-05_0800_ddr5-4800_threads-1-2-3-4-5-6-8-10-12-14-16-24_r5,bepuphysics2,12,0,1,1,evaluated,0.10000000000000001,0,0,0,0,2,300,0,0,0,0,0.016666666666666666,0,0,0,0,0,rest_envelope,0.031362956141198772,2576,0,1,7,63.548799999999986,1186.2127,contact-islands-safety-and-shape,terminal-1s-shape-0.10-edge
2026-10-05_0800_ddr5-4800_threads-1-2-3-4-5-6-8-10-12-14-16-24_r5,bepuphysics2,12,0,1,1,evaluated,0.10000000000000001,0,0,0,0,2,300,0,0,0,0,0.016666666666666666,0,0,0,0,0,upward_excursion,0.021409511566162109,2576,0,1,14,63.548799999999986,1186.2127,contact-islands-safety-and-shape,terminal-1s-shape-0.10-edge
2026-10-05_0800_ddr5-4800_threads-1-2-3-4-5-6-8-10-12-14-16-24_r5,bepuphysics2,12,0,1,1,evaluated,0.10000000000000001,0,0,0,0,2,300,0,0,0,0,0.016666666666666666,0,0,0,0,0,terminal_stack_shape_excess,0.01952048607973178,390,0,2,265,63.548799999999986,1186.2127,contact-islands-safety-and-shape,terminal-1s-shape-0.10-edge
2026-10-05_0800_ddr5-4800_threads-1-2-3-4-5-6-8-10-12-14-16-24_r5,bepuphysics2,12,1,1,1,evaluated,0.10000000000000001,0,0,0,0,2,300,0,0,0,0,0.016666666666666666,0,0,0,0,0,rest_envelope,0.031362956141198772,2576,0,1,7,68.672899999999984,1189.4666999999999,contact-islands-safety-and-shape,terminal-1s-shape-0.10-edge
2026-10-05_0800_ddr5-4800_threads-1-2-3-4-5-6-8-10-12-14-16-24_r5,bepuphysics2,12,1,1,1,evaluated,0.10000000000000001,0,0,0,0,2,300,0,0,0,0,0.016666666666666666,0,0,0,0,0,upward_excursion,0.021409511566162109,2576,0,1,14,68.672899999999984,1189.4666999999999,contact-islands-safety-and-shape,terminal-1s-shape-0.10-edge
2026-10-05_0800_ddr5-4800_threads-1-2-3-4-5-6-8-10-12-14-16-24_r5,bepuphysics2,12,1,1,1,evaluated,0.10000000000000001,0,0,0,0,2,300,0,0,0,0,0.016666666666666666,0,0,0,0,0,terminal_stack_shape_excess,0.01952048607973178,390,0,2,265,68.672899999999984,1189.4666999999999,contact-islands-safety-and-shape,terminal-1s-shape-0.10-edge
2026-10-05_0800_ddr5-4800_threads-1-2-3-4-5-6-8-10-12-14-16-24_r5,bepuphysics2,12,2,1,1,evaluated,0.10000000000000001,0,0,0,0,2,300,0,0,0,0,0.016666666666666666,0,0,0,0,0,rest_envelope,0.031362956141198772,2576,0,1,7,65.245300000000015,1189.3471,contact-islands-safety-and-shape,terminal-1s-shape-0.10-edge
2026-10-05_0800_ddr5-4800_threads-1-2-3-4-5-6-8-10-12-14-16-24_r5,bepuphysics2,12,2,1,1,evaluated,0.10000000000000001,0,0,0,0,2,300,0,0,0,0,0.016666666666666666,0,0,0,0,0,upward_excursion,0.021409511566162109,2576,0,1,14,65.245300000000015,1189.3471,contact-islands-safety-and-shape,terminal-1s-shape-0.10-edge
2026-10-05_0800_ddr5-4800_threads-1-2-3-4-5-6-8-10-12-14-16-24_r5,bepuphysics2,12,2,1,1,evaluated,0.10000000000000001,0,0,0,0,2,300,0,0,0,0,0.016666666666666666,0,0,0,0,0,terminal_stack_shape_excess,0.01952048607973178,390,0,2,265,65.245300000000015,1189.3471,contact-islands-safety-and-shape,terminal-1s-shape-0.10-edge
2026-10-05_0800_ddr5-4800_threads-1-2-3-4-5-6-8-10-12-14-16-24_r5,bepuphysics2,12,3,1,1,evaluated,0.10000000000000001,0,0,0,0,2,300,0,0,0,0,0.016666666666666666,0,0,0,0,0,rest_envelope,0.031362956141198772,2576,0,1,7,65.838299999999975,1186.9876999999999,contact-islands-safety-and-shape,terminal-1s-shape-0.10-edge
2026-10-05_0800_ddr5-4800_threads-1-2-3-4-5-6-8-10-12-14-16-24_r5,bepuphysics2,12,3,1,1,evaluated,0.10000000000000001,0,0,0,0,2,300,0,0,0,0,0.016666666666666666,0,0,0,0,0,upward_excursion,0.021409511566162109,2576,0,1,14,65.838299999999975,1186.9876999999999,contact-islands-safety-and-shape,terminal-1s-shape-0.10-edge
2026-10-05_0800_ddr5-4800_threads-1-2-3-4-5-6-8-10-12-14-16-24_r5,bepuphysics2,12,3,1,1,evaluated,0.10000000000000001,0,0,0,0,2,300,0,0,0,0,0.016666666666666666,0,0,0,0,0,terminal_stack_shape_excess,0.01952048607973178,390,0,2,265,65.838299999999975,1186.9876999999999,contact-islands-safety-and-shape,terminal-1s-shape-0.10-edge
2026-10-05_0800_ddr5-4800_threads-1-2-3-4-5-6-8-10-12-14-16-24_r5,bepuphysics2,12,4,1,1,evaluated,0.10000000000000001,0,0,0,0,2,300,0,0,0,0,0.016666666666666666,0,0,0,0,0,rest_envelope,0.031362956141198772,2576,0,1,7,64.211100000000044,1186.9363000000001,contact-islands-safety-and-shape,terminal-1s-shape-0.10-edge
2026-10-05_0800_ddr5-4800_threads-1-2-3-4-5-6-8-10-12-14-16-24_r5,bepuphysics2,12,4,1,1,evaluated,0.10000000000000001,0,0,0,0,2,300,0,0,0,0,0.016666666666666666,0,0,0,0,0,upward_excursion,0.021409511566162109,2576,0,1,14,64.211100000000044,1186.9363000000001,contact-islands-safety-and-shape,terminal-1s-shape-0.10-edge
2026-10-05_0800_ddr5-4800_threads-1-2-3-4-5-6-8-10-12-14-16-24_r5,bepuphysics2,12,4,1,1,evaluated,0.10000000000000001,0,0,0,0,2,300,0,0,0,0,0.016666666666666666,0,0,0,0,0,terminal_stack_shape_excess,0.01952048607973178,390,0,2,265,64.211100000000044,1186.9363000000001,contact-islands-safety-and-shape,terminal-1s-shape-0.10-edge
2026-10-05_0800_ddr5-4800_threads-1-2-3-4-5-6-8-10-12-14-16-24_r5,bepuphysics2,14,0,1,1,evaluated,0.10000000000000001,0,0,0,0,2,300,0,0,0,0,0.016666666666666666,0,0,0,0,0,rest_envelope,0.031362956141198772,2576,0,1,7,64.754099999999966,1187.6917000000001,contact-islands-safety-and-shape,terminal-1s-shape-0.10-edge
2026-10-05_0800_ddr5-4800_threads-1-2-3-4-5-6-8-10-12-14-16-24_r5,bepuphysics2,14,0,1,1,evaluated,0.10000000000000001,0,0,0,0,2,300,0,0,0,0,0.016666666666666666,0,0,0,0,0,upward_excursion,0.021409511566162109,2576,0,1,14,64.754099999999966,1187.6917000000001,contact-islands-safety-and-shape,terminal-1s-shape-0.10-edge
2026-10-05_0800_ddr5-4800_threads-1-2-3-4-5-6-8-10-12-14-16-24_r5,bepuphysics2,14,0,1,1,evaluated,0.10000000000000001,0,0,0,0,2,300,0,0,0,0,0.016666666666666666,0,0,0,0,0,terminal_stack_shape_excess,0.01952048607973178,390,0,2,265,64.754099999999966,1187.6917000000001,contact-islands-safety-and-shape,terminal-1s-shape-0.10-edge
2026-10-05_0800_ddr5-4800_threads-1-2-3-4-5-6-8-10-12-14-16-24_r5,bepuphysics2,14,1,1,1,evaluated,0.10000000000000001,0,0,0,0,2,300,0,0,0,0,0.016666666666666666,0,0,0,0,0,rest_envelope,0.031362956141198772,2576,0,1,7,64.514400000000009,1192.9156,contact-islands-safety-and-shape,terminal-1s-shape-0.10-edge
2026-10-05_0800_ddr5-4800_threads-1-2-3-4-5-6-8-10-12-14-16-24_r5,bepuphysics2,14,1,1,1,evaluated,0.10000000000000001,0,0,0,0,2,300,0,0,0,0,0.016666666666666666,0,0,0,0,0,upward_excursion,0.021409511566162109,2576,0,1,14,64.514400000000009,1192.9156,contact-islands-safety-and-shape,terminal-1s-shape-0.10-edge
2026-10-05_0800_ddr5-4800_threads-1-2-3-4-5-6-8-10-12-14-16-24_r5,bepuphysics2,14,1,1,1,evaluated,0.10000000000000001,0,0,0,0,2,300,0,0,0,0,0.016666666666666666,0,0,0,0,0,terminal_stack_shape_excess,0.01952048607973178,390,0,2,265,64.514400000000009,1192.9156,contact-islands-safety-and-shape,terminal-1s-shape-0.10-edge
2026-10-05_0800_ddr5-4800_threads-1-2-3-4-5-6-8-10-12-14-16-24_r5,bepuphysics2,14,2,1,1,evaluated,0.10000000000000001,0,0,0,0,2,300,0,0,0,0,0.016666666666666666,0,0,0,0,0,rest_envelope,0.031362956141198772,2576,0,1,7,69.406199999999941,1185.396,contact-islands-safety-and-shape,terminal-1s-shape-0.10-edge
2026-10-05_0800_ddr5-4800_threads-1-2-3-4-5-6-8-10-12-14-16-24_r5,bepuphysics2,14,2,1,1,evaluated,0.10000000000000001,0,0,0,0,2,300,0,0,0,0,0.016666666666666666,0,0,0,0,0,upward_excursion,0.021409511566162109,2576,0,1,14,69.406199999999941,1185.396,contact-islands-safety-and-shape,terminal-1s-shape-0.10-edge
2026-10-05_0800_ddr5-4800_threads-1-2-3-4-5-6-8-10-12-14-16-24_r5,bepuphysics2,14,2,1,1,evaluated,0.10000000000000001,0,0,0,0,2,300,0,0,0,0,0.016666666666666666,0,0,0,0,0,terminal_stack_shape_excess,0.01952048607973178,390,0,2,265,69.406199999999941,1185.396,contact-islands-safety-and-shape,terminal-1s-shape-0.10-edge
2026-10-05_0800_ddr5-4800_threads-1-2-3-4-5-6-8-10-12-14-16-24_r5,bepuphysics2,14,3,1,1,evaluated,0.10000000000000001,0,0,0,0,2,300,0,0,0,0,0.016666666666666666,0,0,0,0,0,rest_envelope,0.031362956141198772,2576,0,1,7,65.76930000000003,1187.1460999999999,contact-islands-safety-and-shape,terminal-1s-shape-0.10-edge
2026-10-05_0800_ddr5-4800_threads-1-2-3-4-5-6-8-10-12-14-16-24_r5,bepuphysics2,14,3,1,1,evaluated,0.10000000000000001,0,0,0,0,2,300,0,0,0,0,0.016666666666666666,0,0,0,0,0,upward_excursion,0.021409511566162109,2576,0,1,14,65.76930000000003,1187.1460999999999,contact-islands-safety-and-shape,terminal-1s-shape-0.10-edge
2026-10-05_0800_ddr5-4800_threads-1-2-3-4-5-6-8-10-12-14-16-24_r5,bepuphysics2,14,3,1,1,evaluated,0.10000000000000001,0,0,0,0,2,300,0,0,0,0,0.016666666666666666,0,0,0,0,0,terminal_stack_shape_excess,0.01952048607973178,390,0,2,265,65.76930000000003,1187.1460999999999,contact-islands-safety-and-shape,terminal-1s-shape-0.10-edge
2026-10-05_0800_ddr5-4800_threads-1-2-3-4-5-6-8-10-12-14-16-24_r5,bepuphysics2,14,4,1,1,evaluated,0.10000000000000001,0,0,0,0,2,300,0,0,0,0,0.016666666666666666,0,0,0,0,0,rest_envelope,0.031362956141198772,2576,0,1,7,63.007600000000039,1186.9522999999999,contact-islands-safety-and-shape,terminal-1s-shape-0.10-edge
2026-10-05_0800_ddr5-4800_threads-1-2-3-4-5-6-8-10-12-14-16-24_r5,bepuphysics2,14,4,1,1,evaluated,0.10000000000000001,0,0,0,0,2,300,0,0,0,0,0.016666666666666666,0,0,0,0,0,upward_excursion,0.021409511566162109,2576,0,1,14,63.007600000000039,1186.9522999999999,contact-islands-safety-and-shape,terminal-1s-shape-0.10-edge
2026-10-05_0800_ddr5-4800_threads-1-2-3-4-5-6-8-10-12-14-16-24_r5,bepuphysics2,14,4,1,1,evaluated,0.10000000000000001,0,0,0,0,2,300,0,0,0,0,0.016666666666666666,0,0,0,0,0,terminal_stack_shape_excess,0.01952048607973178,390,0,2,265,63.007600000000039,1186.9522999999999,contact-islands-safety-and-shape,terminal-1s-shape-0.10-edge
2026-10-05_0800_ddr5-4800_threads-1-2-3-4-5-6-8-10-12-14-16-24_r5,bepuphysics2,16,0,1,1,evaluated,0.10000000000000001,0,0,0,0,2,300,0,0,0,0,0.016666666666666666,0,0,0,0,0,rest_envelope,0.031362956141198772,2576,0,1,7,68.674600000000083,1193.5907999999999,contact-islands-safety-and-shape,terminal-1s-shape-0.10-edge
2026-10-05_0800_ddr5-4800_threads-1-2-3-4-5-6-8-10-12-14-16-24_r5,bepuphysics2,16,0,1,1,evaluated,0.10000000000000001,0,0,0,0,2,300,0,0,0,0,0.016666666666666666,0,0,0,0,0,upward_excursion,0.021409511566162109,2576,0,1,14,68.674600000000083,1193.5907999999999,contact-islands-safety-and-shape,terminal-1s-shape-0.10-edge
2026-10-05_0800_ddr5-4800_threads-1-2-3-4-5-6-8-10-12-14-16-24_r5,bepuphysics2,16,0,1,1,evaluated,0.10000000000000001,0,0,0,0,2,300,0,0,0,0,0.016666666666666666,0,0,0,0,0,terminal_stack_shape_excess,0.01952048607973178,390,0,2,265,68.674600000000083,1193.5907999999999,contact-islands-safety-and-shape,terminal-1s-shape-0.10-edge
2026-10-05_0800_ddr5-4800_threads-1-2-3-4-5-6-8-10-12-14-16-24_r5,bepuphysics2,16,1,1,1,evaluated,0.10000000000000001,0,0,0,0,2,300,0,0,0,0,0.016666666666666666,0,0,0,0,0,rest_envelope,0.031362956141198772,2576,0,1,7,66.096200000000024,1194.3461,contact-islands-safety-and-shape,terminal-1s-shape-0.10-edge
2026-10-05_0800_ddr5-4800_threads-1-2-3-4-5-6-8-10-12-14-16-24_r5,bepuphysics2,16,1,1,1,evaluated,0.10000000000000001,0,0,0,0,2,300,0,0,0,0,0.016666666666666666,0,0,0,0,0,upward_excursion,0.021409511566162109,2576,0,1,14,66.096200000000024,1194.3461,contact-islands-safety-and-shape,terminal-1s-shape-0.10-edge
2026-10-05_0800_ddr5-4800_threads-1-2-3-4-5-6-8-10-12-14-16-24_r5,bepuphysics2,16,1,1,1,evaluated,0.10000000000000001,0,0,0,0,2,300,0,0,0,0,0.016666666666666666,0,0,0,0,0,terminal_stack_shape_excess,0.01952048607973178,390,0,2,265,66.096200000000024,1194.3461,contact-islands-safety-and-shape,terminal-1s-shape-0.10-edge
2026-10-05_0800_ddr5-4800_threads-1-2-3-4-5-6-8-10-12-14-16-24_r5,bepuphysics2,16,2,1,1,evaluated,0.10000000000000001,0,0,0,0,2,300,0,0,0,0,0.016666666666666666,0,0,0,0,0,rest_envelope,0.031362956141198772,2576,0,1,7,64.761599999999916,1186.8373999999999,contact-islands-safety-and-shape,terminal-1s-shape-0.10-edge
2026-10-05_0800_ddr5-4800_threads-1-2-3-4-5-6-8-10-12-14-16-24_r5,bepuphysics2,16,2,1,1,evaluated,0.10000000000000001,0,0,0,0,2,300,0,0,0,0,0.016666666666666666,0,0,0,0,0,upward_excursion,0.021409511566162109,2576,0,1,14,64.761599999999916,1186.8373999999999,contact-islands-safety-and-shape,terminal-1s-shape-0.10-edge
2026-10-05_0800_ddr5-4800_threads-1-2-3-4-5-6-8-10-12-14-16-24_r5,bepuphysics2,16,2,1,1,evaluated,0.10000000000000001,0,0,0,0,2,300,0,0,0,0,0.016666666666666666,0,0,0,0,0,terminal_stack_shape_excess,0.01952048607973178,390,0,2,265,64.761599999999916,1186.8373999999999,contact-islands-safety-and-shape,terminal-1s-shape-0.10-edge
2026-10-05_0800_ddr5-4800_threads-1-2-3-4-5-6-8-10-12-14-16-24_r5,bepuphysics2,16,3,1,1,evaluated,0.10000000000000001,0,0,0,0,2,300,0,0,0,0,0.016666666666666666,0,0,0,0,0,rest_envelope,0.031362956141198772,2576,0,1,7,68.721300000000028,1186.5981999999999,contact-islands-safety-and-shape,terminal-1s-shape-0.10-edge
2026-10-05_0800_ddr5-4800_threads-1-2-3-4-5-6-8-10-12-14-16-24_r5,bepuphysics2,16,3,1,1,evaluated,0.10000000000000001,0,0,0,0,2,300,0,0,0,0,0.016666666666666666,0,0,0,0,0,upward_excursion,0.021409511566162109,2576,0,1,14,68.721300000000028,1186.5981999999999,contact-islands-safety-and-shape,terminal-1s-shape-0.10-edge
2026-10-05_0800_ddr5-4800_threads-1-2-3-4-5-6-8-10-12-14-16-24_r5,bepuphysics2,16,3,1,1,evaluated,0.10000000000000001,0,0,0,0,2,300,0,0,0,0,0.016666666666666666,0,0,0,0,0,terminal_stack_shape_excess,0.01952048607973178,390,0,2,265,68.721300000000028,1186.5981999999999,contact-islands-safety-and-shape,terminal-1s-shape-0.10-edge
2026-10-05_0800_ddr5-4800_threads-1-2-3-4-5-6-8-10-12-14-16-24_r5,bepuphysics2,16,4,1,1,evaluated,0.10000000000000001,0,0,0,0,2,300,0,0,0,0,0.016666666666666666,0,0,0,0,0,rest_envelope,0.031362956141198772,2576,0,1,7,69.101399999999913,1187.9612999999999,contact-islands-safety-and-shape,terminal-1s-shape-0.10-edge
2026-10-05_0800_ddr5-4800_threads-1-2-3-4-5-6-8-10-12-14-16-24_r5,bepuphysics2,16,4,1,1,evaluated,0.10000000000000001,0,0,0,0,2,300,0,0,0,0,0.016666666666666666,0,0,0,0,0,upward_excursion,0.021409511566162109,2576,0,1,14,69.101399999999913,1187.9612999999999,contact-islands-safety-and-shape,terminal-1s-shape-0.10-edge
2026-10-05_0800_ddr5-4800_threads-1-2-3-4-5-6-8-10-12-14-16-24_r5,bepuphysics2,16,4,1,1,evaluated,0.10000000000000001,0,0,0,0,2,300,0,0,0,0,0.016666666666666666,0,0,0,0,0,terminal_stack_shape_excess,0.01952048607973178,390,0,2,265,69.101399999999913,1187.9612999999999,contact-islands-safety-and-shape,terminal-1s-shape-0.10-edge
2026-10-05_0800_ddr5-4800_threads-1-2-3-4-5-6-8-10-12-14-16-24_r5,bepuphysics2,24,0,1,1,evaluated,0.10000000000000001,0,0,0,0,2,300,0,0,0,0,0.016666666666666666,0,0,0,0,0,rest_envelope,0.031362956141198772,2576,0,1,7,68.683399999999949,1187.1682000000001,contact-islands-safety-and-shape,terminal-1s-shape-0.10-edge
2026-10-05_0800_ddr5-4800_threads-1-2-3-4-5-6-8-10-12-14-16-24_r5,bepuphysics2,24,0,1,1,evaluated,0.10000000000000001,0,0,0,0,2,300,0,0,0,0,0.016666666666666666,0,0,0,0,0,upward_excursion,0.021409511566162109,2576,0,1,14,68.683399999999949,1187.1682000000001,contact-islands-safety-and-shape,terminal-1s-shape-0.10-edge
2026-10-05_0800_ddr5-4800_threads-1-2-3-4-5-6-8-10-12-14-16-24_r5,bepuphysics2,24,0,1,1,evaluated,0.10000000000000001,0,0,0,0,2,300,0,0,0,0,0.016666666666666666,0,0,0,0,0,terminal_stack_shape_excess,0.01952048607973178,390,0,2,265,68.683399999999949,1187.1682000000001,contact-islands-safety-and-shape,terminal-1s-shape-0.10-edge
2026-10-05_0800_ddr5-4800_threads-1-2-3-4-5-6-8-10-12-14-16-24_r5,bepuphysics2,24,1,1,1,evaluated,0.10000000000000001,0,0,0,0,2,300,0,0,0,0,0.016666666666666666,0,0,0,0,0,rest_envelope,0.031362956141198772,2576,0,1,7,75.177699999999959,1196.5247999999999,contact-islands-safety-and-shape,terminal-1s-shape-0.10-edge
2026-10-05_0800_ddr5-4800_threads-1-2-3-4-5-6-8-10-12-14-16-24_r5,bepuphysics2,24,1,1,1,evaluated,0.10000000000000001,0,0,0,0,2,300,0,0,0,0,0.016666666666666666,0,0,0,0,0,upward_excursion,0.021409511566162109,2576,0,1,14,75.177699999999959,1196.5247999999999,contact-islands-safety-and-shape,terminal-1s-shape-0.10-edge
2026-10-05_0800_ddr5-4800_threads-1-2-3-4-5-6-8-10-12-14-16-24_r5,bepuphysics2,24,1,1,1,evaluated,0.10000000000000001,0,0,0,0,2,300,0,0,0,0,0.016666666666666666,0,0,0,0,0,terminal_stack_shape_excess,0.01952048607973178,390,0,2,265,75.177699999999959,1196.5247999999999,contact-islands-safety-and-shape,terminal-1s-shape-0.10-edge
2026-10-05_0800_ddr5-4800_threads-1-2-3-4-5-6-8-10-12-14-16-24_r5,bepuphysics2,24,2,1,1,evaluated,0.10000000000000001,0,0,0,0,2,300,0,0,0,0,0.016666666666666666,0,0,0,0,0,rest_envelope,0.031362956141198772,2576,0,1,7,70.481700000000032,1189.2931000000001,contact-islands-safety-and-shape,terminal-1s-shape-0.10-edge
2026-10-05_0800_ddr5-4800_threads-1-2-3-4-5-6-8-10-12-14-16-24_r5,bepuphysics2,24,2,1,1,evaluated,0.10000000000000001,0,0,0,0,2,300,0,0,0,0,0.016666666666666666,0,0,0,0,0,upward_excursion,0.021409511566162109,2576,0,1,14,70.481700000000032,1189.2931000000001,contact-islands-safety-and-shape,terminal-1s-shape-0.10-edge
2026-10-05_0800_ddr5-4800_threads-1-2-3-4-5-6-8-10-12-14-16-24_r5,bepuphysics2,24,2,1,1,evaluated,0.10000000000000001,0,0,0,0,2,300,0,0,0,0,0.016666666666666666,0,0,0,0,0,terminal_stack_shape_excess,0.01952048607973178,390,0,2,265,70.481700000000032,1189.2931000000001,contact-islands-safety-and-shape,terminal-1s-shape-0.10-edge
2026-10-05_0800_ddr5-4800_threads-1-2-3-4-5-6-8-10-12-14-16-24_r5,bepuphysics2,24,3,1,1,evaluated,0.10000000000000001,0,0,0,0,2,300,0,0,0,0,0.016666666666666666,0,0,0,0,0,rest_envelope,0.031362956141198772,2576,0,1,7,73.711200000000005,1185.6304,contact-islands-safety-and-shape,terminal-1s-shape-0.10-edge
2026-10-05_0800_ddr5-4800_threads-1-2-3-4-5-6-8-10-12-14-16-24_r5,bepuphysics2,24,3,1,1,evaluated,0.10000000000000001,0,0,0,0,2,300,0,0,0,0,0.016666666666666666,0,0,0,0,0,upward_excursion,0.021409511566162109,2576,0,1,14,73.711200000000005,1185.6304,contact-islands-safety-and-shape,terminal-1s-shape-0.10-edge
2026-10-05_0800_ddr5-4800_threads-1-2-3-4-5-6-8-10-12-14-16-24_r5,bepuphysics2,24,3,1,1,evaluated,0.10000000000000001,0,0,0,0,2,300,0,0,0,0,0.016666666666666666,0,0,0,0,0,terminal_stack_shape_excess,0.01952048607973178,390,0,2,265,73.711200000000005,1185.6304,contact-islands-safety-and-shape,terminal-1s-shape-0.10-edge
2026-10-05_0800_ddr5-4800_threads-1-2-3-4-5-6-8-10-12-14-16-24_r5,bepuphysics2,24,4,1,1,evaluated,0.10000000000000001,0,0,0,0,2,300,0,0,0,0,0.016666666666666666,0,0,0,0,0,rest_envelope,0.031362956141198772,2576,0,1,7,71.739000000000004,1185.7455,contact-islands-safety-and-shape,terminal-1s-shape-0.10-edge
2026-10-05_0800_ddr5-4800_threads-1-2-3-4-5-6-8-10-12-14-16-24_r5,bepuphysics2,24,4,1,1,evaluated,0.10000000000000001,0,0,0,0,2,300,0,0,0,0,0.016666666666666666,0,0,0,0,0,upward_excursion,0.021409511566162109,2576,0,1,14,71.739000000000004,1185.7455,contact-islands-safety-and-shape,terminal-1s-shape-0.10-edge
2026-10-05_0800_ddr5-4800_threads-1-2-3-4-5-6-8-10-12-14-16-24_r5,bepuphysics2,24,4,1,1,evaluated,0.10000000000000001,0,0,0,0,2,300,0,0,0,0,0.016666666666666666,0,0,0,0,0,terminal_stack_shape_excess,0.01952048607973178,390,0,2,265,71.739000000000004,1185.7455,contact-islands-safety-and-shape,terminal-1s-shape-0.10-edge
2026-10-05_0800_ddr5-4800_threads-1-2-3-4-5-6-8-10-12-14-16-24_r5,rapier3d,1,0,1,1,evaluated,0.10000000000000001,0,0,0,0,2,300,0,0,0,0,0.016666666666666666,0,0,0,0,0,rest_envelope,0.024774918142137725,4575,0,1,23,65.05810000000001,1190.1760999999999,contact-islands-safety-and-shape,terminal-1s-shape-0.10-edge
2026-10-05_0800_ddr5-4800_threads-1-2-3-4-5-6-8-10-12-14-16-24_r5,rapier3d,1,0,1,1,evaluated,0.10000000000000001,0,0,0,0,2,300,0,0,0,0,0.016666666666666666,0,0,0,0,0,upward_excursion,0.0012326240539550781,537,0,1,5,65.05810000000001,1190.1760999999999,contact-islands-safety-and-shape,terminal-1s-shape-0.10-edge
2026-10-05_0800_ddr5-4800_threads-1-2-3-4-5-6-8-10-12-14-16-24_r5,rapier3d,1,0,1,1,evaluated,0.10000000000000001,0,0,0,0,2,300,0,0,0,0,0.016666666666666666,0,0,0,0,0,terminal_stack_shape_excess,0.01653251625659935,2175,0,2,300,65.05810000000001,1190.1760999999999,contact-islands-safety-and-shape,terminal-1s-shape-0.10-edge
2026-10-05_0800_ddr5-4800_threads-1-2-3-4-5-6-8-10-12-14-16-24_r5,rapier3d,1,1,1,1,evaluated,0.10000000000000001,0,0,0,0,2,300,0,0,0,0,0.016666666666666666,0,0,0,0,0,rest_envelope,0.024774918142137725,4575,0,1,23,66.548000000000016,1189.0134,contact-islands-safety-and-shape,terminal-1s-shape-0.10-edge
2026-10-05_0800_ddr5-4800_threads-1-2-3-4-5-6-8-10-12-14-16-24_r5,rapier3d,1,1,1,1,evaluated,0.10000000000000001,0,0,0,0,2,300,0,0,0,0,0.016666666666666666,0,0,0,0,0,upward_excursion,0.0012326240539550781,537,0,1,5,66.548000000000016,1189.0134,contact-islands-safety-and-shape,terminal-1s-shape-0.10-edge
2026-10-05_0800_ddr5-4800_threads-1-2-3-4-5-6-8-10-12-14-16-24_r5,rapier3d,1,1,1,1,evaluated,0.10000000000000001,0,0,0,0,2,300,0,0,0,0,0.016666666666666666,0,0,0,0,0,terminal_stack_shape_excess,0.01653251625659935,2175,0,2,300,66.548000000000016,1189.0134,contact-islands-safety-and-shape,terminal-1s-shape-0.10-edge
2026-10-05_0800_ddr5-4800_threads-1-2-3-4-5-6-8-10-12-14-16-24_r5,rapier3d,1,2,1,1,evaluated,0.10000000000000001,0,0,0,0,2,300,0,0,0,0,0.016666666666666666,0,0,0,0,0,rest_envelope,0.024774918142137725,4575,0,1,23,65.175199999999975,1189.0101999999999,contact-islands-safety-and-shape,terminal-1s-shape-0.10-edge
2026-10-05_0800_ddr5-4800_threads-1-2-3-4-5-6-8-10-12-14-16-24_r5,rapier3d,1,2,1,1,evaluated,0.10000000000000001,0,0,0,0,2,300,0,0,0,0,0.016666666666666666,0,0,0,0,0,upward_excursion,0.0012326240539550781,537,0,1,5,65.175199999999975,1189.0101999999999,contact-islands-safety-and-shape,terminal-1s-shape-0.10-edge
2026-10-05_0800_ddr5-4800_threads-1-2-3-4-5-6-8-10-12-14-16-24_r5,rapier3d,1,2,1,1,evaluated,0.10000000000000001,0,0,0,0,2,300,0,0,0,0,0.016666666666666666,0,0,0,0,0,terminal_stack_shape_excess,0.01653251625659935,2175,0,2,300,65.175199999999975,1189.0101999999999,contact-islands-safety-and-shape,terminal-1s-shape-0.10-edge
2026-10-05_0800_ddr5-4800_threads-1-2-3-4-5-6-8-10-12-14-16-24_r5,rapier3d,1,3,1,1,evaluated,0.10000000000000001,0,0,0,0,2,300,0,0,0,0,0.016666666666666666,0,0,0,0,0,rest_envelope,0.024774918142137725,4575,0,1,23,66.342999999999947,1190.8307,contact-islands-safety-and-shape,terminal-1s-shape-0.10-edge
2026-10-05_0800_ddr5-4800_threads-1-2-3-4-5-6-8-10-12-14-16-24_r5,rapier3d,1,3,1,1,evaluated,0.10000000000000001,0,0,0,0,2,300,0,0,0,0,0.016666666666666666,0,0,0,0,0,upward_excursion,0.0012326240539550781,537,0,1,5,66.342999999999947,1190.8307,contact-islands-safety-and-shape,terminal-1s-shape-0.10-edge
2026-10-05_0800_ddr5-4800_threads-1-2-3-4-5-6-8-10-12-14-16-24_r5,rapier3d,1,3,1,1,evaluated,0.10000000000000001,0,0,0,0,2,300,0,0,0,0,0.016666666666666666,0,0,0,0,0,terminal_stack_shape_excess,0.01653251625659935,2175,0,2,300,66.342999999999947,1190.8307,contact-islands-safety-and-shape,terminal-1s-shape-0.10-edge
2026-10-05_0800_ddr5-4800_threads-1-2-3-4-5-6-8-10-12-14-16-24_r5,rapier3d,1,4,1,1,evaluated,0.10000000000000001,0,0,0,0,2,300,0,0,0,0,0.016666666666666666,0,0,0,0,0,rest_envelope,0.024774918142137725,4575,0,1,23,67.586600000000018,1188.9946,contact-islands-safety-and-shape,terminal-1s-shape-0.10-edge
2026-10-05_0800_ddr5-4800_threads-1-2-3-4-5-6-8-10-12-14-16-24_r5,rapier3d,1,4,1,1,evaluated,0.10000000000000001,0,0,0,0,2,300,0,0,0,0,0.016666666666666666,0,0,0,0,0,upward_excursion,0.0012326240539550781,537,0,1,5,67.586600000000018,1188.9946,contact-islands-safety-and-shape,terminal-1s-shape-0.10-edge
2026-10-05_0800_ddr5-4800_threads-1-2-3-4-5-6-8-10-12-14-16-24_r5,rapier3d,1,4,1,1,evaluated,0.10000000000000001,0,0,0,0,2,300,0,0,0,0,0.016666666666666666,0,0,0,0,0,terminal_stack_shape_excess,0.01653251625659935,2175,0,2,300,67.586600000000018,1188.9946,contact-islands-safety-and-shape,terminal-1s-shape-0.10-edge
2026-10-05_0800_ddr5-4800_threads-1-2-3-4-5-6-8-10-12-14-16-24_r5,rapier3d,2,0,1,1,evaluated,0.10000000000000001,0,0,0,0,2,300,0,0,0,0,0.016666666666666666,0,0,0,0,0,rest_envelope,0.024774918142137725,4575,0,1,23,68.446799999999996,1189.9538,contact-islands-safety-and-shape,terminal-1s-shape-0.10-edge
2026-10-05_0800_ddr5-4800_threads-1-2-3-4-5-6-8-10-12-14-16-24_r5,rapier3d,2,0,1,1,evaluated,0.10000000000000001,0,0,0,0,2,300,0,0,0,0,0.016666666666666666,0,0,0,0,0,upward_excursion,0.0012326240539550781,537,0,1,5,68.446799999999996,1189.9538,contact-islands-safety-and-shape,terminal-1s-shape-0.10-edge
2026-10-05_0800_ddr5-4800_threads-1-2-3-4-5-6-8-10-12-14-16-24_r5,rapier3d,2,0,1,1,evaluated,0.10000000000000001,0,0,0,0,2,300,0,0,0,0,0.016666666666666666,0,0,0,0,0,terminal_stack_shape_excess,0.01653251625659935,2175,0,2,300,68.446799999999996,1189.9538,contact-islands-safety-and-shape,terminal-1s-shape-0.10-edge
2026-10-05_0800_ddr5-4800_threads-1-2-3-4-5-6-8-10-12-14-16-24_r5,rapier3d,2,1,1,1,evaluated,0.10000000000000001,0,0,0,0,2,300,0,0,0,0,0.016666666666666666,0,0,0,0,0,rest_envelope,0.024774918142137725,4575,0,1,23,70.173099999999991,1189.7266999999999,contact-islands-safety-and-shape,terminal-1s-shape-0.10-edge
2026-10-05_0800_ddr5-4800_threads-1-2-3-4-5-6-8-10-12-14-16-24_r5,rapier3d,2,1,1,1,evaluated,0.10000000000000001,0,0,0,0,2,300,0,0,0,0,0.016666666666666666,0,0,0,0,0,upward_excursion,0.0012326240539550781,537,0,1,5,70.173099999999991,1189.7266999999999,contact-islands-safety-and-shape,terminal-1s-shape-0.10-edge
2026-10-05_0800_ddr5-4800_threads-1-2-3-4-5-6-8-10-12-14-16-24_r5,rapier3d,2,1,1,1,evaluated,0.10000000000000001,0,0,0,0,2,300,0,0,0,0,0.016666666666666666,0,0,0,0,0,terminal_stack_shape_excess,0.01653251625659935,2175,0,2,300,70.173099999999991,1189.7266999999999,contact-islands-safety-and-shape,terminal-1s-shape-0.10-edge
2026-10-05_0800_ddr5-4800_threads-1-2-3-4-5-6-8-10-12-14-16-24_r5,rapier3d,2,2,1,1,evaluated,0.10000000000000001,0,0,0,0,2,300,0,0,0,0,0.016666666666666666,0,0,0,0,0,rest_envelope,0.024774918142137725,4575,0,1,23,66.825300000000013,1192.1994,contact-islands-safety-and-shape,terminal-1s-shape-0.10-edge
2026-10-05_0800_ddr5-4800_threads-1-2-3-4-5-6-8-10-12-14-16-24_r5,rapier3d,2,2,1,1,evaluated,0.10000000000000001,0,0,0,0,2,300,0,0,0,0,0.016666666666666666,0,0,0,0,0,upward_excursion,0.0012326240539550781,537,0,1,5,66.825300000000013,1192.1994,contact-islands-safety-and-shape,terminal-1s-shape-0.10-edge
2026-10-05_0800_ddr5-4800_threads-1-2-3-4-5-6-8-10-12-14-16-24_r5,rapier3d,2,2,1,1,evaluated,0.10000000000000001,0,0,0,0,2,300,0,0,0,0,0.016666666666666666,0,0,0,0,0,terminal_stack_shape_excess,0.01653251625659935,2175,0,2,300,66.825300000000013,1192.1994,contact-islands-safety-and-shape,terminal-1s-shape-0.10-edge
2026-10-05_0800_ddr5-4800_threads-1-2-3-4-5-6-8-10-12-14-16-24_r5,rapier3d,2,3,1,1,evaluated,0.10000000000000001,0,0,0,0,2,300,0,0,0,0,0.016666666666666666,0,0,0,0,0,rest_envelope,0.024774918142137725,4575,0,1,23,66.084200000000024,1189.6003000000001,contact-islands-safety-and-shape,terminal-1s-shape-0.10-edge
2026-10-05_0800_ddr5-4800_threads-1-2-3-4-5-6-8-10-12-14-16-24_r5,rapier3d,2,3,1,1,evaluated,0.10000000000000001,0,0,0,0,2,300,0,0,0,0,0.016666666666666666,0,0,0,0,0,upward_excursion,0.0012326240539550781,537,0,1,5,66.084200000000024,1189.6003000000001,contact-islands-safety-and-shape,terminal-1s-shape-0.10-edge
2026-10-05_0800_ddr5-4800_threads-1-2-3-4-5-6-8-10-12-14-16-24_r5,rapier3d,2,3,1,1,evaluated,0.10000000000000001,0,0,0,0,2,300,0,0,0,0,0.016666666666666666,0,0,0,0,0,terminal_stack_shape_excess,0.01653251625659935,2175,0,2,300,66.084200000000024,1189.6003000000001,contact-islands-safety-and-shape,terminal-1s-shape-0.10-edge
2026-10-05_0800_ddr5-4800_threads-1-2-3-4-5-6-8-10-12-14-16-24_r5,rapier3d,2,4,1,1,evaluated,0.10000000000000001,0,0,0,0,2,300,0,0,0,0,0.016666666666666666,0,0,0,0,0,rest_envelope,0.024774918142137725,4575,0,1,23,67.710099999999969,1189.6905999999999,contact-islands-safety-and-shape,terminal-1s-shape-0.10-edge
2026-10-05_0800_ddr5-4800_threads-1-2-3-4-5-6-8-10-12-14-16-24_r5,rapier3d,2,4,1,1,evaluated,0.10000000000000001,0,0,0,0,2,300,0,0,0,0,0.016666666666666666,0,0,0,0,0,upward_excursion,0.0012326240539550781,537,0,1,5,67.710099999999969,1189.6905999999999,contact-islands-safety-and-shape,terminal-1s-shape-0.10-edge
2026-10-05_0800_ddr5-4800_threads-1-2-3-4-5-6-8-10-12-14-16-24_r5,rapier3d,2,4,1,1,evaluated,0.10000000000000001,0,0,0,0,2,300,0,0,0,0,0.016666666666666666,0,0,0,0,0,terminal_stack_shape_excess,0.01653251625659935,2175,0,2,300,67.710099999999969,1189.6905999999999,contact-islands-safety-and-shape,terminal-1s-shape-0.10-edge
2026-10-05_0800_ddr5-4800_threads-1-2-3-4-5-6-8-10-12-14-16-24_r5,rapier3d,3,0,1,1,evaluated,0.10000000000000001,0,0,0,0,2,300,0,0,0,0,0.016666666666666666,0,0,0,0,0,rest_envelope,0.024774918142137725,4575,0,1,23,67.065699999999978,1190.5472,contact-islands-safety-and-shape,terminal-1s-shape-0.10-edge
2026-10-05_0800_ddr5-4800_threads-1-2-3-4-5-6-8-10-12-14-16-24_r5,rapier3d,3,0,1,1,evaluated,0.10000000000000001,0,0,0,0,2,300,0,0,0,0,0.016666666666666666,0,0,0,0,0,upward_excursion,0.0012326240539550781,537,0,1,5,67.065699999999978,1190.5472,contact-islands-safety-and-shape,terminal-1s-shape-0.10-edge
2026-10-05_0800_ddr5-4800_threads-1-2-3-4-5-6-8-10-12-14-16-24_r5,rapier3d,3,0,1,1,evaluated,0.10000000000000001,0,0,0,0,2,300,0,0,0,0,0.016666666666666666,0,0,0,0,0,terminal_stack_shape_excess,0.01653251625659935,2175,0,2,300,67.065699999999978,1190.5472,contact-islands-safety-and-shape,terminal-1s-shape-0.10-edge
2026-10-05_0800_ddr5-4800_threads-1-2-3-4-5-6-8-10-12-14-16-24_r5,rapier3d,3,1,1,1,evaluated,0.10000000000000001,0,0,0,0,2,300,0,0,0,0,0.016666666666666666,0,0,0,0,0,rest_envelope,0.024774918142137725,4575,0,1,23,67.570399999999992,1196.4613999999999,contact-islands-safety-and-shape,terminal-1s-shape-0.10-edge
2026-10-05_0800_ddr5-4800_threads-1-2-3-4-5-6-8-10-12-14-16-24_r5,rapier3d,3,1,1,1,evaluated,0.10000000000000001,0,0,0,0,2,300,0,0,0,0,0.016666666666666666,0,0,0,0,0,upward_excursion,0.0012326240539550781,537,0,1,5,67.570399999999992,1196.4613999999999,contact-islands-safety-and-shape,terminal-1s-shape-0.10-edge
2026-10-05_0800_ddr5-4800_threads-1-2-3-4-5-6-8-10-12-14-16-24_r5,rapier3d,3,1,1,1,evaluated,0.10000000000000001,0,0,0,0,2,300,0,0,0,0,0.016666666666666666,0,0,0,0,0,terminal_stack_shape_excess,0.01653251625659935,2175,0,2,300,67.570399999999992,1196.4613999999999,contact-islands-safety-and-shape,terminal-1s-shape-0.10-edge
2026-10-05_0800_ddr5-4800_threads-1-2-3-4-5-6-8-10-12-14-16-24_r5,rapier3d,3,2,1,1,evaluated,0.10000000000000001,0,0,0,0,2,300,0,0,0,0,0.016666666666666666,0,0,0,0,0,rest_envelope,0.024774918142137725,4575,0,1,23,68.352600000000024,1189.4807000000001,contact-islands-safety-and-shape,terminal-1s-shape-0.10-edge
2026-10-05_0800_ddr5-4800_threads-1-2-3-4-5-6-8-10-12-14-16-24_r5,rapier3d,3,2,1,1,evaluated,0.10000000000000001,0,0,0,0,2,300,0,0,0,0,0.016666666666666666,0,0,0,0,0,upward_excursion,0.0012326240539550781,537,0,1,5,68.352600000000024,1189.4807000000001,contact-islands-safety-and-shape,terminal-1s-shape-0.10-edge
2026-10-05_0800_ddr5-4800_threads-1-2-3-4-5-6-8-10-12-14-16-24_r5,rapier3d,3,2,1,1,evaluated,0.10000000000000001,0,0,0,0,2,300,0,0,0,0,0.016666666666666666,0,0,0,0,0,terminal_stack_shape_excess,0.01653251625659935,2175,0,2,300,68.352600000000024,1189.4807000000001,contact-islands-safety-and-shape,terminal-1s-shape-0.10-edge
2026-10-05_0800_ddr5-4800_threads-1-2-3-4-5-6-8-10-12-14-16-24_r5,rapier3d,3,3,1,1,evaluated,0.10000000000000001,0,0,0,0,2,300,0,0,0,0,0.016666666666666666,0,0,0,0,0,rest_envelope,0.024774918142137725,4575,0,1,23,67.183699999999916,1194.0347999999999,contact-islands-safety-and-shape,terminal-1s-shape-0.10-edge
2026-10-05_0800_ddr5-4800_threads-1-2-3-4-5-6-8-10-12-14-16-24_r5,rapier3d,3,3,1,1,evaluated,0.10000000000000001,0,0,0,0,2,300,0,0,0,0,0.016666666666666666,0,0,0,0,0,upward_excursion,0.0012326240539550781,537,0,1,5,67.183699999999916,1194.0347999999999,contact-islands-safety-and-shape,terminal-1s-shape-0.10-edge
2026-10-05_0800_ddr5-4800_threads-1-2-3-4-5-6-8-10-12-14-16-24_r5,rapier3d,3,3,1,1,evaluated,0.10000000000000001,0,0,0,0,2,300,0,0,0,0,0.016666666666666666,0,0,0,0,0,terminal_stack_shape_excess,0.01653251625659935,2175,0,2,300,67.183699999999916,1194.0347999999999,contact-islands-safety-and-shape,terminal-1s-shape-0.10-edge
2026-10-05_0800_ddr5-4800_threads-1-2-3-4-5-6-8-10-12-14-16-24_r5,rapier3d,3,4,1,1,evaluated,0.10000000000000001,0,0,0,0,2,300,0,0,0,0,0.016666666666666666,0,0,0,0,0,rest_envelope,0.024774918142137725,4575,0,1,23,68.109700000000046,1187.9031,contact-islands-safety-and-shape,terminal-1s-shape-0.10-edge
2026-10-05_0800_ddr5-4800_threads-1-2-3-4-5-6-8-10-12-14-16-24_r5,rapier3d,3,4,1,1,evaluated,0.10000000000000001,0,0,0,0,2,300,0,0,0,0,0.016666666666666666,0,0,0,0,0,upward_excursion,0.0012326240539550781,537,0,1,5,68.109700000000046,1187.9031,contact-islands-safety-and-shape,terminal-1s-shape-0.10-edge
2026-10-05_0800_ddr5-4800_threads-1-2-3-4-5-6-8-10-12-14-16-24_r5,rapier3d,3,4,1,1,evaluated,0.10000000000000001,0,0,0,0,2,300,0,0,0,0,0.016666666666666666,0,0,0,0,0,terminal_stack_shape_excess,0.01653251625659935,2175,0,2,300,68.109700000000046,1187.9031,contact-islands-safety-and-shape,terminal-1s-shape-0.10-edge
2026-10-05_0800_ddr5-4800_threads-1-2-3-4-5-6-8-10-12-14-16-24_r5,rapier3d,4,0,1,1,evaluated,0.10000000000000001,0,0,0,0,2,300,0,0,0,0,0.016666666666666666,0,0,0,0,0,rest_envelope,0.024774918142137725,4575,0,1,23,68.539000000000016,1193.6742999999999,contact-islands-safety-and-shape,terminal-1s-shape-0.10-edge
2026-10-05_0800_ddr5-4800_threads-1-2-3-4-5-6-8-10-12-14-16-24_r5,rapier3d,4,0,1,1,evaluated,0.10000000000000001,0,0,0,0,2,300,0,0,0,0,0.016666666666666666,0,0,0,0,0,upward_excursion,0.0012326240539550781,537,0,1,5,68.539000000000016,1193.6742999999999,contact-islands-safety-and-shape,terminal-1s-shape-0.10-edge
2026-10-05_0800_ddr5-4800_threads-1-2-3-4-5-6-8-10-12-14-16-24_r5,rapier3d,4,0,1,1,evaluated,0.10000000000000001,0,0,0,0,2,300,0,0,0,0,0.016666666666666666,0,0,0,0,0,terminal_stack_shape_excess,0.01653251625659935,2175,0,2,300,68.539000000000016,1193.6742999999999,contact-islands-safety-and-shape,terminal-1s-shape-0.10-edge
2026-10-05_0800_ddr5-4800_threads-1-2-3-4-5-6-8-10-12-14-16-24_r5,rapier3d,4,1,1,1,evaluated,0.10000000000000001,0,0,0,0,2,300,0,0,0,0,0.016666666666666666,0,0,0,0,0,rest_envelope,0.024774918142137725,4575,0,1,23,68.82830000000007,1195.9282000000001,contact-islands-safety-and-shape,terminal-1s-shape-0.10-edge
2026-10-05_0800_ddr5-4800_threads-1-2-3-4-5-6-8-10-12-14-16-24_r5,rapier3d,4,1,1,1,evaluated,0.10000000000000001,0,0,0,0,2,300,0,0,0,0,0.016666666666666666,0,0,0,0,0,upward_excursion,0.0012326240539550781,537,0,1,5,68.82830000000007,1195.9282000000001,contact-islands-safety-and-shape,terminal-1s-shape-0.10-edge
2026-10-05_0800_ddr5-4800_threads-1-2-3-4-5-6-8-10-12-14-16-24_r5,rapier3d,4,1,1,1,evaluated,0.10000000000000001,0,0,0,0,2,300,0,0,0,0,0.016666666666666666,0,0,0,0,0,terminal_stack_shape_excess,0.01653251625659935,2175,0,2,300,68.82830000000007,1195.9282000000001,contact-islands-safety-and-shape,terminal-1s-shape-0.10-edge
2026-10-05_0800_ddr5-4800_threads-1-2-3-4-5-6-8-10-12-14-16-24_r5,rapier3d,4,2,1,1,evaluated,0.10000000000000001,0,0,0,0,2,300,0,0,0,0,0.016666666666666666,0,0,0,0,0,rest_envelope,0.024774918142137725,4575,0,1,23,69.580500000000001,1193.4217000000001,contact-islands-safety-and-shape,terminal-1s-shape-0.10-edge
2026-10-05_0800_ddr5-4800_threads-1-2-3-4-5-6-8-10-12-14-16-24_r5,rapier3d,4,2,1,1,evaluated,0.10000000000000001,0,0,0,0,2,300,0,0,0,0,0.016666666666666666,0,0,0,0,0,upward_excursion,0.0012326240539550781,537,0,1,5,69.580500000000001,1193.4217000000001,contact-islands-safety-and-shape,terminal-1s-shape-0.10-edge
2026-10-05_0800_ddr5-4800_threads-1-2-3-4-5-6-8-10-12-14-16-24_r5,rapier3d,4,2,1,1,evaluated,0.10000000000000001,0,0,0,0,2,300,0,0,0,0,0.016666666666666666,0,0,0,0,0,terminal_stack_shape_excess,0.01653251625659935,2175,0,2,300,69.580500000000001,1193.4217000000001,contact-islands-safety-and-shape,terminal-1s-shape-0.10-edge
2026-10-05_0800_ddr5-4800_threads-1-2-3-4-5-6-8-10-12-14-16-24_r5,rapier3d,4,3,1,1,evaluated,0.10000000000000001,0,0,0,0,2,300,0,0,0,0,0.016666666666666666,0,0,0,0,0,rest_envelope,0.024774918142137725,4575,0,1,23,68.910300000000021,1188.7989,contact-islands-safety-and-shape,terminal-1s-shape-0.10-edge
2026-10-05_0800_ddr5-4800_threads-1-2-3-4-5-6-8-10-12-14-16-24_r5,rapier3d,4,3,1,1,evaluated,0.10000000000000001,0,0,0,0,2,300,0,0,0,0,0.016666666666666666,0,0,0,0,0,upward_excursion,0.0012326240539550781,537,0,1,5,68.910300000000021,1188.7989,contact-islands-safety-and-shape,terminal-1s-shape-0.10-edge
2026-10-05_0800_ddr5-4800_threads-1-2-3-4-5-6-8-10-12-14-16-24_r5,rapier3d,4,3,1,1,evaluated,0.10000000000000001,0,0,0,0,2,300,0,0,0,0,0.016666666666666666,0,0,0,0,0,terminal_stack_shape_excess,0.01653251625659935,2175,0,2,300,68.910300000000021,1188.7989,contact-islands-safety-and-shape,terminal-1s-shape-0.10-edge
2026-10-05_0800_ddr5-4800_threads-1-2-3-4-5-6-8-10-12-14-16-24_r5,rapier3d,4,4,1,1,evaluated,0.10000000000000001,0,0,0,0,2,300,0,0,0,0,0.016666666666666666,0,0,0,0,0,rest_envelope,0.024774918142137725,4575,0,1,23,68.901700000000005,1197.0254,contact-islands-safety-and-shape,terminal-1s-shape-0.10-edge
2026-10-05_0800_ddr5-4800_threads-1-2-3-4-5-6-8-10-12-14-16-24_r5,rapier3d,4,4,1,1,evaluated,0.10000000000000001,0,0,0,0,2,300,0,0,0,0,0.016666666666666666,0,0,0,0,0,upward_excursion,0.0012326240539550781,537,0,1,5,68.901700000000005,1197.0254,contact-islands-safety-and-shape,terminal-1s-shape-0.10-edge
2026-10-05_0800_ddr5-4800_threads-1-2-3-4-5-6-8-10-12-14-16-24_r5,rapier3d,4,4,1,1,evaluated,0.10000000000000001,0,0,0,0,2,300,0,0,0,0,0.016666666666666666,0,0,0,0,0,terminal_stack_shape_excess,0.01653251625659935,2175,0,2,300,68.901700000000005,1197.0254,contact-islands-safety-and-shape,terminal-1s-shape-0.10-edge
2026-10-05_0800_ddr5-4800_threads-1-2-3-4-5-6-8-10-12-14-16-24_r5,rapier3d,5,0,1,1,evaluated,0.10000000000000001,0,0,0,0,2,300,0,0,0,0,0.016666666666666666,0,0,0,0,0,rest_envelope,0.024774918142137725,4575,0,1,23,68.966800000000035,1191.0866000000001,contact-islands-safety-and-shape,terminal-1s-shape-0.10-edge
2026-10-05_0800_ddr5-4800_threads-1-2-3-4-5-6-8-10-12-14-16-24_r5,rapier3d,5,0,1,1,evaluated,0.10000000000000001,0,0,0,0,2,300,0,0,0,0,0.016666666666666666,0,0,0,0,0,upward_excursion,0.0012326240539550781,537,0,1,5,68.966800000000035,1191.0866000000001,contact-islands-safety-and-shape,terminal-1s-shape-0.10-edge
2026-10-05_0800_ddr5-4800_threads-1-2-3-4-5-6-8-10-12-14-16-24_r5,rapier3d,5,0,1,1,evaluated,0.10000000000000001,0,0,0,0,2,300,0,0,0,0,0.016666666666666666,0,0,0,0,0,terminal_stack_shape_excess,0.01653251625659935,2175,0,2,300,68.966800000000035,1191.0866000000001,contact-islands-safety-and-shape,terminal-1s-shape-0.10-edge
2026-10-05_0800_ddr5-4800_threads-1-2-3-4-5-6-8-10-12-14-16-24_r5,rapier3d,5,1,1,1,evaluated,0.10000000000000001,0,0,0,0,2,300,0,0,0,0,0.016666666666666666,0,0,0,0,0,rest_envelope,0.024774918142137725,4575,0,1,23,67.667900000000074,1196.0418999999999,contact-islands-safety-and-shape,terminal-1s-shape-0.10-edge
2026-10-05_0800_ddr5-4800_threads-1-2-3-4-5-6-8-10-12-14-16-24_r5,rapier3d,5,1,1,1,evaluated,0.10000000000000001,0,0,0,0,2,300,0,0,0,0,0.016666666666666666,0,0,0,0,0,upward_excursion,0.0012326240539550781,537,0,1,5,67.667900000000074,1196.0418999999999,contact-islands-safety-and-shape,terminal-1s-shape-0.10-edge
2026-10-05_0800_ddr5-4800_threads-1-2-3-4-5-6-8-10-12-14-16-24_r5,rapier3d,5,1,1,1,evaluated,0.10000000000000001,0,0,0,0,2,300,0,0,0,0,0.016666666666666666,0,0,0,0,0,terminal_stack_shape_excess,0.01653251625659935,2175,0,2,300,67.667900000000074,1196.0418999999999,contact-islands-safety-and-shape,terminal-1s-shape-0.10-edge
2026-10-05_0800_ddr5-4800_threads-1-2-3-4-5-6-8-10-12-14-16-24_r5,rapier3d,5,2,1,1,evaluated,0.10000000000000001,0,0,0,0,2,300,0,0,0,0,0.016666666666666666,0,0,0,0,0,rest_envelope,0.024774918142137725,4575,0,1,23,70.263200000000012,1190.6447000000001,contact-islands-safety-and-shape,terminal-1s-shape-0.10-edge
2026-10-05_0800_ddr5-4800_threads-1-2-3-4-5-6-8-10-12-14-16-24_r5,rapier3d,5,2,1,1,evaluated,0.10000000000000001,0,0,0,0,2,300,0,0,0,0,0.016666666666666666,0,0,0,0,0,upward_excursion,0.0012326240539550781,537,0,1,5,70.263200000000012,1190.6447000000001,contact-islands-safety-and-shape,terminal-1s-shape-0.10-edge
2026-10-05_0800_ddr5-4800_threads-1-2-3-4-5-6-8-10-12-14-16-24_r5,rapier3d,5,2,1,1,evaluated,0.10000000000000001,0,0,0,0,2,300,0,0,0,0,0.016666666666666666,0,0,0,0,0,terminal_stack_shape_excess,0.01653251625659935,2175,0,2,300,70.263200000000012,1190.6447000000001,contact-islands-safety-and-shape,terminal-1s-shape-0.10-edge
2026-10-05_0800_ddr5-4800_threads-1-2-3-4-5-6-8-10-12-14-16-24_r5,rapier3d,5,3,1,1,evaluated,0.10000000000000001,0,0,0,0,2,300,0,0,0,0,0.016666666666666666,0,0,0,0,0,rest_envelope,0.024774918142137725,4575,0,1,23,71.833900000000014,1190.0839000000001,contact-islands-safety-and-shape,terminal-1s-shape-0.10-edge
2026-10-05_0800_ddr5-4800_threads-1-2-3-4-5-6-8-10-12-14-16-24_r5,rapier3d,5,3,1,1,evaluated,0.10000000000000001,0,0,0,0,2,300,0,0,0,0,0.016666666666666666,0,0,0,0,0,upward_excursion,0.0012326240539550781,537,0,1,5,71.833900000000014,1190.0839000000001,contact-islands-safety-and-shape,terminal-1s-shape-0.10-edge
2026-10-05_0800_ddr5-4800_threads-1-2-3-4-5-6-8-10-12-14-16-24_r5,rapier3d,5,3,1,1,evaluated,0.10000000000000001,0,0,0,0,2,300,0,0,0,0,0.016666666666666666,0,0,0,0,0,terminal_stack_shape_excess,0.01653251625659935,2175,0,2,300,71.833900000000014,1190.0839000000001,contact-islands-safety-and-shape,terminal-1s-shape-0.10-edge
2026-10-05_0800_ddr5-4800_threads-1-2-3-4-5-6-8-10-12-14-16-24_r5,rapier3d,5,4,1,1,evaluated,0.10000000000000001,0,0,0,0,2,300,0,0,0,0,0.016666666666666666,0,0,0,0,0,rest_envelope,0.024774918142137725,4575,0,1,23,67.748499999999993,1212.3371999999999,contact-islands-safety-and-shape,terminal-1s-shape-0.10-edge
2026-10-05_0800_ddr5-4800_threads-1-2-3-4-5-6-8-10-12-14-16-24_r5,rapier3d,5,4,1,1,evaluated,0.10000000000000001,0,0,0,0,2,300,0,0,0,0,0.016666666666666666,0,0,0,0,0,upward_excursion,0.0012326240539550781,537,0,1,5,67.748499999999993,1212.3371999999999,contact-islands-safety-and-shape,terminal-1s-shape-0.10-edge
2026-10-05_0800_ddr5-4800_threads-1-2-3-4-5-6-8-10-12-14-16-24_r5,rapier3d,5,4,1,1,evaluated,0.10000000000000001,0,0,0,0,2,300,0,0,0,0,0.016666666666666666,0,0,0,0,0,terminal_stack_shape_excess,0.01653251625659935,2175,0,2,300,67.748499999999993,1212.3371999999999,contact-islands-safety-and-shape,terminal-1s-shape-0.10-edge
2026-10-05_0800_ddr5-4800_threads-1-2-3-4-5-6-8-10-12-14-16-24_r5,rapier3d,6,0,1,1,evaluated,0.10000000000000001,0,0,0,0,2,300,0,0,0,0,0.016666666666666666,0,0,0,0,0,rest_envelope,0.024774918142137725,4575,0,1,23,64.69770000000004,1189.2363,contact-islands-safety-and-shape,terminal-1s-shape-0.10-edge
2026-10-05_0800_ddr5-4800_threads-1-2-3-4-5-6-8-10-12-14-16-24_r5,rapier3d,6,0,1,1,evaluated,0.10000000000000001,0,0,0,0,2,300,0,0,0,0,0.016666666666666666,0,0,0,0,0,upward_excursion,0.0012326240539550781,537,0,1,5,64.69770000000004,1189.2363,contact-islands-safety-and-shape,terminal-1s-shape-0.10-edge
2026-10-05_0800_ddr5-4800_threads-1-2-3-4-5-6-8-10-12-14-16-24_r5,rapier3d,6,0,1,1,evaluated,0.10000000000000001,0,0,0,0,2,300,0,0,0,0,0.016666666666666666,0,0,0,0,0,terminal_stack_shape_excess,0.01653251625659935,2175,0,2,300,64.69770000000004,1189.2363,contact-islands-safety-and-shape,terminal-1s-shape-0.10-edge
2026-10-05_0800_ddr5-4800_threads-1-2-3-4-5-6-8-10-12-14-16-24_r5,rapier3d,6,1,1,1,evaluated,0.10000000000000001,0,0,0,0,2,300,0,0,0,0,0.016666666666666666,0,0,0,0,0,rest_envelope,0.024774918142137725,4575,0,1,23,65.655700000000053,1195.2097000000001,contact-islands-safety-and-shape,terminal-1s-shape-0.10-edge
2026-10-05_0800_ddr5-4800_threads-1-2-3-4-5-6-8-10-12-14-16-24_r5,rapier3d,6,1,1,1,evaluated,0.10000000000000001,0,0,0,0,2,300,0,0,0,0,0.016666666666666666,0,0,0,0,0,upward_excursion,0.0012326240539550781,537,0,1,5,65.655700000000053,1195.2097000000001,contact-islands-safety-and-shape,terminal-1s-shape-0.10-edge
2026-10-05_0800_ddr5-4800_threads-1-2-3-4-5-6-8-10-12-14-16-24_r5,rapier3d,6,1,1,1,evaluated,0.10000000000000001,0,0,0,0,2,300,0,0,0,0,0.016666666666666666,0,0,0,0,0,terminal_stack_shape_excess,0.01653251625659935,2175,0,2,300,65.655700000000053,1195.2097000000001,contact-islands-safety-and-shape,terminal-1s-shape-0.10-edge
2026-10-05_0800_ddr5-4800_threads-1-2-3-4-5-6-8-10-12-14-16-24_r5,rapier3d,6,2,1,1,evaluated,0.10000000000000001,0,0,0,0,2,300,0,0,0,0,0.016666666666666666,0,0,0,0,0,rest_envelope,0.024774918142137725,4575,0,1,23,65.713599999999957,1188.3445999999999,contact-islands-safety-and-shape,terminal-1s-shape-0.10-edge
2026-10-05_0800_ddr5-4800_threads-1-2-3-4-5-6-8-10-12-14-16-24_r5,rapier3d,6,2,1,1,evaluated,0.10000000000000001,0,0,0,0,2,300,0,0,0,0,0.016666666666666666,0,0,0,0,0,upward_excursion,0.0012326240539550781,537,0,1,5,65.713599999999957,1188.3445999999999,contact-islands-safety-and-shape,terminal-1s-shape-0.10-edge
2026-10-05_0800_ddr5-4800_threads-1-2-3-4-5-6-8-10-12-14-16-24_r5,rapier3d,6,2,1,1,evaluated,0.10000000000000001,0,0,0,0,2,300,0,0,0,0,0.016666666666666666,0,0,0,0,0,terminal_stack_shape_excess,0.01653251625659935,2175,0,2,300,65.713599999999957,1188.3445999999999,contact-islands-safety-and-shape,terminal-1s-shape-0.10-edge
2026-10-05_0800_ddr5-4800_threads-1-2-3-4-5-6-8-10-12-14-16-24_r5,rapier3d,6,3,1,1,evaluated,0.10000000000000001,0,0,0,0,2,300,0,0,0,0,0.016666666666666666,0,0,0,0,0,rest_envelope,0.024774918142137725,4575,0,1,23,67.657200000000003,1190.1563000000001,contact-islands-safety-and-shape,terminal-1s-shape-0.10-edge
2026-10-05_0800_ddr5-4800_threads-1-2-3-4-5-6-8-10-12-14-16-24_r5,rapier3d,6,3,1,1,evaluated,0.10000000000000001,0,0,0,0,2,300,0,0,0,0,0.016666666666666666,0,0,0,0,0,upward_excursion,0.0012326240539550781,537,0,1,5,67.657200000000003,1190.1563000000001,contact-islands-safety-and-shape,terminal-1s-shape-0.10-edge
2026-10-05_0800_ddr5-4800_threads-1-2-3-4-5-6-8-10-12-14-16-24_r5,rapier3d,6,3,1,1,evaluated,0.10000000000000001,0,0,0,0,2,300,0,0,0,0,0.016666666666666666,0,0,0,0,0,terminal_stack_shape_excess,0.01653251625659935,2175,0,2,300,67.657200000000003,1190.1563000000001,contact-islands-safety-and-shape,terminal-1s-shape-0.10-edge
2026-10-05_0800_ddr5-4800_threads-1-2-3-4-5-6-8-10-12-14-16-24_r5,rapier3d,6,4,1,1,evaluated,0.10000000000000001,0,0,0,0,2,300,0,0,0,0,0.016666666666666666,0,0,0,0,0,rest_envelope,0.024774918142137725,4575,0,1,23,69.052599999999984,1190.3595,contact-islands-safety-and-shape,terminal-1s-shape-0.10-edge
2026-10-05_0800_ddr5-4800_threads-1-2-3-4-5-6-8-10-12-14-16-24_r5,rapier3d,6,4,1,1,evaluated,0.10000000000000001,0,0,0,0,2,300,0,0,0,0,0.016666666666666666,0,0,0,0,0,upward_excursion,0.0012326240539550781,537,0,1,5,69.052599999999984,1190.3595,contact-islands-safety-and-shape,terminal-1s-shape-0.10-edge
2026-10-05_0800_ddr5-4800_threads-1-2-3-4-5-6-8-10-12-14-16-24_r5,rapier3d,6,4,1,1,evaluated,0.10000000000000001,0,0,0,0,2,300,0,0,0,0,0.016666666666666666,0,0,0,0,0,terminal_stack_shape_excess,0.01653251625659935,2175,0,2,300,69.052599999999984,1190.3595,contact-islands-safety-and-shape,terminal-1s-shape-0.10-edge
2026-10-05_0800_ddr5-4800_threads-1-2-3-4-5-6-8-10-12-14-16-24_r5,rapier3d,8,0,1,1,evaluated,0.10000000000000001,0,0,0,0,2,300,0,0,0,0,0.016666666666666666,0,0,0,0,0,rest_envelope,0.024774918142137725,4575,0,1,23,70.930399999999992,1189.3831,contact-islands-safety-and-shape,terminal-1s-shape-0.10-edge
2026-10-05_0800_ddr5-4800_threads-1-2-3-4-5-6-8-10-12-14-16-24_r5,rapier3d,8,0,1,1,evaluated,0.10000000000000001,0,0,0,0,2,300,0,0,0,0,0.016666666666666666,0,0,0,0,0,upward_excursion,0.0012326240539550781,537,0,1,5,70.930399999999992,1189.3831,contact-islands-safety-and-shape,terminal-1s-shape-0.10-edge
2026-10-05_0800_ddr5-4800_threads-1-2-3-4-5-6-8-10-12-14-16-24_r5,rapier3d,8,0,1,1,evaluated,0.10000000000000001,0,0,0,0,2,300,0,0,0,0,0.016666666666666666,0,0,0,0,0,terminal_stack_shape_excess,0.01653251625659935,2175,0,2,300,70.930399999999992,1189.3831,contact-islands-safety-and-shape,terminal-1s-shape-0.10-edge
2026-10-05_0800_ddr5-4800_threads-1-2-3-4-5-6-8-10-12-14-16-24_r5,rapier3d,8,1,1,1,evaluated,0.10000000000000001,0,0,0,0,2,300,0,0,0,0,0.016666666666666666,0,0,0,0,0,rest_envelope,0.024774918142137725,4575,0,1,23,67.127799999999993,1187.9548,contact-islands-safety-and-shape,terminal-1s-shape-0.10-edge
2026-10-05_0800_ddr5-4800_threads-1-2-3-4-5-6-8-10-12-14-16-24_r5,rapier3d,8,1,1,1,evaluated,0.10000000000000001,0,0,0,0,2,300,0,0,0,0,0.016666666666666666,0,0,0,0,0,upward_excursion,0.0012326240539550781,537,0,1,5,67.127799999999993,1187.9548,contact-islands-safety-and-shape,terminal-1s-shape-0.10-edge
2026-10-05_0800_ddr5-4800_threads-1-2-3-4-5-6-8-10-12-14-16-24_r5,rapier3d,8,1,1,1,evaluated,0.10000000000000001,0,0,0,0,2,300,0,0,0,0,0.016666666666666666,0,0,0,0,0,terminal_stack_shape_excess,0.01653251625659935,2175,0,2,300,67.127799999999993,1187.9548,contact-islands-safety-and-shape,terminal-1s-shape-0.10-edge
2026-10-05_0800_ddr5-4800_threads-1-2-3-4-5-6-8-10-12-14-16-24_r5,rapier3d,8,2,1,1,evaluated,0.10000000000000001,0,0,0,0,2,300,0,0,0,0,0.016666666666666666,0,0,0,0,0,rest_envelope,0.024774918142137725,4575,0,1,23,68.726499999999959,1189.1591000000001,contact-islands-safety-and-shape,terminal-1s-shape-0.10-edge
2026-10-05_0800_ddr5-4800_threads-1-2-3-4-5-6-8-10-12-14-16-24_r5,rapier3d,8,2,1,1,evaluated,0.10000000000000001,0,0,0,0,2,300,0,0,0,0,0.016666666666666666,0,0,0,0,0,upward_excursion,0.0012326240539550781,537,0,1,5,68.726499999999959,1189.1591000000001,contact-islands-safety-and-shape,terminal-1s-shape-0.10-edge
2026-10-05_0800_ddr5-4800_threads-1-2-3-4-5-6-8-10-12-14-16-24_r5,rapier3d,8,2,1,1,evaluated,0.10000000000000001,0,0,0,0,2,300,0,0,0,0,0.016666666666666666,0,0,0,0,0,terminal_stack_shape_excess,0.01653251625659935,2175,0,2,300,68.726499999999959,1189.1591000000001,contact-islands-safety-and-shape,terminal-1s-shape-0.10-edge
2026-10-05_0800_ddr5-4800_threads-1-2-3-4-5-6-8-10-12-14-16-24_r5,rapier3d,8,3,1,1,evaluated,0.10000000000000001,0,0,0,0,2,300,0,0,0,0,0.016666666666666666,0,0,0,0,0,rest_envelope,0.024774918142137725,4575,0,1,23,69.076200000000043,1188.8996999999999,contact-islands-safety-and-shape,terminal-1s-shape-0.10-edge
2026-10-05_0800_ddr5-4800_threads-1-2-3-4-5-6-8-10-12-14-16-24_r5,rapier3d,8,3,1,1,evaluated,0.10000000000000001,0,0,0,0,2,300,0,0,0,0,0.016666666666666666,0,0,0,0,0,upward_excursion,0.0012326240539550781,537,0,1,5,69.076200000000043,1188.8996999999999,contact-islands-safety-and-shape,terminal-1s-shape-0.10-edge
2026-10-05_0800_ddr5-4800_threads-1-2-3-4-5-6-8-10-12-14-16-24_r5,rapier3d,8,3,1,1,evaluated,0.10000000000000001,0,0,0,0,2,300,0,0,0,0,0.016666666666666666,0,0,0,0,0,terminal_stack_shape_excess,0.01653251625659935,2175,0,2,300,69.076200000000043,1188.8996999999999,contact-islands-safety-and-shape,terminal-1s-shape-0.10-edge
2026-10-05_0800_ddr5-4800_threads-1-2-3-4-5-6-8-10-12-14-16-24_r5,rapier3d,8,4,1,1,evaluated,0.10000000000000001,0,0,0,0,2,300,0,0,0,0,0.016666666666666666,0,0,0,0,0,rest_envelope,0.024774918142137725,4575,0,1,23,69.712300000000027,1190.296,contact-islands-safety-and-shape,terminal-1s-shape-0.10-edge
2026-10-05_0800_ddr5-4800_threads-1-2-3-4-5-6-8-10-12-14-16-24_r5,rapier3d,8,4,1,1,evaluated,0.10000000000000001,0,0,0,0,2,300,0,0,0,0,0.016666666666666666,0,0,0,0,0,upward_excursion,0.0012326240539550781,537,0,1,5,69.712300000000027,1190.296,contact-islands-safety-and-shape,terminal-1s-shape-0.10-edge
2026-10-05_0800_ddr5-4800_threads-1-2-3-4-5-6-8-10-12-14-16-24_r5,rapier3d,8,4,1,1,evaluated,0.10000000000000001,0,0,0,0,2,300,0,0,0,0,0.016666666666666666,0,0,0,0,0,terminal_stack_shape_excess,0.01653251625659935,2175,0,2,300,69.712300000000027,1190.296,contact-islands-safety-and-shape,terminal-1s-shape-0.10-edge
2026-10-05_0800_ddr5-4800_threads-1-2-3-4-5-6-8-10-12-14-16-24_r5,rapier3d,10,0,1,1,evaluated,0.10000000000000001,0,0,0,0,2,300,0,0,0,0,0.016666666666666666,0,0,0,0,0,rest_envelope,0.024774918142137725,4575,0,1,23,69.458499999999972,1189.5465999999999,contact-islands-safety-and-shape,terminal-1s-shape-0.10-edge
2026-10-05_0800_ddr5-4800_threads-1-2-3-4-5-6-8-10-12-14-16-24_r5,rapier3d,10,0,1,1,evaluated,0.10000000000000001,0,0,0,0,2,300,0,0,0,0,0.016666666666666666,0,0,0,0,0,upward_excursion,0.0012326240539550781,537,0,1,5,69.458499999999972,1189.5465999999999,contact-islands-safety-and-shape,terminal-1s-shape-0.10-edge
2026-10-05_0800_ddr5-4800_threads-1-2-3-4-5-6-8-10-12-14-16-24_r5,rapier3d,10,0,1,1,evaluated,0.10000000000000001,0,0,0,0,2,300,0,0,0,0,0.016666666666666666,0,0,0,0,0,terminal_stack_shape_excess,0.01653251625659935,2175,0,2,300,69.458499999999972,1189.5465999999999,contact-islands-safety-and-shape,terminal-1s-shape-0.10-edge
2026-10-05_0800_ddr5-4800_threads-1-2-3-4-5-6-8-10-12-14-16-24_r5,rapier3d,10,1,1,1,evaluated,0.10000000000000001,0,0,0,0,2,300,0,0,0,0,0.016666666666666666,0,0,0,0,0,rest_envelope,0.024774918142137725,4575,0,1,23,68.967300000000023,1189.4819,contact-islands-safety-and-shape,terminal-1s-shape-0.10-edge
2026-10-05_0800_ddr5-4800_threads-1-2-3-4-5-6-8-10-12-14-16-24_r5,rapier3d,10,1,1,1,evaluated,0.10000000000000001,0,0,0,0,2,300,0,0,0,0,0.016666666666666666,0,0,0,0,0,upward_excursion,0.0012326240539550781,537,0,1,5,68.967300000000023,1189.4819,contact-islands-safety-and-shape,terminal-1s-shape-0.10-edge
2026-10-05_0800_ddr5-4800_threads-1-2-3-4-5-6-8-10-12-14-16-24_r5,rapier3d,10,1,1,1,evaluated,0.10000000000000001,0,0,0,0,2,300,0,0,0,0,0.016666666666666666,0,0,0,0,0,terminal_stack_shape_excess,0.01653251625659935,2175,0,2,300,68.967300000000023,1189.4819,contact-islands-safety-and-shape,terminal-1s-shape-0.10-edge
2026-10-05_0800_ddr5-4800_threads-1-2-3-4-5-6-8-10-12-14-16-24_r5,rapier3d,10,2,1,1,evaluated,0.10000000000000001,0,0,0,0,2,300,0,0,0,0,0.016666666666666666,0,0,0,0,0,rest_envelope,0.024774918142137725,4575,0,1,23,68.439700000000016,1190.8295000000001,contact-islands-safety-and-shape,terminal-1s-shape-0.10-edge
2026-10-05_0800_ddr5-4800_threads-1-2-3-4-5-6-8-10-12-14-16-24_r5,rapier3d,10,2,1,1,evaluated,0.10000000000000001,0,0,0,0,2,300,0,0,0,0,0.016666666666666666,0,0,0,0,0,upward_excursion,0.0012326240539550781,537,0,1,5,68.439700000000016,1190.8295000000001,contact-islands-safety-and-shape,terminal-1s-shape-0.10-edge
2026-10-05_0800_ddr5-4800_threads-1-2-3-4-5-6-8-10-12-14-16-24_r5,rapier3d,10,2,1,1,evaluated,0.10000000000000001,0,0,0,0,2,300,0,0,0,0,0.016666666666666666,0,0,0,0,0,terminal_stack_shape_excess,0.01653251625659935,2175,0,2,300,68.439700000000016,1190.8295000000001,contact-islands-safety-and-shape,terminal-1s-shape-0.10-edge
2026-10-05_0800_ddr5-4800_threads-1-2-3-4-5-6-8-10-12-14-16-24_r5,rapier3d,10,3,1,1,evaluated,0.10000000000000001,0,0,0,0,2,300,0,0,0,0,0.016666666666666666,0,0,0,0,0,rest_envelope,0.024774918142137725,4575,0,1,23,69.428899999999999,1196.6058,contact-islands-safety-and-shape,terminal-1s-shape-0.10-edge
2026-10-05_0800_ddr5-4800_threads-1-2-3-4-5-6-8-10-12-14-16-24_r5,rapier3d,10,3,1,1,evaluated,0.10000000000000001,0,0,0,0,2,300,0,0,0,0,0.016666666666666666,0,0,0,0,0,upward_excursion,0.0012326240539550781,537,0,1,5,69.428899999999999,1196.6058,contact-islands-safety-and-shape,terminal-1s-shape-0.10-edge
2026-10-05_0800_ddr5-4800_threads-1-2-3-4-5-6-8-10-12-14-16-24_r5,rapier3d,10,3,1,1,evaluated,0.10000000000000001,0,0,0,0,2,300,0,0,0,0,0.016666666666666666,0,0,0,0,0,terminal_stack_shape_excess,0.01653251625659935,2175,0,2,300,69.428899999999999,1196.6058,contact-islands-safety-and-shape,terminal-1s-shape-0.10-edge
2026-10-05_0800_ddr5-4800_threads-1-2-3-4-5-6-8-10-12-14-16-24_r5,rapier3d,10,4,1,1,evaluated,0.10000000000000001,0,0,0,0,2,300,0,0,0,0,0.016666666666666666,0,0,0,0,0,rest_envelope,0.024774918142137725,4575,0,1,23,69.781699999999987,1188.5654999999999,contact-islands-safety-and-shape,terminal-1s-shape-0.10-edge
2026-10-05_0800_ddr5-4800_threads-1-2-3-4-5-6-8-10-12-14-16-24_r5,rapier3d,10,4,1,1,evaluated,0.10000000000000001,0,0,0,0,2,300,0,0,0,0,0.016666666666666666,0,0,0,0,0,upward_excursion,0.0012326240539550781,537,0,1,5,69.781699999999987,1188.5654999999999,contact-islands-safety-and-shape,terminal-1s-shape-0.10-edge
2026-10-05_0800_ddr5-4800_threads-1-2-3-4-5-6-8-10-12-14-16-24_r5,rapier3d,10,4,1,1,evaluated,0.10000000000000001,0,0,0,0,2,300,0,0,0,0,0.016666666666666666,0,0,0,0,0,terminal_stack_shape_excess,0.01653251625659935,2175,0,2,300,69.781699999999987,1188.5654999999999,contact-islands-safety-and-shape,terminal-1s-shape-0.10-edge
2026-10-05_0800_ddr5-4800_threads-1-2-3-4-5-6-8-10-12-14-16-24_r5,rapier3d,12,0,1,1,evaluated,0.10000000000000001,0,0,0,0,2,300,0,0,0,0,0.016666666666666666,0,0,0,0,0,rest_envelope,0.024774918142137725,4575,0,1,23,70.478600000000043,1188.9564,contact-islands-safety-and-shape,terminal-1s-shape-0.10-edge
2026-10-05_0800_ddr5-4800_threads-1-2-3-4-5-6-8-10-12-14-16-24_r5,rapier3d,12,0,1,1,evaluated,0.10000000000000001,0,0,0,0,2,300,0,0,0,0,0.016666666666666666,0,0,0,0,0,upward_excursion,0.0012326240539550781,537,0,1,5,70.478600000000043,1188.9564,contact-islands-safety-and-shape,terminal-1s-shape-0.10-edge
2026-10-05_0800_ddr5-4800_threads-1-2-3-4-5-6-8-10-12-14-16-24_r5,rapier3d,12,0,1,1,evaluated,0.10000000000000001,0,0,0,0,2,300,0,0,0,0,0.016666666666666666,0,0,0,0,0,terminal_stack_shape_excess,0.01653251625659935,2175,0,2,300,70.478600000000043,1188.9564,contact-islands-safety-and-shape,terminal-1s-shape-0.10-edge
2026-10-05_0800_ddr5-4800_threads-1-2-3-4-5-6-8-10-12-14-16-24_r5,rapier3d,12,1,1,1,evaluated,0.10000000000000001,0,0,0,0,2,300,0,0,0,0,0.016666666666666666,0,0,0,0,0,rest_envelope,0.024774918142137725,4575,0,1,23,66.992199999999954,1186.8559,contact-islands-safety-and-shape,terminal-1s-shape-0.10-edge
2026-10-05_0800_ddr5-4800_threads-1-2-3-4-5-6-8-10-12-14-16-24_r5,rapier3d,12,1,1,1,evaluated,0.10000000000000001,0,0,0,0,2,300,0,0,0,0,0.016666666666666666,0,0,0,0,0,upward_excursion,0.0012326240539550781,537,0,1,5,66.992199999999954,1186.8559,contact-islands-safety-and-shape,terminal-1s-shape-0.10-edge
2026-10-05_0800_ddr5-4800_threads-1-2-3-4-5-6-8-10-12-14-16-24_r5,rapier3d,12,1,1,1,evaluated,0.10000000000000001,0,0,0,0,2,300,0,0,0,0,0.016666666666666666,0,0,0,0,0,terminal_stack_shape_excess,0.01653251625659935,2175,0,2,300,66.992199999999954,1186.8559,contact-islands-safety-and-shape,terminal-1s-shape-0.10-edge
2026-10-05_0800_ddr5-4800_threads-1-2-3-4-5-6-8-10-12-14-16-24_r5,rapier3d,12,2,1,1,evaluated,0.10000000000000001,0,0,0,0,2,300,0,0,0,0,0.016666666666666666,0,0,0,0,0,rest_envelope,0.024774918142137725,4575,0,1,23,68.286400000000029,1188.6912,contact-islands-safety-and-shape,terminal-1s-shape-0.10-edge
2026-10-05_0800_ddr5-4800_threads-1-2-3-4-5-6-8-10-12-14-16-24_r5,rapier3d,12,2,1,1,evaluated,0.10000000000000001,0,0,0,0,2,300,0,0,0,0,0.016666666666666666,0,0,0,0,0,upward_excursion,0.0012326240539550781,537,0,1,5,68.286400000000029,1188.6912,contact-islands-safety-and-shape,terminal-1s-shape-0.10-edge
2026-10-05_0800_ddr5-4800_threads-1-2-3-4-5-6-8-10-12-14-16-24_r5,rapier3d,12,2,1,1,evaluated,0.10000000000000001,0,0,0,0,2,300,0,0,0,0,0.016666666666666666,0,0,0,0,0,terminal_stack_shape_excess,0.01653251625659935,2175,0,2,300,68.286400000000029,1188.6912,contact-islands-safety-and-shape,terminal-1s-shape-0.10-edge
2026-10-05_0800_ddr5-4800_threads-1-2-3-4-5-6-8-10-12-14-16-24_r5,rapier3d,12,3,1,1,evaluated,0.10000000000000001,0,0,0,0,2,300,0,0,0,0,0.016666666666666666,0,0,0,0,0,rest_envelope,0.024774918142137725,4575,0,1,23,68.649499999999932,1187.7221999999999,contact-islands-safety-and-shape,terminal-1s-shape-0.10-edge
2026-10-05_0800_ddr5-4800_threads-1-2-3-4-5-6-8-10-12-14-16-24_r5,rapier3d,12,3,1,1,evaluated,0.10000000000000001,0,0,0,0,2,300,0,0,0,0,0.016666666666666666,0,0,0,0,0,upward_excursion,0.0012326240539550781,537,0,1,5,68.649499999999932,1187.7221999999999,contact-islands-safety-and-shape,terminal-1s-shape-0.10-edge
2026-10-05_0800_ddr5-4800_threads-1-2-3-4-5-6-8-10-12-14-16-24_r5,rapier3d,12,3,1,1,evaluated,0.10000000000000001,0,0,0,0,2,300,0,0,0,0,0.016666666666666666,0,0,0,0,0,terminal_stack_shape_excess,0.01653251625659935,2175,0,2,300,68.649499999999932,1187.7221999999999,contact-islands-safety-and-shape,terminal-1s-shape-0.10-edge
2026-10-05_0800_ddr5-4800_threads-1-2-3-4-5-6-8-10-12-14-16-24_r5,rapier3d,12,4,1,1,evaluated,0.10000000000000001,0,0,0,0,2,300,0,0,0,0,0.016666666666666666,0,0,0,0,0,rest_envelope,0.024774918142137725,4575,0,1,23,68.771600000000007,1190.4064000000001,contact-islands-safety-and-shape,terminal-1s-shape-0.10-edge
2026-10-05_0800_ddr5-4800_threads-1-2-3-4-5-6-8-10-12-14-16-24_r5,rapier3d,12,4,1,1,evaluated,0.10000000000000001,0,0,0,0,2,300,0,0,0,0,0.016666666666666666,0,0,0,0,0,upward_excursion,0.0012326240539550781,537,0,1,5,68.771600000000007,1190.4064000000001,contact-islands-safety-and-shape,terminal-1s-shape-0.10-edge
2026-10-05_0800_ddr5-4800_threads-1-2-3-4-5-6-8-10-12-14-16-24_r5,rapier3d,12,4,1,1,evaluated,0.10000000000000001,0,0,0,0,2,300,0,0,0,0,0.016666666666666666,0,0,0,0,0,terminal_stack_shape_excess,0.01653251625659935,2175,0,2,300,68.771600000000007,1190.4064000000001,contact-islands-safety-and-shape,terminal-1s-shape-0.10-edge
2026-10-05_0800_ddr5-4800_threads-1-2-3-4-5-6-8-10-12-14-16-24_r5,rapier3d,14,0,1,1,evaluated,0.10000000000000001,0,0,0,0,2,300,0,0,0,0,0.016666666666666666,0,0,0,0,0,rest_envelope,0.024774918142137725,4575,0,1,23,65.577600000000032,1198.8805,contact-islands-safety-and-shape,terminal-1s-shape-0.10-edge
2026-10-05_0800_ddr5-4800_threads-1-2-3-4-5-6-8-10-12-14-16-24_r5,rapier3d,14,0,1,1,evaluated,0.10000000000000001,0,0,0,0,2,300,0,0,0,0,0.016666666666666666,0,0,0,0,0,upward_excursion,0.0012326240539550781,537,0,1,5,65.577600000000032,1198.8805,contact-islands-safety-and-shape,terminal-1s-shape-0.10-edge
2026-10-05_0800_ddr5-4800_threads-1-2-3-4-5-6-8-10-12-14-16-24_r5,rapier3d,14,0,1,1,evaluated,0.10000000000000001,0,0,0,0,2,300,0,0,0,0,0.016666666666666666,0,0,0,0,0,terminal_stack_shape_excess,0.01653251625659935,2175,0,2,300,65.577600000000032,1198.8805,contact-islands-safety-and-shape,terminal-1s-shape-0.10-edge
2026-10-05_0800_ddr5-4800_threads-1-2-3-4-5-6-8-10-12-14-16-24_r5,rapier3d,14,1,1,1,evaluated,0.10000000000000001,0,0,0,0,2,300,0,0,0,0,0.016666666666666666,0,0,0,0,0,rest_envelope,0.024774918142137725,4575,0,1,23,66.438600000000022,1189.4046000000001,contact-islands-safety-and-shape,terminal-1s-shape-0.10-edge
2026-10-05_0800_ddr5-4800_threads-1-2-3-4-5-6-8-10-12-14-16-24_r5,rapier3d,14,1,1,1,evaluated,0.10000000000000001,0,0,0,0,2,300,0,0,0,0,0.016666666666666666,0,0,0,0,0,upward_excursion,0.0012326240539550781,537,0,1,5,66.438600000000022,1189.4046000000001,contact-islands-safety-and-shape,terminal-1s-shape-0.10-edge
2026-10-05_0800_ddr5-4800_threads-1-2-3-4-5-6-8-10-12-14-16-24_r5,rapier3d,14,1,1,1,evaluated,0.10000000000000001,0,0,0,0,2,300,0,0,0,0,0.016666666666666666,0,0,0,0,0,terminal_stack_shape_excess,0.01653251625659935,2175,0,2,300,66.438600000000022,1189.4046000000001,contact-islands-safety-and-shape,terminal-1s-shape-0.10-edge
2026-10-05_0800_ddr5-4800_threads-1-2-3-4-5-6-8-10-12-14-16-24_r5,rapier3d,14,2,1,1,evaluated,0.10000000000000001,0,0,0,0,2,300,0,0,0,0,0.016666666666666666,0,0,0,0,0,rest_envelope,0.024774918142137725,4575,0,1,23,65.985800000000012,1192.3352,contact-islands-safety-and-shape,terminal-1s-shape-0.10-edge
2026-10-05_0800_ddr5-4800_threads-1-2-3-4-5-6-8-10-12-14-16-24_r5,rapier3d,14,2,1,1,evaluated,0.10000000000000001,0,0,0,0,2,300,0,0,0,0,0.016666666666666666,0,0,0,0,0,upward_excursion,0.0012326240539550781,537,0,1,5,65.985800000000012,1192.3352,contact-islands-safety-and-shape,terminal-1s-shape-0.10-edge
2026-10-05_0800_ddr5-4800_threads-1-2-3-4-5-6-8-10-12-14-16-24_r5,rapier3d,14,2,1,1,evaluated,0.10000000000000001,0,0,0,0,2,300,0,0,0,0,0.016666666666666666,0,0,0,0,0,terminal_stack_shape_excess,0.01653251625659935,2175,0,2,300,65.985800000000012,1192.3352,contact-islands-safety-and-shape,terminal-1s-shape-0.10-edge
2026-10-05_0800_ddr5-4800_threads-1-2-3-4-5-6-8-10-12-14-16-24_r5,rapier3d,14,3,1,1,evaluated,0.10000000000000001,0,0,0,0,2,300,0,0,0,0,0.016666666666666666,0,0,0,0,0,rest_envelope,0.024774918142137725,4575,0,1,23,66.616200000000006,1188.4459999999999,contact-islands-safety-and-shape,terminal-1s-shape-0.10-edge
2026-10-05_0800_ddr5-4800_threads-1-2-3-4-5-6-8-10-12-14-16-24_r5,rapier3d,14,3,1,1,evaluated,0.10000000000000001,0,0,0,0,2,300,0,0,0,0,0.016666666666666666,0,0,0,0,0,upward_excursion,0.0012326240539550781,537,0,1,5,66.616200000000006,1188.4459999999999,contact-islands-safety-and-shape,terminal-1s-shape-0.10-edge
2026-10-05_0800_ddr5-4800_threads-1-2-3-4-5-6-8-10-12-14-16-24_r5,rapier3d,14,3,1,1,evaluated,0.10000000000000001,0,0,0,0,2,300,0,0,0,0,0.016666666666666666,0,0,0,0,0,terminal_stack_shape_excess,0.01653251625659935,2175,0,2,300,66.616200000000006,1188.4459999999999,contact-islands-safety-and-shape,terminal-1s-shape-0.10-edge
2026-10-05_0800_ddr5-4800_threads-1-2-3-4-5-6-8-10-12-14-16-24_r5,rapier3d,14,4,1,1,evaluated,0.10000000000000001,0,0,0,0,2,300,0,0,0,0,0.016666666666666666,0,0,0,0,0,rest_envelope,0.024774918142137725,4575,0,1,23,68.082500000000024,1187.5617,contact-islands-safety-and-shape,terminal-1s-shape-0.10-edge
2026-10-05_0800_ddr5-4800_threads-1-2-3-4-5-6-8-10-12-14-16-24_r5,rapier3d,14,4,1,1,evaluated,0.10000000000000001,0,0,0,0,2,300,0,0,0,0,0.016666666666666666,0,0,0,0,0,upward_excursion,0.0012326240539550781,537,0,1,5,68.082500000000024,1187.5617,contact-islands-safety-and-shape,terminal-1s-shape-0.10-edge
2026-10-05_0800_ddr5-4800_threads-1-2-3-4-5-6-8-10-12-14-16-24_r5,rapier3d,14,4,1,1,evaluated,0.10000000000000001,0,0,0,0,2,300,0,0,0,0,0.016666666666666666,0,0,0,0,0,terminal_stack_shape_excess,0.01653251625659935,2175,0,2,300,68.082500000000024,1187.5617,contact-islands-safety-and-shape,terminal-1s-shape-0.10-edge
2026-10-05_0800_ddr5-4800_threads-1-2-3-4-5-6-8-10-12-14-16-24_r5,rapier3d,16,0,1,1,evaluated,0.10000000000000001,0,0,0,0,2,300,0,0,0,0,0.016666666666666666,0,0,0,0,0,rest_envelope,0.024774918142137725,4575,0,1,23,65.487300000000076,1187.7809999999999,contact-islands-safety-and-shape,terminal-1s-shape-0.10-edge
2026-10-05_0800_ddr5-4800_threads-1-2-3-4-5-6-8-10-12-14-16-24_r5,rapier3d,16,0,1,1,evaluated,0.10000000000000001,0,0,0,0,2,300,0,0,0,0,0.016666666666666666,0,0,0,0,0,upward_excursion,0.0012326240539550781,537,0,1,5,65.487300000000076,1187.7809999999999,contact-islands-safety-and-shape,terminal-1s-shape-0.10-edge
2026-10-05_0800_ddr5-4800_threads-1-2-3-4-5-6-8-10-12-14-16-24_r5,rapier3d,16,0,1,1,evaluated,0.10000000000000001,0,0,0,0,2,300,0,0,0,0,0.016666666666666666,0,0,0,0,0,terminal_stack_shape_excess,0.01653251625659935,2175,0,2,300,65.487300000000076,1187.7809999999999,contact-islands-safety-and-shape,terminal-1s-shape-0.10-edge
2026-10-05_0800_ddr5-4800_threads-1-2-3-4-5-6-8-10-12-14-16-24_r5,rapier3d,16,1,1,1,evaluated,0.10000000000000001,0,0,0,0,2,300,0,0,0,0,0.016666666666666666,0,0,0,0,0,rest_envelope,0.024774918142137725,4575,0,1,23,65.503499999999974,1191.2846,contact-islands-safety-and-shape,terminal-1s-shape-0.10-edge
2026-10-05_0800_ddr5-4800_threads-1-2-3-4-5-6-8-10-12-14-16-24_r5,rapier3d,16,1,1,1,evaluated,0.10000000000000001,0,0,0,0,2,300,0,0,0,0,0.016666666666666666,0,0,0,0,0,upward_excursion,0.0012326240539550781,537,0,1,5,65.503499999999974,1191.2846,contact-islands-safety-and-shape,terminal-1s-shape-0.10-edge
2026-10-05_0800_ddr5-4800_threads-1-2-3-4-5-6-8-10-12-14-16-24_r5,rapier3d,16,1,1,1,evaluated,0.10000000000000001,0,0,0,0,2,300,0,0,0,0,0.016666666666666666,0,0,0,0,0,terminal_stack_shape_excess,0.01653251625659935,2175,0,2,300,65.503499999999974,1191.2846,contact-islands-safety-and-shape,terminal-1s-shape-0.10-edge
2026-10-05_0800_ddr5-4800_threads-1-2-3-4-5-6-8-10-12-14-16-24_r5,rapier3d,16,2,1,1,evaluated,0.10000000000000001,0,0,0,0,2,300,0,0,0,0,0.016666666666666666,0,0,0,0,0,rest_envelope,0.024774918142137725,4575,0,1,23,66.038600000000002,1188.7982,contact-islands-safety-and-shape,terminal-1s-shape-0.10-edge
2026-10-05_0800_ddr5-4800_threads-1-2-3-4-5-6-8-10-12-14-16-24_r5,rapier3d,16,2,1,1,evaluated,0.10000000000000001,0,0,0,0,2,300,0,0,0,0,0.016666666666666666,0,0,0,0,0,upward_excursion,0.0012326240539550781,537,0,1,5,66.038600000000002,1188.7982,contact-islands-safety-and-shape,terminal-1s-shape-0.10-edge
2026-10-05_0800_ddr5-4800_threads-1-2-3-4-5-6-8-10-12-14-16-24_r5,rapier3d,16,2,1,1,evaluated,0.10000000000000001,0,0,0,0,2,300,0,0,0,0,0.016666666666666666,0,0,0,0,0,terminal_stack_shape_excess,0.01653251625659935,2175,0,2,300,66.038600000000002,1188.7982,contact-islands-safety-and-shape,terminal-1s-shape-0.10-edge
2026-10-05_0800_ddr5-4800_threads-1-2-3-4-5-6-8-10-12-14-16-24_r5,rapier3d,16,3,1,1,evaluated,0.10000000000000001,0,0,0,0,2,300,0,0,0,0,0.016666666666666666,0,0,0,0,0,rest_envelope,0.024774918142137725,4575,0,1,23,67.05699999999996,1197.4034999999999,contact-islands-safety-and-shape,terminal-1s-shape-0.10-edge
2026-10-05_0800_ddr5-4800_threads-1-2-3-4-5-6-8-10-12-14-16-24_r5,rapier3d,16,3,1,1,evaluated,0.10000000000000001,0,0,0,0,2,300,0,0,0,0,0.016666666666666666,0,0,0,0,0,upward_excursion,0.0012326240539550781,537,0,1,5,67.05699999999996,1197.4034999999999,contact-islands-safety-and-shape,terminal-1s-shape-0.10-edge
2026-10-05_0800_ddr5-4800_threads-1-2-3-4-5-6-8-10-12-14-16-24_r5,rapier3d,16,3,1,1,evaluated,0.10000000000000001,0,0,0,0,2,300,0,0,0,0,0.016666666666666666,0,0,0,0,0,terminal_stack_shape_excess,0.01653251625659935,2175,0,2,300,67.05699999999996,1197.4034999999999,contact-islands-safety-and-shape,terminal-1s-shape-0.10-edge
2026-10-05_0800_ddr5-4800_threads-1-2-3-4-5-6-8-10-12-14-16-24_r5,rapier3d,16,4,1,1,evaluated,0.10000000000000001,0,0,0,0,2,300,0,0,0,0,0.016666666666666666,0,0,0,0,0,rest_envelope,0.024774918142137725,4575,0,1,23,67.621999999999986,1190.0996,contact-islands-safety-and-shape,terminal-1s-shape-0.10-edge
2026-10-05_0800_ddr5-4800_threads-1-2-3-4-5-6-8-10-12-14-16-24_r5,rapier3d,16,4,1,1,evaluated,0.10000000000000001,0,0,0,0,2,300,0,0,0,0,0.016666666666666666,0,0,0,0,0,upward_excursion,0.0012326240539550781,537,0,1,5,67.621999999999986,1190.0996,contact-islands-safety-and-shape,terminal-1s-shape-0.10-edge
2026-10-05_0800_ddr5-4800_threads-1-2-3-4-5-6-8-10-12-14-16-24_r5,rapier3d,16,4,1,1,evaluated,0.10000000000000001,0,0,0,0,2,300,0,0,0,0,0.016666666666666666,0,0,0,0,0,terminal_stack_shape_excess,0.01653251625659935,2175,0,2,300,67.621999999999986,1190.0996,contact-islands-safety-and-shape,terminal-1s-shape-0.10-edge
2026-10-05_0800_ddr5-4800_threads-1-2-3-4-5-6-8-10-12-14-16-24_r5,rapier3d,24,0,1,1,evaluated,0.10000000000000001,0,0,0,0,2,300,0,0,0,0,0.016666666666666666,0,0,0,0,0,rest_envelope,0.024774918142137725,4575,0,1,23,68.611299999999972,1189.7121999999999,contact-islands-safety-and-shape,terminal-1s-shape-0.10-edge
2026-10-05_0800_ddr5-4800_threads-1-2-3-4-5-6-8-10-12-14-16-24_r5,rapier3d,24,0,1,1,evaluated,0.10000000000000001,0,0,0,0,2,300,0,0,0,0,0.016666666666666666,0,0,0,0,0,upward_excursion,0.0012326240539550781,537,0,1,5,68.611299999999972,1189.7121999999999,contact-islands-safety-and-shape,terminal-1s-shape-0.10-edge
2026-10-05_0800_ddr5-4800_threads-1-2-3-4-5-6-8-10-12-14-16-24_r5,rapier3d,24,0,1,1,evaluated,0.10000000000000001,0,0,0,0,2,300,0,0,0,0,0.016666666666666666,0,0,0,0,0,terminal_stack_shape_excess,0.01653251625659935,2175,0,2,300,68.611299999999972,1189.7121999999999,contact-islands-safety-and-shape,terminal-1s-shape-0.10-edge
2026-10-05_0800_ddr5-4800_threads-1-2-3-4-5-6-8-10-12-14-16-24_r5,rapier3d,24,1,1,1,evaluated,0.10000000000000001,0,0,0,0,2,300,0,0,0,0,0.016666666666666666,0,0,0,0,0,rest_envelope,0.024774918142137725,4575,0,1,23,66.190099999999973,1196.2983999999999,contact-islands-safety-and-shape,terminal-1s-shape-0.10-edge
2026-10-05_0800_ddr5-4800_threads-1-2-3-4-5-6-8-10-12-14-16-24_r5,rapier3d,24,1,1,1,evaluated,0.10000000000000001,0,0,0,0,2,300,0,0,0,0,0.016666666666666666,0,0,0,0,0,upward_excursion,0.0012326240539550781,537,0,1,5,66.190099999999973,1196.2983999999999,contact-islands-safety-and-shape,terminal-1s-shape-0.10-edge
2026-10-05_0800_ddr5-4800_threads-1-2-3-4-5-6-8-10-12-14-16-24_r5,rapier3d,24,1,1,1,evaluated,0.10000000000000001,0,0,0,0,2,300,0,0,0,0,0.016666666666666666,0,0,0,0,0,terminal_stack_shape_excess,0.01653251625659935,2175,0,2,300,66.190099999999973,1196.2983999999999,contact-islands-safety-and-shape,terminal-1s-shape-0.10-edge
2026-10-05_0800_ddr5-4800_threads-1-2-3-4-5-6-8-10-12-14-16-24_r5,rapier3d,24,2,1,1,evaluated,0.10000000000000001,0,0,0,0,2,300,0,0,0,0,0.016666666666666666,0,0,0,0,0,rest_envelope,0.024774918142137725,4575,0,1,23,70.104299999999952,1194.1647,contact-islands-safety-and-shape,terminal-1s-shape-0.10-edge
2026-10-05_0800_ddr5-4800_threads-1-2-3-4-5-6-8-10-12-14-16-24_r5,rapier3d,24,2,1,1,evaluated,0.10000000000000001,0,0,0,0,2,300,0,0,0,0,0.016666666666666666,0,0,0,0,0,upward_excursion,0.0012326240539550781,537,0,1,5,70.104299999999952,1194.1647,contact-islands-safety-and-shape,terminal-1s-shape-0.10-edge
2026-10-05_0800_ddr5-4800_threads-1-2-3-4-5-6-8-10-12-14-16-24_r5,rapier3d,24,2,1,1,evaluated,0.10000000000000001,0,0,0,0,2,300,0,0,0,0,0.016666666666666666,0,0,0,0,0,terminal_stack_shape_excess,0.01653251625659935,2175,0,2,300,70.104299999999952,1194.1647,contact-islands-safety-and-shape,terminal-1s-shape-0.10-edge
2026-10-05_0800_ddr5-4800_threads-1-2-3-4-5-6-8-10-12-14-16-24_r5,rapier3d,24,3,1,1,evaluated,0.10000000000000001,0,0,0,0,2,300,0,0,0,0,0.016666666666666666,0,0,0,0,0,rest_envelope,0.024774918142137725,4575,0,1,23,67.684899999999942,1189.0323000000001,contact-islands-safety-and-shape,terminal-1s-shape-0.10-edge
2026-10-05_0800_ddr5-4800_threads-1-2-3-4-5-6-8-10-12-14-16-24_r5,rapier3d,24,3,1,1,evaluated,0.10000000000000001,0,0,0,0,2,300,0,0,0,0,0.016666666666666666,0,0,0,0,0,upward_excursion,0.0012326240539550781,537,0,1,5,67.684899999999942,1189.0323000000001,contact-islands-safety-and-shape,terminal-1s-shape-0.10-edge
2026-10-05_0800_ddr5-4800_threads-1-2-3-4-5-6-8-10-12-14-16-24_r5,rapier3d,24,3,1,1,evaluated,0.10000000000000001,0,0,0,0,2,300,0,0,0,0,0.016666666666666666,0,0,0,0,0,terminal_stack_shape_excess,0.01653251625659935,2175,0,2,300,67.684899999999942,1189.0323000000001,contact-islands-safety-and-shape,terminal-1s-shape-0.10-edge
2026-10-05_0800_ddr5-4800_threads-1-2-3-4-5-6-8-10-12-14-16-24_r5,rapier3d,24,4,1,1,evaluated,0.10000000000000001,0,0,0,0,2,300,0,0,0,0,0.016666666666666666,0,0,0,0,0,rest_envelope,0.024774918142137725,4575,0,1,23,67.867100000000036,1189.1339,contact-islands-safety-and-shape,terminal-1s-shape-0.10-edge
2026-10-05_0800_ddr5-4800_threads-1-2-3-4-5-6-8-10-12-14-16-24_r5,rapier3d,24,4,1,1,evaluated,0.10000000000000001,0,0,0,0,2,300,0,0,0,0,0.016666666666666666,0,0,0,0,0,upward_excursion,0.0012326240539550781,537,0,1,5,67.867100000000036,1189.1339,contact-islands-safety-and-shape,terminal-1s-shape-0.10-edge
2026-10-05_0800_ddr5-4800_threads-1-2-3-4-5-6-8-10-12-14-16-24_r5,rapier3d,24,4,1,1,evaluated,0.10000000000000001,0,0,0,0,2,300,0,0,0,0,0.016666666666666666,0,0,0,0,0,terminal_stack_shape_excess,0.01653251625659935,2175,0,2,300,67.867100000000036,1189.1339,contact-islands-safety-and-shape,terminal-1s-shape-0.10-edge
2026-10-05_0800_ddr5-4800_threads-1-2-3-4-5-6-8-10-12-14-16-24_r5,avian3d,1,0,1,1,evaluated,0.10000000000000001,0,0,0,0,2,300,0,0,0,0,0.016666666666666666,0,0,0,0,0,rest_envelope,0.041067670016204261,5670,0,2,294,70.388900000000078,1202.9127000000001,contact-islands-safety-and-shape,terminal-1s-shape-0.10-edge
2026-10-05_0800_ddr5-4800_threads-1-2-3-4-5-6-8-10-12-14-16-24_r5,avian3d,1,0,1,1,evaluated,0.10000000000000001,0,0,0,0,2,300,0,0,0,0,0.016666666666666666,0,0,0,0,0,upward_excursion,0.002819061279296875,962,0,1,5,70.388900000000078,1202.9127000000001,contact-islands-safety-and-shape,terminal-1s-shape-0.10-edge
2026-10-05_0800_ddr5-4800_threads-1-2-3-4-5-6-8-10-12-14-16-24_r5,avian3d,1,0,1,1,evaluated,0.10000000000000001,0,0,0,0,2,300,0,0,0,0,0.016666666666666666,0,0,0,0,0,terminal_stack_shape_excess,0.040873498572672529,5795,0,2,281,70.388900000000078,1202.9127000000001,contact-islands-safety-and-shape,terminal-1s-shape-0.10-edge
2026-10-05_0800_ddr5-4800_threads-1-2-3-4-5-6-8-10-12-14-16-24_r5,avian3d,1,1,1,1,evaluated,0.10000000000000001,0,0,0,0,2,300,0,0,0,0,0.016666666666666666,0,0,0,0,0,rest_envelope,0.041067670016204261,5670,0,2,294,69.359399999999965,1201.7679000000001,contact-islands-safety-and-shape,terminal-1s-shape-0.10-edge
2026-10-05_0800_ddr5-4800_threads-1-2-3-4-5-6-8-10-12-14-16-24_r5,avian3d,1,1,1,1,evaluated,0.10000000000000001,0,0,0,0,2,300,0,0,0,0,0.016666666666666666,0,0,0,0,0,upward_excursion,0.002819061279296875,962,0,1,5,69.359399999999965,1201.7679000000001,contact-islands-safety-and-shape,terminal-1s-shape-0.10-edge
2026-10-05_0800_ddr5-4800_threads-1-2-3-4-5-6-8-10-12-14-16-24_r5,avian3d,1,1,1,1,evaluated,0.10000000000000001,0,0,0,0,2,300,0,0,0,0,0.016666666666666666,0,0,0,0,0,terminal_stack_shape_excess,0.040873498572672529,5795,0,2,281,69.359399999999965,1201.7679000000001,contact-islands-safety-and-shape,terminal-1s-shape-0.10-edge
2026-10-05_0800_ddr5-4800_threads-1-2-3-4-5-6-8-10-12-14-16-24_r5,avian3d,1,2,1,1,evaluated,0.10000000000000001,0,0,0,0,2,300,0,0,0,0,0.016666666666666666,0,0,0,0,0,rest_envelope,0.041067670016204261,5670,0,2,294,69.806200000000032,1202.8762999999999,contact-islands-safety-and-shape,terminal-1s-shape-0.10-edge
2026-10-05_0800_ddr5-4800_threads-1-2-3-4-5-6-8-10-12-14-16-24_r5,avian3d,1,2,1,1,evaluated,0.10000000000000001,0,0,0,0,2,300,0,0,0,0,0.016666666666666666,0,0,0,0,0,upward_excursion,0.002819061279296875,962,0,1,5,69.806200000000032,1202.8762999999999,contact-islands-safety-and-shape,terminal-1s-shape-0.10-edge
2026-10-05_0800_ddr5-4800_threads-1-2-3-4-5-6-8-10-12-14-16-24_r5,avian3d,1,2,1,1,evaluated,0.10000000000000001,0,0,0,0,2,300,0,0,0,0,0.016666666666666666,0,0,0,0,0,terminal_stack_shape_excess,0.040873498572672529,5795,0,2,281,69.806200000000032,1202.8762999999999,contact-islands-safety-and-shape,terminal-1s-shape-0.10-edge
2026-10-05_0800_ddr5-4800_threads-1-2-3-4-5-6-8-10-12-14-16-24_r5,avian3d,1,3,1,1,evaluated,0.10000000000000001,0,0,0,0,2,300,0,0,0,0,0.016666666666666666,0,0,0,0,0,rest_envelope,0.041067670016204261,5670,0,2,294,70.362299999999934,1201.0957000000001,contact-islands-safety-and-shape,terminal-1s-shape-0.10-edge
2026-10-05_0800_ddr5-4800_threads-1-2-3-4-5-6-8-10-12-14-16-24_r5,avian3d,1,3,1,1,evaluated,0.10000000000000001,0,0,0,0,2,300,0,0,0,0,0.016666666666666666,0,0,0,0,0,upward_excursion,0.002819061279296875,962,0,1,5,70.362299999999934,1201.0957000000001,contact-islands-safety-and-shape,terminal-1s-shape-0.10-edge
2026-10-05_0800_ddr5-4800_threads-1-2-3-4-5-6-8-10-12-14-16-24_r5,avian3d,1,3,1,1,evaluated,0.10000000000000001,0,0,0,0,2,300,0,0,0,0,0.016666666666666666,0,0,0,0,0,terminal_stack_shape_excess,0.040873498572672529,5795,0,2,281,70.362299999999934,1201.0957000000001,contact-islands-safety-and-shape,terminal-1s-shape-0.10-edge
2026-10-05_0800_ddr5-4800_threads-1-2-3-4-5-6-8-10-12-14-16-24_r5,avian3d,1,4,1,1,evaluated,0.10000000000000001,0,0,0,0,2,300,0,0,0,0,0.016666666666666666,0,0,0,0,0,rest_envelope,0.041067670016204261,5670,0,2,294,71.066199999999981,1203.2449999999999,contact-islands-safety-and-shape,terminal-1s-shape-0.10-edge
2026-10-05_0800_ddr5-4800_threads-1-2-3-4-5-6-8-10-12-14-16-24_r5,avian3d,1,4,1,1,evaluated,0.10000000000000001,0,0,0,0,2,300,0,0,0,0,0.016666666666666666,0,0,0,0,0,upward_excursion,0.002819061279296875,962,0,1,5,71.066199999999981,1203.2449999999999,contact-islands-safety-and-shape,terminal-1s-shape-0.10-edge
2026-10-05_0800_ddr5-4800_threads-1-2-3-4-5-6-8-10-12-14-16-24_r5,avian3d,1,4,1,1,evaluated,0.10000000000000001,0,0,0,0,2,300,0,0,0,0,0.016666666666666666,0,0,0,0,0,terminal_stack_shape_excess,0.040873498572672529,5795,0,2,281,71.066199999999981,1203.2449999999999,contact-islands-safety-and-shape,terminal-1s-shape-0.10-edge
2026-10-05_0800_ddr5-4800_threads-1-2-3-4-5-6-8-10-12-14-16-24_r5,avian3d,2,0,1,1,evaluated,0.10000000000000001,0,0,0,0,2,300,0,0,0,0,0.016666666666666666,0,0,0,0,0,rest_envelope,0.041067670016204261,5670,0,2,294,69.036799999999999,1203.8413,contact-islands-safety-and-shape,terminal-1s-shape-0.10-edge
2026-10-05_0800_ddr5-4800_threads-1-2-3-4-5-6-8-10-12-14-16-24_r5,avian3d,2,0,1,1,evaluated,0.10000000000000001,0,0,0,0,2,300,0,0,0,0,0.016666666666666666,0,0,0,0,0,upward_excursion,0.002819061279296875,962,0,1,5,69.036799999999999,1203.8413,contact-islands-safety-and-shape,terminal-1s-shape-0.10-edge
2026-10-05_0800_ddr5-4800_threads-1-2-3-4-5-6-8-10-12-14-16-24_r5,avian3d,2,0,1,1,evaluated,0.10000000000000001,0,0,0,0,2,300,0,0,0,0,0.016666666666666666,0,0,0,0,0,terminal_stack_shape_excess,0.040873498572672529,5795,0,2,281,69.036799999999999,1203.8413,contact-islands-safety-and-shape,terminal-1s-shape-0.10-edge
2026-10-05_0800_ddr5-4800_threads-1-2-3-4-5-6-8-10-12-14-16-24_r5,avian3d,2,1,1,1,evaluated,0.10000000000000001,0,0,0,0,2,300,0,0,0,0,0.016666666666666666,0,0,0,0,0,rest_envelope,0.041067670016204261,5670,0,2,294,67.718600000000009,1203.3785,contact-islands-safety-and-shape,terminal-1s-shape-0.10-edge
2026-10-05_0800_ddr5-4800_threads-1-2-3-4-5-6-8-10-12-14-16-24_r5,avian3d,2,1,1,1,evaluated,0.10000000000000001,0,0,0,0,2,300,0,0,0,0,0.016666666666666666,0,0,0,0,0,upward_excursion,0.002819061279296875,962,0,1,5,67.718600000000009,1203.3785,contact-islands-safety-and-shape,terminal-1s-shape-0.10-edge
2026-10-05_0800_ddr5-4800_threads-1-2-3-4-5-6-8-10-12-14-16-24_r5,avian3d,2,1,1,1,evaluated,0.10000000000000001,0,0,0,0,2,300,0,0,0,0,0.016666666666666666,0,0,0,0,0,terminal_stack_shape_excess,0.040873498572672529,5795,0,2,281,67.718600000000009,1203.3785,contact-islands-safety-and-shape,terminal-1s-shape-0.10-edge
2026-10-05_0800_ddr5-4800_threads-1-2-3-4-5-6-8-10-12-14-16-24_r5,avian3d,2,2,1,1,evaluated,0.10000000000000001,0,0,0,0,2,300,0,0,0,0,0.016666666666666666,0,0,0,0,0,rest_envelope,0.041067670016204261,5670,0,2,294,68.72039999999997,1203.0884000000001,contact-islands-safety-and-shape,terminal-1s-shape-0.10-edge
2026-10-05_0800_ddr5-4800_threads-1-2-3-4-5-6-8-10-12-14-16-24_r5,avian3d,2,2,1,1,evaluated,0.10000000000000001,0,0,0,0,2,300,0,0,0,0,0.016666666666666666,0,0,0,0,0,upward_excursion,0.002819061279296875,962,0,1,5,68.72039999999997,1203.0884000000001,contact-islands-safety-and-shape,terminal-1s-shape-0.10-edge
2026-10-05_0800_ddr5-4800_threads-1-2-3-4-5-6-8-10-12-14-16-24_r5,avian3d,2,2,1,1,evaluated,0.10000000000000001,0,0,0,0,2,300,0,0,0,0,0.016666666666666666,0,0,0,0,0,terminal_stack_shape_excess,0.040873498572672529,5795,0,2,281,68.72039999999997,1203.0884000000001,contact-islands-safety-and-shape,terminal-1s-shape-0.10-edge
2026-10-05_0800_ddr5-4800_threads-1-2-3-4-5-6-8-10-12-14-16-24_r5,avian3d,2,3,1,1,evaluated,0.10000000000000001,0,0,0,0,2,300,0,0,0,0,0.016666666666666666,0,0,0,0,0,rest_envelope,0.041067670016204261,5670,0,2,294,68.662000000000035,1213.8507,contact-islands-safety-and-shape,terminal-1s-shape-0.10-edge
2026-10-05_0800_ddr5-4800_threads-1-2-3-4-5-6-8-10-12-14-16-24_r5,avian3d,2,3,1,1,evaluated,0.10000000000000001,0,0,0,0,2,300,0,0,0,0,0.016666666666666666,0,0,0,0,0,upward_excursion,0.002819061279296875,962,0,1,5,68.662000000000035,1213.8507,contact-islands-safety-and-shape,terminal-1s-shape-0.10-edge
2026-10-05_0800_ddr5-4800_threads-1-2-3-4-5-6-8-10-12-14-16-24_r5,avian3d,2,3,1,1,evaluated,0.10000000000000001,0,0,0,0,2,300,0,0,0,0,0.016666666666666666,0,0,0,0,0,terminal_stack_shape_excess,0.040873498572672529,5795,0,2,281,68.662000000000035,1213.8507,contact-islands-safety-and-shape,terminal-1s-shape-0.10-edge
2026-10-05_0800_ddr5-4800_threads-1-2-3-4-5-6-8-10-12-14-16-24_r5,avian3d,2,4,1,1,evaluated,0.10000000000000001,0,0,0,0,2,300,0,0,0,0,0.016666666666666666,0,0,0,0,0,rest_envelope,0.041067670016204261,5670,0,2,294,69.62019999999994,1202.0154,contact-islands-safety-and-shape,terminal-1s-shape-0.10-edge
2026-10-05_0800_ddr5-4800_threads-1-2-3-4-5-6-8-10-12-14-16-24_r5,avian3d,2,4,1,1,evaluated,0.10000000000000001,0,0,0,0,2,300,0,0,0,0,0.016666666666666666,0,0,0,0,0,upward_excursion,0.002819061279296875,962,0,1,5,69.62019999999994,1202.0154,contact-islands-safety-and-shape,terminal-1s-shape-0.10-edge
2026-10-05_0800_ddr5-4800_threads-1-2-3-4-5-6-8-10-12-14-16-24_r5,avian3d,2,4,1,1,evaluated,0.10000000000000001,0,0,0,0,2,300,0,0,0,0,0.016666666666666666,0,0,0,0,0,terminal_stack_shape_excess,0.040873498572672529,5795,0,2,281,69.62019999999994,1202.0154,contact-islands-safety-and-shape,terminal-1s-shape-0.10-edge
2026-10-05_0800_ddr5-4800_threads-1-2-3-4-5-6-8-10-12-14-16-24_r5,avian3d,3,0,1,1,evaluated,0.10000000000000001,0,0,0,0,2,300,0,0,0,0,0.016666666666666666,0,0,0,0,0,rest_envelope,0.041067670016204261,5670,0,2,294,71.11939999999997,1203.9142999999999,contact-islands-safety-and-shape,terminal-1s-shape-0.10-edge
2026-10-05_0800_ddr5-4800_threads-1-2-3-4-5-6-8-10-12-14-16-24_r5,avian3d,3,0,1,1,evaluated,0.10000000000000001,0,0,0,0,2,300,0,0,0,0,0.016666666666666666,0,0,0,0,0,upward_excursion,0.002819061279296875,962,0,1,5,71.11939999999997,1203.9142999999999,contact-islands-safety-and-shape,terminal-1s-shape-0.10-edge
2026-10-05_0800_ddr5-4800_threads-1-2-3-4-5-6-8-10-12-14-16-24_r5,avian3d,3,0,1,1,evaluated,0.10000000000000001,0,0,0,0,2,300,0,0,0,0,0.016666666666666666,0,0,0,0,0,terminal_stack_shape_excess,0.040873498572672529,5795,0,2,281,71.11939999999997,1203.9142999999999,contact-islands-safety-and-shape,terminal-1s-shape-0.10-edge
2026-10-05_0800_ddr5-4800_threads-1-2-3-4-5-6-8-10-12-14-16-24_r5,avian3d,3,1,1,1,evaluated,0.10000000000000001,0,0,0,0,2,300,0,0,0,0,0.016666666666666666,0,0,0,0,0,rest_envelope,0.041067670016204261,5670,0,2,294,71.917000000000002,1203.4853000000001,contact-islands-safety-and-shape,terminal-1s-shape-0.10-edge
2026-10-05_0800_ddr5-4800_threads-1-2-3-4-5-6-8-10-12-14-16-24_r5,avian3d,3,1,1,1,evaluated,0.10000000000000001,0,0,0,0,2,300,0,0,0,0,0.016666666666666666,0,0,0,0,0,upward_excursion,0.002819061279296875,962,0,1,5,71.917000000000002,1203.4853000000001,contact-islands-safety-and-shape,terminal-1s-shape-0.10-edge
2026-10-05_0800_ddr5-4800_threads-1-2-3-4-5-6-8-10-12-14-16-24_r5,avian3d,3,1,1,1,evaluated,0.10000000000000001,0,0,0,0,2,300,0,0,0,0,0.016666666666666666,0,0,0,0,0,terminal_stack_shape_excess,0.040873498572672529,5795,0,2,281,71.917000000000002,1203.4853000000001,contact-islands-safety-and-shape,terminal-1s-shape-0.10-edge
2026-10-05_0800_ddr5-4800_threads-1-2-3-4-5-6-8-10-12-14-16-24_r5,avian3d,3,2,1,1,evaluated,0.10000000000000001,0,0,0,0,2,300,0,0,0,0,0.016666666666666666,0,0,0,0,0,rest_envelope,0.041067670016204261,5670,0,2,294,69.8536,1204.5818999999999,contact-islands-safety-and-shape,terminal-1s-shape-0.10-edge
2026-10-05_0800_ddr5-4800_threads-1-2-3-4-5-6-8-10-12-14-16-24_r5,avian3d,3,2,1,1,evaluated,0.10000000000000001,0,0,0,0,2,300,0,0,0,0,0.016666666666666666,0,0,0,0,0,upward_excursion,0.002819061279296875,962,0,1,5,69.8536,1204.5818999999999,contact-islands-safety-and-shape,terminal-1s-shape-0.10-edge
2026-10-05_0800_ddr5-4800_threads-1-2-3-4-5-6-8-10-12-14-16-24_r5,avian3d,3,2,1,1,evaluated,0.10000000000000001,0,0,0,0,2,300,0,0,0,0,0.016666666666666666,0,0,0,0,0,terminal_stack_shape_excess,0.040873498572672529,5795,0,2,281,69.8536,1204.5818999999999,contact-islands-safety-and-shape,terminal-1s-shape-0.10-edge
2026-10-05_0800_ddr5-4800_threads-1-2-3-4-5-6-8-10-12-14-16-24_r5,avian3d,3,3,1,1,evaluated,0.10000000000000001,0,0,0,0,2,300,0,0,0,0,0.016666666666666666,0,0,0,0,0,rest_envelope,0.041067670016204261,5670,0,2,294,70.549999999999983,1202.7532000000001,contact-islands-safety-and-shape,terminal-1s-shape-0.10-edge
2026-10-05_0800_ddr5-4800_threads-1-2-3-4-5-6-8-10-12-14-16-24_r5,avian3d,3,3,1,1,evaluated,0.10000000000000001,0,0,0,0,2,300,0,0,0,0,0.016666666666666666,0,0,0,0,0,upward_excursion,0.002819061279296875,962,0,1,5,70.549999999999983,1202.7532000000001,contact-islands-safety-and-shape,terminal-1s-shape-0.10-edge
2026-10-05_0800_ddr5-4800_threads-1-2-3-4-5-6-8-10-12-14-16-24_r5,avian3d,3,3,1,1,evaluated,0.10000000000000001,0,0,0,0,2,300,0,0,0,0,0.016666666666666666,0,0,0,0,0,terminal_stack_shape_excess,0.040873498572672529,5795,0,2,281,70.549999999999983,1202.7532000000001,contact-islands-safety-and-shape,terminal-1s-shape-0.10-edge
2026-10-05_0800_ddr5-4800_threads-1-2-3-4-5-6-8-10-12-14-16-24_r5,avian3d,3,4,1,1,evaluated,0.10000000000000001,0,0,0,0,2,300,0,0,0,0,0.016666666666666666,0,0,0,0,0,rest_envelope,0.041067670016204261,5670,0,2,294,69.857100000000017,1204.9493,contact-islands-safety-and-shape,terminal-1s-shape-0.10-edge
2026-10-05_0800_ddr5-4800_threads-1-2-3-4-5-6-8-10-12-14-16-24_r5,avian3d,3,4,1,1,evaluated,0.10000000000000001,0,0,0,0,2,300,0,0,0,0,0.016666666666666666,0,0,0,0,0,upward_excursion,0.002819061279296875,962,0,1,5,69.857100000000017,1204.9493,contact-islands-safety-and-shape,terminal-1s-shape-0.10-edge
2026-10-05_0800_ddr5-4800_threads-1-2-3-4-5-6-8-10-12-14-16-24_r5,avian3d,3,4,1,1,evaluated,0.10000000000000001,0,0,0,0,2,300,0,0,0,0,0.016666666666666666,0,0,0,0,0,terminal_stack_shape_excess,0.040873498572672529,5795,0,2,281,69.857100000000017,1204.9493,contact-islands-safety-and-shape,terminal-1s-shape-0.10-edge
2026-10-05_0800_ddr5-4800_threads-1-2-3-4-5-6-8-10-12-14-16-24_r5,avian3d,4,0,1,1,evaluated,0.10000000000000001,0,0,0,0,2,300,0,0,0,0,0.016666666666666666,0,0,0,0,0,rest_envelope,0.041067670016204261,5670,0,2,294,71.659300000000044,1203.9300000000001,contact-islands-safety-and-shape,terminal-1s-shape-0.10-edge
2026-10-05_0800_ddr5-4800_threads-1-2-3-4-5-6-8-10-12-14-16-24_r5,avian3d,4,0,1,1,evaluated,0.10000000000000001,0,0,0,0,2,300,0,0,0,0,0.016666666666666666,0,0,0,0,0,upward_excursion,0.002819061279296875,962,0,1,5,71.659300000000044,1203.9300000000001,contact-islands-safety-and-shape,terminal-1s-shape-0.10-edge
2026-10-05_0800_ddr5-4800_threads-1-2-3-4-5-6-8-10-12-14-16-24_r5,avian3d,4,0,1,1,evaluated,0.10000000000000001,0,0,0,0,2,300,0,0,0,0,0.016666666666666666,0,0,0,0,0,terminal_stack_shape_excess,0.040873498572672529,5795,0,2,281,71.659300000000044,1203.9300000000001,contact-islands-safety-and-shape,terminal-1s-shape-0.10-edge
2026-10-05_0800_ddr5-4800_threads-1-2-3-4-5-6-8-10-12-14-16-24_r5,avian3d,4,1,1,1,evaluated,0.10000000000000001,0,0,0,0,2,300,0,0,0,0,0.016666666666666666,0,0,0,0,0,rest_envelope,0.041067670016204261,5670,0,2,294,70.998800000000003,1204.8976,contact-islands-safety-and-shape,terminal-1s-shape-0.10-edge
2026-10-05_0800_ddr5-4800_threads-1-2-3-4-5-6-8-10-12-14-16-24_r5,avian3d,4,1,1,1,evaluated,0.10000000000000001,0,0,0,0,2,300,0,0,0,0,0.016666666666666666,0,0,0,0,0,upward_excursion,0.002819061279296875,962,0,1,5,70.998800000000003,1204.8976,contact-islands-safety-and-shape,terminal-1s-shape-0.10-edge
2026-10-05_0800_ddr5-4800_threads-1-2-3-4-5-6-8-10-12-14-16-24_r5,avian3d,4,1,1,1,evaluated,0.10000000000000001,0,0,0,0,2,300,0,0,0,0,0.016666666666666666,0,0,0,0,0,terminal_stack_shape_excess,0.040873498572672529,5795,0,2,281,70.998800000000003,1204.8976,contact-islands-safety-and-shape,terminal-1s-shape-0.10-edge
2026-10-05_0800_ddr5-4800_threads-1-2-3-4-5-6-8-10-12-14-16-24_r5,avian3d,4,2,1,1,evaluated,0.10000000000000001,0,0,0,0,2,300,0,0,0,0,0.016666666666666666,0,0,0,0,0,rest_envelope,0.041067670016204261,5670,0,2,294,72.26790000000004,1204.2889,contact-islands-safety-and-shape,terminal-1s-shape-0.10-edge
2026-10-05_0800_ddr5-4800_threads-1-2-3-4-5-6-8-10-12-14-16-24_r5,avian3d,4,2,1,1,evaluated,0.10000000000000001,0,0,0,0,2,300,0,0,0,0,0.016666666666666666,0,0,0,0,0,upward_excursion,0.002819061279296875,962,0,1,5,72.26790000000004,1204.2889,contact-islands-safety-and-shape,terminal-1s-shape-0.10-edge
2026-10-05_0800_ddr5-4800_threads-1-2-3-4-5-6-8-10-12-14-16-24_r5,avian3d,4,2,1,1,evaluated,0.10000000000000001,0,0,0,0,2,300,0,0,0,0,0.016666666666666666,0,0,0,0,0,terminal_stack_shape_excess,0.040873498572672529,5795,0,2,281,72.26790000000004,1204.2889,contact-islands-safety-and-shape,terminal-1s-shape-0.10-edge
2026-10-05_0800_ddr5-4800_threads-1-2-3-4-5-6-8-10-12-14-16-24_r5,avian3d,4,3,1,1,evaluated,0.10000000000000001,0,0,0,0,2,300,0,0,0,0,0.016666666666666666,0,0,0,0,0,rest_envelope,0.041067670016204261,5670,0,2,294,71.055500000000023,1202.3620000000001,contact-islands-safety-and-shape,terminal-1s-shape-0.10-edge
2026-10-05_0800_ddr5-4800_threads-1-2-3-4-5-6-8-10-12-14-16-24_r5,avian3d,4,3,1,1,evaluated,0.10000000000000001,0,0,0,0,2,300,0,0,0,0,0.016666666666666666,0,0,0,0,0,upward_excursion,0.002819061279296875,962,0,1,5,71.055500000000023,1202.3620000000001,contact-islands-safety-and-shape,terminal-1s-shape-0.10-edge
2026-10-05_0800_ddr5-4800_threads-1-2-3-4-5-6-8-10-12-14-16-24_r5,avian3d,4,3,1,1,evaluated,0.10000000000000001,0,0,0,0,2,300,0,0,0,0,0.016666666666666666,0,0,0,0,0,terminal_stack_shape_excess,0.040873498572672529,5795,0,2,281,71.055500000000023,1202.3620000000001,contact-islands-safety-and-shape,terminal-1s-shape-0.10-edge
2026-10-05_0800_ddr5-4800_threads-1-2-3-4-5-6-8-10-12-14-16-24_r5,avian3d,4,4,1,1,evaluated,0.10000000000000001,0,0,0,0,2,300,0,0,0,0,0.016666666666666666,0,0,0,0,0,rest_envelope,0.041067670016204261,5670,0,2,294,71.560900000000032,1203.2230999999999,contact-islands-safety-and-shape,terminal-1s-shape-0.10-edge
2026-10-05_0800_ddr5-4800_threads-1-2-3-4-5-6-8-10-12-14-16-24_r5,avian3d,4,4,1,1,evaluated,0.10000000000000001,0,0,0,0,2,300,0,0,0,0,0.016666666666666666,0,0,0,0,0,upward_excursion,0.002819061279296875,962,0,1,5,71.560900000000032,1203.2230999999999,contact-islands-safety-and-shape,terminal-1s-shape-0.10-edge
2026-10-05_0800_ddr5-4800_threads-1-2-3-4-5-6-8-10-12-14-16-24_r5,avian3d,4,4,1,1,evaluated,0.10000000000000001,0,0,0,0,2,300,0,0,0,0,0.016666666666666666,0,0,0,0,0,terminal_stack_shape_excess,0.040873498572672529,5795,0,2,281,71.560900000000032,1203.2230999999999,contact-islands-safety-and-shape,terminal-1s-shape-0.10-edge
2026-10-05_0800_ddr5-4800_threads-1-2-3-4-5-6-8-10-12-14-16-24_r5,avian3d,5,0,1,1,evaluated,0.10000000000000001,0,0,0,0,2,300,0,0,0,0,0.016666666666666666,0,0,0,0,0,rest_envelope,0.041067670016204261,5670,0,2,294,70.545400000000015,1218.8543999999999,contact-islands-safety-and-shape,terminal-1s-shape-0.10-edge
2026-10-05_0800_ddr5-4800_threads-1-2-3-4-5-6-8-10-12-14-16-24_r5,avian3d,5,0,1,1,evaluated,0.10000000000000001,0,0,0,0,2,300,0,0,0,0,0.016666666666666666,0,0,0,0,0,upward_excursion,0.002819061279296875,962,0,1,5,70.545400000000015,1218.8543999999999,contact-islands-safety-and-shape,terminal-1s-shape-0.10-edge
2026-10-05_0800_ddr5-4800_threads-1-2-3-4-5-6-8-10-12-14-16-24_r5,avian3d,5,0,1,1,evaluated,0.10000000000000001,0,0,0,0,2,300,0,0,0,0,0.016666666666666666,0,0,0,0,0,terminal_stack_shape_excess,0.040873498572672529,5795,0,2,281,70.545400000000015,1218.8543999999999,contact-islands-safety-and-shape,terminal-1s-shape-0.10-edge
2026-10-05_0800_ddr5-4800_threads-1-2-3-4-5-6-8-10-12-14-16-24_r5,avian3d,5,1,1,1,evaluated,0.10000000000000001,0,0,0,0,2,300,0,0,0,0,0.016666666666666666,0,0,0,0,0,rest_envelope,0.041067670016204261,5670,0,2,294,68.83340000000004,1230.2844,contact-islands-safety-and-shape,terminal-1s-shape-0.10-edge
2026-10-05_0800_ddr5-4800_threads-1-2-3-4-5-6-8-10-12-14-16-24_r5,avian3d,5,1,1,1,evaluated,0.10000000000000001,0,0,0,0,2,300,0,0,0,0,0.016666666666666666,0,0,0,0,0,upward_excursion,0.002819061279296875,962,0,1,5,68.83340000000004,1230.2844,contact-islands-safety-and-shape,terminal-1s-shape-0.10-edge
2026-10-05_0800_ddr5-4800_threads-1-2-3-4-5-6-8-10-12-14-16-24_r5,avian3d,5,1,1,1,evaluated,0.10000000000000001,0,0,0,0,2,300,0,0,0,0,0.016666666666666666,0,0,0,0,0,terminal_stack_shape_excess,0.040873498572672529,5795,0,2,281,68.83340000000004,1230.2844,contact-islands-safety-and-shape,terminal-1s-shape-0.10-edge
2026-10-05_0800_ddr5-4800_threads-1-2-3-4-5-6-8-10-12-14-16-24_r5,avian3d,5,2,1,1,evaluated,0.10000000000000001,0,0,0,0,2,300,0,0,0,0,0.016666666666666666,0,0,0,0,0,rest_envelope,0.041067670016204261,5670,0,2,294,68.81110000000001,1245.1261,contact-islands-safety-and-shape,terminal-1s-shape-0.10-edge
2026-10-05_0800_ddr5-4800_threads-1-2-3-4-5-6-8-10-12-14-16-24_r5,avian3d,5,2,1,1,evaluated,0.10000000000000001,0,0,0,0,2,300,0,0,0,0,0.016666666666666666,0,0,0,0,0,upward_excursion,0.002819061279296875,962,0,1,5,68.81110000000001,1245.1261,contact-islands-safety-and-shape,terminal-1s-shape-0.10-edge
2026-10-05_0800_ddr5-4800_threads-1-2-3-4-5-6-8-10-12-14-16-24_r5,avian3d,5,2,1,1,evaluated,0.10000000000000001,0,0,0,0,2,300,0,0,0,0,0.016666666666666666,0,0,0,0,0,terminal_stack_shape_excess,0.040873498572672529,5795,0,2,281,68.81110000000001,1245.1261,contact-islands-safety-and-shape,terminal-1s-shape-0.10-edge
2026-10-05_0800_ddr5-4800_threads-1-2-3-4-5-6-8-10-12-14-16-24_r5,avian3d,5,3,1,1,evaluated,0.10000000000000001,0,0,0,0,2,300,0,0,0,0,0.016666666666666666,0,0,0,0,0,rest_envelope,0.041067670016204261,5670,0,2,294,66.145700000000019,1227.5888,contact-islands-safety-and-shape,terminal-1s-shape-0.10-edge
2026-10-05_0800_ddr5-4800_threads-1-2-3-4-5-6-8-10-12-14-16-24_r5,avian3d,5,3,1,1,evaluated,0.10000000000000001,0,0,0,0,2,300,0,0,0,0,0.016666666666666666,0,0,0,0,0,upward_excursion,0.002819061279296875,962,0,1,5,66.145700000000019,1227.5888,contact-islands-safety-and-shape,terminal-1s-shape-0.10-edge
2026-10-05_0800_ddr5-4800_threads-1-2-3-4-5-6-8-10-12-14-16-24_r5,avian3d,5,3,1,1,evaluated,0.10000000000000001,0,0,0,0,2,300,0,0,0,0,0.016666666666666666,0,0,0,0,0,terminal_stack_shape_excess,0.040873498572672529,5795,0,2,281,66.145700000000019,1227.5888,contact-islands-safety-and-shape,terminal-1s-shape-0.10-edge
2026-10-05_0800_ddr5-4800_threads-1-2-3-4-5-6-8-10-12-14-16-24_r5,avian3d,5,4,1,1,evaluated,0.10000000000000001,0,0,0,0,2,300,0,0,0,0,0.016666666666666666,0,0,0,0,0,rest_envelope,0.041067670016204261,5670,0,2,294,66.900400000000033,1243.8713,contact-islands-safety-and-shape,terminal-1s-shape-0.10-edge
2026-10-05_0800_ddr5-4800_threads-1-2-3-4-5-6-8-10-12-14-16-24_r5,avian3d,5,4,1,1,evaluated,0.10000000000000001,0,0,0,0,2,300,0,0,0,0,0.016666666666666666,0,0,0,0,0,upward_excursion,0.002819061279296875,962,0,1,5,66.900400000000033,1243.8713,contact-islands-safety-and-shape,terminal-1s-shape-0.10-edge
2026-10-05_0800_ddr5-4800_threads-1-2-3-4-5-6-8-10-12-14-16-24_r5,avian3d,5,4,1,1,evaluated,0.10000000000000001,0,0,0,0,2,300,0,0,0,0,0.016666666666666666,0,0,0,0,0,terminal_stack_shape_excess,0.040873498572672529,5795,0,2,281,66.900400000000033,1243.8713,contact-islands-safety-and-shape,terminal-1s-shape-0.10-edge
2026-10-05_0800_ddr5-4800_threads-1-2-3-4-5-6-8-10-12-14-16-24_r5,avian3d,6,0,1,1,evaluated,0.10000000000000001,0,0,0,0,2,300,0,0,0,0,0.016666666666666666,0,0,0,0,0,rest_envelope,0.041067670016204261,5670,0,2,294,67.745600000000024,1242.9174,contact-islands-safety-and-shape,terminal-1s-shape-0.10-edge
2026-10-05_0800_ddr5-4800_threads-1-2-3-4-5-6-8-10-12-14-16-24_r5,avian3d,6,0,1,1,evaluated,0.10000000000000001,0,0,0,0,2,300,0,0,0,0,0.016666666666666666,0,0,0,0,0,upward_excursion,0.002819061279296875,962,0,1,5,67.745600000000024,1242.9174,contact-islands-safety-and-shape,terminal-1s-shape-0.10-edge
2026-10-05_0800_ddr5-4800_threads-1-2-3-4-5-6-8-10-12-14-16-24_r5,avian3d,6,0,1,1,evaluated,0.10000000000000001,0,0,0,0,2,300,0,0,0,0,0.016666666666666666,0,0,0,0,0,terminal_stack_shape_excess,0.040873498572672529,5795,0,2,281,67.745600000000024,1242.9174,contact-islands-safety-and-shape,terminal-1s-shape-0.10-edge
2026-10-05_0800_ddr5-4800_threads-1-2-3-4-5-6-8-10-12-14-16-24_r5,avian3d,6,1,1,1,evaluated,0.10000000000000001,0,0,0,0,2,300,0,0,0,0,0.016666666666666666,0,0,0,0,0,rest_envelope,0.041067670016204261,5670,0,2,294,66.807899999999989,1227.2855999999999,contact-islands-safety-and-shape,terminal-1s-shape-0.10-edge
2026-10-05_0800_ddr5-4800_threads-1-2-3-4-5-6-8-10-12-14-16-24_r5,avian3d,6,1,1,1,evaluated,0.10000000000000001,0,0,0,0,2,300,0,0,0,0,0.016666666666666666,0,0,0,0,0,upward_excursion,0.002819061279296875,962,0,1,5,66.807899999999989,1227.2855999999999,contact-islands-safety-and-shape,terminal-1s-shape-0.10-edge
2026-10-05_0800_ddr5-4800_threads-1-2-3-4-5-6-8-10-12-14-16-24_r5,avian3d,6,1,1,1,evaluated,0.10000000000000001,0,0,0,0,2,300,0,0,0,0,0.016666666666666666,0,0,0,0,0,terminal_stack_shape_excess,0.040873498572672529,5795,0,2,281,66.807899999999989,1227.2855999999999,contact-islands-safety-and-shape,terminal-1s-shape-0.10-edge
2026-10-05_0800_ddr5-4800_threads-1-2-3-4-5-6-8-10-12-14-16-24_r5,avian3d,6,2,1,1,evaluated,0.10000000000000001,0,0,0,0,2,300,0,0,0,0,0.016666666666666666,0,0,0,0,0,rest_envelope,0.041067670016204261,5670,0,2,294,68.987700000000046,1255.8498,contact-islands-safety-and-shape,terminal-1s-shape-0.10-edge
2026-10-05_0800_ddr5-4800_threads-1-2-3-4-5-6-8-10-12-14-16-24_r5,avian3d,6,2,1,1,evaluated,0.10000000000000001,0,0,0,0,2,300,0,0,0,0,0.016666666666666666,0,0,0,0,0,upward_excursion,0.002819061279296875,962,0,1,5,68.987700000000046,1255.8498,contact-islands-safety-and-shape,terminal-1s-shape-0.10-edge
2026-10-05_0800_ddr5-4800_threads-1-2-3-4-5-6-8-10-12-14-16-24_r5,avian3d,6,2,1,1,evaluated,0.10000000000000001,0,0,0,0,2,300,0,0,0,0,0.016666666666666666,0,0,0,0,0,terminal_stack_shape_excess,0.040873498572672529,5795,0,2,281,68.987700000000046,1255.8498,contact-islands-safety-and-shape,terminal-1s-shape-0.10-edge
2026-10-05_0800_ddr5-4800_threads-1-2-3-4-5-6-8-10-12-14-16-24_r5,avian3d,6,3,1,1,evaluated,0.10000000000000001,0,0,0,0,2,300,0,0,0,0,0.016666666666666666,0,0,0,0,0,rest_envelope,0.041067670016204261,5670,0,2,294,68.813300000000012,1258.4983,contact-islands-safety-and-shape,terminal-1s-shape-0.10-edge
2026-10-05_0800_ddr5-4800_threads-1-2-3-4-5-6-8-10-12-14-16-24_r5,avian3d,6,3,1,1,evaluated,0.10000000000000001,0,0,0,0,2,300,0,0,0,0,0.016666666666666666,0,0,0,0,0,upward_excursion,0.002819061279296875,962,0,1,5,68.813300000000012,1258.4983,contact-islands-safety-and-shape,terminal-1s-shape-0.10-edge
2026-10-05_0800_ddr5-4800_threads-1-2-3-4-5-6-8-10-12-14-16-24_r5,avian3d,6,3,1,1,evaluated,0.10000000000000001,0,0,0,0,2,300,0,0,0,0,0.016666666666666666,0,0,0,0,0,terminal_stack_shape_excess,0.040873498572672529,5795,0,2,281,68.813300000000012,1258.4983,contact-islands-safety-and-shape,terminal-1s-shape-0.10-edge
2026-10-05_0800_ddr5-4800_threads-1-2-3-4-5-6-8-10-12-14-16-24_r5,avian3d,6,4,1,1,evaluated,0.10000000000000001,0,0,0,0,2,300,0,0,0,0,0.016666666666666666,0,0,0,0,0,rest_envelope,0.041067670016204261,5670,0,2,294,67.329200000000029,1241.4789000000001,contact-islands-safety-and-shape,terminal-1s-shape-0.10-edge
2026-10-05_0800_ddr5-4800_threads-1-2-3-4-5-6-8-10-12-14-16-24_r5,avian3d,6,4,1,1,evaluated,0.10000000000000001,0,0,0,0,2,300,0,0,0,0,0.016666666666666666,0,0,0,0,0,upward_excursion,0.002819061279296875,962,0,1,5,67.329200000000029,1241.4789000000001,contact-islands-safety-and-shape,terminal-1s-shape-0.10-edge
2026-10-05_0800_ddr5-4800_threads-1-2-3-4-5-6-8-10-12-14-16-24_r5,avian3d,6,4,1,1,evaluated,0.10000000000000001,0,0,0,0,2,300,0,0,0,0,0.016666666666666666,0,0,0,0,0,terminal_stack_shape_excess,0.040873498572672529,5795,0,2,281,67.329200000000029,1241.4789000000001,contact-islands-safety-and-shape,terminal-1s-shape-0.10-edge
2026-10-05_0800_ddr5-4800_threads-1-2-3-4-5-6-8-10-12-14-16-24_r5,avian3d,8,0,1,1,evaluated,0.10000000000000001,0,0,0,0,2,300,0,0,0,0,0.016666666666666666,0,0,0,0,0,rest_envelope,0.041067670016204261,5670,0,2,294,73.025199999999998,1242.4583,contact-islands-safety-and-shape,terminal-1s-shape-0.10-edge
2026-10-05_0800_ddr5-4800_threads-1-2-3-4-5-6-8-10-12-14-16-24_r5,avian3d,8,0,1,1,evaluated,0.10000000000000001,0,0,0,0,2,300,0,0,0,0,0.016666666666666666,0,0,0,0,0,upward_excursion,0.002819061279296875,962,0,1,5,73.025199999999998,1242.4583,contact-islands-safety-and-shape,terminal-1s-shape-0.10-edge
2026-10-05_0800_ddr5-4800_threads-1-2-3-4-5-6-8-10-12-14-16-24_r5,avian3d,8,0,1,1,evaluated,0.10000000000000001,0,0,0,0,2,300,0,0,0,0,0.016666666666666666,0,0,0,0,0,terminal_stack_shape_excess,0.040873498572672529,5795,0,2,281,73.025199999999998,1242.4583,contact-islands-safety-and-shape,terminal-1s-shape-0.10-edge
2026-10-05_0800_ddr5-4800_threads-1-2-3-4-5-6-8-10-12-14-16-24_r5,avian3d,8,1,1,1,evaluated,0.10000000000000001,0,0,0,0,2,300,0,0,0,0,0.016666666666666666,0,0,0,0,0,rest_envelope,0.041067670016204261,5670,0,2,294,70.361000000000004,1240.8027,contact-islands-safety-and-shape,terminal-1s-shape-0.10-edge
2026-10-05_0800_ddr5-4800_threads-1-2-3-4-5-6-8-10-12-14-16-24_r5,avian3d,8,1,1,1,evaluated,0.10000000000000001,0,0,0,0,2,300,0,0,0,0,0.016666666666666666,0,0,0,0,0,upward_excursion,0.002819061279296875,962,0,1,5,70.361000000000004,1240.8027,contact-islands-safety-and-shape,terminal-1s-shape-0.10-edge
2026-10-05_0800_ddr5-4800_threads-1-2-3-4-5-6-8-10-12-14-16-24_r5,avian3d,8,1,1,1,evaluated,0.10000000000000001,0,0,0,0,2,300,0,0,0,0,0.016666666666666666,0,0,0,0,0,terminal_stack_shape_excess,0.040873498572672529,5795,0,2,281,70.361000000000004,1240.8027,contact-islands-safety-and-shape,terminal-1s-shape-0.10-edge
2026-10-05_0800_ddr5-4800_threads-1-2-3-4-5-6-8-10-12-14-16-24_r5,avian3d,8,2,1,1,evaluated,0.10000000000000001,0,0,0,0,2,300,0,0,0,0,0.016666666666666666,0,0,0,0,0,rest_envelope,0.041067670016204261,5670,0,2,294,67.312700000000035,1224.8909000000001,contact-islands-safety-and-shape,terminal-1s-shape-0.10-edge
2026-10-05_0800_ddr5-4800_threads-1-2-3-4-5-6-8-10-12-14-16-24_r5,avian3d,8,2,1,1,evaluated,0.10000000000000001,0,0,0,0,2,300,0,0,0,0,0.016666666666666666,0,0,0,0,0,upward_excursion,0.002819061279296875,962,0,1,5,67.312700000000035,1224.8909000000001,contact-islands-safety-and-shape,terminal-1s-shape-0.10-edge
2026-10-05_0800_ddr5-4800_threads-1-2-3-4-5-6-8-10-12-14-16-24_r5,avian3d,8,2,1,1,evaluated,0.10000000000000001,0,0,0,0,2,300,0,0,0,0,0.016666666666666666,0,0,0,0,0,terminal_stack_shape_excess,0.040873498572672529,5795,0,2,281,67.312700000000035,1224.8909000000001,contact-islands-safety-and-shape,terminal-1s-shape-0.10-edge
2026-10-05_0800_ddr5-4800_threads-1-2-3-4-5-6-8-10-12-14-16-24_r5,avian3d,8,3,1,1,evaluated,0.10000000000000001,0,0,0,0,2,300,0,0,0,0,0.016666666666666666,0,0,0,0,0,rest_envelope,0.041067670016204261,5670,0,2,294,71.244700000000051,1238.4409000000001,contact-islands-safety-and-shape,terminal-1s-shape-0.10-edge
2026-10-05_0800_ddr5-4800_threads-1-2-3-4-5-6-8-10-12-14-16-24_r5,avian3d,8,3,1,1,evaluated,0.10000000000000001,0,0,0,0,2,300,0,0,0,0,0.016666666666666666,0,0,0,0,0,upward_excursion,0.002819061279296875,962,0,1,5,71.244700000000051,1238.4409000000001,contact-islands-safety-and-shape,terminal-1s-shape-0.10-edge
2026-10-05_0800_ddr5-4800_threads-1-2-3-4-5-6-8-10-12-14-16-24_r5,avian3d,8,3,1,1,evaluated,0.10000000000000001,0,0,0,0,2,300,0,0,0,0,0.016666666666666666,0,0,0,0,0,terminal_stack_shape_excess,0.040873498572672529,5795,0,2,281,71.244700000000051,1238.4409000000001,contact-islands-safety-and-shape,terminal-1s-shape-0.10-edge
2026-10-05_0800_ddr5-4800_threads-1-2-3-4-5-6-8-10-12-14-16-24_r5,avian3d,8,4,1,1,evaluated,0.10000000000000001,0,0,0,0,2,300,0,0,0,0,0.016666666666666666,0,0,0,0,0,rest_envelope,0.041067670016204261,5670,0,2,294,72.028700000000072,1262.4281000000001,contact-islands-safety-and-shape,terminal-1s-shape-0.10-edge
2026-10-05_0800_ddr5-4800_threads-1-2-3-4-5-6-8-10-12-14-16-24_r5,avian3d,8,4,1,1,evaluated,0.10000000000000001,0,0,0,0,2,300,0,0,0,0,0.016666666666666666,0,0,0,0,0,upward_excursion,0.002819061279296875,962,0,1,5,72.028700000000072,1262.4281000000001,contact-islands-safety-and-shape,terminal-1s-shape-0.10-edge
2026-10-05_0800_ddr5-4800_threads-1-2-3-4-5-6-8-10-12-14-16-24_r5,avian3d,8,4,1,1,evaluated,0.10000000000000001,0,0,0,0,2,300,0,0,0,0,0.016666666666666666,0,0,0,0,0,terminal_stack_shape_excess,0.040873498572672529,5795,0,2,281,72.028700000000072,1262.4281000000001,contact-islands-safety-and-shape,terminal-1s-shape-0.10-edge
2026-10-05_0800_ddr5-4800_threads-1-2-3-4-5-6-8-10-12-14-16-24_r5,avian3d,10,0,1,1,evaluated,0.10000000000000001,0,0,0,0,2,300,0,0,0,0,0.016666666666666666,0,0,0,0,0,rest_envelope,0.041067670016204261,5670,0,2,294,67.415399999999948,1202.5764999999999,contact-islands-safety-and-shape,terminal-1s-shape-0.10-edge
2026-10-05_0800_ddr5-4800_threads-1-2-3-4-5-6-8-10-12-14-16-24_r5,avian3d,10,0,1,1,evaluated,0.10000000000000001,0,0,0,0,2,300,0,0,0,0,0.016666666666666666,0,0,0,0,0,upward_excursion,0.002819061279296875,962,0,1,5,67.415399999999948,1202.5764999999999,contact-islands-safety-and-shape,terminal-1s-shape-0.10-edge
2026-10-05_0800_ddr5-4800_threads-1-2-3-4-5-6-8-10-12-14-16-24_r5,avian3d,10,0,1,1,evaluated,0.10000000000000001,0,0,0,0,2,300,0,0,0,0,0.016666666666666666,0,0,0,0,0,terminal_stack_shape_excess,0.040873498572672529,5795,0,2,281,67.415399999999948,1202.5764999999999,contact-islands-safety-and-shape,terminal-1s-shape-0.10-edge
2026-10-05_0800_ddr5-4800_threads-1-2-3-4-5-6-8-10-12-14-16-24_r5,avian3d,10,1,1,1,evaluated,0.10000000000000001,0,0,0,0,2,300,0,0,0,0,0.016666666666666666,0,0,0,0,0,rest_envelope,0.041067670016204261,5670,0,2,294,69.869999999999976,1209.9581000000001,contact-islands-safety-and-shape,terminal-1s-shape-0.10-edge
2026-10-05_0800_ddr5-4800_threads-1-2-3-4-5-6-8-10-12-14-16-24_r5,avian3d,10,1,1,1,evaluated,0.10000000000000001,0,0,0,0,2,300,0,0,0,0,0.016666666666666666,0,0,0,0,0,upward_excursion,0.002819061279296875,962,0,1,5,69.869999999999976,1209.9581000000001,contact-islands-safety-and-shape,terminal-1s-shape-0.10-edge
2026-10-05_0800_ddr5-4800_threads-1-2-3-4-5-6-8-10-12-14-16-24_r5,avian3d,10,1,1,1,evaluated,0.10000000000000001,0,0,0,0,2,300,0,0,0,0,0.016666666666666666,0,0,0,0,0,terminal_stack_shape_excess,0.040873498572672529,5795,0,2,281,69.869999999999976,1209.9581000000001,contact-islands-safety-and-shape,terminal-1s-shape-0.10-edge
2026-10-05_0800_ddr5-4800_threads-1-2-3-4-5-6-8-10-12-14-16-24_r5,avian3d,10,2,1,1,evaluated,0.10000000000000001,0,0,0,0,2,300,0,0,0,0,0.016666666666666666,0,0,0,0,0,rest_envelope,0.041067670016204261,5670,0,2,294,68.563900000000018,1203.1088999999999,contact-islands-safety-and-shape,terminal-1s-shape-0.10-edge
2026-10-05_0800_ddr5-4800_threads-1-2-3-4-5-6-8-10-12-14-16-24_r5,avian3d,10,2,1,1,evaluated,0.10000000000000001,0,0,0,0,2,300,0,0,0,0,0.016666666666666666,0,0,0,0,0,upward_excursion,0.002819061279296875,962,0,1,5,68.563900000000018,1203.1088999999999,contact-islands-safety-and-shape,terminal-1s-shape-0.10-edge
2026-10-05_0800_ddr5-4800_threads-1-2-3-4-5-6-8-10-12-14-16-24_r5,avian3d,10,2,1,1,evaluated,0.10000000000000001,0,0,0,0,2,300,0,0,0,0,0.016666666666666666,0,0,0,0,0,terminal_stack_shape_excess,0.040873498572672529,5795,0,2,281,68.563900000000018,1203.1088999999999,contact-islands-safety-and-shape,terminal-1s-shape-0.10-edge
2026-10-05_0800_ddr5-4800_threads-1-2-3-4-5-6-8-10-12-14-16-24_r5,avian3d,10,3,1,1,evaluated,0.10000000000000001,0,0,0,0,2,300,0,0,0,0,0.016666666666666666,0,0,0,0,0,rest_envelope,0.041067670016204261,5670,0,2,294,67.292699999999968,1205.2292,contact-islands-safety-and-shape,terminal-1s-shape-0.10-edge
2026-10-05_0800_ddr5-4800_threads-1-2-3-4-5-6-8-10-12-14-16-24_r5,avian3d,10,3,1,1,evaluated,0.10000000000000001,0,0,0,0,2,300,0,0,0,0,0.016666666666666666,0,0,0,0,0,upward_excursion,0.002819061279296875,962,0,1,5,67.292699999999968,1205.2292,contact-islands-safety-and-shape,terminal-1s-shape-0.10-edge
2026-10-05_0800_ddr5-4800_threads-1-2-3-4-5-6-8-10-12-14-16-24_r5,avian3d,10,3,1,1,evaluated,0.10000000000000001,0,0,0,0,2,300,0,0,0,0,0.016666666666666666,0,0,0,0,0,terminal_stack_shape_excess,0.040873498572672529,5795,0,2,281,67.292699999999968,1205.2292,contact-islands-safety-and-shape,terminal-1s-shape-0.10-edge
2026-10-05_0800_ddr5-4800_threads-1-2-3-4-5-6-8-10-12-14-16-24_r5,avian3d,10,4,1,1,evaluated,0.10000000000000001,0,0,0,0,2,300,0,0,0,0,0.016666666666666666,0,0,0,0,0,rest_envelope,0.041067670016204261,5670,0,2,294,69.506299999999968,1204.2869000000001,contact-islands-safety-and-shape,terminal-1s-shape-0.10-edge
2026-10-05_0800_ddr5-4800_threads-1-2-3-4-5-6-8-10-12-14-16-24_r5,avian3d,10,4,1,1,evaluated,0.10000000000000001,0,0,0,0,2,300,0,0,0,0,0.016666666666666666,0,0,0,0,0,upward_excursion,0.002819061279296875,962,0,1,5,69.506299999999968,1204.2869000000001,contact-islands-safety-and-shape,terminal-1s-shape-0.10-edge
2026-10-05_0800_ddr5-4800_threads-1-2-3-4-5-6-8-10-12-14-16-24_r5,avian3d,10,4,1,1,evaluated,0.10000000000000001,0,0,0,0,2,300,0,0,0,0,0.016666666666666666,0,0,0,0,0,terminal_stack_shape_excess,0.040873498572672529,5795,0,2,281,69.506299999999968,1204.2869000000001,contact-islands-safety-and-shape,terminal-1s-shape-0.10-edge
2026-10-05_0800_ddr5-4800_threads-1-2-3-4-5-6-8-10-12-14-16-24_r5,avian3d,12,0,1,1,evaluated,0.10000000000000001,0,0,0,0,2,300,0,0,0,0,0.016666666666666666,0,0,0,0,0,rest_envelope,0.041067670016204261,5670,0,2,294,68.957099999999954,1203.0252,contact-islands-safety-and-shape,terminal-1s-shape-0.10-edge
2026-10-05_0800_ddr5-4800_threads-1-2-3-4-5-6-8-10-12-14-16-24_r5,avian3d,12,0,1,1,evaluated,0.10000000000000001,0,0,0,0,2,300,0,0,0,0,0.016666666666666666,0,0,0,0,0,upward_excursion,0.002819061279296875,962,0,1,5,68.957099999999954,1203.0252,contact-islands-safety-and-shape,terminal-1s-shape-0.10-edge
2026-10-05_0800_ddr5-4800_threads-1-2-3-4-5-6-8-10-12-14-16-24_r5,avian3d,12,0,1,1,evaluated,0.10000000000000001,0,0,0,0,2,300,0,0,0,0,0.016666666666666666,0,0,0,0,0,terminal_stack_shape_excess,0.040873498572672529,5795,0,2,281,68.957099999999954,1203.0252,contact-islands-safety-and-shape,terminal-1s-shape-0.10-edge
2026-10-05_0800_ddr5-4800_threads-1-2-3-4-5-6-8-10-12-14-16-24_r5,avian3d,12,1,1,1,evaluated,0.10000000000000001,0,0,0,0,2,300,0,0,0,0,0.016666666666666666,0,0,0,0,0,rest_envelope,0.041067670016204261,5670,0,2,294,69.494400000000041,1204.2516000000001,contact-islands-safety-and-shape,terminal-1s-shape-0.10-edge
2026-10-05_0800_ddr5-4800_threads-1-2-3-4-5-6-8-10-12-14-16-24_r5,avian3d,12,1,1,1,evaluated,0.10000000000000001,0,0,0,0,2,300,0,0,0,0,0.016666666666666666,0,0,0,0,0,upward_excursion,0.002819061279296875,962,0,1,5,69.494400000000041,1204.2516000000001,contact-islands-safety-and-shape,terminal-1s-shape-0.10-edge
2026-10-05_0800_ddr5-4800_threads-1-2-3-4-5-6-8-10-12-14-16-24_r5,avian3d,12,1,1,1,evaluated,0.10000000000000001,0,0,0,0,2,300,0,0,0,0,0.016666666666666666,0,0,0,0,0,terminal_stack_shape_excess,0.040873498572672529,5795,0,2,281,69.494400000000041,1204.2516000000001,contact-islands-safety-and-shape,terminal-1s-shape-0.10-edge
2026-10-05_0800_ddr5-4800_threads-1-2-3-4-5-6-8-10-12-14-16-24_r5,avian3d,12,2,1,1,evaluated,0.10000000000000001,0,0,0,0,2,300,0,0,0,0,0.016666666666666666,0,0,0,0,0,rest_envelope,0.041067670016204261,5670,0,2,294,69.315800000000038,1204.2041999999999,contact-islands-safety-and-shape,terminal-1s-shape-0.10-edge
2026-10-05_0800_ddr5-4800_threads-1-2-3-4-5-6-8-10-12-14-16-24_r5,avian3d,12,2,1,1,evaluated,0.10000000000000001,0,0,0,0,2,300,0,0,0,0,0.016666666666666666,0,0,0,0,0,upward_excursion,0.002819061279296875,962,0,1,5,69.315800000000038,1204.2041999999999,contact-islands-safety-and-shape,terminal-1s-shape-0.10-edge
2026-10-05_0800_ddr5-4800_threads-1-2-3-4-5-6-8-10-12-14-16-24_r5,avian3d,12,2,1,1,evaluated,0.10000000000000001,0,0,0,0,2,300,0,0,0,0,0.016666666666666666,0,0,0,0,0,terminal_stack_shape_excess,0.040873498572672529,5795,0,2,281,69.315800000000038,1204.2041999999999,contact-islands-safety-and-shape,terminal-1s-shape-0.10-edge
2026-10-05_0800_ddr5-4800_threads-1-2-3-4-5-6-8-10-12-14-16-24_r5,avian3d,12,3,1,1,evaluated,0.10000000000000001,0,0,0,0,2,300,0,0,0,0,0.016666666666666666,0,0,0,0,0,rest_envelope,0.041067670016204261,5670,0,2,294,71.550899999999885,1203.8223,contact-islands-safety-and-shape,terminal-1s-shape-0.10-edge
2026-10-05_0800_ddr5-4800_threads-1-2-3-4-5-6-8-10-12-14-16-24_r5,avian3d,12,3,1,1,evaluated,0.10000000000000001,0,0,0,0,2,300,0,0,0,0,0.016666666666666666,0,0,0,0,0,upward_excursion,0.002819061279296875,962,0,1,5,71.550899999999885,1203.8223,contact-islands-safety-and-shape,terminal-1s-shape-0.10-edge
2026-10-05_0800_ddr5-4800_threads-1-2-3-4-5-6-8-10-12-14-16-24_r5,avian3d,12,3,1,1,evaluated,0.10000000000000001,0,0,0,0,2,300,0,0,0,0,0.016666666666666666,0,0,0,0,0,terminal_stack_shape_excess,0.040873498572672529,5795,0,2,281,71.550899999999885,1203.8223,contact-islands-safety-and-shape,terminal-1s-shape-0.10-edge
2026-10-05_0800_ddr5-4800_threads-1-2-3-4-5-6-8-10-12-14-16-24_r5,avian3d,12,4,1,1,evaluated,0.10000000000000001,0,0,0,0,2,300,0,0,0,0,0.016666666666666666,0,0,0,0,0,rest_envelope,0.041067670016204261,5670,0,2,294,70.200799999999987,1202.2038,contact-islands-safety-and-shape,terminal-1s-shape-0.10-edge
2026-10-05_0800_ddr5-4800_threads-1-2-3-4-5-6-8-10-12-14-16-24_r5,avian3d,12,4,1,1,evaluated,0.10000000000000001,0,0,0,0,2,300,0,0,0,0,0.016666666666666666,0,0,0,0,0,upward_excursion,0.002819061279296875,962,0,1,5,70.200799999999987,1202.2038,contact-islands-safety-and-shape,terminal-1s-shape-0.10-edge
2026-10-05_0800_ddr5-4800_threads-1-2-3-4-5-6-8-10-12-14-16-24_r5,avian3d,12,4,1,1,evaluated,0.10000000000000001,0,0,0,0,2,300,0,0,0,0,0.016666666666666666,0,0,0,0,0,terminal_stack_shape_excess,0.040873498572672529,5795,0,2,281,70.200799999999987,1202.2038,contact-islands-safety-and-shape,terminal-1s-shape-0.10-edge
2026-10-05_0800_ddr5-4800_threads-1-2-3-4-5-6-8-10-12-14-16-24_r5,avian3d,14,0,1,1,evaluated,0.10000000000000001,0,0,0,0,2,300,0,0,0,0,0.016666666666666666,0,0,0,0,0,rest_envelope,0.041067670016204261,5670,0,2,294,70.397200000000012,1203.5791999999999,contact-islands-safety-and-shape,terminal-1s-shape-0.10-edge
2026-10-05_0800_ddr5-4800_threads-1-2-3-4-5-6-8-10-12-14-16-24_r5,avian3d,14,0,1,1,evaluated,0.10000000000000001,0,0,0,0,2,300,0,0,0,0,0.016666666666666666,0,0,0,0,0,upward_excursion,0.002819061279296875,962,0,1,5,70.397200000000012,1203.5791999999999,contact-islands-safety-and-shape,terminal-1s-shape-0.10-edge
2026-10-05_0800_ddr5-4800_threads-1-2-3-4-5-6-8-10-12-14-16-24_r5,avian3d,14,0,1,1,evaluated,0.10000000000000001,0,0,0,0,2,300,0,0,0,0,0.016666666666666666,0,0,0,0,0,terminal_stack_shape_excess,0.040873498572672529,5795,0,2,281,70.397200000000012,1203.5791999999999,contact-islands-safety-and-shape,terminal-1s-shape-0.10-edge
2026-10-05_0800_ddr5-4800_threads-1-2-3-4-5-6-8-10-12-14-16-24_r5,avian3d,14,1,1,1,evaluated,0.10000000000000001,0,0,0,0,2,300,0,0,0,0,0.016666666666666666,0,0,0,0,0,rest_envelope,0.041067670016204261,5670,0,2,294,69.87939999999999,1203.4762000000001,contact-islands-safety-and-shape,terminal-1s-shape-0.10-edge
2026-10-05_0800_ddr5-4800_threads-1-2-3-4-5-6-8-10-12-14-16-24_r5,avian3d,14,1,1,1,evaluated,0.10000000000000001,0,0,0,0,2,300,0,0,0,0,0.016666666666666666,0,0,0,0,0,upward_excursion,0.002819061279296875,962,0,1,5,69.87939999999999,1203.4762000000001,contact-islands-safety-and-shape,terminal-1s-shape-0.10-edge
2026-10-05_0800_ddr5-4800_threads-1-2-3-4-5-6-8-10-12-14-16-24_r5,avian3d,14,1,1,1,evaluated,0.10000000000000001,0,0,0,0,2,300,0,0,0,0,0.016666666666666666,0,0,0,0,0,terminal_stack_shape_excess,0.040873498572672529,5795,0,2,281,69.87939999999999,1203.4762000000001,contact-islands-safety-and-shape,terminal-1s-shape-0.10-edge
2026-10-05_0800_ddr5-4800_threads-1-2-3-4-5-6-8-10-12-14-16-24_r5,avian3d,14,2,1,1,evaluated,0.10000000000000001,0,0,0,0,2,300,0,0,0,0,0.016666666666666666,0,0,0,0,0,rest_envelope,0.041067670016204261,5670,0,2,294,73.197300000000084,1202.2577000000001,contact-islands-safety-and-shape,terminal-1s-shape-0.10-edge
2026-10-05_0800_ddr5-4800_threads-1-2-3-4-5-6-8-10-12-14-16-24_r5,avian3d,14,2,1,1,evaluated,0.10000000000000001,0,0,0,0,2,300,0,0,0,0,0.016666666666666666,0,0,0,0,0,upward_excursion,0.002819061279296875,962,0,1,5,73.197300000000084,1202.2577000000001,contact-islands-safety-and-shape,terminal-1s-shape-0.10-edge
2026-10-05_0800_ddr5-4800_threads-1-2-3-4-5-6-8-10-12-14-16-24_r5,avian3d,14,2,1,1,evaluated,0.10000000000000001,0,0,0,0,2,300,0,0,0,0,0.016666666666666666,0,0,0,0,0,terminal_stack_shape_excess,0.040873498572672529,5795,0,2,281,73.197300000000084,1202.2577000000001,contact-islands-safety-and-shape,terminal-1s-shape-0.10-edge
2026-10-05_0800_ddr5-4800_threads-1-2-3-4-5-6-8-10-12-14-16-24_r5,avian3d,14,3,1,1,evaluated,0.10000000000000001,0,0,0,0,2,300,0,0,0,0,0.016666666666666666,0,0,0,0,0,rest_envelope,0.041067670016204261,5670,0,2,294,72.749499999999998,1210.4864,contact-islands-safety-and-shape,terminal-1s-shape-0.10-edge
2026-10-05_0800_ddr5-4800_threads-1-2-3-4-5-6-8-10-12-14-16-24_r5,avian3d,14,3,1,1,evaluated,0.10000000000000001,0,0,0,0,2,300,0,0,0,0,0.016666666666666666,0,0,0,0,0,upward_excursion,0.002819061279296875,962,0,1,5,72.749499999999998,1210.4864,contact-islands-safety-and-shape,terminal-1s-shape-0.10-edge
2026-10-05_0800_ddr5-4800_threads-1-2-3-4-5-6-8-10-12-14-16-24_r5,avian3d,14,3,1,1,evaluated,0.10000000000000001,0,0,0,0,2,300,0,0,0,0,0.016666666666666666,0,0,0,0,0,terminal_stack_shape_excess,0.040873498572672529,5795,0,2,281,72.749499999999998,1210.4864,contact-islands-safety-and-shape,terminal-1s-shape-0.10-edge
2026-10-05_0800_ddr5-4800_threads-1-2-3-4-5-6-8-10-12-14-16-24_r5,avian3d,14,4,1,1,evaluated,0.10000000000000001,0,0,0,0,2,300,0,0,0,0,0.016666666666666666,0,0,0,0,0,rest_envelope,0.041067670016204261,5670,0,2,294,70.882800000000017,1207.3997999999999,contact-islands-safety-and-shape,terminal-1s-shape-0.10-edge
2026-10-05_0800_ddr5-4800_threads-1-2-3-4-5-6-8-10-12-14-16-24_r5,avian3d,14,4,1,1,evaluated,0.10000000000000001,0,0,0,0,2,300,0,0,0,0,0.016666666666666666,0,0,0,0,0,upward_excursion,0.002819061279296875,962,0,1,5,70.882800000000017,1207.3997999999999,contact-islands-safety-and-shape,terminal-1s-shape-0.10-edge
2026-10-05_0800_ddr5-4800_threads-1-2-3-4-5-6-8-10-12-14-16-24_r5,avian3d,14,4,1,1,evaluated,0.10000000000000001,0,0,0,0,2,300,0,0,0,0,0.016666666666666666,0,0,0,0,0,terminal_stack_shape_excess,0.040873498572672529,5795,0,2,281,70.882800000000017,1207.3997999999999,contact-islands-safety-and-shape,terminal-1s-shape-0.10-edge
2026-10-05_0800_ddr5-4800_threads-1-2-3-4-5-6-8-10-12-14-16-24_r5,avian3d,16,0,1,1,evaluated,0.10000000000000001,0,0,0,0,2,300,0,0,0,0,0.016666666666666666,0,0,0,0,0,rest_envelope,0.041067670016204261,5670,0,2,294,70.329499999999939,1202.0940000000001,contact-islands-safety-and-shape,terminal-1s-shape-0.10-edge
2026-10-05_0800_ddr5-4800_threads-1-2-3-4-5-6-8-10-12-14-16-24_r5,avian3d,16,0,1,1,evaluated,0.10000000000000001,0,0,0,0,2,300,0,0,0,0,0.016666666666666666,0,0,0,0,0,upward_excursion,0.002819061279296875,962,0,1,5,70.329499999999939,1202.0940000000001,contact-islands-safety-and-shape,terminal-1s-shape-0.10-edge
2026-10-05_0800_ddr5-4800_threads-1-2-3-4-5-6-8-10-12-14-16-24_r5,avian3d,16,0,1,1,evaluated,0.10000000000000001,0,0,0,0,2,300,0,0,0,0,0.016666666666666666,0,0,0,0,0,terminal_stack_shape_excess,0.040873498572672529,5795,0,2,281,70.329499999999939,1202.0940000000001,contact-islands-safety-and-shape,terminal-1s-shape-0.10-edge
2026-10-05_0800_ddr5-4800_threads-1-2-3-4-5-6-8-10-12-14-16-24_r5,avian3d,16,1,1,1,evaluated,0.10000000000000001,0,0,0,0,2,300,0,0,0,0,0.016666666666666666,0,0,0,0,0,rest_envelope,0.041067670016204261,5670,0,2,294,73.317499999999967,1210.2469000000001,contact-islands-safety-and-shape,terminal-1s-shape-0.10-edge
2026-10-05_0800_ddr5-4800_threads-1-2-3-4-5-6-8-10-12-14-16-24_r5,avian3d,16,1,1,1,evaluated,0.10000000000000001,0,0,0,0,2,300,0,0,0,0,0.016666666666666666,0,0,0,0,0,upward_excursion,0.002819061279296875,962,0,1,5,73.317499999999967,1210.2469000000001,contact-islands-safety-and-shape,terminal-1s-shape-0.10-edge
2026-10-05_0800_ddr5-4800_threads-1-2-3-4-5-6-8-10-12-14-16-24_r5,avian3d,16,1,1,1,evaluated,0.10000000000000001,0,0,0,0,2,300,0,0,0,0,0.016666666666666666,0,0,0,0,0,terminal_stack_shape_excess,0.040873498572672529,5795,0,2,281,73.317499999999967,1210.2469000000001,contact-islands-safety-and-shape,terminal-1s-shape-0.10-edge
2026-10-05_0800_ddr5-4800_threads-1-2-3-4-5-6-8-10-12-14-16-24_r5,avian3d,16,2,1,1,evaluated,0.10000000000000001,0,0,0,0,2,300,0,0,0,0,0.016666666666666666,0,0,0,0,0,rest_envelope,0.041067670016204261,5670,0,2,294,70.40919999999997,1203.3466000000001,contact-islands-safety-and-shape,terminal-1s-shape-0.10-edge
2026-10-05_0800_ddr5-4800_threads-1-2-3-4-5-6-8-10-12-14-16-24_r5,avian3d,16,2,1,1,evaluated,0.10000000000000001,0,0,0,0,2,300,0,0,0,0,0.016666666666666666,0,0,0,0,0,upward_excursion,0.002819061279296875,962,0,1,5,70.40919999999997,1203.3466000000001,contact-islands-safety-and-shape,terminal-1s-shape-0.10-edge
2026-10-05_0800_ddr5-4800_threads-1-2-3-4-5-6-8-10-12-14-16-24_r5,avian3d,16,2,1,1,evaluated,0.10000000000000001,0,0,0,0,2,300,0,0,0,0,0.016666666666666666,0,0,0,0,0,terminal_stack_shape_excess,0.040873498572672529,5795,0,2,281,70.40919999999997,1203.3466000000001,contact-islands-safety-and-shape,terminal-1s-shape-0.10-edge
2026-10-05_0800_ddr5-4800_threads-1-2-3-4-5-6-8-10-12-14-16-24_r5,avian3d,16,3,1,1,evaluated,0.10000000000000001,0,0,0,0,2,300,0,0,0,0,0.016666666666666666,0,0,0,0,0,rest_envelope,0.041067670016204261,5670,0,2,294,70.792199999999994,1202.0932,contact-islands-safety-and-shape,terminal-1s-shape-0.10-edge
2026-10-05_0800_ddr5-4800_threads-1-2-3-4-5-6-8-10-12-14-16-24_r5,avian3d,16,3,1,1,evaluated,0.10000000000000001,0,0,0,0,2,300,0,0,0,0,0.016666666666666666,0,0,0,0,0,upward_excursion,0.002819061279296875,962,0,1,5,70.792199999999994,1202.0932,contact-islands-safety-and-shape,terminal-1s-shape-0.10-edge
2026-10-05_0800_ddr5-4800_threads-1-2-3-4-5-6-8-10-12-14-16-24_r5,avian3d,16,3,1,1,evaluated,0.10000000000000001,0,0,0,0,2,300,0,0,0,0,0.016666666666666666,0,0,0,0,0,terminal_stack_shape_excess,0.040873498572672529,5795,0,2,281,70.792199999999994,1202.0932,contact-islands-safety-and-shape,terminal-1s-shape-0.10-edge
2026-10-05_0800_ddr5-4800_threads-1-2-3-4-5-6-8-10-12-14-16-24_r5,avian3d,16,4,1,1,evaluated,0.10000000000000001,0,0,0,0,2,300,0,0,0,0,0.016666666666666666,0,0,0,0,0,rest_envelope,0.041067670016204261,5670,0,2,294,70.774799999999942,1204.9883,contact-islands-safety-and-shape,terminal-1s-shape-0.10-edge
2026-10-05_0800_ddr5-4800_threads-1-2-3-4-5-6-8-10-12-14-16-24_r5,avian3d,16,4,1,1,evaluated,0.10000000000000001,0,0,0,0,2,300,0,0,0,0,0.016666666666666666,0,0,0,0,0,upward_excursion,0.002819061279296875,962,0,1,5,70.774799999999942,1204.9883,contact-islands-safety-and-shape,terminal-1s-shape-0.10-edge
2026-10-05_0800_ddr5-4800_threads-1-2-3-4-5-6-8-10-12-14-16-24_r5,avian3d,16,4,1,1,evaluated,0.10000000000000001,0,0,0,0,2,300,0,0,0,0,0.016666666666666666,0,0,0,0,0,terminal_stack_shape_excess,0.040873498572672529,5795,0,2,281,70.774799999999942,1204.9883,contact-islands-safety-and-shape,terminal-1s-shape-0.10-edge
2026-10-05_0800_ddr5-4800_threads-1-2-3-4-5-6-8-10-12-14-16-24_r5,avian3d,24,0,1,1,evaluated,0.10000000000000001,0,0,0,0,2,300,0,0,0,0,0.016666666666666666,0,0,0,0,0,rest_envelope,0.041067670016204261,5670,0,2,294,74.167899999999989,1212.4305999999999,contact-islands-safety-and-shape,terminal-1s-shape-0.10-edge
2026-10-05_0800_ddr5-4800_threads-1-2-3-4-5-6-8-10-12-14-16-24_r5,avian3d,24,0,1,1,evaluated,0.10000000000000001,0,0,0,0,2,300,0,0,0,0,0.016666666666666666,0,0,0,0,0,upward_excursion,0.002819061279296875,962,0,1,5,74.167899999999989,1212.4305999999999,contact-islands-safety-and-shape,terminal-1s-shape-0.10-edge
2026-10-05_0800_ddr5-4800_threads-1-2-3-4-5-6-8-10-12-14-16-24_r5,avian3d,24,0,1,1,evaluated,0.10000000000000001,0,0,0,0,2,300,0,0,0,0,0.016666666666666666,0,0,0,0,0,terminal_stack_shape_excess,0.040873498572672529,5795,0,2,281,74.167899999999989,1212.4305999999999,contact-islands-safety-and-shape,terminal-1s-shape-0.10-edge
2026-10-05_0800_ddr5-4800_threads-1-2-3-4-5-6-8-10-12-14-16-24_r5,avian3d,24,1,1,1,evaluated,0.10000000000000001,0,0,0,0,2,300,0,0,0,0,0.016666666666666666,0,0,0,0,0,rest_envelope,0.041067670016204261,5670,0,2,294,74.419499999999971,1213.8788999999999,contact-islands-safety-and-shape,terminal-1s-shape-0.10-edge
2026-10-05_0800_ddr5-4800_threads-1-2-3-4-5-6-8-10-12-14-16-24_r5,avian3d,24,1,1,1,evaluated,0.10000000000000001,0,0,0,0,2,300,0,0,0,0,0.016666666666666666,0,0,0,0,0,upward_excursion,0.002819061279296875,962,0,1,5,74.419499999999971,1213.8788999999999,contact-islands-safety-and-shape,terminal-1s-shape-0.10-edge
2026-10-05_0800_ddr5-4800_threads-1-2-3-4-5-6-8-10-12-14-16-24_r5,avian3d,24,1,1,1,evaluated,0.10000000000000001,0,0,0,0,2,300,0,0,0,0,0.016666666666666666,0,0,0,0,0,terminal_stack_shape_excess,0.040873498572672529,5795,0,2,281,74.419499999999971,1213.8788999999999,contact-islands-safety-and-shape,terminal-1s-shape-0.10-edge
2026-10-05_0800_ddr5-4800_threads-1-2-3-4-5-6-8-10-12-14-16-24_r5,avian3d,24,2,1,1,evaluated,0.10000000000000001,0,0,0,0,2,300,0,0,0,0,0.016666666666666666,0,0,0,0,0,rest_envelope,0.041067670016204261,5670,0,2,294,71.815200000000033,1204.2904000000001,contact-islands-safety-and-shape,terminal-1s-shape-0.10-edge
2026-10-05_0800_ddr5-4800_threads-1-2-3-4-5-6-8-10-12-14-16-24_r5,avian3d,24,2,1,1,evaluated,0.10000000000000001,0,0,0,0,2,300,0,0,0,0,0.016666666666666666,0,0,0,0,0,upward_excursion,0.002819061279296875,962,0,1,5,71.815200000000033,1204.2904000000001,contact-islands-safety-and-shape,terminal-1s-shape-0.10-edge
2026-10-05_0800_ddr5-4800_threads-1-2-3-4-5-6-8-10-12-14-16-24_r5,avian3d,24,2,1,1,evaluated,0.10000000000000001,0,0,0,0,2,300,0,0,0,0,0.016666666666666666,0,0,0,0,0,terminal_stack_shape_excess,0.040873498572672529,5795,0,2,281,71.815200000000033,1204.2904000000001,contact-islands-safety-and-shape,terminal-1s-shape-0.10-edge
2026-10-05_0800_ddr5-4800_threads-1-2-3-4-5-6-8-10-12-14-16-24_r5,avian3d,24,3,1,1,evaluated,0.10000000000000001,0,0,0,0,2,300,0,0,0,0,0.016666666666666666,0,0,0,0,0,rest_envelope,0.041067670016204261,5670,0,2,294,70.70629999999997,1218.0830000000001,contact-islands-safety-and-shape,terminal-1s-shape-0.10-edge
2026-10-05_0800_ddr5-4800_threads-1-2-3-4-5-6-8-10-12-14-16-24_r5,avian3d,24,3,1,1,evaluated,0.10000000000000001,0,0,0,0,2,300,0,0,0,0,0.016666666666666666,0,0,0,0,0,upward_excursion,0.002819061279296875,962,0,1,5,70.70629999999997,1218.0830000000001,contact-islands-safety-and-shape,terminal-1s-shape-0.10-edge
2026-10-05_0800_ddr5-4800_threads-1-2-3-4-5-6-8-10-12-14-16-24_r5,avian3d,24,3,1,1,evaluated,0.10000000000000001,0,0,0,0,2,300,0,0,0,0,0.016666666666666666,0,0,0,0,0,terminal_stack_shape_excess,0.040873498572672529,5795,0,2,281,70.70629999999997,1218.0830000000001,contact-islands-safety-and-shape,terminal-1s-shape-0.10-edge
2026-10-05_0800_ddr5-4800_threads-1-2-3-4-5-6-8-10-12-14-16-24_r5,avian3d,24,4,1,1,evaluated,0.10000000000000001,0,0,0,0,2,300,0,0,0,0,0.016666666666666666,0,0,0,0,0,rest_envelope,0.041067670016204261,5670,0,2,294,71.116600000000005,1202.3548000000001,contact-islands-safety-and-shape,terminal-1s-shape-0.10-edge
2026-10-05_0800_ddr5-4800_threads-1-2-3-4-5-6-8-10-12-14-16-24_r5,avian3d,24,4,1,1,evaluated,0.10000000000000001,0,0,0,0,2,300,0,0,0,0,0.016666666666666666,0,0,0,0,0,upward_excursion,0.002819061279296875,962,0,1,5,71.116600000000005,1202.3548000000001,contact-islands-safety-and-shape,terminal-1s-shape-0.10-edge
2026-10-05_0800_ddr5-4800_threads-1-2-3-4-5-6-8-10-12-14-16-24_r5,avian3d,24,4,1,1,evaluated,0.10000000000000001,0,0,0,0,2,300,0,0,0,0,0.016666666666666666,0,0,0,0,0,terminal_stack_shape_excess,0.040873498572672529,5795,0,2,281,71.116600000000005,1202.3548000000001,contact-islands-safety-and-shape,terminal-1s-shape-0.10-edge
2026-10-05_0800_ddr5-4800_threads-1-2-3-4-5-6-8-10-12-14-16-24_r5,unity_physics,1,0,1,1,evaluated,0.10000000000000001,0,0,0,0,2,300,0,0,0,0,0.016666666666666666,0,0,0,0,0,rest_envelope,0.057374250943599492,2990,0,2,63,268.30839999999978,1193.6106,contact-islands-safety-and-shape,terminal-1s-shape-0.10-edge
2026-10-05_0800_ddr5-4800_threads-1-2-3-4-5-6-8-10-12-14-16-24_r5,unity_physics,1,0,1,1,evaluated,0.10000000000000001,0,0,0,0,2,300,0,0,0,0,0.016666666666666666,0,0,0,0,0,upward_excursion,0.030089855194091797,777,0,1,16,268.30839999999978,1193.6106,contact-islands-safety-and-shape,terminal-1s-shape-0.10-edge
2026-10-05_0800_ddr5-4800_threads-1-2-3-4-5-6-8-10-12-14-16-24_r5,unity_physics,1,0,1,1,evaluated,0.10000000000000001,0,0,0,0,2,300,0,0,0,0,0.016666666666666666,0,0,0,0,0,terminal_stack_shape_excess,0.056092919788531259,2990,0,2,284,268.30839999999978,1193.6106,contact-islands-safety-and-shape,terminal-1s-shape-0.10-edge
2026-10-05_0800_ddr5-4800_threads-1-2-3-4-5-6-8-10-12-14-16-24_r5,unity_physics,1,1,1,1,evaluated,0.10000000000000001,0,0,0,0,2,300,0,0,0,0,0.016666666666666666,0,0,0,0,0,rest_envelope,0.057374250943599492,2990,0,2,63,273.27789999999993,1194.2963999999999,contact-islands-safety-and-shape,terminal-1s-shape-0.10-edge
2026-10-05_0800_ddr5-4800_threads-1-2-3-4-5-6-8-10-12-14-16-24_r5,unity_physics,1,1,1,1,evaluated,0.10000000000000001,0,0,0,0,2,300,0,0,0,0,0.016666666666666666,0,0,0,0,0,upward_excursion,0.030089855194091797,777,0,1,16,273.27789999999993,1194.2963999999999,contact-islands-safety-and-shape,terminal-1s-shape-0.10-edge
2026-10-05_0800_ddr5-4800_threads-1-2-3-4-5-6-8-10-12-14-16-24_r5,unity_physics,1,1,1,1,evaluated,0.10000000000000001,0,0,0,0,2,300,0,0,0,0,0.016666666666666666,0,0,0,0,0,terminal_stack_shape_excess,0.056092919788531259,2990,0,2,284,273.27789999999993,1194.2963999999999,contact-islands-safety-and-shape,terminal-1s-shape-0.10-edge
2026-10-05_0800_ddr5-4800_threads-1-2-3-4-5-6-8-10-12-14-16-24_r5,unity_physics,1,2,1,1,evaluated,0.10000000000000001,0,0,0,0,2,300,0,0,0,0,0.016666666666666666,0,0,0,0,0,rest_envelope,0.057374250943599492,2990,0,2,63,273.84159999999997,1192.7635,contact-islands-safety-and-shape,terminal-1s-shape-0.10-edge
2026-10-05_0800_ddr5-4800_threads-1-2-3-4-5-6-8-10-12-14-16-24_r5,unity_physics,1,2,1,1,evaluated,0.10000000000000001,0,0,0,0,2,300,0,0,0,0,0.016666666666666666,0,0,0,0,0,upward_excursion,0.030089855194091797,777,0,1,16,273.84159999999997,1192.7635,contact-islands-safety-and-shape,terminal-1s-shape-0.10-edge
2026-10-05_0800_ddr5-4800_threads-1-2-3-4-5-6-8-10-12-14-16-24_r5,unity_physics,1,2,1,1,evaluated,0.10000000000000001,0,0,0,0,2,300,0,0,0,0,0.016666666666666666,0,0,0,0,0,terminal_stack_shape_excess,0.056092919788531259,2990,0,2,284,273.84159999999997,1192.7635,contact-islands-safety-and-shape,terminal-1s-shape-0.10-edge
2026-10-05_0800_ddr5-4800_threads-1-2-3-4-5-6-8-10-12-14-16-24_r5,unity_physics,1,3,1,1,evaluated,0.10000000000000001,0,0,0,0,2,300,0,0,0,0,0.016666666666666666,0,0,0,0,0,rest_envelope,0.057374250943599492,2990,0,2,63,271.62229999999988,1191.4170999999999,contact-islands-safety-and-shape,terminal-1s-shape-0.10-edge
2026-10-05_0800_ddr5-4800_threads-1-2-3-4-5-6-8-10-12-14-16-24_r5,unity_physics,1,3,1,1,evaluated,0.10000000000000001,0,0,0,0,2,300,0,0,0,0,0.016666666666666666,0,0,0,0,0,upward_excursion,0.030089855194091797,777,0,1,16,271.62229999999988,1191.4170999999999,contact-islands-safety-and-shape,terminal-1s-shape-0.10-edge
2026-10-05_0800_ddr5-4800_threads-1-2-3-4-5-6-8-10-12-14-16-24_r5,unity_physics,1,3,1,1,evaluated,0.10000000000000001,0,0,0,0,2,300,0,0,0,0,0.016666666666666666,0,0,0,0,0,terminal_stack_shape_excess,0.056092919788531259,2990,0,2,284,271.62229999999988,1191.4170999999999,contact-islands-safety-and-shape,terminal-1s-shape-0.10-edge
2026-10-05_0800_ddr5-4800_threads-1-2-3-4-5-6-8-10-12-14-16-24_r5,unity_physics,1,4,1,1,evaluated,0.10000000000000001,0,0,0,0,2,300,0,0,0,0,0.016666666666666666,0,0,0,0,0,rest_envelope,0.057374250943599492,2990,0,2,63,275.64369999999997,1193.0145,contact-islands-safety-and-shape,terminal-1s-shape-0.10-edge
2026-10-05_0800_ddr5-4800_threads-1-2-3-4-5-6-8-10-12-14-16-24_r5,unity_physics,1,4,1,1,evaluated,0.10000000000000001,0,0,0,0,2,300,0,0,0,0,0.016666666666666666,0,0,0,0,0,upward_excursion,0.030089855194091797,777,0,1,16,275.64369999999997,1193.0145,contact-islands-safety-and-shape,terminal-1s-shape-0.10-edge
2026-10-05_0800_ddr5-4800_threads-1-2-3-4-5-6-8-10-12-14-16-24_r5,unity_physics,1,4,1,1,evaluated,0.10000000000000001,0,0,0,0,2,300,0,0,0,0,0.016666666666666666,0,0,0,0,0,terminal_stack_shape_excess,0.056092919788531259,2990,0,2,284,275.64369999999997,1193.0145,contact-islands-safety-and-shape,terminal-1s-shape-0.10-edge
2026-10-05_0800_ddr5-4800_threads-1-2-3-4-5-6-8-10-12-14-16-24_r5,unity_physics,2,0,1,1,evaluated,0.10000000000000001,0,0,0,0,2,300,0,0,0,0,0.016666666666666666,0,0,0,0,0,rest_envelope,0.057374250943599492,2990,0,2,63,271.22120000000007,1201.1759999999999,contact-islands-safety-and-shape,terminal-1s-shape-0.10-edge
2026-10-05_0800_ddr5-4800_threads-1-2-3-4-5-6-8-10-12-14-16-24_r5,unity_physics,2,0,1,1,evaluated,0.10000000000000001,0,0,0,0,2,300,0,0,0,0,0.016666666666666666,0,0,0,0,0,upward_excursion,0.030089855194091797,777,0,1,16,271.22120000000007,1201.1759999999999,contact-islands-safety-and-shape,terminal-1s-shape-0.10-edge
2026-10-05_0800_ddr5-4800_threads-1-2-3-4-5-6-8-10-12-14-16-24_r5,unity_physics,2,0,1,1,evaluated,0.10000000000000001,0,0,0,0,2,300,0,0,0,0,0.016666666666666666,0,0,0,0,0,terminal_stack_shape_excess,0.056092919788531259,2990,0,2,284,271.22120000000007,1201.1759999999999,contact-islands-safety-and-shape,terminal-1s-shape-0.10-edge
2026-10-05_0800_ddr5-4800_threads-1-2-3-4-5-6-8-10-12-14-16-24_r5,unity_physics,2,1,1,1,evaluated,0.10000000000000001,0,0,0,0,2,300,0,0,0,0,0.016666666666666666,0,0,0,0,0,rest_envelope,0.057374250943599492,2990,0,2,63,274.20539999999988,1196.9584,contact-islands-safety-and-shape,terminal-1s-shape-0.10-edge
2026-10-05_0800_ddr5-4800_threads-1-2-3-4-5-6-8-10-12-14-16-24_r5,unity_physics,2,1,1,1,evaluated,0.10000000000000001,0,0,0,0,2,300,0,0,0,0,0.016666666666666666,0,0,0,0,0,upward_excursion,0.030089855194091797,777,0,1,16,274.20539999999988,1196.9584,contact-islands-safety-and-shape,terminal-1s-shape-0.10-edge
2026-10-05_0800_ddr5-4800_threads-1-2-3-4-5-6-8-10-12-14-16-24_r5,unity_physics,2,1,1,1,evaluated,0.10000000000000001,0,0,0,0,2,300,0,0,0,0,0.016666666666666666,0,0,0,0,0,terminal_stack_shape_excess,0.056092919788531259,2990,0,2,284,274.20539999999988,1196.9584,contact-islands-safety-and-shape,terminal-1s-shape-0.10-edge
2026-10-05_0800_ddr5-4800_threads-1-2-3-4-5-6-8-10-12-14-16-24_r5,unity_physics,2,2,1,1,evaluated,0.10000000000000001,0,0,0,0,2,300,0,0,0,0,0.016666666666666666,0,0,0,0,0,rest_envelope,0.057374250943599492,2990,0,2,63,273.85660000000013,1200.1089999999999,contact-islands-safety-and-shape,terminal-1s-shape-0.10-edge
2026-10-05_0800_ddr5-4800_threads-1-2-3-4-5-6-8-10-12-14-16-24_r5,unity_physics,2,2,1,1,evaluated,0.10000000000000001,0,0,0,0,2,300,0,0,0,0,0.016666666666666666,0,0,0,0,0,upward_excursion,0.030089855194091797,777,0,1,16,273.85660000000013,1200.1089999999999,contact-islands-safety-and-shape,terminal-1s-shape-0.10-edge
2026-10-05_0800_ddr5-4800_threads-1-2-3-4-5-6-8-10-12-14-16-24_r5,unity_physics,2,2,1,1,evaluated,0.10000000000000001,0,0,0,0,2,300,0,0,0,0,0.016666666666666666,0,0,0,0,0,terminal_stack_shape_excess,0.056092919788531259,2990,0,2,284,273.85660000000013,1200.1089999999999,contact-islands-safety-and-shape,terminal-1s-shape-0.10-edge
2026-10-05_0800_ddr5-4800_threads-1-2-3-4-5-6-8-10-12-14-16-24_r5,unity_physics,2,3,1,1,evaluated,0.10000000000000001,0,0,0,0,2,300,0,0,0,0,0.016666666666666666,0,0,0,0,0,rest_envelope,0.057374250943599492,2990,0,2,63,274.26480000000004,1192.9961000000001,contact-islands-safety-and-shape,terminal-1s-shape-0.10-edge
2026-10-05_0800_ddr5-4800_threads-1-2-3-4-5-6-8-10-12-14-16-24_r5,unity_physics,2,3,1,1,evaluated,0.10000000000000001,0,0,0,0,2,300,0,0,0,0,0.016666666666666666,0,0,0,0,0,upward_excursion,0.030089855194091797,777,0,1,16,274.26480000000004,1192.9961000000001,contact-islands-safety-and-shape,terminal-1s-shape-0.10-edge
2026-10-05_0800_ddr5-4800_threads-1-2-3-4-5-6-8-10-12-14-16-24_r5,unity_physics,2,3,1,1,evaluated,0.10000000000000001,0,0,0,0,2,300,0,0,0,0,0.016666666666666666,0,0,0,0,0,terminal_stack_shape_excess,0.056092919788531259,2990,0,2,284,274.26480000000004,1192.9961000000001,contact-islands-safety-and-shape,terminal-1s-shape-0.10-edge
2026-10-05_0800_ddr5-4800_threads-1-2-3-4-5-6-8-10-12-14-16-24_r5,unity_physics,2,4,1,1,evaluated,0.10000000000000001,0,0,0,0,2,300,0,0,0,0,0.016666666666666666,0,0,0,0,0,rest_envelope,0.057374250943599492,2990,0,2,63,272.4756999999999,1206.1813999999999,contact-islands-safety-and-shape,terminal-1s-shape-0.10-edge
2026-10-05_0800_ddr5-4800_threads-1-2-3-4-5-6-8-10-12-14-16-24_r5,unity_physics,2,4,1,1,evaluated,0.10000000000000001,0,0,0,0,2,300,0,0,0,0,0.016666666666666666,0,0,0,0,0,upward_excursion,0.030089855194091797,777,0,1,16,272.4756999999999,1206.1813999999999,contact-islands-safety-and-shape,terminal-1s-shape-0.10-edge
2026-10-05_0800_ddr5-4800_threads-1-2-3-4-5-6-8-10-12-14-16-24_r5,unity_physics,2,4,1,1,evaluated,0.10000000000000001,0,0,0,0,2,300,0,0,0,0,0.016666666666666666,0,0,0,0,0,terminal_stack_shape_excess,0.056092919788531259,2990,0,2,284,272.4756999999999,1206.1813999999999,contact-islands-safety-and-shape,terminal-1s-shape-0.10-edge
2026-10-05_0800_ddr5-4800_threads-1-2-3-4-5-6-8-10-12-14-16-24_r5,unity_physics,3,0,1,1,evaluated,0.10000000000000001,0,0,0,0,2,300,0,0,0,0,0.016666666666666666,0,0,0,0,0,rest_envelope,0.057374250943599492,2990,0,2,63,268.51470000000006,1201.4646,contact-islands-safety-and-shape,terminal-1s-shape-0.10-edge
2026-10-05_0800_ddr5-4800_threads-1-2-3-4-5-6-8-10-12-14-16-24_r5,unity_physics,3,0,1,1,evaluated,0.10000000000000001,0,0,0,0,2,300,0,0,0,0,0.016666666666666666,0,0,0,0,0,upward_excursion,0.030089855194091797,777,0,1,16,268.51470000000006,1201.4646,contact-islands-safety-and-shape,terminal-1s-shape-0.10-edge
2026-10-05_0800_ddr5-4800_threads-1-2-3-4-5-6-8-10-12-14-16-24_r5,unity_physics,3,0,1,1,evaluated,0.10000000000000001,0,0,0,0,2,300,0,0,0,0,0.016666666666666666,0,0,0,0,0,terminal_stack_shape_excess,0.056092919788531259,2990,0,2,284,268.51470000000006,1201.4646,contact-islands-safety-and-shape,terminal-1s-shape-0.10-edge
2026-10-05_0800_ddr5-4800_threads-1-2-3-4-5-6-8-10-12-14-16-24_r5,unity_physics,3,1,1,1,evaluated,0.10000000000000001,0,0,0,0,2,300,0,0,0,0,0.016666666666666666,0,0,0,0,0,rest_envelope,0.057374250943599492,2990,0,2,63,269.89999999999986,1200.2559000000001,contact-islands-safety-and-shape,terminal-1s-shape-0.10-edge
2026-10-05_0800_ddr5-4800_threads-1-2-3-4-5-6-8-10-12-14-16-24_r5,unity_physics,3,1,1,1,evaluated,0.10000000000000001,0,0,0,0,2,300,0,0,0,0,0.016666666666666666,0,0,0,0,0,upward_excursion,0.030089855194091797,777,0,1,16,269.89999999999986,1200.2559000000001,contact-islands-safety-and-shape,terminal-1s-shape-0.10-edge
2026-10-05_0800_ddr5-4800_threads-1-2-3-4-5-6-8-10-12-14-16-24_r5,unity_physics,3,1,1,1,evaluated,0.10000000000000001,0,0,0,0,2,300,0,0,0,0,0.016666666666666666,0,0,0,0,0,terminal_stack_shape_excess,0.056092919788531259,2990,0,2,284,269.89999999999986,1200.2559000000001,contact-islands-safety-and-shape,terminal-1s-shape-0.10-edge
2026-10-05_0800_ddr5-4800_threads-1-2-3-4-5-6-8-10-12-14-16-24_r5,unity_physics,3,2,1,1,evaluated,0.10000000000000001,0,0,0,0,2,300,0,0,0,0,0.016666666666666666,0,0,0,0,0,rest_envelope,0.057374250943599492,2990,0,2,63,269.66640000000007,1200.1373000000001,contact-islands-safety-and-shape,terminal-1s-shape-0.10-edge
2026-10-05_0800_ddr5-4800_threads-1-2-3-4-5-6-8-10-12-14-16-24_r5,unity_physics,3,2,1,1,evaluated,0.10000000000000001,0,0,0,0,2,300,0,0,0,0,0.016666666666666666,0,0,0,0,0,upward_excursion,0.030089855194091797,777,0,1,16,269.66640000000007,1200.1373000000001,contact-islands-safety-and-shape,terminal-1s-shape-0.10-edge
2026-10-05_0800_ddr5-4800_threads-1-2-3-4-5-6-8-10-12-14-16-24_r5,unity_physics,3,2,1,1,evaluated,0.10000000000000001,0,0,0,0,2,300,0,0,0,0,0.016666666666666666,0,0,0,0,0,terminal_stack_shape_excess,0.056092919788531259,2990,0,2,284,269.66640000000007,1200.1373000000001,contact-islands-safety-and-shape,terminal-1s-shape-0.10-edge
2026-10-05_0800_ddr5-4800_threads-1-2-3-4-5-6-8-10-12-14-16-24_r5,unity_physics,3,3,1,1,evaluated,0.10000000000000001,0,0,0,0,2,300,0,0,0,0,0.016666666666666666,0,0,0,0,0,rest_envelope,0.057374250943599492,2990,0,2,63,271.89389999999986,1199.7796000000001,contact-islands-safety-and-shape,terminal-1s-shape-0.10-edge
2026-10-05_0800_ddr5-4800_threads-1-2-3-4-5-6-8-10-12-14-16-24_r5,unity_physics,3,3,1,1,evaluated,0.10000000000000001,0,0,0,0,2,300,0,0,0,0,0.016666666666666666,0,0,0,0,0,upward_excursion,0.030089855194091797,777,0,1,16,271.89389999999986,1199.7796000000001,contact-islands-safety-and-shape,terminal-1s-shape-0.10-edge
2026-10-05_0800_ddr5-4800_threads-1-2-3-4-5-6-8-10-12-14-16-24_r5,unity_physics,3,3,1,1,evaluated,0.10000000000000001,0,0,0,0,2,300,0,0,0,0,0.016666666666666666,0,0,0,0,0,terminal_stack_shape_excess,0.056092919788531259,2990,0,2,284,271.89389999999986,1199.7796000000001,contact-islands-safety-and-shape,terminal-1s-shape-0.10-edge
2026-10-05_0800_ddr5-4800_threads-1-2-3-4-5-6-8-10-12-14-16-24_r5,unity_physics,3,4,1,1,evaluated,0.10000000000000001,0,0,0,0,2,300,0,0,0,0,0.016666666666666666,0,0,0,0,0,rest_envelope,0.057374250943599492,2990,0,2,63,269.44800000000004,1206.2077999999999,contact-islands-safety-and-shape,terminal-1s-shape-0.10-edge
2026-10-05_0800_ddr5-4800_threads-1-2-3-4-5-6-8-10-12-14-16-24_r5,unity_physics,3,4,1,1,evaluated,0.10000000000000001,0,0,0,0,2,300,0,0,0,0,0.016666666666666666,0,0,0,0,0,upward_excursion,0.030089855194091797,777,0,1,16,269.44800000000004,1206.2077999999999,contact-islands-safety-and-shape,terminal-1s-shape-0.10-edge
2026-10-05_0800_ddr5-4800_threads-1-2-3-4-5-6-8-10-12-14-16-24_r5,unity_physics,3,4,1,1,evaluated,0.10000000000000001,0,0,0,0,2,300,0,0,0,0,0.016666666666666666,0,0,0,0,0,terminal_stack_shape_excess,0.056092919788531259,2990,0,2,284,269.44800000000004,1206.2077999999999,contact-islands-safety-and-shape,terminal-1s-shape-0.10-edge
2026-10-05_0800_ddr5-4800_threads-1-2-3-4-5-6-8-10-12-14-16-24_r5,unity_physics,4,0,1,1,evaluated,0.10000000000000001,0,0,0,0,2,300,0,0,0,0,0.016666666666666666,0,0,0,0,0,rest_envelope,0.057374250943599492,2990,0,2,63,271.96039999999994,1201.4323999999999,contact-islands-safety-and-shape,terminal-1s-shape-0.10-edge
2026-10-05_0800_ddr5-4800_threads-1-2-3-4-5-6-8-10-12-14-16-24_r5,unity_physics,4,0,1,1,evaluated,0.10000000000000001,0,0,0,0,2,300,0,0,0,0,0.016666666666666666,0,0,0,0,0,upward_excursion,0.030089855194091797,777,0,1,16,271.96039999999994,1201.4323999999999,contact-islands-safety-and-shape,terminal-1s-shape-0.10-edge
2026-10-05_0800_ddr5-4800_threads-1-2-3-4-5-6-8-10-12-14-16-24_r5,unity_physics,4,0,1,1,evaluated,0.10000000000000001,0,0,0,0,2,300,0,0,0,0,0.016666666666666666,0,0,0,0,0,terminal_stack_shape_excess,0.056092919788531259,2990,0,2,284,271.96039999999994,1201.4323999999999,contact-islands-safety-and-shape,terminal-1s-shape-0.10-edge
2026-10-05_0800_ddr5-4800_threads-1-2-3-4-5-6-8-10-12-14-16-24_r5,unity_physics,4,1,1,1,evaluated,0.10000000000000001,0,0,0,0,2,300,0,0,0,0,0.016666666666666666,0,0,0,0,0,rest_envelope,0.057374250943599492,2990,0,2,63,272.81579999999997,1213.4504999999999,contact-islands-safety-and-shape,terminal-1s-shape-0.10-edge
2026-10-05_0800_ddr5-4800_threads-1-2-3-4-5-6-8-10-12-14-16-24_r5,unity_physics,4,1,1,1,evaluated,0.10000000000000001,0,0,0,0,2,300,0,0,0,0,0.016666666666666666,0,0,0,0,0,upward_excursion,0.030089855194091797,777,0,1,16,272.81579999999997,1213.4504999999999,contact-islands-safety-and-shape,terminal-1s-shape-0.10-edge
2026-10-05_0800_ddr5-4800_threads-1-2-3-4-5-6-8-10-12-14-16-24_r5,unity_physics,4,1,1,1,evaluated,0.10000000000000001,0,0,0,0,2,300,0,0,0,0,0.016666666666666666,0,0,0,0,0,terminal_stack_shape_excess,0.056092919788531259,2990,0,2,284,272.81579999999997,1213.4504999999999,contact-islands-safety-and-shape,terminal-1s-shape-0.10-edge
2026-10-05_0800_ddr5-4800_threads-1-2-3-4-5-6-8-10-12-14-16-24_r5,unity_physics,4,2,1,1,evaluated,0.10000000000000001,0,0,0,0,2,300,0,0,0,0,0.016666666666666666,0,0,0,0,0,rest_envelope,0.057374250943599492,2990,0,2,63,270.91770000000008,1198.8398,contact-islands-safety-and-shape,terminal-1s-shape-0.10-edge
2026-10-05_0800_ddr5-4800_threads-1-2-3-4-5-6-8-10-12-14-16-24_r5,unity_physics,4,2,1,1,evaluated,0.10000000000000001,0,0,0,0,2,300,0,0,0,0,0.016666666666666666,0,0,0,0,0,upward_excursion,0.030089855194091797,777,0,1,16,270.91770000000008,1198.8398,contact-islands-safety-and-shape,terminal-1s-shape-0.10-edge
2026-10-05_0800_ddr5-4800_threads-1-2-3-4-5-6-8-10-12-14-16-24_r5,unity_physics,4,2,1,1,evaluated,0.10000000000000001,0,0,0,0,2,300,0,0,0,0,0.016666666666666666,0,0,0,0,0,terminal_stack_shape_excess,0.056092919788531259,2990,0,2,284,270.91770000000008,1198.8398,contact-islands-safety-and-shape,terminal-1s-shape-0.10-edge
2026-10-05_0800_ddr5-4800_threads-1-2-3-4-5-6-8-10-12-14-16-24_r5,unity_physics,4,3,1,1,evaluated,0.10000000000000001,0,0,0,0,2,300,0,0,0,0,0.016666666666666666,0,0,0,0,0,rest_envelope,0.057374250943599492,2990,0,2,63,274.0505,1197.7475999999999,contact-islands-safety-and-shape,terminal-1s-shape-0.10-edge
2026-10-05_0800_ddr5-4800_threads-1-2-3-4-5-6-8-10-12-14-16-24_r5,unity_physics,4,3,1,1,evaluated,0.10000000000000001,0,0,0,0,2,300,0,0,0,0,0.016666666666666666,0,0,0,0,0,upward_excursion,0.030089855194091797,777,0,1,16,274.0505,1197.7475999999999,contact-islands-safety-and-shape,terminal-1s-shape-0.10-edge
2026-10-05_0800_ddr5-4800_threads-1-2-3-4-5-6-8-10-12-14-16-24_r5,unity_physics,4,3,1,1,evaluated,0.10000000000000001,0,0,0,0,2,300,0,0,0,0,0.016666666666666666,0,0,0,0,0,terminal_stack_shape_excess,0.056092919788531259,2990,0,2,284,274.0505,1197.7475999999999,contact-islands-safety-and-shape,terminal-1s-shape-0.10-edge
2026-10-05_0800_ddr5-4800_threads-1-2-3-4-5-6-8-10-12-14-16-24_r5,unity_physics,4,4,1,1,evaluated,0.10000000000000001,0,0,0,0,2,300,0,0,0,0,0.016666666666666666,0,0,0,0,0,rest_envelope,0.057374250943599492,2990,0,2,63,270.97669999999999,1198.8686,contact-islands-safety-and-shape,terminal-1s-shape-0.10-edge
2026-10-05_0800_ddr5-4800_threads-1-2-3-4-5-6-8-10-12-14-16-24_r5,unity_physics,4,4,1,1,evaluated,0.10000000000000001,0,0,0,0,2,300,0,0,0,0,0.016666666666666666,0,0,0,0,0,upward_excursion,0.030089855194091797,777,0,1,16,270.97669999999999,1198.8686,contact-islands-safety-and-shape,terminal-1s-shape-0.10-edge
2026-10-05_0800_ddr5-4800_threads-1-2-3-4-5-6-8-10-12-14-16-24_r5,unity_physics,4,4,1,1,evaluated,0.10000000000000001,0,0,0,0,2,300,0,0,0,0,0.016666666666666666,0,0,0,0,0,terminal_stack_shape_excess,0.056092919788531259,2990,0,2,284,270.97669999999999,1198.8686,contact-islands-safety-and-shape,terminal-1s-shape-0.10-edge
2026-10-05_0800_ddr5-4800_threads-1-2-3-4-5-6-8-10-12-14-16-24_r5,unity_physics,5,0,1,1,evaluated,0.10000000000000001,0,0,0,0,2,300,0,0,0,0,0.016666666666666666,0,0,0,0,0,rest_envelope,0.057374250943599492,2990,0,2,63,271.6763999999996,1201.2782999999999,contact-islands-safety-and-shape,terminal-1s-shape-0.10-edge
2026-10-05_0800_ddr5-4800_threads-1-2-3-4-5-6-8-10-12-14-16-24_r5,unity_physics,5,0,1,1,evaluated,0.10000000000000001,0,0,0,0,2,300,0,0,0,0,0.016666666666666666,0,0,0,0,0,upward_excursion,0.030089855194091797,777,0,1,16,271.6763999999996,1201.2782999999999,contact-islands-safety-and-shape,terminal-1s-shape-0.10-edge
2026-10-05_0800_ddr5-4800_threads-1-2-3-4-5-6-8-10-12-14-16-24_r5,unity_physics,5,0,1,1,evaluated,0.10000000000000001,0,0,0,0,2,300,0,0,0,0,0.016666666666666666,0,0,0,0,0,terminal_stack_shape_excess,0.056092919788531259,2990,0,2,284,271.6763999999996,1201.2782999999999,contact-islands-safety-and-shape,terminal-1s-shape-0.10-edge
2026-10-05_0800_ddr5-4800_threads-1-2-3-4-5-6-8-10-12-14-16-24_r5,unity_physics,5,1,1,1,evaluated,0.10000000000000001,0,0,0,0,2,300,0,0,0,0,0.016666666666666666,0,0,0,0,0,rest_envelope,0.057374250943599492,2990,0,2,63,270.25089999999972,1198.9739999999999,contact-islands-safety-and-shape,terminal-1s-shape-0.10-edge
2026-10-05_0800_ddr5-4800_threads-1-2-3-4-5-6-8-10-12-14-16-24_r5,unity_physics,5,1,1,1,evaluated,0.10000000000000001,0,0,0,0,2,300,0,0,0,0,0.016666666666666666,0,0,0,0,0,upward_excursion,0.030089855194091797,777,0,1,16,270.25089999999972,1198.9739999999999,contact-islands-safety-and-shape,terminal-1s-shape-0.10-edge
2026-10-05_0800_ddr5-4800_threads-1-2-3-4-5-6-8-10-12-14-16-24_r5,unity_physics,5,1,1,1,evaluated,0.10000000000000001,0,0,0,0,2,300,0,0,0,0,0.016666666666666666,0,0,0,0,0,terminal_stack_shape_excess,0.056092919788531259,2990,0,2,284,270.25089999999972,1198.9739999999999,contact-islands-safety-and-shape,terminal-1s-shape-0.10-edge
2026-10-05_0800_ddr5-4800_threads-1-2-3-4-5-6-8-10-12-14-16-24_r5,unity_physics,5,2,1,1,evaluated,0.10000000000000001,0,0,0,0,2,300,0,0,0,0,0.016666666666666666,0,0,0,0,0,rest_envelope,0.057374250943599492,2990,0,2,63,274.04180000000002,1197.6633999999999,contact-islands-safety-and-shape,terminal-1s-shape-0.10-edge
2026-10-05_0800_ddr5-4800_threads-1-2-3-4-5-6-8-10-12-14-16-24_r5,unity_physics,5,2,1,1,evaluated,0.10000000000000001,0,0,0,0,2,300,0,0,0,0,0.016666666666666666,0,0,0,0,0,upward_excursion,0.030089855194091797,777,0,1,16,274.04180000000002,1197.6633999999999,contact-islands-safety-and-shape,terminal-1s-shape-0.10-edge
2026-10-05_0800_ddr5-4800_threads-1-2-3-4-5-6-8-10-12-14-16-24_r5,unity_physics,5,2,1,1,evaluated,0.10000000000000001,0,0,0,0,2,300,0,0,0,0,0.016666666666666666,0,0,0,0,0,terminal_stack_shape_excess,0.056092919788531259,2990,0,2,284,274.04180000000002,1197.6633999999999,contact-islands-safety-and-shape,terminal-1s-shape-0.10-edge
2026-10-05_0800_ddr5-4800_threads-1-2-3-4-5-6-8-10-12-14-16-24_r5,unity_physics,5,3,1,1,evaluated,0.10000000000000001,0,0,0,0,2,300,0,0,0,0,0.016666666666666666,0,0,0,0,0,rest_envelope,0.057374250943599492,2990,0,2,63,271.79460000000017,1199.8139000000001,contact-islands-safety-and-shape,terminal-1s-shape-0.10-edge
2026-10-05_0800_ddr5-4800_threads-1-2-3-4-5-6-8-10-12-14-16-24_r5,unity_physics,5,3,1,1,evaluated,0.10000000000000001,0,0,0,0,2,300,0,0,0,0,0.016666666666666666,0,0,0,0,0,upward_excursion,0.030089855194091797,777,0,1,16,271.79460000000017,1199.8139000000001,contact-islands-safety-and-shape,terminal-1s-shape-0.10-edge
2026-10-05_0800_ddr5-4800_threads-1-2-3-4-5-6-8-10-12-14-16-24_r5,unity_physics,5,3,1,1,evaluated,0.10000000000000001,0,0,0,0,2,300,0,0,0,0,0.016666666666666666,0,0,0,0,0,terminal_stack_shape_excess,0.056092919788531259,2990,0,2,284,271.79460000000017,1199.8139000000001,contact-islands-safety-and-shape,terminal-1s-shape-0.10-edge
2026-10-05_0800_ddr5-4800_threads-1-2-3-4-5-6-8-10-12-14-16-24_r5,unity_physics,5,4,1,1,evaluated,0.10000000000000001,0,0,0,0,2,300,0,0,0,0,0.016666666666666666,0,0,0,0,0,rest_envelope,0.057374250943599492,2990,0,2,63,272.51839999999999,1194.2696000000001,contact-islands-safety-and-shape,terminal-1s-shape-0.10-edge
2026-10-05_0800_ddr5-4800_threads-1-2-3-4-5-6-8-10-12-14-16-24_r5,unity_physics,5,4,1,1,evaluated,0.10000000000000001,0,0,0,0,2,300,0,0,0,0,0.016666666666666666,0,0,0,0,0,upward_excursion,0.030089855194091797,777,0,1,16,272.51839999999999,1194.2696000000001,contact-islands-safety-and-shape,terminal-1s-shape-0.10-edge
2026-10-05_0800_ddr5-4800_threads-1-2-3-4-5-6-8-10-12-14-16-24_r5,unity_physics,5,4,1,1,evaluated,0.10000000000000001,0,0,0,0,2,300,0,0,0,0,0.016666666666666666,0,0,0,0,0,terminal_stack_shape_excess,0.056092919788531259,2990,0,2,284,272.51839999999999,1194.2696000000001,contact-islands-safety-and-shape,terminal-1s-shape-0.10-edge
2026-10-05_0800_ddr5-4800_threads-1-2-3-4-5-6-8-10-12-14-16-24_r5,unity_physics,6,0,1,1,evaluated,0.10000000000000001,0,0,0,0,2,300,0,0,0,0,0.016666666666666666,0,0,0,0,0,rest_envelope,0.057374250943599492,2990,0,2,63,276.71090000000004,1192.5383999999999,contact-islands-safety-and-shape,terminal-1s-shape-0.10-edge
2026-10-05_0800_ddr5-4800_threads-1-2-3-4-5-6-8-10-12-14-16-24_r5,unity_physics,6,0,1,1,evaluated,0.10000000000000001,0,0,0,0,2,300,0,0,0,0,0.016666666666666666,0,0,0,0,0,upward_excursion,0.030089855194091797,777,0,1,16,276.71090000000004,1192.5383999999999,contact-islands-safety-and-shape,terminal-1s-shape-0.10-edge
2026-10-05_0800_ddr5-4800_threads-1-2-3-4-5-6-8-10-12-14-16-24_r5,unity_physics,6,0,1,1,evaluated,0.10000000000000001,0,0,0,0,2,300,0,0,0,0,0.016666666666666666,0,0,0,0,0,terminal_stack_shape_excess,0.056092919788531259,2990,0,2,284,276.71090000000004,1192.5383999999999,contact-islands-safety-and-shape,terminal-1s-shape-0.10-edge
2026-10-05_0800_ddr5-4800_threads-1-2-3-4-5-6-8-10-12-14-16-24_r5,unity_physics,6,1,1,1,evaluated,0.10000000000000001,0,0,0,0,2,300,0,0,0,0,0.016666666666666666,0,0,0,0,0,rest_envelope,0.057374250943599492,2990,0,2,63,275.32979999999986,1194.3216,contact-islands-safety-and-shape,terminal-1s-shape-0.10-edge
2026-10-05_0800_ddr5-4800_threads-1-2-3-4-5-6-8-10-12-14-16-24_r5,unity_physics,6,1,1,1,evaluated,0.10000000000000001,0,0,0,0,2,300,0,0,0,0,0.016666666666666666,0,0,0,0,0,upward_excursion,0.030089855194091797,777,0,1,16,275.32979999999986,1194.3216,contact-islands-safety-and-shape,terminal-1s-shape-0.10-edge
2026-10-05_0800_ddr5-4800_threads-1-2-3-4-5-6-8-10-12-14-16-24_r5,unity_physics,6,1,1,1,evaluated,0.10000000000000001,0,0,0,0,2,300,0,0,0,0,0.016666666666666666,0,0,0,0,0,terminal_stack_shape_excess,0.056092919788531259,2990,0,2,284,275.32979999999986,1194.3216,contact-islands-safety-and-shape,terminal-1s-shape-0.10-edge
2026-10-05_0800_ddr5-4800_threads-1-2-3-4-5-6-8-10-12-14-16-24_r5,unity_physics,6,2,1,1,evaluated,0.10000000000000001,0,0,0,0,2,300,0,0,0,0,0.016666666666666666,0,0,0,0,0,rest_envelope,0.057374250943599492,2990,0,2,63,274.77790000000005,1191.2892999999999,contact-islands-safety-and-shape,terminal-1s-shape-0.10-edge
2026-10-05_0800_ddr5-4800_threads-1-2-3-4-5-6-8-10-12-14-16-24_r5,unity_physics,6,2,1,1,evaluated,0.10000000000000001,0,0,0,0,2,300,0,0,0,0,0.016666666666666666,0,0,0,0,0,upward_excursion,0.030089855194091797,777,0,1,16,274.77790000000005,1191.2892999999999,contact-islands-safety-and-shape,terminal-1s-shape-0.10-edge
2026-10-05_0800_ddr5-4800_threads-1-2-3-4-5-6-8-10-12-14-16-24_r5,unity_physics,6,2,1,1,evaluated,0.10000000000000001,0,0,0,0,2,300,0,0,0,0,0.016666666666666666,0,0,0,0,0,terminal_stack_shape_excess,0.056092919788531259,2990,0,2,284,274.77790000000005,1191.2892999999999,contact-islands-safety-and-shape,terminal-1s-shape-0.10-edge
2026-10-05_0800_ddr5-4800_threads-1-2-3-4-5-6-8-10-12-14-16-24_r5,unity_physics,6,3,1,1,evaluated,0.10000000000000001,0,0,0,0,2,300,0,0,0,0,0.016666666666666666,0,0,0,0,0,rest_envelope,0.057374250943599492,2990,0,2,63,276.85350000000017,1205.3469,contact-islands-safety-and-shape,terminal-1s-shape-0.10-edge
2026-10-05_0800_ddr5-4800_threads-1-2-3-4-5-6-8-10-12-14-16-24_r5,unity_physics,6,3,1,1,evaluated,0.10000000000000001,0,0,0,0,2,300,0,0,0,0,0.016666666666666666,0,0,0,0,0,upward_excursion,0.030089855194091797,777,0,1,16,276.85350000000017,1205.3469,contact-islands-safety-and-shape,terminal-1s-shape-0.10-edge
2026-10-05_0800_ddr5-4800_threads-1-2-3-4-5-6-8-10-12-14-16-24_r5,unity_physics,6,3,1,1,evaluated,0.10000000000000001,0,0,0,0,2,300,0,0,0,0,0.016666666666666666,0,0,0,0,0,terminal_stack_shape_excess,0.056092919788531259,2990,0,2,284,276.85350000000017,1205.3469,contact-islands-safety-and-shape,terminal-1s-shape-0.10-edge
2026-10-05_0800_ddr5-4800_threads-1-2-3-4-5-6-8-10-12-14-16-24_r5,unity_physics,6,4,1,1,evaluated,0.10000000000000001,0,0,0,0,2,300,0,0,0,0,0.016666666666666666,0,0,0,0,0,rest_envelope,0.057374250943599492,2990,0,2,63,273.02510000000001,1197.4772,contact-islands-safety-and-shape,terminal-1s-shape-0.10-edge
2026-10-05_0800_ddr5-4800_threads-1-2-3-4-5-6-8-10-12-14-16-24_r5,unity_physics,6,4,1,1,evaluated,0.10000000000000001,0,0,0,0,2,300,0,0,0,0,0.016666666666666666,0,0,0,0,0,upward_excursion,0.030089855194091797,777,0,1,16,273.02510000000001,1197.4772,contact-islands-safety-and-shape,terminal-1s-shape-0.10-edge
2026-10-05_0800_ddr5-4800_threads-1-2-3-4-5-6-8-10-12-14-16-24_r5,unity_physics,6,4,1,1,evaluated,0.10000000000000001,0,0,0,0,2,300,0,0,0,0,0.016666666666666666,0,0,0,0,0,terminal_stack_shape_excess,0.056092919788531259,2990,0,2,284,273.02510000000001,1197.4772,contact-islands-safety-and-shape,terminal-1s-shape-0.10-edge
2026-10-05_0800_ddr5-4800_threads-1-2-3-4-5-6-8-10-12-14-16-24_r5,unity_physics,8,0,1,1,evaluated,0.10000000000000001,0,0,0,0,2,300,0,0,0,0,0.016666666666666666,0,0,0,0,0,rest_envelope,0.057374250943599492,2990,0,2,63,268.75139999999999,1192.0510999999999,contact-islands-safety-and-shape,terminal-1s-shape-0.10-edge
2026-10-05_0800_ddr5-4800_threads-1-2-3-4-5-6-8-10-12-14-16-24_r5,unity_physics,8,0,1,1,evaluated,0.10000000000000001,0,0,0,0,2,300,0,0,0,0,0.016666666666666666,0,0,0,0,0,upward_excursion,0.030089855194091797,777,0,1,16,268.75139999999999,1192.0510999999999,contact-islands-safety-and-shape,terminal-1s-shape-0.10-edge
2026-10-05_0800_ddr5-4800_threads-1-2-3-4-5-6-8-10-12-14-16-24_r5,unity_physics,8,0,1,1,evaluated,0.10000000000000001,0,0,0,0,2,300,0,0,0,0,0.016666666666666666,0,0,0,0,0,terminal_stack_shape_excess,0.056092919788531259,2990,0,2,284,268.75139999999999,1192.0510999999999,contact-islands-safety-and-shape,terminal-1s-shape-0.10-edge
2026-10-05_0800_ddr5-4800_threads-1-2-3-4-5-6-8-10-12-14-16-24_r5,unity_physics,8,1,1,1,evaluated,0.10000000000000001,0,0,0,0,2,300,0,0,0,0,0.016666666666666666,0,0,0,0,0,rest_envelope,0.057374250943599492,2990,0,2,63,273.67389999999978,1191.742,contact-islands-safety-and-shape,terminal-1s-shape-0.10-edge
2026-10-05_0800_ddr5-4800_threads-1-2-3-4-5-6-8-10-12-14-16-24_r5,unity_physics,8,1,1,1,evaluated,0.10000000000000001,0,0,0,0,2,300,0,0,0,0,0.016666666666666666,0,0,0,0,0,upward_excursion,0.030089855194091797,777,0,1,16,273.67389999999978,1191.742,contact-islands-safety-and-shape,terminal-1s-shape-0.10-edge
2026-10-05_0800_ddr5-4800_threads-1-2-3-4-5-6-8-10-12-14-16-24_r5,unity_physics,8,1,1,1,evaluated,0.10000000000000001,0,0,0,0,2,300,0,0,0,0,0.016666666666666666,0,0,0,0,0,terminal_stack_shape_excess,0.056092919788531259,2990,0,2,284,273.67389999999978,1191.742,contact-islands-safety-and-shape,terminal-1s-shape-0.10-edge
2026-10-05_0800_ddr5-4800_threads-1-2-3-4-5-6-8-10-12-14-16-24_r5,unity_physics,8,2,1,1,evaluated,0.10000000000000001,0,0,0,0,2,300,0,0,0,0,0.016666666666666666,0,0,0,0,0,rest_envelope,0.057374250943599492,2990,0,2,63,275.58609999999993,1191.9768999999999,contact-islands-safety-and-shape,terminal-1s-shape-0.10-edge
2026-10-05_0800_ddr5-4800_threads-1-2-3-4-5-6-8-10-12-14-16-24_r5,unity_physics,8,2,1,1,evaluated,0.10000000000000001,0,0,0,0,2,300,0,0,0,0,0.016666666666666666,0,0,0,0,0,upward_excursion,0.030089855194091797,777,0,1,16,275.58609999999993,1191.9768999999999,contact-islands-safety-and-shape,terminal-1s-shape-0.10-edge
2026-10-05_0800_ddr5-4800_threads-1-2-3-4-5-6-8-10-12-14-16-24_r5,unity_physics,8,2,1,1,evaluated,0.10000000000000001,0,0,0,0,2,300,0,0,0,0,0.016666666666666666,0,0,0,0,0,terminal_stack_shape_excess,0.056092919788531259,2990,0,2,284,275.58609999999993,1191.9768999999999,contact-islands-safety-and-shape,terminal-1s-shape-0.10-edge
2026-10-05_0800_ddr5-4800_threads-1-2-3-4-5-6-8-10-12-14-16-24_r5,unity_physics,8,3,1,1,evaluated,0.10000000000000001,0,0,0,0,2,300,0,0,0,0,0.016666666666666666,0,0,0,0,0,rest_envelope,0.057374250943599492,2990,0,2,63,270.41820000000013,1190.0985000000001,contact-islands-safety-and-shape,terminal-1s-shape-0.10-edge
2026-10-05_0800_ddr5-4800_threads-1-2-3-4-5-6-8-10-12-14-16-24_r5,unity_physics,8,3,1,1,evaluated,0.10000000000000001,0,0,0,0,2,300,0,0,0,0,0.016666666666666666,0,0,0,0,0,upward_excursion,0.030089855194091797,777,0,1,16,270.41820000000013,1190.0985000000001,contact-islands-safety-and-shape,terminal-1s-shape-0.10-edge
2026-10-05_0800_ddr5-4800_threads-1-2-3-4-5-6-8-10-12-14-16-24_r5,unity_physics,8,3,1,1,evaluated,0.10000000000000001,0,0,0,0,2,300,0,0,0,0,0.016666666666666666,0,0,0,0,0,terminal_stack_shape_excess,0.056092919788531259,2990,0,2,284,270.41820000000013,1190.0985000000001,contact-islands-safety-and-shape,terminal-1s-shape-0.10-edge
2026-10-05_0800_ddr5-4800_threads-1-2-3-4-5-6-8-10-12-14-16-24_r5,unity_physics,8,4,1,1,evaluated,0.10000000000000001,0,0,0,0,2,300,0,0,0,0,0.016666666666666666,0,0,0,0,0,rest_envelope,0.057374250943599492,2990,0,2,63,275.09429999999986,1193.3411000000001,contact-islands-safety-and-shape,terminal-1s-shape-0.10-edge
2026-10-05_0800_ddr5-4800_threads-1-2-3-4-5-6-8-10-12-14-16-24_r5,unity_physics,8,4,1,1,evaluated,0.10000000000000001,0,0,0,0,2,300,0,0,0,0,0.016666666666666666,0,0,0,0,0,upward_excursion,0.030089855194091797,777,0,1,16,275.09429999999986,1193.3411000000001,contact-islands-safety-and-shape,terminal-1s-shape-0.10-edge
2026-10-05_0800_ddr5-4800_threads-1-2-3-4-5-6-8-10-12-14-16-24_r5,unity_physics,8,4,1,1,evaluated,0.10000000000000001,0,0,0,0,2,300,0,0,0,0,0.016666666666666666,0,0,0,0,0,terminal_stack_shape_excess,0.056092919788531259,2990,0,2,284,275.09429999999986,1193.3411000000001,contact-islands-safety-and-shape,terminal-1s-shape-0.10-edge
2026-10-05_0800_ddr5-4800_threads-1-2-3-4-5-6-8-10-12-14-16-24_r5,unity_physics,10,0,1,1,evaluated,0.10000000000000001,0,0,0,0,2,300,0,0,0,0,0.016666666666666666,0,0,0,0,0,rest_envelope,0.057374250943599492,2990,0,2,63,275.11259999999982,1194.038,contact-islands-safety-and-shape,terminal-1s-shape-0.10-edge
2026-10-05_0800_ddr5-4800_threads-1-2-3-4-5-6-8-10-12-14-16-24_r5,unity_physics,10,0,1,1,evaluated,0.10000000000000001,0,0,0,0,2,300,0,0,0,0,0.016666666666666666,0,0,0,0,0,upward_excursion,0.030089855194091797,777,0,1,16,275.11259999999982,1194.038,contact-islands-safety-and-shape,terminal-1s-shape-0.10-edge
2026-10-05_0800_ddr5-4800_threads-1-2-3-4-5-6-8-10-12-14-16-24_r5,unity_physics,10,0,1,1,evaluated,0.10000000000000001,0,0,0,0,2,300,0,0,0,0,0.016666666666666666,0,0,0,0,0,terminal_stack_shape_excess,0.056092919788531259,2990,0,2,284,275.11259999999982,1194.038,contact-islands-safety-and-shape,terminal-1s-shape-0.10-edge
2026-10-05_0800_ddr5-4800_threads-1-2-3-4-5-6-8-10-12-14-16-24_r5,unity_physics,10,1,1,1,evaluated,0.10000000000000001,0,0,0,0,2,300,0,0,0,0,0.016666666666666666,0,0,0,0,0,rest_envelope,0.057374250943599492,2990,0,2,63,269.64840000000015,1199.4373000000001,contact-islands-safety-and-shape,terminal-1s-shape-0.10-edge
2026-10-05_0800_ddr5-4800_threads-1-2-3-4-5-6-8-10-12-14-16-24_r5,unity_physics,10,1,1,1,evaluated,0.10000000000000001,0,0,0,0,2,300,0,0,0,0,0.016666666666666666,0,0,0,0,0,upward_excursion,0.030089855194091797,777,0,1,16,269.64840000000015,1199.4373000000001,contact-islands-safety-and-shape,terminal-1s-shape-0.10-edge
2026-10-05_0800_ddr5-4800_threads-1-2-3-4-5-6-8-10-12-14-16-24_r5,unity_physics,10,1,1,1,evaluated,0.10000000000000001,0,0,0,0,2,300,0,0,0,0,0.016666666666666666,0,0,0,0,0,terminal_stack_shape_excess,0.056092919788531259,2990,0,2,284,269.64840000000015,1199.4373000000001,contact-islands-safety-and-shape,terminal-1s-shape-0.10-edge
2026-10-05_0800_ddr5-4800_threads-1-2-3-4-5-6-8-10-12-14-16-24_r5,unity_physics,10,2,1,1,evaluated,0.10000000000000001,0,0,0,0,2,300,0,0,0,0,0.016666666666666666,0,0,0,0,0,rest_envelope,0.057374250943599492,2990,0,2,63,271.73829999999998,1194.3507999999999,contact-islands-safety-and-shape,terminal-1s-shape-0.10-edge
2026-10-05_0800_ddr5-4800_threads-1-2-3-4-5-6-8-10-12-14-16-24_r5,unity_physics,10,2,1,1,evaluated,0.10000000000000001,0,0,0,0,2,300,0,0,0,0,0.016666666666666666,0,0,0,0,0,upward_excursion,0.030089855194091797,777,0,1,16,271.73829999999998,1194.3507999999999,contact-islands-safety-and-shape,terminal-1s-shape-0.10-edge
2026-10-05_0800_ddr5-4800_threads-1-2-3-4-5-6-8-10-12-14-16-24_r5,unity_physics,10,2,1,1,evaluated,0.10000000000000001,0,0,0,0,2,300,0,0,0,0,0.016666666666666666,0,0,0,0,0,terminal_stack_shape_excess,0.056092919788531259,2990,0,2,284,271.73829999999998,1194.3507999999999,contact-islands-safety-and-shape,terminal-1s-shape-0.10-edge
2026-10-05_0800_ddr5-4800_threads-1-2-3-4-5-6-8-10-12-14-16-24_r5,unity_physics,10,3,1,1,evaluated,0.10000000000000001,0,0,0,0,2,300,0,0,0,0,0.016666666666666666,0,0,0,0,0,rest_envelope,0.057374250943599492,2990,0,2,63,273.7174,1194.1808000000001,contact-islands-safety-and-shape,terminal-1s-shape-0.10-edge
2026-10-05_0800_ddr5-4800_threads-1-2-3-4-5-6-8-10-12-14-16-24_r5,unity_physics,10,3,1,1,evaluated,0.10000000000000001,0,0,0,0,2,300,0,0,0,0,0.016666666666666666,0,0,0,0,0,upward_excursion,0.030089855194091797,777,0,1,16,273.7174,1194.1808000000001,contact-islands-safety-and-shape,terminal-1s-shape-0.10-edge
2026-10-05_0800_ddr5-4800_threads-1-2-3-4-5-6-8-10-12-14-16-24_r5,unity_physics,10,3,1,1,evaluated,0.10000000000000001,0,0,0,0,2,300,0,0,0,0,0.016666666666666666,0,0,0,0,0,terminal_stack_shape_excess,0.056092919788531259,2990,0,2,284,273.7174,1194.1808000000001,contact-islands-safety-and-shape,terminal-1s-shape-0.10-edge
2026-10-05_0800_ddr5-4800_threads-1-2-3-4-5-6-8-10-12-14-16-24_r5,unity_physics,10,4,1,1,evaluated,0.10000000000000001,0,0,0,0,2,300,0,0,0,0,0.016666666666666666,0,0,0,0,0,rest_envelope,0.057374250943599492,2990,0,2,63,269.79229999999995,1193.3967,contact-islands-safety-and-shape,terminal-1s-shape-0.10-edge
2026-10-05_0800_ddr5-4800_threads-1-2-3-4-5-6-8-10-12-14-16-24_r5,unity_physics,10,4,1,1,evaluated,0.10000000000000001,0,0,0,0,2,300,0,0,0,0,0.016666666666666666,0,0,0,0,0,upward_excursion,0.030089855194091797,777,0,1,16,269.79229999999995,1193.3967,contact-islands-safety-and-shape,terminal-1s-shape-0.10-edge
2026-10-05_0800_ddr5-4800_threads-1-2-3-4-5-6-8-10-12-14-16-24_r5,unity_physics,10,4,1,1,evaluated,0.10000000000000001,0,0,0,0,2,300,0,0,0,0,0.016666666666666666,0,0,0,0,0,terminal_stack_shape_excess,0.056092919788531259,2990,0,2,284,269.79229999999995,1193.3967,contact-islands-safety-and-shape,terminal-1s-shape-0.10-edge
2026-10-05_0800_ddr5-4800_threads-1-2-3-4-5-6-8-10-12-14-16-24_r5,unity_physics,12,0,1,1,evaluated,0.10000000000000001,0,0,0,0,2,300,0,0,0,0,0.016666666666666666,0,0,0,0,0,rest_envelope,0.057374250943599492,2990,0,2,63,274.73850000000004,1192.4748999999999,contact-islands-safety-and-shape,terminal-1s-shape-0.10-edge
2026-10-05_0800_ddr5-4800_threads-1-2-3-4-5-6-8-10-12-14-16-24_r5,unity_physics,12,0,1,1,evaluated,0.10000000000000001,0,0,0,0,2,300,0,0,0,0,0.016666666666666666,0,0,0,0,0,upward_excursion,0.030089855194091797,777,0,1,16,274.73850000000004,1192.4748999999999,contact-islands-safety-and-shape,terminal-1s-shape-0.10-edge
2026-10-05_0800_ddr5-4800_threads-1-2-3-4-5-6-8-10-12-14-16-24_r5,unity_physics,12,0,1,1,evaluated,0.10000000000000001,0,0,0,0,2,300,0,0,0,0,0.016666666666666666,0,0,0,0,0,terminal_stack_shape_excess,0.056092919788531259,2990,0,2,284,274.73850000000004,1192.4748999999999,contact-islands-safety-and-shape,terminal-1s-shape-0.10-edge
2026-10-05_0800_ddr5-4800_threads-1-2-3-4-5-6-8-10-12-14-16-24_r5,unity_physics,12,1,1,1,evaluated,0.10000000000000001,0,0,0,0,2,300,0,0,0,0,0.016666666666666666,0,0,0,0,0,rest_envelope,0.057374250943599492,2990,0,2,63,269.24860000000018,1190.7185999999999,contact-islands-safety-and-shape,terminal-1s-shape-0.10-edge
2026-10-05_0800_ddr5-4800_threads-1-2-3-4-5-6-8-10-12-14-16-24_r5,unity_physics,12,1,1,1,evaluated,0.10000000000000001,0,0,0,0,2,300,0,0,0,0,0.016666666666666666,0,0,0,0,0,upward_excursion,0.030089855194091797,777,0,1,16,269.24860000000018,1190.7185999999999,contact-islands-safety-and-shape,terminal-1s-shape-0.10-edge
2026-10-05_0800_ddr5-4800_threads-1-2-3-4-5-6-8-10-12-14-16-24_r5,unity_physics,12,1,1,1,evaluated,0.10000000000000001,0,0,0,0,2,300,0,0,0,0,0.016666666666666666,0,0,0,0,0,terminal_stack_shape_excess,0.056092919788531259,2990,0,2,284,269.24860000000018,1190.7185999999999,contact-islands-safety-and-shape,terminal-1s-shape-0.10-edge
2026-10-05_0800_ddr5-4800_threads-1-2-3-4-5-6-8-10-12-14-16-24_r5,unity_physics,12,2,1,1,evaluated,0.10000000000000001,0,0,0,0,2,300,0,0,0,0,0.016666666666666666,0,0,0,0,0,rest_envelope,0.057374250943599492,2990,0,2,63,273.15939999999983,1193.8811000000001,contact-islands-safety-and-shape,terminal-1s-shape-0.10-edge
2026-10-05_0800_ddr5-4800_threads-1-2-3-4-5-6-8-10-12-14-16-24_r5,unity_physics,12,2,1,1,evaluated,0.10000000000000001,0,0,0,0,2,300,0,0,0,0,0.016666666666666666,0,0,0,0,0,upward_excursion,0.030089855194091797,777,0,1,16,273.15939999999983,1193.8811000000001,contact-islands-safety-and-shape,terminal-1s-shape-0.10-edge
2026-10-05_0800_ddr5-4800_threads-1-2-3-4-5-6-8-10-12-14-16-24_r5,unity_physics,12,2,1,1,evaluated,0.10000000000000001,0,0,0,0,2,300,0,0,0,0,0.016666666666666666,0,0,0,0,0,terminal_stack_shape_excess,0.056092919788531259,2990,0,2,284,273.15939999999983,1193.8811000000001,contact-islands-safety-and-shape,terminal-1s-shape-0.10-edge
2026-10-05_0800_ddr5-4800_threads-1-2-3-4-5-6-8-10-12-14-16-24_r5,unity_physics,12,3,1,1,evaluated,0.10000000000000001,0,0,0,0,2,300,0,0,0,0,0.016666666666666666,0,0,0,0,0,rest_envelope,0.057374250943599492,2990,0,2,63,274.16079999999999,1194.2497000000001,contact-islands-safety-and-shape,terminal-1s-shape-0.10-edge
2026-10-05_0800_ddr5-4800_threads-1-2-3-4-5-6-8-10-12-14-16-24_r5,unity_physics,12,3,1,1,evaluated,0.10000000000000001,0,0,0,0,2,300,0,0,0,0,0.016666666666666666,0,0,0,0,0,upward_excursion,0.030089855194091797,777,0,1,16,274.16079999999999,1194.2497000000001,contact-islands-safety-and-shape,terminal-1s-shape-0.10-edge
2026-10-05_0800_ddr5-4800_threads-1-2-3-4-5-6-8-10-12-14-16-24_r5,unity_physics,12,3,1,1,evaluated,0.10000000000000001,0,0,0,0,2,300,0,0,0,0,0.016666666666666666,0,0,0,0,0,terminal_stack_shape_excess,0.056092919788531259,2990,0,2,284,274.16079999999999,1194.2497000000001,contact-islands-safety-and-shape,terminal-1s-shape-0.10-edge
2026-10-05_0800_ddr5-4800_threads-1-2-3-4-5-6-8-10-12-14-16-24_r5,unity_physics,12,4,1,1,evaluated,0.10000000000000001,0,0,0,0,2,300,0,0,0,0,0.016666666666666666,0,0,0,0,0,rest_envelope,0.057374250943599492,2990,0,2,63,270.59279999999995,1193.0363,contact-islands-safety-and-shape,terminal-1s-shape-0.10-edge
2026-10-05_0800_ddr5-4800_threads-1-2-3-4-5-6-8-10-12-14-16-24_r5,unity_physics,12,4,1,1,evaluated,0.10000000000000001,0,0,0,0,2,300,0,0,0,0,0.016666666666666666,0,0,0,0,0,upward_excursion,0.030089855194091797,777,0,1,16,270.59279999999995,1193.0363,contact-islands-safety-and-shape,terminal-1s-shape-0.10-edge
2026-10-05_0800_ddr5-4800_threads-1-2-3-4-5-6-8-10-12-14-16-24_r5,unity_physics,12,4,1,1,evaluated,0.10000000000000001,0,0,0,0,2,300,0,0,0,0,0.016666666666666666,0,0,0,0,0,terminal_stack_shape_excess,0.056092919788531259,2990,0,2,284,270.59279999999995,1193.0363,contact-islands-safety-and-shape,terminal-1s-shape-0.10-edge
2026-10-05_0800_ddr5-4800_threads-1-2-3-4-5-6-8-10-12-14-16-24_r5,unity_physics,14,0,1,1,evaluated,0.10000000000000001,0,0,0,0,2,300,0,0,0,0,0.016666666666666666,0,0,0,0,0,rest_envelope,0.057374250943599492,2990,0,2,63,276.25509999999986,1193.2936999999999,contact-islands-safety-and-shape,terminal-1s-shape-0.10-edge
2026-10-05_0800_ddr5-4800_threads-1-2-3-4-5-6-8-10-12-14-16-24_r5,unity_physics,14,0,1,1,evaluated,0.10000000000000001,0,0,0,0,2,300,0,0,0,0,0.016666666666666666,0,0,0,0,0,upward_excursion,0.030089855194091797,777,0,1,16,276.25509999999986,1193.2936999999999,contact-islands-safety-and-shape,terminal-1s-shape-0.10-edge
2026-10-05_0800_ddr5-4800_threads-1-2-3-4-5-6-8-10-12-14-16-24_r5,unity_physics,14,0,1,1,evaluated,0.10000000000000001,0,0,0,0,2,300,0,0,0,0,0.016666666666666666,0,0,0,0,0,terminal_stack_shape_excess,0.056092919788531259,2990,0,2,284,276.25509999999986,1193.2936999999999,contact-islands-safety-and-shape,terminal-1s-shape-0.10-edge
2026-10-05_0800_ddr5-4800_threads-1-2-3-4-5-6-8-10-12-14-16-24_r5,unity_physics,14,1,1,1,evaluated,0.10000000000000001,0,0,0,0,2,300,0,0,0,0,0.016666666666666666,0,0,0,0,0,rest_envelope,0.057374250943599492,2990,0,2,63,274.81270000000023,1191.2925,contact-islands-safety-and-shape,terminal-1s-shape-0.10-edge
2026-10-05_0800_ddr5-4800_threads-1-2-3-4-5-6-8-10-12-14-16-24_r5,unity_physics,14,1,1,1,evaluated,0.10000000000000001,0,0,0,0,2,300,0,0,0,0,0.016666666666666666,0,0,0,0,0,upward_excursion,0.030089855194091797,777,0,1,16,274.81270000000023,1191.2925,contact-islands-safety-and-shape,terminal-1s-shape-0.10-edge
2026-10-05_0800_ddr5-4800_threads-1-2-3-4-5-6-8-10-12-14-16-24_r5,unity_physics,14,1,1,1,evaluated,0.10000000000000001,0,0,0,0,2,300,0,0,0,0,0.016666666666666666,0,0,0,0,0,terminal_stack_shape_excess,0.056092919788531259,2990,0,2,284,274.81270000000023,1191.2925,contact-islands-safety-and-shape,terminal-1s-shape-0.10-edge
2026-10-05_0800_ddr5-4800_threads-1-2-3-4-5-6-8-10-12-14-16-24_r5,unity_physics,14,2,1,1,evaluated,0.10000000000000001,0,0,0,0,2,300,0,0,0,0,0.016666666666666666,0,0,0,0,0,rest_envelope,0.057374250943599492,2990,0,2,63,268.8587,1191.7918999999999,contact-islands-safety-and-shape,terminal-1s-shape-0.10-edge
2026-10-05_0800_ddr5-4800_threads-1-2-3-4-5-6-8-10-12-14-16-24_r5,unity_physics,14,2,1,1,evaluated,0.10000000000000001,0,0,0,0,2,300,0,0,0,0,0.016666666666666666,0,0,0,0,0,upward_excursion,0.030089855194091797,777,0,1,16,268.8587,1191.7918999999999,contact-islands-safety-and-shape,terminal-1s-shape-0.10-edge
2026-10-05_0800_ddr5-4800_threads-1-2-3-4-5-6-8-10-12-14-16-24_r5,unity_physics,14,2,1,1,evaluated,0.10000000000000001,0,0,0,0,2,300,0,0,0,0,0.016666666666666666,0,0,0,0,0,terminal_stack_shape_excess,0.056092919788531259,2990,0,2,284,268.8587,1191.7918999999999,contact-islands-safety-and-shape,terminal-1s-shape-0.10-edge
2026-10-05_0800_ddr5-4800_threads-1-2-3-4-5-6-8-10-12-14-16-24_r5,unity_physics,14,3,1,1,evaluated,0.10000000000000001,0,0,0,0,2,300,0,0,0,0,0.016666666666666666,0,0,0,0,0,rest_envelope,0.057374250943599492,2990,0,2,63,274.40139999999997,1192.1849999999999,contact-islands-safety-and-shape,terminal-1s-shape-0.10-edge
2026-10-05_0800_ddr5-4800_threads-1-2-3-4-5-6-8-10-12-14-16-24_r5,unity_physics,14,3,1,1,evaluated,0.10000000000000001,0,0,0,0,2,300,0,0,0,0,0.016666666666666666,0,0,0,0,0,upward_excursion,0.030089855194091797,777,0,1,16,274.40139999999997,1192.1849999999999,contact-islands-safety-and-shape,terminal-1s-shape-0.10-edge
2026-10-05_0800_ddr5-4800_threads-1-2-3-4-5-6-8-10-12-14-16-24_r5,unity_physics,14,3,1,1,evaluated,0.10000000000000001,0,0,0,0,2,300,0,0,0,0,0.016666666666666666,0,0,0,0,0,terminal_stack_shape_excess,0.056092919788531259,2990,0,2,284,274.40139999999997,1192.1849999999999,contact-islands-safety-and-shape,terminal-1s-shape-0.10-edge
2026-10-05_0800_ddr5-4800_threads-1-2-3-4-5-6-8-10-12-14-16-24_r5,unity_physics,14,4,1,1,evaluated,0.10000000000000001,0,0,0,0,2,300,0,0,0,0,0.016666666666666666,0,0,0,0,0,rest_envelope,0.057374250943599492,2990,0,2,63,273.11100000000005,1192.0571,contact-islands-safety-and-shape,terminal-1s-shape-0.10-edge
2026-10-05_0800_ddr5-4800_threads-1-2-3-4-5-6-8-10-12-14-16-24_r5,unity_physics,14,4,1,1,evaluated,0.10000000000000001,0,0,0,0,2,300,0,0,0,0,0.016666666666666666,0,0,0,0,0,upward_excursion,0.030089855194091797,777,0,1,16,273.11100000000005,1192.0571,contact-islands-safety-and-shape,terminal-1s-shape-0.10-edge
2026-10-05_0800_ddr5-4800_threads-1-2-3-4-5-6-8-10-12-14-16-24_r5,unity_physics,14,4,1,1,evaluated,0.10000000000000001,0,0,0,0,2,300,0,0,0,0,0.016666666666666666,0,0,0,0,0,terminal_stack_shape_excess,0.056092919788531259,2990,0,2,284,273.11100000000005,1192.0571,contact-islands-safety-and-shape,terminal-1s-shape-0.10-edge
2026-10-05_0800_ddr5-4800_threads-1-2-3-4-5-6-8-10-12-14-16-24_r5,unity_physics,16,0,1,1,evaluated,0.10000000000000001,0,0,0,0,2,300,0,0,0,0,0.016666666666666666,0,0,0,0,0,rest_envelope,0.057374250943599492,2990,0,2,63,273.65320000000008,1192.3578,contact-islands-safety-and-shape,terminal-1s-shape-0.10-edge
2026-10-05_0800_ddr5-4800_threads-1-2-3-4-5-6-8-10-12-14-16-24_r5,unity_physics,16,0,1,1,evaluated,0.10000000000000001,0,0,0,0,2,300,0,0,0,0,0.016666666666666666,0,0,0,0,0,upward_excursion,0.030089855194091797,777,0,1,16,273.65320000000008,1192.3578,contact-islands-safety-and-shape,terminal-1s-shape-0.10-edge
2026-10-05_0800_ddr5-4800_threads-1-2-3-4-5-6-8-10-12-14-16-24_r5,unity_physics,16,0,1,1,evaluated,0.10000000000000001,0,0,0,0,2,300,0,0,0,0,0.016666666666666666,0,0,0,0,0,terminal_stack_shape_excess,0.056092919788531259,2990,0,2,284,273.65320000000008,1192.3578,contact-islands-safety-and-shape,terminal-1s-shape-0.10-edge
2026-10-05_0800_ddr5-4800_threads-1-2-3-4-5-6-8-10-12-14-16-24_r5,unity_physics,16,1,1,1,evaluated,0.10000000000000001,0,0,0,0,2,300,0,0,0,0,0.016666666666666666,0,0,0,0,0,rest_envelope,0.057374250943599492,2990,0,2,63,272.91090000000008,1194.288,contact-islands-safety-and-shape,terminal-1s-shape-0.10-edge
2026-10-05_0800_ddr5-4800_threads-1-2-3-4-5-6-8-10-12-14-16-24_r5,unity_physics,16,1,1,1,evaluated,0.10000000000000001,0,0,0,0,2,300,0,0,0,0,0.016666666666666666,0,0,0,0,0,upward_excursion,0.030089855194091797,777,0,1,16,272.91090000000008,1194.288,contact-islands-safety-and-shape,terminal-1s-shape-0.10-edge
2026-10-05_0800_ddr5-4800_threads-1-2-3-4-5-6-8-10-12-14-16-24_r5,unity_physics,16,1,1,1,evaluated,0.10000000000000001,0,0,0,0,2,300,0,0,0,0,0.016666666666666666,0,0,0,0,0,terminal_stack_shape_excess,0.056092919788531259,2990,0,2,284,272.91090000000008,1194.288,contact-islands-safety-and-shape,terminal-1s-shape-0.10-edge
2026-10-05_0800_ddr5-4800_threads-1-2-3-4-5-6-8-10-12-14-16-24_r5,unity_physics,16,2,1,1,evaluated,0.10000000000000001,0,0,0,0,2,300,0,0,0,0,0.016666666666666666,0,0,0,0,0,rest_envelope,0.057374250943599492,2990,0,2,63,274.61720000000008,1193.1971000000001,contact-islands-safety-and-shape,terminal-1s-shape-0.10-edge
2026-10-05_0800_ddr5-4800_threads-1-2-3-4-5-6-8-10-12-14-16-24_r5,unity_physics,16,2,1,1,evaluated,0.10000000000000001,0,0,0,0,2,300,0,0,0,0,0.016666666666666666,0,0,0,0,0,upward_excursion,0.030089855194091797,777,0,1,16,274.61720000000008,1193.1971000000001,contact-islands-safety-and-shape,terminal-1s-shape-0.10-edge
2026-10-05_0800_ddr5-4800_threads-1-2-3-4-5-6-8-10-12-14-16-24_r5,unity_physics,16,2,1,1,evaluated,0.10000000000000001,0,0,0,0,2,300,0,0,0,0,0.016666666666666666,0,0,0,0,0,terminal_stack_shape_excess,0.056092919788531259,2990,0,2,284,274.61720000000008,1193.1971000000001,contact-islands-safety-and-shape,terminal-1s-shape-0.10-edge
2026-10-05_0800_ddr5-4800_threads-1-2-3-4-5-6-8-10-12-14-16-24_r5,unity_physics,16,3,1,1,evaluated,0.10000000000000001,0,0,0,0,2,300,0,0,0,0,0.016666666666666666,0,0,0,0,0,rest_envelope,0.057374250943599492,2990,0,2,63,277.32280000000009,1193.2701,contact-islands-safety-and-shape,terminal-1s-shape-0.10-edge
2026-10-05_0800_ddr5-4800_threads-1-2-3-4-5-6-8-10-12-14-16-24_r5,unity_physics,16,3,1,1,evaluated,0.10000000000000001,0,0,0,0,2,300,0,0,0,0,0.016666666666666666,0,0,0,0,0,upward_excursion,0.030089855194091797,777,0,1,16,277.32280000000009,1193.2701,contact-islands-safety-and-shape,terminal-1s-shape-0.10-edge
2026-10-05_0800_ddr5-4800_threads-1-2-3-4-5-6-8-10-12-14-16-24_r5,unity_physics,16,3,1,1,evaluated,0.10000000000000001,0,0,0,0,2,300,0,0,0,0,0.016666666666666666,0,0,0,0,0,terminal_stack_shape_excess,0.056092919788531259,2990,0,2,284,277.32280000000009,1193.2701,contact-islands-safety-and-shape,terminal-1s-shape-0.10-edge
2026-10-05_0800_ddr5-4800_threads-1-2-3-4-5-6-8-10-12-14-16-24_r5,unity_physics,16,4,1,1,evaluated,0.10000000000000001,0,0,0,0,2,300,0,0,0,0,0.016666666666666666,0,0,0,0,0,rest_envelope,0.057374250943599492,2990,0,2,63,274.21639999999991,1192.3422,contact-islands-safety-and-shape,terminal-1s-shape-0.10-edge
2026-10-05_0800_ddr5-4800_threads-1-2-3-4-5-6-8-10-12-14-16-24_r5,unity_physics,16,4,1,1,evaluated,0.10000000000000001,0,0,0,0,2,300,0,0,0,0,0.016666666666666666,0,0,0,0,0,upward_excursion,0.030089855194091797,777,0,1,16,274.21639999999991,1192.3422,contact-islands-safety-and-shape,terminal-1s-shape-0.10-edge
2026-10-05_0800_ddr5-4800_threads-1-2-3-4-5-6-8-10-12-14-16-24_r5,unity_physics,16,4,1,1,evaluated,0.10000000000000001,0,0,0,0,2,300,0,0,0,0,0.016666666666666666,0,0,0,0,0,terminal_stack_shape_excess,0.056092919788531259,2990,0,2,284,274.21639999999991,1192.3422,contact-islands-safety-and-shape,terminal-1s-shape-0.10-edge
2026-10-05_0800_ddr5-4800_threads-1-2-3-4-5-6-8-10-12-14-16-24_r5,unity_physics,24,0,1,1,evaluated,0.10000000000000001,0,0,0,0,2,300,0,0,0,0,0.016666666666666666,0,0,0,0,0,rest_envelope,0.057374250943599492,2990,0,2,63,272.72100000000006,1193.1805999999999,contact-islands-safety-and-shape,terminal-1s-shape-0.10-edge
2026-10-05_0800_ddr5-4800_threads-1-2-3-4-5-6-8-10-12-14-16-24_r5,unity_physics,24,0,1,1,evaluated,0.10000000000000001,0,0,0,0,2,300,0,0,0,0,0.016666666666666666,0,0,0,0,0,upward_excursion,0.030089855194091797,777,0,1,16,272.72100000000006,1193.1805999999999,contact-islands-safety-and-shape,terminal-1s-shape-0.10-edge
2026-10-05_0800_ddr5-4800_threads-1-2-3-4-5-6-8-10-12-14-16-24_r5,unity_physics,24,0,1,1,evaluated,0.10000000000000001,0,0,0,0,2,300,0,0,0,0,0.016666666666666666,0,0,0,0,0,terminal_stack_shape_excess,0.056092919788531259,2990,0,2,284,272.72100000000006,1193.1805999999999,contact-islands-safety-and-shape,terminal-1s-shape-0.10-edge
2026-10-05_0800_ddr5-4800_threads-1-2-3-4-5-6-8-10-12-14-16-24_r5,unity_physics,24,1,1,1,evaluated,0.10000000000000001,0,0,0,0,2,300,0,0,0,0,0.016666666666666666,0,0,0,0,0,rest_envelope,0.057374250943599492,2990,0,2,63,271.33529999999985,1193.277,contact-islands-safety-and-shape,terminal-1s-shape-0.10-edge
2026-10-05_0800_ddr5-4800_threads-1-2-3-4-5-6-8-10-12-14-16-24_r5,unity_physics,24,1,1,1,evaluated,0.10000000000000001,0,0,0,0,2,300,0,0,0,0,0.016666666666666666,0,0,0,0,0,upward_excursion,0.030089855194091797,777,0,1,16,271.33529999999985,1193.277,contact-islands-safety-and-shape,terminal-1s-shape-0.10-edge
2026-10-05_0800_ddr5-4800_threads-1-2-3-4-5-6-8-10-12-14-16-24_r5,unity_physics,24,1,1,1,evaluated,0.10000000000000001,0,0,0,0,2,300,0,0,0,0,0.016666666666666666,0,0,0,0,0,terminal_stack_shape_excess,0.056092919788531259,2990,0,2,284,271.33529999999985,1193.277,contact-islands-safety-and-shape,terminal-1s-shape-0.10-edge
2026-10-05_0800_ddr5-4800_threads-1-2-3-4-5-6-8-10-12-14-16-24_r5,unity_physics,24,2,1,1,evaluated,0.10000000000000001,0,0,0,0,2,300,0,0,0,0,0.016666666666666666,0,0,0,0,0,rest_envelope,0.057374250943599492,2990,0,2,63,273.39390000000003,1192.3661999999999,contact-islands-safety-and-shape,terminal-1s-shape-0.10-edge
2026-10-05_0800_ddr5-4800_threads-1-2-3-4-5-6-8-10-12-14-16-24_r5,unity_physics,24,2,1,1,evaluated,0.10000000000000001,0,0,0,0,2,300,0,0,0,0,0.016666666666666666,0,0,0,0,0,upward_excursion,0.030089855194091797,777,0,1,16,273.39390000000003,1192.3661999999999,contact-islands-safety-and-shape,terminal-1s-shape-0.10-edge
2026-10-05_0800_ddr5-4800_threads-1-2-3-4-5-6-8-10-12-14-16-24_r5,unity_physics,24,2,1,1,evaluated,0.10000000000000001,0,0,0,0,2,300,0,0,0,0,0.016666666666666666,0,0,0,0,0,terminal_stack_shape_excess,0.056092919788531259,2990,0,2,284,273.39390000000003,1192.3661999999999,contact-islands-safety-and-shape,terminal-1s-shape-0.10-edge
2026-10-05_0800_ddr5-4800_threads-1-2-3-4-5-6-8-10-12-14-16-24_r5,unity_physics,24,3,1,1,evaluated,0.10000000000000001,0,0,0,0,2,300,0,0,0,0,0.016666666666666666,0,0,0,0,0,rest_envelope,0.057374250943599492,2990,0,2,63,273.20550000000003,1191.9875,contact-islands-safety-and-shape,terminal-1s-shape-0.10-edge
2026-10-05_0800_ddr5-4800_threads-1-2-3-4-5-6-8-10-12-14-16-24_r5,unity_physics,24,3,1,1,evaluated,0.10000000000000001,0,0,0,0,2,300,0,0,0,0,0.016666666666666666,0,0,0,0,0,upward_excursion,0.030089855194091797,777,0,1,16,273.20550000000003,1191.9875,contact-islands-safety-and-shape,terminal-1s-shape-0.10-edge
2026-10-05_0800_ddr5-4800_threads-1-2-3-4-5-6-8-10-12-14-16-24_r5,unity_physics,24,3,1,1,evaluated,0.10000000000000001,0,0,0,0,2,300,0,0,0,0,0.016666666666666666,0,0,0,0,0,terminal_stack_shape_excess,0.056092919788531259,2990,0,2,284,273.20550000000003,1191.9875,contact-islands-safety-and-shape,terminal-1s-shape-0.10-edge
2026-10-05_0800_ddr5-4800_threads-1-2-3-4-5-6-8-10-12-14-16-24_r5,unity_physics,24,4,1,1,evaluated,0.10000000000000001,0,0,0,0,2,300,0,0,0,0,0.016666666666666666,0,0,0,0,0,rest_envelope,0.057374250943599492,2990,0,2,63,272.99170000000015,1193.4111,contact-islands-safety-and-shape,terminal-1s-shape-0.10-edge
2026-10-05_0800_ddr5-4800_threads-1-2-3-4-5-6-8-10-12-14-16-24_r5,unity_physics,24,4,1,1,evaluated,0.10000000000000001,0,0,0,0,2,300,0,0,0,0,0.016666666666666666,0,0,0,0,0,upward_excursion,0.030089855194091797,777,0,1,16,272.99170000000015,1193.4111,contact-islands-safety-and-shape,terminal-1s-shape-0.10-edge
2026-10-05_0800_ddr5-4800_threads-1-2-3-4-5-6-8-10-12-14-16-24_r5,unity_physics,24,4,1,1,evaluated,0.10000000000000001,0,0,0,0,2,300,0,0,0,0,0.016666666666666666,0,0,0,0,0,terminal_stack_shape_excess,0.056092919788531259,2990,0,2,284,272.99170000000015,1193.4111,contact-islands-safety-and-shape,terminal-1s-shape-0.10-edge
2026-10-05_0800_ddr5-4800_threads-1-2-3-4-5-6-8-10-12-14-16-24_r5,physx34,1,0,1,1,evaluated,0.10000000000000001,0,0,0,0,2,300,0,0,0,0,0.016666666666666666,0,0,0,0,0,rest_envelope,0.053851095438751884,595,0,2,31,117.11170000000003,1191.6968999999999,contact-islands-safety-and-shape,terminal-1s-shape-0.10-edge
2026-10-05_0800_ddr5-4800_threads-1-2-3-4-5-6-8-10-12-14-16-24_r5,physx34,1,0,1,1,evaluated,0.10000000000000001,0,0,0,0,2,300,0,0,0,0,0.016666666666666666,0,0,0,0,0,upward_excursion,0.0084319114685058594,2179,0,1,15,117.11170000000003,1191.6968999999999,contact-islands-safety-and-shape,terminal-1s-shape-0.10-edge
2026-10-05_0800_ddr5-4800_threads-1-2-3-4-5-6-8-10-12-14-16-24_r5,physx34,1,0,1,1,evaluated,0.10000000000000001,0,0,0,0,2,300,0,0,0,0,0.016666666666666666,0,0,0,0,0,terminal_stack_shape_excess,0.039974715642877356,595,0,2,300,117.11170000000003,1191.6968999999999,contact-islands-safety-and-shape,terminal-1s-shape-0.10-edge
2026-10-05_0800_ddr5-4800_threads-1-2-3-4-5-6-8-10-12-14-16-24_r5,physx34,1,1,1,1,evaluated,0.10000000000000001,0,0,0,0,2,300,0,0,0,0,0.016666666666666666,0,0,0,0,0,rest_envelope,0.053851095438751884,595,0,2,31,113.87929999999993,1192.0799999999999,contact-islands-safety-and-shape,terminal-1s-shape-0.10-edge
2026-10-05_0800_ddr5-4800_threads-1-2-3-4-5-6-8-10-12-14-16-24_r5,physx34,1,1,1,1,evaluated,0.10000000000000001,0,0,0,0,2,300,0,0,0,0,0.016666666666666666,0,0,0,0,0,upward_excursion,0.0084319114685058594,2179,0,1,15,113.87929999999993,1192.0799999999999,contact-islands-safety-and-shape,terminal-1s-shape-0.10-edge
2026-10-05_0800_ddr5-4800_threads-1-2-3-4-5-6-8-10-12-14-16-24_r5,physx34,1,1,1,1,evaluated,0.10000000000000001,0,0,0,0,2,300,0,0,0,0,0.016666666666666666,0,0,0,0,0,terminal_stack_shape_excess,0.039974715642877356,595,0,2,300,113.87929999999993,1192.0799999999999,contact-islands-safety-and-shape,terminal-1s-shape-0.10-edge
2026-10-05_0800_ddr5-4800_threads-1-2-3-4-5-6-8-10-12-14-16-24_r5,physx34,1,2,1,1,evaluated,0.10000000000000001,0,0,0,0,2,300,0,0,0,0,0.016666666666666666,0,0,0,0,0,rest_envelope,0.053851095438751884,595,0,2,31,107.27300000000005,1190.9545000000001,contact-islands-safety-and-shape,terminal-1s-shape-0.10-edge
2026-10-05_0800_ddr5-4800_threads-1-2-3-4-5-6-8-10-12-14-16-24_r5,physx34,1,2,1,1,evaluated,0.10000000000000001,0,0,0,0,2,300,0,0,0,0,0.016666666666666666,0,0,0,0,0,upward_excursion,0.0084319114685058594,2179,0,1,15,107.27300000000005,1190.9545000000001,contact-islands-safety-and-shape,terminal-1s-shape-0.10-edge
2026-10-05_0800_ddr5-4800_threads-1-2-3-4-5-6-8-10-12-14-16-24_r5,physx34,1,2,1,1,evaluated,0.10000000000000001,0,0,0,0,2,300,0,0,0,0,0.016666666666666666,0,0,0,0,0,terminal_stack_shape_excess,0.039974715642877356,595,0,2,300,107.27300000000005,1190.9545000000001,contact-islands-safety-and-shape,terminal-1s-shape-0.10-edge
2026-10-05_0800_ddr5-4800_threads-1-2-3-4-5-6-8-10-12-14-16-24_r5,physx34,1,3,1,1,evaluated,0.10000000000000001,0,0,0,0,2,300,0,0,0,0,0.016666666666666666,0,0,0,0,0,rest_envelope,0.053851095438751884,595,0,2,31,108.7025,1190.9623999999999,contact-islands-safety-and-shape,terminal-1s-shape-0.10-edge
2026-10-05_0800_ddr5-4800_threads-1-2-3-4-5-6-8-10-12-14-16-24_r5,physx34,1,3,1,1,evaluated,0.10000000000000001,0,0,0,0,2,300,0,0,0,0,0.016666666666666666,0,0,0,0,0,upward_excursion,0.0084319114685058594,2179,0,1,15,108.7025,1190.9623999999999,contact-islands-safety-and-shape,terminal-1s-shape-0.10-edge
2026-10-05_0800_ddr5-4800_threads-1-2-3-4-5-6-8-10-12-14-16-24_r5,physx34,1,3,1,1,evaluated,0.10000000000000001,0,0,0,0,2,300,0,0,0,0,0.016666666666666666,0,0,0,0,0,terminal_stack_shape_excess,0.039974715642877356,595,0,2,300,108.7025,1190.9623999999999,contact-islands-safety-and-shape,terminal-1s-shape-0.10-edge
2026-10-05_0800_ddr5-4800_threads-1-2-3-4-5-6-8-10-12-14-16-24_r5,physx34,1,4,1,1,evaluated,0.10000000000000001,0,0,0,0,2,300,0,0,0,0,0.016666666666666666,0,0,0,0,0,rest_envelope,0.053851095438751884,595,0,2,31,113.81200000000013,1192.4779000000001,contact-islands-safety-and-shape,terminal-1s-shape-0.10-edge
2026-10-05_0800_ddr5-4800_threads-1-2-3-4-5-6-8-10-12-14-16-24_r5,physx34,1,4,1,1,evaluated,0.10000000000000001,0,0,0,0,2,300,0,0,0,0,0.016666666666666666,0,0,0,0,0,upward_excursion,0.0084319114685058594,2179,0,1,15,113.81200000000013,1192.4779000000001,contact-islands-safety-and-shape,terminal-1s-shape-0.10-edge
2026-10-05_0800_ddr5-4800_threads-1-2-3-4-5-6-8-10-12-14-16-24_r5,physx34,1,4,1,1,evaluated,0.10000000000000001,0,0,0,0,2,300,0,0,0,0,0.016666666666666666,0,0,0,0,0,terminal_stack_shape_excess,0.039974715642877356,595,0,2,300,113.81200000000013,1192.4779000000001,contact-islands-safety-and-shape,terminal-1s-shape-0.10-edge
2026-10-05_0800_ddr5-4800_threads-1-2-3-4-5-6-8-10-12-14-16-24_r5,physx34,2,0,1,1,evaluated,0.10000000000000001,0,0,0,0,2,300,0,0,0,0,0.016666666666666666,0,0,0,0,0,rest_envelope,0.053851095438751884,595,0,2,31,107.67559999999999,1191.9598000000001,contact-islands-safety-and-shape,terminal-1s-shape-0.10-edge
2026-10-05_0800_ddr5-4800_threads-1-2-3-4-5-6-8-10-12-14-16-24_r5,physx34,2,0,1,1,evaluated,0.10000000000000001,0,0,0,0,2,300,0,0,0,0,0.016666666666666666,0,0,0,0,0,upward_excursion,0.0084319114685058594,2179,0,1,15,107.67559999999999,1191.9598000000001,contact-islands-safety-and-shape,terminal-1s-shape-0.10-edge
2026-10-05_0800_ddr5-4800_threads-1-2-3-4-5-6-8-10-12-14-16-24_r5,physx34,2,0,1,1,evaluated,0.10000000000000001,0,0,0,0,2,300,0,0,0,0,0.016666666666666666,0,0,0,0,0,terminal_stack_shape_excess,0.039991336053113002,595,0,2,300,107.67559999999999,1191.9598000000001,contact-islands-safety-and-shape,terminal-1s-shape-0.10-edge
2026-10-05_0800_ddr5-4800_threads-1-2-3-4-5-6-8-10-12-14-16-24_r5,physx34,2,1,1,1,evaluated,0.10000000000000001,0,0,0,0,2,300,0,0,0,0,0.016666666666666666,0,0,0,0,0,rest_envelope,0.053851095438751884,595,0,2,31,105.61159999999995,1191.3814,contact-islands-safety-and-shape,terminal-1s-shape-0.10-edge
2026-10-05_0800_ddr5-4800_threads-1-2-3-4-5-6-8-10-12-14-16-24_r5,physx34,2,1,1,1,evaluated,0.10000000000000001,0,0,0,0,2,300,0,0,0,0,0.016666666666666666,0,0,0,0,0,upward_excursion,0.0084319114685058594,2179,0,1,15,105.61159999999995,1191.3814,contact-islands-safety-and-shape,terminal-1s-shape-0.10-edge
2026-10-05_0800_ddr5-4800_threads-1-2-3-4-5-6-8-10-12-14-16-24_r5,physx34,2,1,1,1,evaluated,0.10000000000000001,0,0,0,0,2,300,0,0,0,0,0.016666666666666666,0,0,0,0,0,terminal_stack_shape_excess,0.039991336053113002,595,0,2,300,105.61159999999995,1191.3814,contact-islands-safety-and-shape,terminal-1s-shape-0.10-edge
2026-10-05_0800_ddr5-4800_threads-1-2-3-4-5-6-8-10-12-14-16-24_r5,physx34,2,2,1,1,evaluated,0.10000000000000001,0,0,0,0,2,300,0,0,0,0,0.016666666666666666,0,0,0,0,0,rest_envelope,0.053851095438751884,595,0,2,31,107.44040000000005,1192.6198999999999,contact-islands-safety-and-shape,terminal-1s-shape-0.10-edge
2026-10-05_0800_ddr5-4800_threads-1-2-3-4-5-6-8-10-12-14-16-24_r5,physx34,2,2,1,1,evaluated,0.10000000000000001,0,0,0,0,2,300,0,0,0,0,0.016666666666666666,0,0,0,0,0,upward_excursion,0.0084319114685058594,2179,0,1,15,107.44040000000005,1192.6198999999999,contact-islands-safety-and-shape,terminal-1s-shape-0.10-edge
2026-10-05_0800_ddr5-4800_threads-1-2-3-4-5-6-8-10-12-14-16-24_r5,physx34,2,2,1,1,evaluated,0.10000000000000001,0,0,0,0,2,300,0,0,0,0,0.016666666666666666,0,0,0,0,0,terminal_stack_shape_excess,0.039991336053113002,595,0,2,300,107.44040000000005,1192.6198999999999,contact-islands-safety-and-shape,terminal-1s-shape-0.10-edge
2026-10-05_0800_ddr5-4800_threads-1-2-3-4-5-6-8-10-12-14-16-24_r5,physx34,2,3,1,1,evaluated,0.10000000000000001,0,0,0,0,2,300,0,0,0,0,0.016666666666666666,0,0,0,0,0,rest_envelope,0.053851095438751884,595,0,2,31,100.06680000000009,1190.5840000000001,contact-islands-safety-and-shape,terminal-1s-shape-0.10-edge
2026-10-05_0800_ddr5-4800_threads-1-2-3-4-5-6-8-10-12-14-16-24_r5,physx34,2,3,1,1,evaluated,0.10000000000000001,0,0,0,0,2,300,0,0,0,0,0.016666666666666666,0,0,0,0,0,upward_excursion,0.0084319114685058594,2179,0,1,15,100.06680000000009,1190.5840000000001,contact-islands-safety-and-shape,terminal-1s-shape-0.10-edge
2026-10-05_0800_ddr5-4800_threads-1-2-3-4-5-6-8-10-12-14-16-24_r5,physx34,2,3,1,1,evaluated,0.10000000000000001,0,0,0,0,2,300,0,0,0,0,0.016666666666666666,0,0,0,0,0,terminal_stack_shape_excess,0.039991336053113002,595,0,2,300,100.06680000000009,1190.5840000000001,contact-islands-safety-and-shape,terminal-1s-shape-0.10-edge
2026-10-05_0800_ddr5-4800_threads-1-2-3-4-5-6-8-10-12-14-16-24_r5,physx34,2,4,1,1,evaluated,0.10000000000000001,0,0,0,0,2,300,0,0,0,0,0.016666666666666666,0,0,0,0,0,rest_envelope,0.053851095438751884,595,0,2,31,101.95899999999999,1191.307,contact-islands-safety-and-shape,terminal-1s-shape-0.10-edge
2026-10-05_0800_ddr5-4800_threads-1-2-3-4-5-6-8-10-12-14-16-24_r5,physx34,2,4,1,1,evaluated,0.10000000000000001,0,0,0,0,2,300,0,0,0,0,0.016666666666666666,0,0,0,0,0,upward_excursion,0.0084319114685058594,2179,0,1,15,101.95899999999999,1191.307,contact-islands-safety-and-shape,terminal-1s-shape-0.10-edge
2026-10-05_0800_ddr5-4800_threads-1-2-3-4-5-6-8-10-12-14-16-24_r5,physx34,2,4,1,1,evaluated,0.10000000000000001,0,0,0,0,2,300,0,0,0,0,0.016666666666666666,0,0,0,0,0,terminal_stack_shape_excess,0.039991336053113002,595,0,2,300,101.95899999999999,1191.307,contact-islands-safety-and-shape,terminal-1s-shape-0.10-edge
2026-10-05_0800_ddr5-4800_threads-1-2-3-4-5-6-8-10-12-14-16-24_r5,physx34,3,0,1,1,evaluated,0.10000000000000001,0,0,0,0,2,300,0,0,0,0,0.016666666666666666,0,0,0,0,0,rest_envelope,0.053851095438751884,595,0,2,31,108.71540000000009,1192.4974999999999,contact-islands-safety-and-shape,terminal-1s-shape-0.10-edge
2026-10-05_0800_ddr5-4800_threads-1-2-3-4-5-6-8-10-12-14-16-24_r5,physx34,3,0,1,1,evaluated,0.10000000000000001,0,0,0,0,2,300,0,0,0,0,0.016666666666666666,0,0,0,0,0,upward_excursion,0.0084319114685058594,2179,0,1,15,108.71540000000009,1192.4974999999999,contact-islands-safety-and-shape,terminal-1s-shape-0.10-edge
2026-10-05_0800_ddr5-4800_threads-1-2-3-4-5-6-8-10-12-14-16-24_r5,physx34,3,0,1,1,evaluated,0.10000000000000001,0,0,0,0,2,300,0,0,0,0,0.016666666666666666,0,0,0,0,0,terminal_stack_shape_excess,0.039991336053113002,595,0,2,300,108.71540000000009,1192.4974999999999,contact-islands-safety-and-shape,terminal-1s-shape-0.10-edge
2026-10-05_0800_ddr5-4800_threads-1-2-3-4-5-6-8-10-12-14-16-24_r5,physx34,3,1,1,1,evaluated,0.10000000000000001,0,0,0,0,2,300,0,0,0,0,0.016666666666666666,0,0,0,0,0,rest_envelope,0.053851095438751884,595,0,2,31,108.19519999999999,1192.8312000000001,contact-islands-safety-and-shape,terminal-1s-shape-0.10-edge
2026-10-05_0800_ddr5-4800_threads-1-2-3-4-5-6-8-10-12-14-16-24_r5,physx34,3,1,1,1,evaluated,0.10000000000000001,0,0,0,0,2,300,0,0,0,0,0.016666666666666666,0,0,0,0,0,upward_excursion,0.0084319114685058594,2179,0,1,15,108.19519999999999,1192.8312000000001,contact-islands-safety-and-shape,terminal-1s-shape-0.10-edge
2026-10-05_0800_ddr5-4800_threads-1-2-3-4-5-6-8-10-12-14-16-24_r5,physx34,3,1,1,1,evaluated,0.10000000000000001,0,0,0,0,2,300,0,0,0,0,0.016666666666666666,0,0,0,0,0,terminal_stack_shape_excess,0.039991336053113002,595,0,2,300,108.19519999999999,1192.8312000000001,contact-islands-safety-and-shape,terminal-1s-shape-0.10-edge
2026-10-05_0800_ddr5-4800_threads-1-2-3-4-5-6-8-10-12-14-16-24_r5,physx34,3,2,1,1,evaluated,0.10000000000000001,0,0,0,0,2,300,0,0,0,0,0.016666666666666666,0,0,0,0,0,rest_envelope,0.053851095438751884,595,0,2,31,114.60090000000002,1192.7901999999999,contact-islands-safety-and-shape,terminal-1s-shape-0.10-edge
2026-10-05_0800_ddr5-4800_threads-1-2-3-4-5-6-8-10-12-14-16-24_r5,physx34,3,2,1,1,evaluated,0.10000000000000001,0,0,0,0,2,300,0,0,0,0,0.016666666666666666,0,0,0,0,0,upward_excursion,0.0084319114685058594,2179,0,1,15,114.60090000000002,1192.7901999999999,contact-islands-safety-and-shape,terminal-1s-shape-0.10-edge
2026-10-05_0800_ddr5-4800_threads-1-2-3-4-5-6-8-10-12-14-16-24_r5,physx34,3,2,1,1,evaluated,0.10000000000000001,0,0,0,0,2,300,0,0,0,0,0.016666666666666666,0,0,0,0,0,terminal_stack_shape_excess,0.039991336053113002,595,0,2,300,114.60090000000002,1192.7901999999999,contact-islands-safety-and-shape,terminal-1s-shape-0.10-edge
2026-10-05_0800_ddr5-4800_threads-1-2-3-4-5-6-8-10-12-14-16-24_r5,physx34,3,3,1,1,evaluated,0.10000000000000001,0,0,0,0,2,300,0,0,0,0,0.016666666666666666,0,0,0,0,0,rest_envelope,0.053851095438751884,595,0,2,31,114.05560000000007,1191.8391999999999,contact-islands-safety-and-shape,terminal-1s-shape-0.10-edge
2026-10-05_0800_ddr5-4800_threads-1-2-3-4-5-6-8-10-12-14-16-24_r5,physx34,3,3,1,1,evaluated,0.10000000000000001,0,0,0,0,2,300,0,0,0,0,0.016666666666666666,0,0,0,0,0,upward_excursion,0.0084319114685058594,2179,0,1,15,114.05560000000007,1191.8391999999999,contact-islands-safety-and-shape,terminal-1s-shape-0.10-edge
2026-10-05_0800_ddr5-4800_threads-1-2-3-4-5-6-8-10-12-14-16-24_r5,physx34,3,3,1,1,evaluated,0.10000000000000001,0,0,0,0,2,300,0,0,0,0,0.016666666666666666,0,0,0,0,0,terminal_stack_shape_excess,0.039991336053113002,595,0,2,300,114.05560000000007,1191.8391999999999,contact-islands-safety-and-shape,terminal-1s-shape-0.10-edge
2026-10-05_0800_ddr5-4800_threads-1-2-3-4-5-6-8-10-12-14-16-24_r5,physx34,3,4,1,1,evaluated,0.10000000000000001,0,0,0,0,2,300,0,0,0,0,0.016666666666666666,0,0,0,0,0,rest_envelope,0.053851095438751884,595,0,2,31,119.58799999999994,1192.7357999999999,contact-islands-safety-and-shape,terminal-1s-shape-0.10-edge
2026-10-05_0800_ddr5-4800_threads-1-2-3-4-5-6-8-10-12-14-16-24_r5,physx34,3,4,1,1,evaluated,0.10000000000000001,0,0,0,0,2,300,0,0,0,0,0.016666666666666666,0,0,0,0,0,upward_excursion,0.0084319114685058594,2179,0,1,15,119.58799999999994,1192.7357999999999,contact-islands-safety-and-shape,terminal-1s-shape-0.10-edge
2026-10-05_0800_ddr5-4800_threads-1-2-3-4-5-6-8-10-12-14-16-24_r5,physx34,3,4,1,1,evaluated,0.10000000000000001,0,0,0,0,2,300,0,0,0,0,0.016666666666666666,0,0,0,0,0,terminal_stack_shape_excess,0.039991336053113002,595,0,2,300,119.58799999999994,1192.7357999999999,contact-islands-safety-and-shape,terminal-1s-shape-0.10-edge
2026-10-05_0800_ddr5-4800_threads-1-2-3-4-5-6-8-10-12-14-16-24_r5,physx34,4,0,1,1,evaluated,0.10000000000000001,0,0,0,0,2,300,0,0,0,0,0.016666666666666666,0,0,0,0,0,rest_envelope,0.053851095438751884,595,0,2,31,115.52550000000008,1191.7716,contact-islands-safety-and-shape,terminal-1s-shape-0.10-edge
2026-10-05_0800_ddr5-4800_threads-1-2-3-4-5-6-8-10-12-14-16-24_r5,physx34,4,0,1,1,evaluated,0.10000000000000001,0,0,0,0,2,300,0,0,0,0,0.016666666666666666,0,0,0,0,0,upward_excursion,0.0084319114685058594,2179,0,1,15,115.52550000000008,1191.7716,contact-islands-safety-and-shape,terminal-1s-shape-0.10-edge
2026-10-05_0800_ddr5-4800_threads-1-2-3-4-5-6-8-10-12-14-16-24_r5,physx34,4,0,1,1,evaluated,0.10000000000000001,0,0,0,0,2,300,0,0,0,0,0.016666666666666666,0,0,0,0,0,terminal_stack_shape_excess,0.039991336053113002,595,0,2,300,115.52550000000008,1191.7716,contact-islands-safety-and-shape,terminal-1s-shape-0.10-edge
2026-10-05_0800_ddr5-4800_threads-1-2-3-4-5-6-8-10-12-14-16-24_r5,physx34,4,1,1,1,evaluated,0.10000000000000001,0,0,0,0,2,300,0,0,0,0,0.016666666666666666,0,0,0,0,0,rest_envelope,0.053851095438751884,595,0,2,31,121.51299999999996,1200.6865,contact-islands-safety-and-shape,terminal-1s-shape-0.10-edge
2026-10-05_0800_ddr5-4800_threads-1-2-3-4-5-6-8-10-12-14-16-24_r5,physx34,4,1,1,1,evaluated,0.10000000000000001,0,0,0,0,2,300,0,0,0,0,0.016666666666666666,0,0,0,0,0,upward_excursion,0.0084319114685058594,2179,0,1,15,121.51299999999996,1200.6865,contact-islands-safety-and-shape,terminal-1s-shape-0.10-edge
2026-10-05_0800_ddr5-4800_threads-1-2-3-4-5-6-8-10-12-14-16-24_r5,physx34,4,1,1,1,evaluated,0.10000000000000001,0,0,0,0,2,300,0,0,0,0,0.016666666666666666,0,0,0,0,0,terminal_stack_shape_excess,0.039991336053113002,595,0,2,300,121.51299999999996,1200.6865,contact-islands-safety-and-shape,terminal-1s-shape-0.10-edge
2026-10-05_0800_ddr5-4800_threads-1-2-3-4-5-6-8-10-12-14-16-24_r5,physx34,4,2,1,1,evaluated,0.10000000000000001,0,0,0,0,2,300,0,0,0,0,0.016666666666666666,0,0,0,0,0,rest_envelope,0.053851095438751884,595,0,2,31,111.94159999999991,1192.3639000000001,contact-islands-safety-and-shape,terminal-1s-shape-0.10-edge
2026-10-05_0800_ddr5-4800_threads-1-2-3-4-5-6-8-10-12-14-16-24_r5,physx34,4,2,1,1,evaluated,0.10000000000000001,0,0,0,0,2,300,0,0,0,0,0.016666666666666666,0,0,0,0,0,upward_excursion,0.0084319114685058594,2179,0,1,15,111.94159999999991,1192.3639000000001,contact-islands-safety-and-shape,terminal-1s-shape-0.10-edge
2026-10-05_0800_ddr5-4800_threads-1-2-3-4-5-6-8-10-12-14-16-24_r5,physx34,4,2,1,1,evaluated,0.10000000000000001,0,0,0,0,2,300,0,0,0,0,0.016666666666666666,0,0,0,0,0,terminal_stack_shape_excess,0.039991336053113002,595,0,2,300,111.94159999999991,1192.3639000000001,contact-islands-safety-and-shape,terminal-1s-shape-0.10-edge
2026-10-05_0800_ddr5-4800_threads-1-2-3-4-5-6-8-10-12-14-16-24_r5,physx34,4,3,1,1,evaluated,0.10000000000000001,0,0,0,0,2,300,0,0,0,0,0.016666666666666666,0,0,0,0,0,rest_envelope,0.053851095438751884,595,0,2,31,109.89079999999994,1190.8416,contact-islands-safety-and-shape,terminal-1s-shape-0.10-edge
2026-10-05_0800_ddr5-4800_threads-1-2-3-4-5-6-8-10-12-14-16-24_r5,physx34,4,3,1,1,evaluated,0.10000000000000001,0,0,0,0,2,300,0,0,0,0,0.016666666666666666,0,0,0,0,0,upward_excursion,0.0084319114685058594,2179,0,1,15,109.89079999999994,1190.8416,contact-islands-safety-and-shape,terminal-1s-shape-0.10-edge
2026-10-05_0800_ddr5-4800_threads-1-2-3-4-5-6-8-10-12-14-16-24_r5,physx34,4,3,1,1,evaluated,0.10000000000000001,0,0,0,0,2,300,0,0,0,0,0.016666666666666666,0,0,0,0,0,terminal_stack_shape_excess,0.039991336053113002,595,0,2,300,109.89079999999994,1190.8416,contact-islands-safety-and-shape,terminal-1s-shape-0.10-edge
2026-10-05_0800_ddr5-4800_threads-1-2-3-4-5-6-8-10-12-14-16-24_r5,physx34,4,4,1,1,evaluated,0.10000000000000001,0,0,0,0,2,300,0,0,0,0,0.016666666666666666,0,0,0,0,0,rest_envelope,0.053851095438751884,595,0,2,31,113.63079999999998,1190.9218000000001,contact-islands-safety-and-shape,terminal-1s-shape-0.10-edge
2026-10-05_0800_ddr5-4800_threads-1-2-3-4-5-6-8-10-12-14-16-24_r5,physx34,4,4,1,1,evaluated,0.10000000000000001,0,0,0,0,2,300,0,0,0,0,0.016666666666666666,0,0,0,0,0,upward_excursion,0.0084319114685058594,2179,0,1,15,113.63079999999998,1190.9218000000001,contact-islands-safety-and-shape,terminal-1s-shape-0.10-edge
2026-10-05_0800_ddr5-4800_threads-1-2-3-4-5-6-8-10-12-14-16-24_r5,physx34,4,4,1,1,evaluated,0.10000000000000001,0,0,0,0,2,300,0,0,0,0,0.016666666666666666,0,0,0,0,0,terminal_stack_shape_excess,0.039991336053113002,595,0,2,300,113.63079999999998,1190.9218000000001,contact-islands-safety-and-shape,terminal-1s-shape-0.10-edge
2026-10-05_0800_ddr5-4800_threads-1-2-3-4-5-6-8-10-12-14-16-24_r5,physx34,5,0,1,1,evaluated,0.10000000000000001,0,0,0,0,2,300,0,0,0,0,0.016666666666666666,0,0,0,0,0,rest_envelope,0.053851095438751884,595,0,2,31,108.57849999999999,1192.0672,contact-islands-safety-and-shape,terminal-1s-shape-0.10-edge
2026-10-05_0800_ddr5-4800_threads-1-2-3-4-5-6-8-10-12-14-16-24_r5,physx34,5,0,1,1,evaluated,0.10000000000000001,0,0,0,0,2,300,0,0,0,0,0.016666666666666666,0,0,0,0,0,upward_excursion,0.0084319114685058594,2179,0,1,15,108.57849999999999,1192.0672,contact-islands-safety-and-shape,terminal-1s-shape-0.10-edge
2026-10-05_0800_ddr5-4800_threads-1-2-3-4-5-6-8-10-12-14-16-24_r5,physx34,5,0,1,1,evaluated,0.10000000000000001,0,0,0,0,2,300,0,0,0,0,0.016666666666666666,0,0,0,0,0,terminal_stack_shape_excess,0.039991336053113002,595,0,2,300,108.57849999999999,1192.0672,contact-islands-safety-and-shape,terminal-1s-shape-0.10-edge
2026-10-05_0800_ddr5-4800_threads-1-2-3-4-5-6-8-10-12-14-16-24_r5,physx34,5,1,1,1,evaluated,0.10000000000000001,0,0,0,0,2,300,0,0,0,0,0.016666666666666666,0,0,0,0,0,rest_envelope,0.053851095438751884,595,0,2,31,117.05649999999993,1191.6837,contact-islands-safety-and-shape,terminal-1s-shape-0.10-edge
2026-10-05_0800_ddr5-4800_threads-1-2-3-4-5-6-8-10-12-14-16-24_r5,physx34,5,1,1,1,evaluated,0.10000000000000001,0,0,0,0,2,300,0,0,0,0,0.016666666666666666,0,0,0,0,0,upward_excursion,0.0084319114685058594,2179,0,1,15,117.05649999999993,1191.6837,contact-islands-safety-and-shape,terminal-1s-shape-0.10-edge
2026-10-05_0800_ddr5-4800_threads-1-2-3-4-5-6-8-10-12-14-16-24_r5,physx34,5,1,1,1,evaluated,0.10000000000000001,0,0,0,0,2,300,0,0,0,0,0.016666666666666666,0,0,0,0,0,terminal_stack_shape_excess,0.039991336053113002,595,0,2,300,117.05649999999993,1191.6837,contact-islands-safety-and-shape,terminal-1s-shape-0.10-edge
2026-10-05_0800_ddr5-4800_threads-1-2-3-4-5-6-8-10-12-14-16-24_r5,physx34,5,2,1,1,evaluated,0.10000000000000001,0,0,0,0,2,300,0,0,0,0,0.016666666666666666,0,0,0,0,0,rest_envelope,0.053851095438751884,595,0,2,31,104.92000000000006,1191.269,contact-islands-safety-and-shape,terminal-1s-shape-0.10-edge
2026-10-05_0800_ddr5-4800_threads-1-2-3-4-5-6-8-10-12-14-16-24_r5,physx34,5,2,1,1,evaluated,0.10000000000000001,0,0,0,0,2,300,0,0,0,0,0.016666666666666666,0,0,0,0,0,upward_excursion,0.0084319114685058594,2179,0,1,15,104.92000000000006,1191.269,contact-islands-safety-and-shape,terminal-1s-shape-0.10-edge
2026-10-05_0800_ddr5-4800_threads-1-2-3-4-5-6-8-10-12-14-16-24_r5,physx34,5,2,1,1,evaluated,0.10000000000000001,0,0,0,0,2,300,0,0,0,0,0.016666666666666666,0,0,0,0,0,terminal_stack_shape_excess,0.039991336053113002,595,0,2,300,104.92000000000006,1191.269,contact-islands-safety-and-shape,terminal-1s-shape-0.10-edge
2026-10-05_0800_ddr5-4800_threads-1-2-3-4-5-6-8-10-12-14-16-24_r5,physx34,5,3,1,1,evaluated,0.10000000000000001,0,0,0,0,2,300,0,0,0,0,0.016666666666666666,0,0,0,0,0,rest_envelope,0.053851095438751884,595,0,2,31,107.26839999999997,1193.6969999999999,contact-islands-safety-and-shape,terminal-1s-shape-0.10-edge
2026-10-05_0800_ddr5-4800_threads-1-2-3-4-5-6-8-10-12-14-16-24_r5,physx34,5,3,1,1,evaluated,0.10000000000000001,0,0,0,0,2,300,0,0,0,0,0.016666666666666666,0,0,0,0,0,upward_excursion,0.0084319114685058594,2179,0,1,15,107.26839999999997,1193.6969999999999,contact-islands-safety-and-shape,terminal-1s-shape-0.10-edge
2026-10-05_0800_ddr5-4800_threads-1-2-3-4-5-6-8-10-12-14-16-24_r5,physx34,5,3,1,1,evaluated,0.10000000000000001,0,0,0,0,2,300,0,0,0,0,0.016666666666666666,0,0,0,0,0,terminal_stack_shape_excess,0.039991336053113002,595,0,2,300,107.26839999999997,1193.6969999999999,contact-islands-safety-and-shape,terminal-1s-shape-0.10-edge
2026-10-05_0800_ddr5-4800_threads-1-2-3-4-5-6-8-10-12-14-16-24_r5,physx34,5,4,1,1,evaluated,0.10000000000000001,0,0,0,0,2,300,0,0,0,0,0.016666666666666666,0,0,0,0,0,rest_envelope,0.053851095438751884,595,0,2,31,106.94569999999999,1193.4459999999999,contact-islands-safety-and-shape,terminal-1s-shape-0.10-edge
2026-10-05_0800_ddr5-4800_threads-1-2-3-4-5-6-8-10-12-14-16-24_r5,physx34,5,4,1,1,evaluated,0.10000000000000001,0,0,0,0,2,300,0,0,0,0,0.016666666666666666,0,0,0,0,0,upward_excursion,0.0084319114685058594,2179,0,1,15,106.94569999999999,1193.4459999999999,contact-islands-safety-and-shape,terminal-1s-shape-0.10-edge
2026-10-05_0800_ddr5-4800_threads-1-2-3-4-5-6-8-10-12-14-16-24_r5,physx34,5,4,1,1,evaluated,0.10000000000000001,0,0,0,0,2,300,0,0,0,0,0.016666666666666666,0,0,0,0,0,terminal_stack_shape_excess,0.039991336053113002,595,0,2,300,106.94569999999999,1193.4459999999999,contact-islands-safety-and-shape,terminal-1s-shape-0.10-edge
2026-10-05_0800_ddr5-4800_threads-1-2-3-4-5-6-8-10-12-14-16-24_r5,physx34,6,0,1,1,evaluated,0.10000000000000001,0,0,0,0,2,300,0,0,0,0,0.016666666666666666,0,0,0,0,0,rest_envelope,0.053851095438751884,595,0,2,31,120.15099999999987,1199.5688,contact-islands-safety-and-shape,terminal-1s-shape-0.10-edge
2026-10-05_0800_ddr5-4800_threads-1-2-3-4-5-6-8-10-12-14-16-24_r5,physx34,6,0,1,1,evaluated,0.10000000000000001,0,0,0,0,2,300,0,0,0,0,0.016666666666666666,0,0,0,0,0,upward_excursion,0.0084319114685058594,2179,0,1,15,120.15099999999987,1199.5688,contact-islands-safety-and-shape,terminal-1s-shape-0.10-edge
2026-10-05_0800_ddr5-4800_threads-1-2-3-4-5-6-8-10-12-14-16-24_r5,physx34,6,0,1,1,evaluated,0.10000000000000001,0,0,0,0,2,300,0,0,0,0,0.016666666666666666,0,0,0,0,0,terminal_stack_shape_excess,0.039991336053113002,595,0,2,300,120.15099999999987,1199.5688,contact-islands-safety-and-shape,terminal-1s-shape-0.10-edge
2026-10-05_0800_ddr5-4800_threads-1-2-3-4-5-6-8-10-12-14-16-24_r5,physx34,6,1,1,1,evaluated,0.10000000000000001,0,0,0,0,2,300,0,0,0,0,0.016666666666666666,0,0,0,0,0,rest_envelope,0.053851095438751884,595,0,2,31,116.48020000000005,1209.221,contact-islands-safety-and-shape,terminal-1s-shape-0.10-edge
2026-10-05_0800_ddr5-4800_threads-1-2-3-4-5-6-8-10-12-14-16-24_r5,physx34,6,1,1,1,evaluated,0.10000000000000001,0,0,0,0,2,300,0,0,0,0,0.016666666666666666,0,0,0,0,0,upward_excursion,0.0084319114685058594,2179,0,1,15,116.48020000000005,1209.221,contact-islands-safety-and-shape,terminal-1s-shape-0.10-edge
2026-10-05_0800_ddr5-4800_threads-1-2-3-4-5-6-8-10-12-14-16-24_r5,physx34,6,1,1,1,evaluated,0.10000000000000001,0,0,0,0,2,300,0,0,0,0,0.016666666666666666,0,0,0,0,0,terminal_stack_shape_excess,0.039991336053113002,595,0,2,300,116.48020000000005,1209.221,contact-islands-safety-and-shape,terminal-1s-shape-0.10-edge
2026-10-05_0800_ddr5-4800_threads-1-2-3-4-5-6-8-10-12-14-16-24_r5,physx34,6,2,1,1,evaluated,0.10000000000000001,0,0,0,0,2,300,0,0,0,0,0.016666666666666666,0,0,0,0,0,rest_envelope,0.053851095438751884,595,0,2,31,113.82909999999998,1198.3973000000001,contact-islands-safety-and-shape,terminal-1s-shape-0.10-edge
2026-10-05_0800_ddr5-4800_threads-1-2-3-4-5-6-8-10-12-14-16-24_r5,physx34,6,2,1,1,evaluated,0.10000000000000001,0,0,0,0,2,300,0,0,0,0,0.016666666666666666,0,0,0,0,0,upward_excursion,0.0084319114685058594,2179,0,1,15,113.82909999999998,1198.3973000000001,contact-islands-safety-and-shape,terminal-1s-shape-0.10-edge
2026-10-05_0800_ddr5-4800_threads-1-2-3-4-5-6-8-10-12-14-16-24_r5,physx34,6,2,1,1,evaluated,0.10000000000000001,0,0,0,0,2,300,0,0,0,0,0.016666666666666666,0,0,0,0,0,terminal_stack_shape_excess,0.039991336053113002,595,0,2,300,113.82909999999998,1198.3973000000001,contact-islands-safety-and-shape,terminal-1s-shape-0.10-edge
2026-10-05_0800_ddr5-4800_threads-1-2-3-4-5-6-8-10-12-14-16-24_r5,physx34,6,3,1,1,evaluated,0.10000000000000001,0,0,0,0,2,300,0,0,0,0,0.016666666666666666,0,0,0,0,0,rest_envelope,0.053851095438751884,595,0,2,31,111.51150000000007,1203.3400999999999,contact-islands-safety-and-shape,terminal-1s-shape-0.10-edge
2026-10-05_0800_ddr5-4800_threads-1-2-3-4-5-6-8-10-12-14-16-24_r5,physx34,6,3,1,1,evaluated,0.10000000000000001,0,0,0,0,2,300,0,0,0,0,0.016666666666666666,0,0,0,0,0,upward_excursion,0.0084319114685058594,2179,0,1,15,111.51150000000007,1203.3400999999999,contact-islands-safety-and-shape,terminal-1s-shape-0.10-edge
2026-10-05_0800_ddr5-4800_threads-1-2-3-4-5-6-8-10-12-14-16-24_r5,physx34,6,3,1,1,evaluated,0.10000000000000001,0,0,0,0,2,300,0,0,0,0,0.016666666666666666,0,0,0,0,0,terminal_stack_shape_excess,0.039991336053113002,595,0,2,300,111.51150000000007,1203.3400999999999,contact-islands-safety-and-shape,terminal-1s-shape-0.10-edge
2026-10-05_0800_ddr5-4800_threads-1-2-3-4-5-6-8-10-12-14-16-24_r5,physx34,6,4,1,1,evaluated,0.10000000000000001,0,0,0,0,2,300,0,0,0,0,0.016666666666666666,0,0,0,0,0,rest_envelope,0.053851095438751884,595,0,2,31,120.58110000000002,1208.3699999999999,contact-islands-safety-and-shape,terminal-1s-shape-0.10-edge
2026-10-05_0800_ddr5-4800_threads-1-2-3-4-5-6-8-10-12-14-16-24_r5,physx34,6,4,1,1,evaluated,0.10000000000000001,0,0,0,0,2,300,0,0,0,0,0.016666666666666666,0,0,0,0,0,upward_excursion,0.0084319114685058594,2179,0,1,15,120.58110000000002,1208.3699999999999,contact-islands-safety-and-shape,terminal-1s-shape-0.10-edge
2026-10-05_0800_ddr5-4800_threads-1-2-3-4-5-6-8-10-12-14-16-24_r5,physx34,6,4,1,1,evaluated,0.10000000000000001,0,0,0,0,2,300,0,0,0,0,0.016666666666666666,0,0,0,0,0,terminal_stack_shape_excess,0.039991336053113002,595,0,2,300,120.58110000000002,1208.3699999999999,contact-islands-safety-and-shape,terminal-1s-shape-0.10-edge
2026-10-05_0800_ddr5-4800_threads-1-2-3-4-5-6-8-10-12-14-16-24_r5,physx34,8,0,1,1,evaluated,0.10000000000000001,0,0,0,0,2,300,0,0,0,0,0.016666666666666666,0,0,0,0,0,rest_envelope,0.053851095438751884,595,0,2,31,113.88359999999993,1192.1357,contact-islands-safety-and-shape,terminal-1s-shape-0.10-edge
2026-10-05_0800_ddr5-4800_threads-1-2-3-4-5-6-8-10-12-14-16-24_r5,physx34,8,0,1,1,evaluated,0.10000000000000001,0,0,0,0,2,300,0,0,0,0,0.016666666666666666,0,0,0,0,0,upward_excursion,0.0084319114685058594,2179,0,1,15,113.88359999999993,1192.1357,contact-islands-safety-and-shape,terminal-1s-shape-0.10-edge
2026-10-05_0800_ddr5-4800_threads-1-2-3-4-5-6-8-10-12-14-16-24_r5,physx34,8,0,1,1,evaluated,0.10000000000000001,0,0,0,0,2,300,0,0,0,0,0.016666666666666666,0,0,0,0,0,terminal_stack_shape_excess,0.039991336053113002,595,0,2,300,113.88359999999993,1192.1357,contact-islands-safety-and-shape,terminal-1s-shape-0.10-edge
2026-10-05_0800_ddr5-4800_threads-1-2-3-4-5-6-8-10-12-14-16-24_r5,physx34,8,1,1,1,evaluated,0.10000000000000001,0,0,0,0,2,300,0,0,0,0,0.016666666666666666,0,0,0,0,0,rest_envelope,0.053851095438751884,595,0,2,31,131.19729999999996,1191.5373999999999,contact-islands-safety-and-shape,terminal-1s-shape-0.10-edge
2026-10-05_0800_ddr5-4800_threads-1-2-3-4-5-6-8-10-12-14-16-24_r5,physx34,8,1,1,1,evaluated,0.10000000000000001,0,0,0,0,2,300,0,0,0,0,0.016666666666666666,0,0,0,0,0,upward_excursion,0.0084319114685058594,2179,0,1,15,131.19729999999996,1191.5373999999999,contact-islands-safety-and-shape,terminal-1s-shape-0.10-edge
2026-10-05_0800_ddr5-4800_threads-1-2-3-4-5-6-8-10-12-14-16-24_r5,physx34,8,1,1,1,evaluated,0.10000000000000001,0,0,0,0,2,300,0,0,0,0,0.016666666666666666,0,0,0,0,0,terminal_stack_shape_excess,0.039991336053113002,595,0,2,300,131.19729999999996,1191.5373999999999,contact-islands-safety-and-shape,terminal-1s-shape-0.10-edge
2026-10-05_0800_ddr5-4800_threads-1-2-3-4-5-6-8-10-12-14-16-24_r5,physx34,8,2,1,1,evaluated,0.10000000000000001,0,0,0,0,2,300,0,0,0,0,0.016666666666666666,0,0,0,0,0,rest_envelope,0.053851095438751884,595,0,2,31,113.55660000000012,1195.7103,contact-islands-safety-and-shape,terminal-1s-shape-0.10-edge
2026-10-05_0800_ddr5-4800_threads-1-2-3-4-5-6-8-10-12-14-16-24_r5,physx34,8,2,1,1,evaluated,0.10000000000000001,0,0,0,0,2,300,0,0,0,0,0.016666666666666666,0,0,0,0,0,upward_excursion,0.0084319114685058594,2179,0,1,15,113.55660000000012,1195.7103,contact-islands-safety-and-shape,terminal-1s-shape-0.10-edge
2026-10-05_0800_ddr5-4800_threads-1-2-3-4-5-6-8-10-12-14-16-24_r5,physx34,8,2,1,1,evaluated,0.10000000000000001,0,0,0,0,2,300,0,0,0,0,0.016666666666666666,0,0,0,0,0,terminal_stack_shape_excess,0.039991336053113002,595,0,2,300,113.55660000000012,1195.7103,contact-islands-safety-and-shape,terminal-1s-shape-0.10-edge
2026-10-05_0800_ddr5-4800_threads-1-2-3-4-5-6-8-10-12-14-16-24_r5,physx34,8,3,1,1,evaluated,0.10000000000000001,0,0,0,0,2,300,0,0,0,0,0.016666666666666666,0,0,0,0,0,rest_envelope,0.053851095438751884,595,0,2,31,120.6818999999999,1192.1179999999999,contact-islands-safety-and-shape,terminal-1s-shape-0.10-edge
2026-10-05_0800_ddr5-4800_threads-1-2-3-4-5-6-8-10-12-14-16-24_r5,physx34,8,3,1,1,evaluated,0.10000000000000001,0,0,0,0,2,300,0,0,0,0,0.016666666666666666,0,0,0,0,0,upward_excursion,0.0084319114685058594,2179,0,1,15,120.6818999999999,1192.1179999999999,contact-islands-safety-and-shape,terminal-1s-shape-0.10-edge
2026-10-05_0800_ddr5-4800_threads-1-2-3-4-5-6-8-10-12-14-16-24_r5,physx34,8,3,1,1,evaluated,0.10000000000000001,0,0,0,0,2,300,0,0,0,0,0.016666666666666666,0,0,0,0,0,terminal_stack_shape_excess,0.039991336053113002,595,0,2,300,120.6818999999999,1192.1179999999999,contact-islands-safety-and-shape,terminal-1s-shape-0.10-edge
2026-10-05_0800_ddr5-4800_threads-1-2-3-4-5-6-8-10-12-14-16-24_r5,physx34,8,4,1,1,evaluated,0.10000000000000001,0,0,0,0,2,300,0,0,0,0,0.016666666666666666,0,0,0,0,0,rest_envelope,0.053851095438751884,595,0,2,31,118.32130000000002,1191.4737,contact-islands-safety-and-shape,terminal-1s-shape-0.10-edge
2026-10-05_0800_ddr5-4800_threads-1-2-3-4-5-6-8-10-12-14-16-24_r5,physx34,8,4,1,1,evaluated,0.10000000000000001,0,0,0,0,2,300,0,0,0,0,0.016666666666666666,0,0,0,0,0,upward_excursion,0.0084319114685058594,2179,0,1,15,118.32130000000002,1191.4737,contact-islands-safety-and-shape,terminal-1s-shape-0.10-edge
2026-10-05_0800_ddr5-4800_threads-1-2-3-4-5-6-8-10-12-14-16-24_r5,physx34,8,4,1,1,evaluated,0.10000000000000001,0,0,0,0,2,300,0,0,0,0,0.016666666666666666,0,0,0,0,0,terminal_stack_shape_excess,0.039991336053113002,595,0,2,300,118.32130000000002,1191.4737,contact-islands-safety-and-shape,terminal-1s-shape-0.10-edge
2026-10-05_0800_ddr5-4800_threads-1-2-3-4-5-6-8-10-12-14-16-24_r5,physx34,10,0,1,1,evaluated,0.10000000000000001,0,0,0,0,2,300,0,0,0,0,0.016666666666666666,0,0,0,0,0,rest_envelope,0.053851095438751884,595,0,2,31,123.65569999999994,1192.3784000000001,contact-islands-safety-and-shape,terminal-1s-shape-0.10-edge
2026-10-05_0800_ddr5-4800_threads-1-2-3-4-5-6-8-10-12-14-16-24_r5,physx34,10,0,1,1,evaluated,0.10000000000000001,0,0,0,0,2,300,0,0,0,0,0.016666666666666666,0,0,0,0,0,upward_excursion,0.0084319114685058594,2179,0,1,15,123.65569999999994,1192.3784000000001,contact-islands-safety-and-shape,terminal-1s-shape-0.10-edge
2026-10-05_0800_ddr5-4800_threads-1-2-3-4-5-6-8-10-12-14-16-24_r5,physx34,10,0,1,1,evaluated,0.10000000000000001,0,0,0,0,2,300,0,0,0,0,0.016666666666666666,0,0,0,0,0,terminal_stack_shape_excess,0.039991336053113002,595,0,2,300,123.65569999999994,1192.3784000000001,contact-islands-safety-and-shape,terminal-1s-shape-0.10-edge
2026-10-05_0800_ddr5-4800_threads-1-2-3-4-5-6-8-10-12-14-16-24_r5,physx34,10,1,1,1,evaluated,0.10000000000000001,0,0,0,0,2,300,0,0,0,0,0.016666666666666666,0,0,0,0,0,rest_envelope,0.053851095438751884,595,0,2,31,124.71279999999992,1191.9557,contact-islands-safety-and-shape,terminal-1s-shape-0.10-edge
2026-10-05_0800_ddr5-4800_threads-1-2-3-4-5-6-8-10-12-14-16-24_r5,physx34,10,1,1,1,evaluated,0.10000000000000001,0,0,0,0,2,300,0,0,0,0,0.016666666666666666,0,0,0,0,0,upward_excursion,0.0084319114685058594,2179,0,1,15,124.71279999999992,1191.9557,contact-islands-safety-and-shape,terminal-1s-shape-0.10-edge
2026-10-05_0800_ddr5-4800_threads-1-2-3-4-5-6-8-10-12-14-16-24_r5,physx34,10,1,1,1,evaluated,0.10000000000000001,0,0,0,0,2,300,0,0,0,0,0.016666666666666666,0,0,0,0,0,terminal_stack_shape_excess,0.039991336053113002,595,0,2,300,124.71279999999992,1191.9557,contact-islands-safety-and-shape,terminal-1s-shape-0.10-edge
2026-10-05_0800_ddr5-4800_threads-1-2-3-4-5-6-8-10-12-14-16-24_r5,physx34,10,2,1,1,evaluated,0.10000000000000001,0,0,0,0,2,300,0,0,0,0,0.016666666666666666,0,0,0,0,0,rest_envelope,0.053851095438751884,595,0,2,31,125.36150000000006,1190.5743,contact-islands-safety-and-shape,terminal-1s-shape-0.10-edge
2026-10-05_0800_ddr5-4800_threads-1-2-3-4-5-6-8-10-12-14-16-24_r5,physx34,10,2,1,1,evaluated,0.10000000000000001,0,0,0,0,2,300,0,0,0,0,0.016666666666666666,0,0,0,0,0,upward_excursion,0.0084319114685058594,2179,0,1,15,125.36150000000006,1190.5743,contact-islands-safety-and-shape,terminal-1s-shape-0.10-edge
2026-10-05_0800_ddr5-4800_threads-1-2-3-4-5-6-8-10-12-14-16-24_r5,physx34,10,2,1,1,evaluated,0.10000000000000001,0,0,0,0,2,300,0,0,0,0,0.016666666666666666,0,0,0,0,0,terminal_stack_shape_excess,0.039991336053113002,595,0,2,300,125.36150000000006,1190.5743,contact-islands-safety-and-shape,terminal-1s-shape-0.10-edge
2026-10-05_0800_ddr5-4800_threads-1-2-3-4-5-6-8-10-12-14-16-24_r5,physx34,10,3,1,1,evaluated,0.10000000000000001,0,0,0,0,2,300,0,0,0,0,0.016666666666666666,0,0,0,0,0,rest_envelope,0.053851095438751884,595,0,2,31,121.88480000000003,1194.3199999999999,contact-islands-safety-and-shape,terminal-1s-shape-0.10-edge
2026-10-05_0800_ddr5-4800_threads-1-2-3-4-5-6-8-10-12-14-16-24_r5,physx34,10,3,1,1,evaluated,0.10000000000000001,0,0,0,0,2,300,0,0,0,0,0.016666666666666666,0,0,0,0,0,upward_excursion,0.0084319114685058594,2179,0,1,15,121.88480000000003,1194.3199999999999,contact-islands-safety-and-shape,terminal-1s-shape-0.10-edge
2026-10-05_0800_ddr5-4800_threads-1-2-3-4-5-6-8-10-12-14-16-24_r5,physx34,10,3,1,1,evaluated,0.10000000000000001,0,0,0,0,2,300,0,0,0,0,0.016666666666666666,0,0,0,0,0,terminal_stack_shape_excess,0.039991336053113002,595,0,2,300,121.88480000000003,1194.3199999999999,contact-islands-safety-and-shape,terminal-1s-shape-0.10-edge
2026-10-05_0800_ddr5-4800_threads-1-2-3-4-5-6-8-10-12-14-16-24_r5,physx34,10,4,1,1,evaluated,0.10000000000000001,0,0,0,0,2,300,0,0,0,0,0.016666666666666666,0,0,0,0,0,rest_envelope,0.053851095438751884,595,0,2,31,124.56290000000004,1199.7301,contact-islands-safety-and-shape,terminal-1s-shape-0.10-edge
2026-10-05_0800_ddr5-4800_threads-1-2-3-4-5-6-8-10-12-14-16-24_r5,physx34,10,4,1,1,evaluated,0.10000000000000001,0,0,0,0,2,300,0,0,0,0,0.016666666666666666,0,0,0,0,0,upward_excursion,0.0084319114685058594,2179,0,1,15,124.56290000000004,1199.7301,contact-islands-safety-and-shape,terminal-1s-shape-0.10-edge
2026-10-05_0800_ddr5-4800_threads-1-2-3-4-5-6-8-10-12-14-16-24_r5,physx34,10,4,1,1,evaluated,0.10000000000000001,0,0,0,0,2,300,0,0,0,0,0.016666666666666666,0,0,0,0,0,terminal_stack_shape_excess,0.039991336053113002,595,0,2,300,124.56290000000004,1199.7301,contact-islands-safety-and-shape,terminal-1s-shape-0.10-edge
2026-10-05_0800_ddr5-4800_threads-1-2-3-4-5-6-8-10-12-14-16-24_r5,physx34,12,0,1,1,evaluated,0.10000000000000001,0,0,0,0,2,300,0,0,0,0,0.016666666666666666,0,0,0,0,0,rest_envelope,0.053851095438751884,595,0,2,31,140.1985,1192.0839000000001,contact-islands-safety-and-shape,terminal-1s-shape-0.10-edge
2026-10-05_0800_ddr5-4800_threads-1-2-3-4-5-6-8-10-12-14-16-24_r5,physx34,12,0,1,1,evaluated,0.10000000000000001,0,0,0,0,2,300,0,0,0,0,0.016666666666666666,0,0,0,0,0,upward_excursion,0.0084319114685058594,2179,0,1,15,140.1985,1192.0839000000001,contact-islands-safety-and-shape,terminal-1s-shape-0.10-edge
2026-10-05_0800_ddr5-4800_threads-1-2-3-4-5-6-8-10-12-14-16-24_r5,physx34,12,0,1,1,evaluated,0.10000000000000001,0,0,0,0,2,300,0,0,0,0,0.016666666666666666,0,0,0,0,0,terminal_stack_shape_excess,0.039991336053113002,595,0,2,300,140.1985,1192.0839000000001,contact-islands-safety-and-shape,terminal-1s-shape-0.10-edge
2026-10-05_0800_ddr5-4800_threads-1-2-3-4-5-6-8-10-12-14-16-24_r5,physx34,12,1,1,1,evaluated,0.10000000000000001,0,0,0,0,2,300,0,0,0,0,0.016666666666666666,0,0,0,0,0,rest_envelope,0.053851095438751884,595,0,2,31,140.32750000000004,1201.1858,contact-islands-safety-and-shape,terminal-1s-shape-0.10-edge
2026-10-05_0800_ddr5-4800_threads-1-2-3-4-5-6-8-10-12-14-16-24_r5,physx34,12,1,1,1,evaluated,0.10000000000000001,0,0,0,0,2,300,0,0,0,0,0.016666666666666666,0,0,0,0,0,upward_excursion,0.0084319114685058594,2179,0,1,15,140.32750000000004,1201.1858,contact-islands-safety-and-shape,terminal-1s-shape-0.10-edge
2026-10-05_0800_ddr5-4800_threads-1-2-3-4-5-6-8-10-12-14-16-24_r5,physx34,12,1,1,1,evaluated,0.10000000000000001,0,0,0,0,2,300,0,0,0,0,0.016666666666666666,0,0,0,0,0,terminal_stack_shape_excess,0.039991336053113002,595,0,2,300,140.32750000000004,1201.1858,contact-islands-safety-and-shape,terminal-1s-shape-0.10-edge
2026-10-05_0800_ddr5-4800_threads-1-2-3-4-5-6-8-10-12-14-16-24_r5,physx34,12,2,1,1,evaluated,0.10000000000000001,0,0,0,0,2,300,0,0,0,0,0.016666666666666666,0,0,0,0,0,rest_envelope,0.053851095438751884,595,0,2,31,115.55630000000006,1195.6818000000001,contact-islands-safety-and-shape,terminal-1s-shape-0.10-edge
2026-10-05_0800_ddr5-4800_threads-1-2-3-4-5-6-8-10-12-14-16-24_r5,physx34,12,2,1,1,evaluated,0.10000000000000001,0,0,0,0,2,300,0,0,0,0,0.016666666666666666,0,0,0,0,0,upward_excursion,0.0084319114685058594,2179,0,1,15,115.55630000000006,1195.6818000000001,contact-islands-safety-and-shape,terminal-1s-shape-0.10-edge
2026-10-05_0800_ddr5-4800_threads-1-2-3-4-5-6-8-10-12-14-16-24_r5,physx34,12,2,1,1,evaluated,0.10000000000000001,0,0,0,0,2,300,0,0,0,0,0.016666666666666666,0,0,0,0,0,terminal_stack_shape_excess,0.039991336053113002,595,0,2,300,115.55630000000006,1195.6818000000001,contact-islands-safety-and-shape,terminal-1s-shape-0.10-edge
2026-10-05_0800_ddr5-4800_threads-1-2-3-4-5-6-8-10-12-14-16-24_r5,physx34,12,3,1,1,evaluated,0.10000000000000001,0,0,0,0,2,300,0,0,0,0,0.016666666666666666,0,0,0,0,0,rest_envelope,0.053851095438751884,595,0,2,31,117.84479999999992,1196.191,contact-islands-safety-and-shape,terminal-1s-shape-0.10-edge
2026-10-05_0800_ddr5-4800_threads-1-2-3-4-5-6-8-10-12-14-16-24_r5,physx34,12,3,1,1,evaluated,0.10000000000000001,0,0,0,0,2,300,0,0,0,0,0.016666666666666666,0,0,0,0,0,upward_excursion,0.0084319114685058594,2179,0,1,15,117.84479999999992,1196.191,contact-islands-safety-and-shape,terminal-1s-shape-0.10-edge
2026-10-05_0800_ddr5-4800_threads-1-2-3-4-5-6-8-10-12-14-16-24_r5,physx34,12,3,1,1,evaluated,0.10000000000000001,0,0,0,0,2,300,0,0,0,0,0.016666666666666666,0,0,0,0,0,terminal_stack_shape_excess,0.039991336053113002,595,0,2,300,117.84479999999992,1196.191,contact-islands-safety-and-shape,terminal-1s-shape-0.10-edge
2026-10-05_0800_ddr5-4800_threads-1-2-3-4-5-6-8-10-12-14-16-24_r5,physx34,12,4,1,1,evaluated,0.10000000000000001,0,0,0,0,2,300,0,0,0,0,0.016666666666666666,0,0,0,0,0,rest_envelope,0.053851095438751884,595,0,2,31,124.2045000000001,1192.7454,contact-islands-safety-and-shape,terminal-1s-shape-0.10-edge
2026-10-05_0800_ddr5-4800_threads-1-2-3-4-5-6-8-10-12-14-16-24_r5,physx34,12,4,1,1,evaluated,0.10000000000000001,0,0,0,0,2,300,0,0,0,0,0.016666666666666666,0,0,0,0,0,upward_excursion,0.0084319114685058594,2179,0,1,15,124.2045000000001,1192.7454,contact-islands-safety-and-shape,terminal-1s-shape-0.10-edge
2026-10-05_0800_ddr5-4800_threads-1-2-3-4-5-6-8-10-12-14-16-24_r5,physx34,12,4,1,1,evaluated,0.10000000000000001,0,0,0,0,2,300,0,0,0,0,0.016666666666666666,0,0,0,0,0,terminal_stack_shape_excess,0.039991336053113002,595,0,2,300,124.2045000000001,1192.7454,contact-islands-safety-and-shape,terminal-1s-shape-0.10-edge
2026-10-05_0800_ddr5-4800_threads-1-2-3-4-5-6-8-10-12-14-16-24_r5,physx34,14,0,1,1,evaluated,0.10000000000000001,0,0,0,0,2,300,0,0,0,0,0.016666666666666666,0,0,0,0,0,rest_envelope,0.053851095438751884,595,0,2,31,119.80109999999998,1197.9802999999999,contact-islands-safety-and-shape,terminal-1s-shape-0.10-edge
2026-10-05_0800_ddr5-4800_threads-1-2-3-4-5-6-8-10-12-14-16-24_r5,physx34,14,0,1,1,evaluated,0.10000000000000001,0,0,0,0,2,300,0,0,0,0,0.016666666666666666,0,0,0,0,0,upward_excursion,0.0084319114685058594,2179,0,1,15,119.80109999999998,1197.9802999999999,contact-islands-safety-and-shape,terminal-1s-shape-0.10-edge
2026-10-05_0800_ddr5-4800_threads-1-2-3-4-5-6-8-10-12-14-16-24_r5,physx34,14,0,1,1,evaluated,0.10000000000000001,0,0,0,0,2,300,0,0,0,0,0.016666666666666666,0,0,0,0,0,terminal_stack_shape_excess,0.039991336053113002,595,0,2,300,119.80109999999998,1197.9802999999999,contact-islands-safety-and-shape,terminal-1s-shape-0.10-edge
2026-10-05_0800_ddr5-4800_threads-1-2-3-4-5-6-8-10-12-14-16-24_r5,physx34,14,1,1,1,evaluated,0.10000000000000001,0,0,0,0,2,300,0,0,0,0,0.016666666666666666,0,0,0,0,0,rest_envelope,0.053851095438751884,595,0,2,31,139.07749999999996,1191.1781000000001,contact-islands-safety-and-shape,terminal-1s-shape-0.10-edge
2026-10-05_0800_ddr5-4800_threads-1-2-3-4-5-6-8-10-12-14-16-24_r5,physx34,14,1,1,1,evaluated,0.10000000000000001,0,0,0,0,2,300,0,0,0,0,0.016666666666666666,0,0,0,0,0,upward_excursion,0.0084319114685058594,2179,0,1,15,139.07749999999996,1191.1781000000001,contact-islands-safety-and-shape,terminal-1s-shape-0.10-edge
2026-10-05_0800_ddr5-4800_threads-1-2-3-4-5-6-8-10-12-14-16-24_r5,physx34,14,1,1,1,evaluated,0.10000000000000001,0,0,0,0,2,300,0,0,0,0,0.016666666666666666,0,0,0,0,0,terminal_stack_shape_excess,0.039991336053113002,595,0,2,300,139.07749999999996,1191.1781000000001,contact-islands-safety-and-shape,terminal-1s-shape-0.10-edge
2026-10-05_0800_ddr5-4800_threads-1-2-3-4-5-6-8-10-12-14-16-24_r5,physx34,14,2,1,1,evaluated,0.10000000000000001,0,0,0,0,2,300,0,0,0,0,0.016666666666666666,0,0,0,0,0,rest_envelope,0.053851095438751884,595,0,2,31,136.85339999999994,1192.1795999999999,contact-islands-safety-and-shape,terminal-1s-shape-0.10-edge
2026-10-05_0800_ddr5-4800_threads-1-2-3-4-5-6-8-10-12-14-16-24_r5,physx34,14,2,1,1,evaluated,0.10000000000000001,0,0,0,0,2,300,0,0,0,0,0.016666666666666666,0,0,0,0,0,upward_excursion,0.0084319114685058594,2179,0,1,15,136.85339999999994,1192.1795999999999,contact-islands-safety-and-shape,terminal-1s-shape-0.10-edge
2026-10-05_0800_ddr5-4800_threads-1-2-3-4-5-6-8-10-12-14-16-24_r5,physx34,14,2,1,1,evaluated,0.10000000000000001,0,0,0,0,2,300,0,0,0,0,0.016666666666666666,0,0,0,0,0,terminal_stack_shape_excess,0.039991336053113002,595,0,2,300,136.85339999999994,1192.1795999999999,contact-islands-safety-and-shape,terminal-1s-shape-0.10-edge
2026-10-05_0800_ddr5-4800_threads-1-2-3-4-5-6-8-10-12-14-16-24_r5,physx34,14,3,1,1,evaluated,0.10000000000000001,0,0,0,0,2,300,0,0,0,0,0.016666666666666666,0,0,0,0,0,rest_envelope,0.053851095438751884,595,0,2,31,120.02999999999996,1196.0189,contact-islands-safety-and-shape,terminal-1s-shape-0.10-edge
2026-10-05_0800_ddr5-4800_threads-1-2-3-4-5-6-8-10-12-14-16-24_r5,physx34,14,3,1,1,evaluated,0.10000000000000001,0,0,0,0,2,300,0,0,0,0,0.016666666666666666,0,0,0,0,0,upward_excursion,0.0084319114685058594,2179,0,1,15,120.02999999999996,1196.0189,contact-islands-safety-and-shape,terminal-1s-shape-0.10-edge
2026-10-05_0800_ddr5-4800_threads-1-2-3-4-5-6-8-10-12-14-16-24_r5,physx34,14,3,1,1,evaluated,0.10000000000000001,0,0,0,0,2,300,0,0,0,0,0.016666666666666666,0,0,0,0,0,terminal_stack_shape_excess,0.039991336053113002,595,0,2,300,120.02999999999996,1196.0189,contact-islands-safety-and-shape,terminal-1s-shape-0.10-edge
2026-10-05_0800_ddr5-4800_threads-1-2-3-4-5-6-8-10-12-14-16-24_r5,physx34,14,4,1,1,evaluated,0.10000000000000001,0,0,0,0,2,300,0,0,0,0,0.016666666666666666,0,0,0,0,0,rest_envelope,0.053851095438751884,595,0,2,31,117.43630000000006,1191.4683,contact-islands-safety-and-shape,terminal-1s-shape-0.10-edge
2026-10-05_0800_ddr5-4800_threads-1-2-3-4-5-6-8-10-12-14-16-24_r5,physx34,14,4,1,1,evaluated,0.10000000000000001,0,0,0,0,2,300,0,0,0,0,0.016666666666666666,0,0,0,0,0,upward_excursion,0.0084319114685058594,2179,0,1,15,117.43630000000006,1191.4683,contact-islands-safety-and-shape,terminal-1s-shape-0.10-edge
2026-10-05_0800_ddr5-4800_threads-1-2-3-4-5-6-8-10-12-14-16-24_r5,physx34,14,4,1,1,evaluated,0.10000000000000001,0,0,0,0,2,300,0,0,0,0,0.016666666666666666,0,0,0,0,0,terminal_stack_shape_excess,0.039991336053113002,595,0,2,300,117.43630000000006,1191.4683,contact-islands-safety-and-shape,terminal-1s-shape-0.10-edge
2026-10-05_0800_ddr5-4800_threads-1-2-3-4-5-6-8-10-12-14-16-24_r5,physx34,16,0,1,1,evaluated,0.10000000000000001,0,0,0,0,2,300,0,0,0,0,0.016666666666666666,0,0,0,0,0,rest_envelope,0.053851095438751884,595,0,2,31,107.21540000000005,1190.5052000000001,contact-islands-safety-and-shape,terminal-1s-shape-0.10-edge
2026-10-05_0800_ddr5-4800_threads-1-2-3-4-5-6-8-10-12-14-16-24_r5,physx34,16,0,1,1,evaluated,0.10000000000000001,0,0,0,0,2,300,0,0,0,0,0.016666666666666666,0,0,0,0,0,upward_excursion,0.0084319114685058594,2179,0,1,15,107.21540000000005,1190.5052000000001,contact-islands-safety-and-shape,terminal-1s-shape-0.10-edge
2026-10-05_0800_ddr5-4800_threads-1-2-3-4-5-6-8-10-12-14-16-24_r5,physx34,16,0,1,1,evaluated,0.10000000000000001,0,0,0,0,2,300,0,0,0,0,0.016666666666666666,0,0,0,0,0,terminal_stack_shape_excess,0.039991336053113002,595,0,2,300,107.21540000000005,1190.5052000000001,contact-islands-safety-and-shape,terminal-1s-shape-0.10-edge
2026-10-05_0800_ddr5-4800_threads-1-2-3-4-5-6-8-10-12-14-16-24_r5,physx34,16,1,1,1,evaluated,0.10000000000000001,0,0,0,0,2,300,0,0,0,0,0.016666666666666666,0,0,0,0,0,rest_envelope,0.053851095438751884,595,0,2,31,109.19740000000012,1191.7053000000001,contact-islands-safety-and-shape,terminal-1s-shape-0.10-edge
2026-10-05_0800_ddr5-4800_threads-1-2-3-4-5-6-8-10-12-14-16-24_r5,physx34,16,1,1,1,evaluated,0.10000000000000001,0,0,0,0,2,300,0,0,0,0,0.016666666666666666,0,0,0,0,0,upward_excursion,0.0084319114685058594,2179,0,1,15,109.19740000000012,1191.7053000000001,contact-islands-safety-and-shape,terminal-1s-shape-0.10-edge
2026-10-05_0800_ddr5-4800_threads-1-2-3-4-5-6-8-10-12-14-16-24_r5,physx34,16,1,1,1,evaluated,0.10000000000000001,0,0,0,0,2,300,0,0,0,0,0.016666666666666666,0,0,0,0,0,terminal_stack_shape_excess,0.039991336053113002,595,0,2,300,109.19740000000012,1191.7053000000001,contact-islands-safety-and-shape,terminal-1s-shape-0.10-edge
2026-10-05_0800_ddr5-4800_threads-1-2-3-4-5-6-8-10-12-14-16-24_r5,physx34,16,2,1,1,evaluated,0.10000000000000001,0,0,0,0,2,300,0,0,0,0,0.016666666666666666,0,0,0,0,0,rest_envelope,0.053851095438751884,595,0,2,31,111.51640000000003,1197.6801,contact-islands-safety-and-shape,terminal-1s-shape-0.10-edge
2026-10-05_0800_ddr5-4800_threads-1-2-3-4-5-6-8-10-12-14-16-24_r5,physx34,16,2,1,1,evaluated,0.10000000000000001,0,0,0,0,2,300,0,0,0,0,0.016666666666666666,0,0,0,0,0,upward_excursion,0.0084319114685058594,2179,0,1,15,111.51640000000003,1197.6801,contact-islands-safety-and-shape,terminal-1s-shape-0.10-edge
2026-10-05_0800_ddr5-4800_threads-1-2-3-4-5-6-8-10-12-14-16-24_r5,physx34,16,2,1,1,evaluated,0.10000000000000001,0,0,0,0,2,300,0,0,0,0,0.016666666666666666,0,0,0,0,0,terminal_stack_shape_excess,0.039991336053113002,595,0,2,300,111.51640000000003,1197.6801,contact-islands-safety-and-shape,terminal-1s-shape-0.10-edge
2026-10-05_0800_ddr5-4800_threads-1-2-3-4-5-6-8-10-12-14-16-24_r5,physx34,16,3,1,1,evaluated,0.10000000000000001,0,0,0,0,2,300,0,0,0,0,0.016666666666666666,0,0,0,0,0,rest_envelope,0.053851095438751884,595,0,2,31,109.24190000000002,1191.1701,contact-islands-safety-and-shape,terminal-1s-shape-0.10-edge
2026-10-05_0800_ddr5-4800_threads-1-2-3-4-5-6-8-10-12-14-16-24_r5,physx34,16,3,1,1,evaluated,0.10000000000000001,0,0,0,0,2,300,0,0,0,0,0.016666666666666666,0,0,0,0,0,upward_excursion,0.0084319114685058594,2179,0,1,15,109.24190000000002,1191.1701,contact-islands-safety-and-shape,terminal-1s-shape-0.10-edge
2026-10-05_0800_ddr5-4800_threads-1-2-3-4-5-6-8-10-12-14-16-24_r5,physx34,16,3,1,1,evaluated,0.10000000000000001,0,0,0,0,2,300,0,0,0,0,0.016666666666666666,0,0,0,0,0,terminal_stack_shape_excess,0.039991336053113002,595,0,2,300,109.24190000000002,1191.1701,contact-islands-safety-and-shape,terminal-1s-shape-0.10-edge
2026-10-05_0800_ddr5-4800_threads-1-2-3-4-5-6-8-10-12-14-16-24_r5,physx34,16,4,1,1,evaluated,0.10000000000000001,0,0,0,0,2,300,0,0,0,0,0.016666666666666666,0,0,0,0,0,rest_envelope,0.053851095438751884,595,0,2,31,110.34189999999994,1190.6335999999999,contact-islands-safety-and-shape,terminal-1s-shape-0.10-edge
2026-10-05_0800_ddr5-4800_threads-1-2-3-4-5-6-8-10-12-14-16-24_r5,physx34,16,4,1,1,evaluated,0.10000000000000001,0,0,0,0,2,300,0,0,0,0,0.016666666666666666,0,0,0,0,0,upward_excursion,0.0084319114685058594,2179,0,1,15,110.34189999999994,1190.6335999999999,contact-islands-safety-and-shape,terminal-1s-shape-0.10-edge
2026-10-05_0800_ddr5-4800_threads-1-2-3-4-5-6-8-10-12-14-16-24_r5,physx34,16,4,1,1,evaluated,0.10000000000000001,0,0,0,0,2,300,0,0,0,0,0.016666666666666666,0,0,0,0,0,terminal_stack_shape_excess,0.039991336053113002,595,0,2,300,110.34189999999994,1190.6335999999999,contact-islands-safety-and-shape,terminal-1s-shape-0.10-edge
2026-10-05_0800_ddr5-4800_threads-1-2-3-4-5-6-8-10-12-14-16-24_r5,physx34,24,0,1,1,evaluated,0.10000000000000001,0,0,0,0,2,300,0,0,0,0,0.016666666666666666,0,0,0,0,0,rest_envelope,0.053851095438751884,595,0,2,31,106.41809999999992,1193.1277,contact-islands-safety-and-shape,terminal-1s-shape-0.10-edge
2026-10-05_0800_ddr5-4800_threads-1-2-3-4-5-6-8-10-12-14-16-24_r5,physx34,24,0,1,1,evaluated,0.10000000000000001,0,0,0,0,2,300,0,0,0,0,0.016666666666666666,0,0,0,0,0,upward_excursion,0.0084319114685058594,2179,0,1,15,106.41809999999992,1193.1277,contact-islands-safety-and-shape,terminal-1s-shape-0.10-edge
2026-10-05_0800_ddr5-4800_threads-1-2-3-4-5-6-8-10-12-14-16-24_r5,physx34,24,0,1,1,evaluated,0.10000000000000001,0,0,0,0,2,300,0,0,0,0,0.016666666666666666,0,0,0,0,0,terminal_stack_shape_excess,0.039991336053113002,595,0,2,300,106.41809999999992,1193.1277,contact-islands-safety-and-shape,terminal-1s-shape-0.10-edge
2026-10-05_0800_ddr5-4800_threads-1-2-3-4-5-6-8-10-12-14-16-24_r5,physx34,24,1,1,1,evaluated,0.10000000000000001,0,0,0,0,2,300,0,0,0,0,0.016666666666666666,0,0,0,0,0,rest_envelope,0.053851095438751884,595,0,2,31,109.11840000000007,1192.1103000000001,contact-islands-safety-and-shape,terminal-1s-shape-0.10-edge
2026-10-05_0800_ddr5-4800_threads-1-2-3-4-5-6-8-10-12-14-16-24_r5,physx34,24,1,1,1,evaluated,0.10000000000000001,0,0,0,0,2,300,0,0,0,0,0.016666666666666666,0,0,0,0,0,upward_excursion,0.0084319114685058594,2179,0,1,15,109.11840000000007,1192.1103000000001,contact-islands-safety-and-shape,terminal-1s-shape-0.10-edge
2026-10-05_0800_ddr5-4800_threads-1-2-3-4-5-6-8-10-12-14-16-24_r5,physx34,24,1,1,1,evaluated,0.10000000000000001,0,0,0,0,2,300,0,0,0,0,0.016666666666666666,0,0,0,0,0,terminal_stack_shape_excess,0.039991336053113002,595,0,2,300,109.11840000000007,1192.1103000000001,contact-islands-safety-and-shape,terminal-1s-shape-0.10-edge
2026-10-05_0800_ddr5-4800_threads-1-2-3-4-5-6-8-10-12-14-16-24_r5,physx34,24,2,1,1,evaluated,0.10000000000000001,0,0,0,0,2,300,0,0,0,0,0.016666666666666666,0,0,0,0,0,rest_envelope,0.053851095438751884,595,0,2,31,109.40070000000006,1192.4059999999999,contact-islands-safety-and-shape,terminal-1s-shape-0.10-edge
2026-10-05_0800_ddr5-4800_threads-1-2-3-4-5-6-8-10-12-14-16-24_r5,physx34,24,2,1,1,evaluated,0.10000000000000001,0,0,0,0,2,300,0,0,0,0,0.016666666666666666,0,0,0,0,0,upward_excursion,0.0084319114685058594,2179,0,1,15,109.40070000000006,1192.4059999999999,contact-islands-safety-and-shape,terminal-1s-shape-0.10-edge
2026-10-05_0800_ddr5-4800_threads-1-2-3-4-5-6-8-10-12-14-16-24_r5,physx34,24,2,1,1,evaluated,0.10000000000000001,0,0,0,0,2,300,0,0,0,0,0.016666666666666666,0,0,0,0,0,terminal_stack_shape_excess,0.039991336053113002,595,0,2,300,109.40070000000006,1192.4059999999999,contact-islands-safety-and-shape,terminal-1s-shape-0.10-edge
2026-10-05_0800_ddr5-4800_threads-1-2-3-4-5-6-8-10-12-14-16-24_r5,physx34,24,3,1,1,evaluated,0.10000000000000001,0,0,0,0,2,300,0,0,0,0,0.016666666666666666,0,0,0,0,0,rest_envelope,0.053851095438751884,595,0,2,31,108.87389999999999,1192.5284999999999,contact-islands-safety-and-shape,terminal-1s-shape-0.10-edge
2026-10-05_0800_ddr5-4800_threads-1-2-3-4-5-6-8-10-12-14-16-24_r5,physx34,24,3,1,1,evaluated,0.10000000000000001,0,0,0,0,2,300,0,0,0,0,0.016666666666666666,0,0,0,0,0,upward_excursion,0.0084319114685058594,2179,0,1,15,108.87389999999999,1192.5284999999999,contact-islands-safety-and-shape,terminal-1s-shape-0.10-edge
2026-10-05_0800_ddr5-4800_threads-1-2-3-4-5-6-8-10-12-14-16-24_r5,physx34,24,3,1,1,evaluated,0.10000000000000001,0,0,0,0,2,300,0,0,0,0,0.016666666666666666,0,0,0,0,0,terminal_stack_shape_excess,0.039991336053113002,595,0,2,300,108.87389999999999,1192.5284999999999,contact-islands-safety-and-shape,terminal-1s-shape-0.10-edge
2026-10-05_0800_ddr5-4800_threads-1-2-3-4-5-6-8-10-12-14-16-24_r5,physx34,24,4,1,1,evaluated,0.10000000000000001,0,0,0,0,2,300,0,0,0,0,0.016666666666666666,0,0,0,0,0,rest_envelope,0.053851095438751884,595,0,2,31,110.28510000000003,1195.8823,contact-islands-safety-and-shape,terminal-1s-shape-0.10-edge
2026-10-05_0800_ddr5-4800_threads-1-2-3-4-5-6-8-10-12-14-16-24_r5,physx34,24,4,1,1,evaluated,0.10000000000000001,0,0,0,0,2,300,0,0,0,0,0.016666666666666666,0,0,0,0,0,upward_excursion,0.0084319114685058594,2179,0,1,15,110.28510000000003,1195.8823,contact-islands-safety-and-shape,terminal-1s-shape-0.10-edge
2026-10-05_0800_ddr5-4800_threads-1-2-3-4-5-6-8-10-12-14-16-24_r5,physx34,24,4,1,1,evaluated,0.10000000000000001,0,0,0,0,2,300,0,0,0,0,0.016666666666666666,0,0,0,0,0,terminal_stack_shape_excess,0.039991336053113002,595,0,2,300,110.28510000000003,1195.8823,contact-islands-safety-and-shape,terminal-1s-shape-0.10-edge
2026-10-05_0800_ddr5-4800_threads-1-2-3-4-5-6-8-10-12-14-16-24_r5,nvidia_physx34,1,0,1,1,evaluated,0.10000000000000001,0,0,0,0,2,300,0,0,0,0,0.016666666666666666,0,0,0,0,0,rest_envelope,0.041644117227860988,179,0,2,28,105.8913999999999,1179.8579999999999,contact-islands-safety-and-shape,terminal-1s-shape-0.10-edge
2026-10-05_0800_ddr5-4800_threads-1-2-3-4-5-6-8-10-12-14-16-24_r5,nvidia_physx34,1,0,1,1,evaluated,0.10000000000000001,0,0,0,0,2,300,0,0,0,0,0.016666666666666666,0,0,0,0,0,upward_excursion,0.0082292556762695312,985,0,1,14,105.8913999999999,1179.8579999999999,contact-islands-safety-and-shape,terminal-1s-shape-0.10-edge
2026-10-05_0800_ddr5-4800_threads-1-2-3-4-5-6-8-10-12-14-16-24_r5,nvidia_physx34,1,0,1,1,evaluated,0.10000000000000001,0,0,0,0,2,300,0,0,0,0,0.016666666666666666,0,0,0,0,0,terminal_stack_shape_excess,0.027676730274013295,2999,0,2,300,105.8913999999999,1179.8579999999999,contact-islands-safety-and-shape,terminal-1s-shape-0.10-edge
2026-10-05_0800_ddr5-4800_threads-1-2-3-4-5-6-8-10-12-14-16-24_r5,nvidia_physx34,1,1,1,1,evaluated,0.10000000000000001,0,0,0,0,2,300,0,0,0,0,0.016666666666666666,0,0,0,0,0,rest_envelope,0.041644117227860988,179,0,2,28,98.456700000000069,1181.0102999999999,contact-islands-safety-and-shape,terminal-1s-shape-0.10-edge
2026-10-05_0800_ddr5-4800_threads-1-2-3-4-5-6-8-10-12-14-16-24_r5,nvidia_physx34,1,1,1,1,evaluated,0.10000000000000001,0,0,0,0,2,300,0,0,0,0,0.016666666666666666,0,0,0,0,0,upward_excursion,0.0082292556762695312,985,0,1,14,98.456700000000069,1181.0102999999999,contact-islands-safety-and-shape,terminal-1s-shape-0.10-edge
2026-10-05_0800_ddr5-4800_threads-1-2-3-4-5-6-8-10-12-14-16-24_r5,nvidia_physx34,1,1,1,1,evaluated,0.10000000000000001,0,0,0,0,2,300,0,0,0,0,0.016666666666666666,0,0,0,0,0,terminal_stack_shape_excess,0.027676730274013295,2999,0,2,300,98.456700000000069,1181.0102999999999,contact-islands-safety-and-shape,terminal-1s-shape-0.10-edge
2026-10-05_0800_ddr5-4800_threads-1-2-3-4-5-6-8-10-12-14-16-24_r5,nvidia_physx34,1,2,1,1,evaluated,0.10000000000000001,0,0,0,0,2,300,0,0,0,0,0.016666666666666666,0,0,0,0,0,rest_envelope,0.041644117227860988,179,0,2,28,101.83009999999999,1181.3800000000001,contact-islands-safety-and-shape,terminal-1s-shape-0.10-edge
2026-10-05_0800_ddr5-4800_threads-1-2-3-4-5-6-8-10-12-14-16-24_r5,nvidia_physx34,1,2,1,1,evaluated,0.10000000000000001,0,0,0,0,2,300,0,0,0,0,0.016666666666666666,0,0,0,0,0,upward_excursion,0.0082292556762695312,985,0,1,14,101.83009999999999,1181.3800000000001,contact-islands-safety-and-shape,terminal-1s-shape-0.10-edge
2026-10-05_0800_ddr5-4800_threads-1-2-3-4-5-6-8-10-12-14-16-24_r5,nvidia_physx34,1,2,1,1,evaluated,0.10000000000000001,0,0,0,0,2,300,0,0,0,0,0.016666666666666666,0,0,0,0,0,terminal_stack_shape_excess,0.027676730274013295,2999,0,2,300,101.83009999999999,1181.3800000000001,contact-islands-safety-and-shape,terminal-1s-shape-0.10-edge
2026-10-05_0800_ddr5-4800_threads-1-2-3-4-5-6-8-10-12-14-16-24_r5,nvidia_physx34,1,3,1,1,evaluated,0.10000000000000001,0,0,0,0,2,300,0,0,0,0,0.016666666666666666,0,0,0,0,0,rest_envelope,0.041644117227860988,179,0,2,28,109.16510000000002,1180.6681000000001,contact-islands-safety-and-shape,terminal-1s-shape-0.10-edge
2026-10-05_0800_ddr5-4800_threads-1-2-3-4-5-6-8-10-12-14-16-24_r5,nvidia_physx34,1,3,1,1,evaluated,0.10000000000000001,0,0,0,0,2,300,0,0,0,0,0.016666666666666666,0,0,0,0,0,upward_excursion,0.0082292556762695312,985,0,1,14,109.16510000000002,1180.6681000000001,contact-islands-safety-and-shape,terminal-1s-shape-0.10-edge
2026-10-05_0800_ddr5-4800_threads-1-2-3-4-5-6-8-10-12-14-16-24_r5,nvidia_physx34,1,3,1,1,evaluated,0.10000000000000001,0,0,0,0,2,300,0,0,0,0,0.016666666666666666,0,0,0,0,0,terminal_stack_shape_excess,0.027676730274013295,2999,0,2,300,109.16510000000002,1180.6681000000001,contact-islands-safety-and-shape,terminal-1s-shape-0.10-edge
2026-10-05_0800_ddr5-4800_threads-1-2-3-4-5-6-8-10-12-14-16-24_r5,nvidia_physx34,1,4,1,1,evaluated,0.10000000000000001,0,0,0,0,2,300,0,0,0,0,0.016666666666666666,0,0,0,0,0,rest_envelope,0.041644117227860988,179,0,2,28,106.34890000000001,1180.1400000000001,contact-islands-safety-and-shape,terminal-1s-shape-0.10-edge
2026-10-05_0800_ddr5-4800_threads-1-2-3-4-5-6-8-10-12-14-16-24_r5,nvidia_physx34,1,4,1,1,evaluated,0.10000000000000001,0,0,0,0,2,300,0,0,0,0,0.016666666666666666,0,0,0,0,0,upward_excursion,0.0082292556762695312,985,0,1,14,106.34890000000001,1180.1400000000001,contact-islands-safety-and-shape,terminal-1s-shape-0.10-edge
2026-10-05_0800_ddr5-4800_threads-1-2-3-4-5-6-8-10-12-14-16-24_r5,nvidia_physx34,1,4,1,1,evaluated,0.10000000000000001,0,0,0,0,2,300,0,0,0,0,0.016666666666666666,0,0,0,0,0,terminal_stack_shape_excess,0.027676730274013295,2999,0,2,300,106.34890000000001,1180.1400000000001,contact-islands-safety-and-shape,terminal-1s-shape-0.10-edge
2026-10-05_0800_ddr5-4800_threads-1-2-3-4-5-6-8-10-12-14-16-24_r5,nvidia_physx34,2,0,1,1,evaluated,0.10000000000000001,0,0,0,0,2,300,0,0,0,0,0.016666666666666666,0,0,0,0,0,rest_envelope,0.041644117227860988,179,0,2,28,99.263199999999884,1180.2666999999999,contact-islands-safety-and-shape,terminal-1s-shape-0.10-edge
2026-10-05_0800_ddr5-4800_threads-1-2-3-4-5-6-8-10-12-14-16-24_r5,nvidia_physx34,2,0,1,1,evaluated,0.10000000000000001,0,0,0,0,2,300,0,0,0,0,0.016666666666666666,0,0,0,0,0,upward_excursion,0.0082292556762695312,985,0,1,14,99.263199999999884,1180.2666999999999,contact-islands-safety-and-shape,terminal-1s-shape-0.10-edge
2026-10-05_0800_ddr5-4800_threads-1-2-3-4-5-6-8-10-12-14-16-24_r5,nvidia_physx34,2,0,1,1,evaluated,0.10000000000000001,0,0,0,0,2,300,0,0,0,0,0.016666666666666666,0,0,0,0,0,terminal_stack_shape_excess,0.027676730274013295,2999,0,2,300,99.263199999999884,1180.2666999999999,contact-islands-safety-and-shape,terminal-1s-shape-0.10-edge
2026-10-05_0800_ddr5-4800_threads-1-2-3-4-5-6-8-10-12-14-16-24_r5,nvidia_physx34,2,1,1,1,evaluated,0.10000000000000001,0,0,0,0,2,300,0,0,0,0,0.016666666666666666,0,0,0,0,0,rest_envelope,0.041644117227860988,179,0,2,28,103.13599999999997,1180.4489000000001,contact-islands-safety-and-shape,terminal-1s-shape-0.10-edge
2026-10-05_0800_ddr5-4800_threads-1-2-3-4-5-6-8-10-12-14-16-24_r5,nvidia_physx34,2,1,1,1,evaluated,0.10000000000000001,0,0,0,0,2,300,0,0,0,0,0.016666666666666666,0,0,0,0,0,upward_excursion,0.0082292556762695312,985,0,1,14,103.13599999999997,1180.4489000000001,contact-islands-safety-and-shape,terminal-1s-shape-0.10-edge
2026-10-05_0800_ddr5-4800_threads-1-2-3-4-5-6-8-10-12-14-16-24_r5,nvidia_physx34,2,1,1,1,evaluated,0.10000000000000001,0,0,0,0,2,300,0,0,0,0,0.016666666666666666,0,0,0,0,0,terminal_stack_shape_excess,0.027676730274013295,2999,0,2,300,103.13599999999997,1180.4489000000001,contact-islands-safety-and-shape,terminal-1s-shape-0.10-edge
2026-10-05_0800_ddr5-4800_threads-1-2-3-4-5-6-8-10-12-14-16-24_r5,nvidia_physx34,2,2,1,1,evaluated,0.10000000000000001,0,0,0,0,2,300,0,0,0,0,0.016666666666666666,0,0,0,0,0,rest_envelope,0.041644117227860988,179,0,2,28,100.88610000000004,1188.953,contact-islands-safety-and-shape,terminal-1s-shape-0.10-edge
2026-10-05_0800_ddr5-4800_threads-1-2-3-4-5-6-8-10-12-14-16-24_r5,nvidia_physx34,2,2,1,1,evaluated,0.10000000000000001,0,0,0,0,2,300,0,0,0,0,0.016666666666666666,0,0,0,0,0,upward_excursion,0.0082292556762695312,985,0,1,14,100.88610000000004,1188.953,contact-islands-safety-and-shape,terminal-1s-shape-0.10-edge
2026-10-05_0800_ddr5-4800_threads-1-2-3-4-5-6-8-10-12-14-16-24_r5,nvidia_physx34,2,2,1,1,evaluated,0.10000000000000001,0,0,0,0,2,300,0,0,0,0,0.016666666666666666,0,0,0,0,0,terminal_stack_shape_excess,0.027676730274013295,2999,0,2,300,100.88610000000004,1188.953,contact-islands-safety-and-shape,terminal-1s-shape-0.10-edge
2026-10-05_0800_ddr5-4800_threads-1-2-3-4-5-6-8-10-12-14-16-24_r5,nvidia_physx34,2,3,1,1,evaluated,0.10000000000000001,0,0,0,0,2,300,0,0,0,0,0.016666666666666666,0,0,0,0,0,rest_envelope,0.041644117227860988,179,0,2,28,111.17429999999999,1182.0427999999999,contact-islands-safety-and-shape,terminal-1s-shape-0.10-edge
2026-10-05_0800_ddr5-4800_threads-1-2-3-4-5-6-8-10-12-14-16-24_r5,nvidia_physx34,2,3,1,1,evaluated,0.10000000000000001,0,0,0,0,2,300,0,0,0,0,0.016666666666666666,0,0,0,0,0,upward_excursion,0.0082292556762695312,985,0,1,14,111.17429999999999,1182.0427999999999,contact-islands-safety-and-shape,terminal-1s-shape-0.10-edge
2026-10-05_0800_ddr5-4800_threads-1-2-3-4-5-6-8-10-12-14-16-24_r5,nvidia_physx34,2,3,1,1,evaluated,0.10000000000000001,0,0,0,0,2,300,0,0,0,0,0.016666666666666666,0,0,0,0,0,terminal_stack_shape_excess,0.027676730274013295,2999,0,2,300,111.17429999999999,1182.0427999999999,contact-islands-safety-and-shape,terminal-1s-shape-0.10-edge
2026-10-05_0800_ddr5-4800_threads-1-2-3-4-5-6-8-10-12-14-16-24_r5,nvidia_physx34,2,4,1,1,evaluated,0.10000000000000001,0,0,0,0,2,300,0,0,0,0,0.016666666666666666,0,0,0,0,0,rest_envelope,0.041644117227860988,179,0,2,28,108.8113,1181.0291999999999,contact-islands-safety-and-shape,terminal-1s-shape-0.10-edge
2026-10-05_0800_ddr5-4800_threads-1-2-3-4-5-6-8-10-12-14-16-24_r5,nvidia_physx34,2,4,1,1,evaluated,0.10000000000000001,0,0,0,0,2,300,0,0,0,0,0.016666666666666666,0,0,0,0,0,upward_excursion,0.0082292556762695312,985,0,1,14,108.8113,1181.0291999999999,contact-islands-safety-and-shape,terminal-1s-shape-0.10-edge
2026-10-05_0800_ddr5-4800_threads-1-2-3-4-5-6-8-10-12-14-16-24_r5,nvidia_physx34,2,4,1,1,evaluated,0.10000000000000001,0,0,0,0,2,300,0,0,0,0,0.016666666666666666,0,0,0,0,0,terminal_stack_shape_excess,0.027676730274013295,2999,0,2,300,108.8113,1181.0291999999999,contact-islands-safety-and-shape,terminal-1s-shape-0.10-edge
2026-10-05_0800_ddr5-4800_threads-1-2-3-4-5-6-8-10-12-14-16-24_r5,nvidia_physx34,3,0,1,1,evaluated,0.10000000000000001,0,0,0,0,2,300,0,0,0,0,0.016666666666666666,0,0,0,0,0,rest_envelope,0.041644117227860988,179,0,2,28,118.02329999999999,1181.0591999999999,contact-islands-safety-and-shape,terminal-1s-shape-0.10-edge
2026-10-05_0800_ddr5-4800_threads-1-2-3-4-5-6-8-10-12-14-16-24_r5,nvidia_physx34,3,0,1,1,evaluated,0.10000000000000001,0,0,0,0,2,300,0,0,0,0,0.016666666666666666,0,0,0,0,0,upward_excursion,0.0082292556762695312,985,0,1,14,118.02329999999999,1181.0591999999999,contact-islands-safety-and-shape,terminal-1s-shape-0.10-edge
2026-10-05_0800_ddr5-4800_threads-1-2-3-4-5-6-8-10-12-14-16-24_r5,nvidia_physx34,3,0,1,1,evaluated,0.10000000000000001,0,0,0,0,2,300,0,0,0,0,0.016666666666666666,0,0,0,0,0,terminal_stack_shape_excess,0.027676730274013295,2999,0,2,300,118.02329999999999,1181.0591999999999,contact-islands-safety-and-shape,terminal-1s-shape-0.10-edge
2026-10-05_0800_ddr5-4800_threads-1-2-3-4-5-6-8-10-12-14-16-24_r5,nvidia_physx34,3,1,1,1,evaluated,0.10000000000000001,0,0,0,0,2,300,0,0,0,0,0.016666666666666666,0,0,0,0,0,rest_envelope,0.041644117227860988,179,0,2,28,111.62140000000001,1180.6358,contact-islands-safety-and-shape,terminal-1s-shape-0.10-edge
2026-10-05_0800_ddr5-4800_threads-1-2-3-4-5-6-8-10-12-14-16-24_r5,nvidia_physx34,3,1,1,1,evaluated,0.10000000000000001,0,0,0,0,2,300,0,0,0,0,0.016666666666666666,0,0,0,0,0,upward_excursion,0.0082292556762695312,985,0,1,14,111.62140000000001,1180.6358,contact-islands-safety-and-shape,terminal-1s-shape-0.10-edge
2026-10-05_0800_ddr5-4800_threads-1-2-3-4-5-6-8-10-12-14-16-24_r5,nvidia_physx34,3,1,1,1,evaluated,0.10000000000000001,0,0,0,0,2,300,0,0,0,0,0.016666666666666666,0,0,0,0,0,terminal_stack_shape_excess,0.027676730274013295,2999,0,2,300,111.62140000000001,1180.6358,contact-islands-safety-and-shape,terminal-1s-shape-0.10-edge
2026-10-05_0800_ddr5-4800_threads-1-2-3-4-5-6-8-10-12-14-16-24_r5,nvidia_physx34,3,2,1,1,evaluated,0.10000000000000001,0,0,0,0,2,300,0,0,0,0,0.016666666666666666,0,0,0,0,0,rest_envelope,0.041644117227860988,179,0,2,28,107.51939999999998,1179.5574999999999,contact-islands-safety-and-shape,terminal-1s-shape-0.10-edge
2026-10-05_0800_ddr5-4800_threads-1-2-3-4-5-6-8-10-12-14-16-24_r5,nvidia_physx34,3,2,1,1,evaluated,0.10000000000000001,0,0,0,0,2,300,0,0,0,0,0.016666666666666666,0,0,0,0,0,upward_excursion,0.0082292556762695312,985,0,1,14,107.51939999999998,1179.5574999999999,contact-islands-safety-and-shape,terminal-1s-shape-0.10-edge
2026-10-05_0800_ddr5-4800_threads-1-2-3-4-5-6-8-10-12-14-16-24_r5,nvidia_physx34,3,2,1,1,evaluated,0.10000000000000001,0,0,0,0,2,300,0,0,0,0,0.016666666666666666,0,0,0,0,0,terminal_stack_shape_excess,0.027676730274013295,2999,0,2,300,107.51939999999998,1179.5574999999999,contact-islands-safety-and-shape,terminal-1s-shape-0.10-edge
2026-10-05_0800_ddr5-4800_threads-1-2-3-4-5-6-8-10-12-14-16-24_r5,nvidia_physx34,3,3,1,1,evaluated,0.10000000000000001,0,0,0,0,2,300,0,0,0,0,0.016666666666666666,0,0,0,0,0,rest_envelope,0.041644117227860988,179,0,2,28,113.66030000000005,1190.3490999999999,contact-islands-safety-and-shape,terminal-1s-shape-0.10-edge
2026-10-05_0800_ddr5-4800_threads-1-2-3-4-5-6-8-10-12-14-16-24_r5,nvidia_physx34,3,3,1,1,evaluated,0.10000000000000001,0,0,0,0,2,300,0,0,0,0,0.016666666666666666,0,0,0,0,0,upward_excursion,0.0082292556762695312,985,0,1,14,113.66030000000005,1190.3490999999999,contact-islands-safety-and-shape,terminal-1s-shape-0.10-edge
2026-10-05_0800_ddr5-4800_threads-1-2-3-4-5-6-8-10-12-14-16-24_r5,nvidia_physx34,3,3,1,1,evaluated,0.10000000000000001,0,0,0,0,2,300,0,0,0,0,0.016666666666666666,0,0,0,0,0,terminal_stack_shape_excess,0.027676730274013295,2999,0,2,300,113.66030000000005,1190.3490999999999,contact-islands-safety-and-shape,terminal-1s-shape-0.10-edge
2026-10-05_0800_ddr5-4800_threads-1-2-3-4-5-6-8-10-12-14-16-24_r5,nvidia_physx34,3,4,1,1,evaluated,0.10000000000000001,0,0,0,0,2,300,0,0,0,0,0.016666666666666666,0,0,0,0,0,rest_envelope,0.041644117227860988,179,0,2,28,110.03370000000002,1180.2493999999999,contact-islands-safety-and-shape,terminal-1s-shape-0.10-edge
2026-10-05_0800_ddr5-4800_threads-1-2-3-4-5-6-8-10-12-14-16-24_r5,nvidia_physx34,3,4,1,1,evaluated,0.10000000000000001,0,0,0,0,2,300,0,0,0,0,0.016666666666666666,0,0,0,0,0,upward_excursion,0.0082292556762695312,985,0,1,14,110.03370000000002,1180.2493999999999,contact-islands-safety-and-shape,terminal-1s-shape-0.10-edge
2026-10-05_0800_ddr5-4800_threads-1-2-3-4-5-6-8-10-12-14-16-24_r5,nvidia_physx34,3,4,1,1,evaluated,0.10000000000000001,0,0,0,0,2,300,0,0,0,0,0.016666666666666666,0,0,0,0,0,terminal_stack_shape_excess,0.027676730274013295,2999,0,2,300,110.03370000000002,1180.2493999999999,contact-islands-safety-and-shape,terminal-1s-shape-0.10-edge
2026-10-05_0800_ddr5-4800_threads-1-2-3-4-5-6-8-10-12-14-16-24_r5,nvidia_physx34,4,0,1,1,evaluated,0.10000000000000001,0,0,0,0,2,300,0,0,0,0,0.016666666666666666,0,0,0,0,0,rest_envelope,0.041644117227860988,179,0,2,28,111.01509999999999,1181.0106000000001,contact-islands-safety-and-shape,terminal-1s-shape-0.10-edge
2026-10-05_0800_ddr5-4800_threads-1-2-3-4-5-6-8-10-12-14-16-24_r5,nvidia_physx34,4,0,1,1,evaluated,0.10000000000000001,0,0,0,0,2,300,0,0,0,0,0.016666666666666666,0,0,0,0,0,upward_excursion,0.0082292556762695312,985,0,1,14,111.01509999999999,1181.0106000000001,contact-islands-safety-and-shape,terminal-1s-shape-0.10-edge
2026-10-05_0800_ddr5-4800_threads-1-2-3-4-5-6-8-10-12-14-16-24_r5,nvidia_physx34,4,0,1,1,evaluated,0.10000000000000001,0,0,0,0,2,300,0,0,0,0,0.016666666666666666,0,0,0,0,0,terminal_stack_shape_excess,0.027676730274013295,2999,0,2,300,111.01509999999999,1181.0106000000001,contact-islands-safety-and-shape,terminal-1s-shape-0.10-edge
2026-10-05_0800_ddr5-4800_threads-1-2-3-4-5-6-8-10-12-14-16-24_r5,nvidia_physx34,4,1,1,1,evaluated,0.10000000000000001,0,0,0,0,2,300,0,0,0,0,0.016666666666666666,0,0,0,0,0,rest_envelope,0.041644117227860988,179,0,2,28,114.80339999999993,1180.26,contact-islands-safety-and-shape,terminal-1s-shape-0.10-edge
2026-10-05_0800_ddr5-4800_threads-1-2-3-4-5-6-8-10-12-14-16-24_r5,nvidia_physx34,4,1,1,1,evaluated,0.10000000000000001,0,0,0,0,2,300,0,0,0,0,0.016666666666666666,0,0,0,0,0,upward_excursion,0.0082292556762695312,985,0,1,14,114.80339999999993,1180.26,contact-islands-safety-and-shape,terminal-1s-shape-0.10-edge
2026-10-05_0800_ddr5-4800_threads-1-2-3-4-5-6-8-10-12-14-16-24_r5,nvidia_physx34,4,1,1,1,evaluated,0.10000000000000001,0,0,0,0,2,300,0,0,0,0,0.016666666666666666,0,0,0,0,0,terminal_stack_shape_excess,0.027676730274013295,2999,0,2,300,114.80339999999993,1180.26,contact-islands-safety-and-shape,terminal-1s-shape-0.10-edge
2026-10-05_0800_ddr5-4800_threads-1-2-3-4-5-6-8-10-12-14-16-24_r5,nvidia_physx34,4,2,1,1,evaluated,0.10000000000000001,0,0,0,0,2,300,0,0,0,0,0.016666666666666666,0,0,0,0,0,rest_envelope,0.041644117227860988,179,0,2,28,118.06100000000006,1180.0205000000001,contact-islands-safety-and-shape,terminal-1s-shape-0.10-edge
2026-10-05_0800_ddr5-4800_threads-1-2-3-4-5-6-8-10-12-14-16-24_r5,nvidia_physx34,4,2,1,1,evaluated,0.10000000000000001,0,0,0,0,2,300,0,0,0,0,0.016666666666666666,0,0,0,0,0,upward_excursion,0.0082292556762695312,985,0,1,14,118.06100000000006,1180.0205000000001,contact-islands-safety-and-shape,terminal-1s-shape-0.10-edge
2026-10-05_0800_ddr5-4800_threads-1-2-3-4-5-6-8-10-12-14-16-24_r5,nvidia_physx34,4,2,1,1,evaluated,0.10000000000000001,0,0,0,0,2,300,0,0,0,0,0.016666666666666666,0,0,0,0,0,terminal_stack_shape_excess,0.027676730274013295,2999,0,2,300,118.06100000000006,1180.0205000000001,contact-islands-safety-and-shape,terminal-1s-shape-0.10-edge
2026-10-05_0800_ddr5-4800_threads-1-2-3-4-5-6-8-10-12-14-16-24_r5,nvidia_physx34,4,3,1,1,evaluated,0.10000000000000001,0,0,0,0,2,300,0,0,0,0,0.016666666666666666,0,0,0,0,0,rest_envelope,0.041644117227860988,179,0,2,28,113.45200000000004,1179.6271999999999,contact-islands-safety-and-shape,terminal-1s-shape-0.10-edge
2026-10-05_0800_ddr5-4800_threads-1-2-3-4-5-6-8-10-12-14-16-24_r5,nvidia_physx34,4,3,1,1,evaluated,0.10000000000000001,0,0,0,0,2,300,0,0,0,0,0.016666666666666666,0,0,0,0,0,upward_excursion,0.0082292556762695312,985,0,1,14,113.45200000000004,1179.6271999999999,contact-islands-safety-and-shape,terminal-1s-shape-0.10-edge
2026-10-05_0800_ddr5-4800_threads-1-2-3-4-5-6-8-10-12-14-16-24_r5,nvidia_physx34,4,3,1,1,evaluated,0.10000000000000001,0,0,0,0,2,300,0,0,0,0,0.016666666666666666,0,0,0,0,0,terminal_stack_shape_excess,0.027676730274013295,2999,0,2,300,113.45200000000004,1179.6271999999999,contact-islands-safety-and-shape,terminal-1s-shape-0.10-edge
2026-10-05_0800_ddr5-4800_threads-1-2-3-4-5-6-8-10-12-14-16-24_r5,nvidia_physx34,4,4,1,1,evaluated,0.10000000000000001,0,0,0,0,2,300,0,0,0,0,0.016666666666666666,0,0,0,0,0,rest_envelope,0.041644117227860988,179,0,2,28,115.33600000000001,1179.3108,contact-islands-safety-and-shape,terminal-1s-shape-0.10-edge
2026-10-05_0800_ddr5-4800_threads-1-2-3-4-5-6-8-10-12-14-16-24_r5,nvidia_physx34,4,4,1,1,evaluated,0.10000000000000001,0,0,0,0,2,300,0,0,0,0,0.016666666666666666,0,0,0,0,0,upward_excursion,0.0082292556762695312,985,0,1,14,115.33600000000001,1179.3108,contact-islands-safety-and-shape,terminal-1s-shape-0.10-edge
2026-10-05_0800_ddr5-4800_threads-1-2-3-4-5-6-8-10-12-14-16-24_r5,nvidia_physx34,4,4,1,1,evaluated,0.10000000000000001,0,0,0,0,2,300,0,0,0,0,0.016666666666666666,0,0,0,0,0,terminal_stack_shape_excess,0.027676730274013295,2999,0,2,300,115.33600000000001,1179.3108,contact-islands-safety-and-shape,terminal-1s-shape-0.10-edge
2026-10-05_0800_ddr5-4800_threads-1-2-3-4-5-6-8-10-12-14-16-24_r5,nvidia_physx34,5,0,1,1,evaluated,0.10000000000000001,0,0,0,0,2,300,0,0,0,0,0.016666666666666666,0,0,0,0,0,rest_envelope,0.041644117227860988,179,0,2,28,118.5397,1180.8181999999999,contact-islands-safety-and-shape,terminal-1s-shape-0.10-edge
2026-10-05_0800_ddr5-4800_threads-1-2-3-4-5-6-8-10-12-14-16-24_r5,nvidia_physx34,5,0,1,1,evaluated,0.10000000000000001,0,0,0,0,2,300,0,0,0,0,0.016666666666666666,0,0,0,0,0,upward_excursion,0.0082292556762695312,985,0,1,14,118.5397,1180.8181999999999,contact-islands-safety-and-shape,terminal-1s-shape-0.10-edge
2026-10-05_0800_ddr5-4800_threads-1-2-3-4-5-6-8-10-12-14-16-24_r5,nvidia_physx34,5,0,1,1,evaluated,0.10000000000000001,0,0,0,0,2,300,0,0,0,0,0.016666666666666666,0,0,0,0,0,terminal_stack_shape_excess,0.027676730274013295,2999,0,2,300,118.5397,1180.8181999999999,contact-islands-safety-and-shape,terminal-1s-shape-0.10-edge
2026-10-05_0800_ddr5-4800_threads-1-2-3-4-5-6-8-10-12-14-16-24_r5,nvidia_physx34,5,1,1,1,evaluated,0.10000000000000001,0,0,0,0,2,300,0,0,0,0,0.016666666666666666,0,0,0,0,0,rest_envelope,0.041644117227860988,179,0,2,28,111.44019999999995,1180.0147999999999,contact-islands-safety-and-shape,terminal-1s-shape-0.10-edge
2026-10-05_0800_ddr5-4800_threads-1-2-3-4-5-6-8-10-12-14-16-24_r5,nvidia_physx34,5,1,1,1,evaluated,0.10000000000000001,0,0,0,0,2,300,0,0,0,0,0.016666666666666666,0,0,0,0,0,upward_excursion,0.0082292556762695312,985,0,1,14,111.44019999999995,1180.0147999999999,contact-islands-safety-and-shape,terminal-1s-shape-0.10-edge
2026-10-05_0800_ddr5-4800_threads-1-2-3-4-5-6-8-10-12-14-16-24_r5,nvidia_physx34,5,1,1,1,evaluated,0.10000000000000001,0,0,0,0,2,300,0,0,0,0,0.016666666666666666,0,0,0,0,0,terminal_stack_shape_excess,0.027676730274013295,2999,0,2,300,111.44019999999995,1180.0147999999999,contact-islands-safety-and-shape,terminal-1s-shape-0.10-edge
2026-10-05_0800_ddr5-4800_threads-1-2-3-4-5-6-8-10-12-14-16-24_r5,nvidia_physx34,5,2,1,1,evaluated,0.10000000000000001,0,0,0,0,2,300,0,0,0,0,0.016666666666666666,0,0,0,0,0,rest_envelope,0.041644117227860988,179,0,2,28,106.57460000000005,1186.9717000000001,contact-islands-safety-and-shape,terminal-1s-shape-0.10-edge
2026-10-05_0800_ddr5-4800_threads-1-2-3-4-5-6-8-10-12-14-16-24_r5,nvidia_physx34,5,2,1,1,evaluated,0.10000000000000001,0,0,0,0,2,300,0,0,0,0,0.016666666666666666,0,0,0,0,0,upward_excursion,0.0082292556762695312,985,0,1,14,106.57460000000005,1186.9717000000001,contact-islands-safety-and-shape,terminal-1s-shape-0.10-edge
2026-10-05_0800_ddr5-4800_threads-1-2-3-4-5-6-8-10-12-14-16-24_r5,nvidia_physx34,5,2,1,1,evaluated,0.10000000000000001,0,0,0,0,2,300,0,0,0,0,0.016666666666666666,0,0,0,0,0,terminal_stack_shape_excess,0.027676730274013295,2999,0,2,300,106.57460000000005,1186.9717000000001,contact-islands-safety-and-shape,terminal-1s-shape-0.10-edge
2026-10-05_0800_ddr5-4800_threads-1-2-3-4-5-6-8-10-12-14-16-24_r5,nvidia_physx34,5,3,1,1,evaluated,0.10000000000000001,0,0,0,0,2,300,0,0,0,0,0.016666666666666666,0,0,0,0,0,rest_envelope,0.041644117227860988,179,0,2,28,113.00460000000007,1187.4422999999999,contact-islands-safety-and-shape,terminal-1s-shape-0.10-edge
2026-10-05_0800_ddr5-4800_threads-1-2-3-4-5-6-8-10-12-14-16-24_r5,nvidia_physx34,5,3,1,1,evaluated,0.10000000000000001,0,0,0,0,2,300,0,0,0,0,0.016666666666666666,0,0,0,0,0,upward_excursion,0.0082292556762695312,985,0,1,14,113.00460000000007,1187.4422999999999,contact-islands-safety-and-shape,terminal-1s-shape-0.10-edge
2026-10-05_0800_ddr5-4800_threads-1-2-3-4-5-6-8-10-12-14-16-24_r5,nvidia_physx34,5,3,1,1,evaluated,0.10000000000000001,0,0,0,0,2,300,0,0,0,0,0.016666666666666666,0,0,0,0,0,terminal_stack_shape_excess,0.027676730274013295,2999,0,2,300,113.00460000000007,1187.4422999999999,contact-islands-safety-and-shape,terminal-1s-shape-0.10-edge
2026-10-05_0800_ddr5-4800_threads-1-2-3-4-5-6-8-10-12-14-16-24_r5,nvidia_physx34,5,4,1,1,evaluated,0.10000000000000001,0,0,0,0,2,300,0,0,0,0,0.016666666666666666,0,0,0,0,0,rest_envelope,0.041644117227860988,179,0,2,28,113.14580000000008,1183.0174,contact-islands-safety-and-shape,terminal-1s-shape-0.10-edge
2026-10-05_0800_ddr5-4800_threads-1-2-3-4-5-6-8-10-12-14-16-24_r5,nvidia_physx34,5,4,1,1,evaluated,0.10000000000000001,0,0,0,0,2,300,0,0,0,0,0.016666666666666666,0,0,0,0,0,upward_excursion,0.0082292556762695312,985,0,1,14,113.14580000000008,1183.0174,contact-islands-safety-and-shape,terminal-1s-shape-0.10-edge
2026-10-05_0800_ddr5-4800_threads-1-2-3-4-5-6-8-10-12-14-16-24_r5,nvidia_physx34,5,4,1,1,evaluated,0.10000000000000001,0,0,0,0,2,300,0,0,0,0,0.016666666666666666,0,0,0,0,0,terminal_stack_shape_excess,0.027676730274013295,2999,0,2,300,113.14580000000008,1183.0174,contact-islands-safety-and-shape,terminal-1s-shape-0.10-edge
2026-10-05_0800_ddr5-4800_threads-1-2-3-4-5-6-8-10-12-14-16-24_r5,nvidia_physx34,6,0,1,1,evaluated,0.10000000000000001,0,0,0,0,2,300,0,0,0,0,0.016666666666666666,0,0,0,0,0,rest_envelope,0.041644117227860988,179,0,2,28,127.22279999999996,1181.2619999999999,contact-islands-safety-and-shape,terminal-1s-shape-0.10-edge
2026-10-05_0800_ddr5-4800_threads-1-2-3-4-5-6-8-10-12-14-16-24_r5,nvidia_physx34,6,0,1,1,evaluated,0.10000000000000001,0,0,0,0,2,300,0,0,0,0,0.016666666666666666,0,0,0,0,0,upward_excursion,0.0082292556762695312,985,0,1,14,127.22279999999996,1181.2619999999999,contact-islands-safety-and-shape,terminal-1s-shape-0.10-edge
2026-10-05_0800_ddr5-4800_threads-1-2-3-4-5-6-8-10-12-14-16-24_r5,nvidia_physx34,6,0,1,1,evaluated,0.10000000000000001,0,0,0,0,2,300,0,0,0,0,0.016666666666666666,0,0,0,0,0,terminal_stack_shape_excess,0.027676730274013295,2999,0,2,300,127.22279999999996,1181.2619999999999,contact-islands-safety-and-shape,terminal-1s-shape-0.10-edge
2026-10-05_0800_ddr5-4800_threads-1-2-3-4-5-6-8-10-12-14-16-24_r5,nvidia_physx34,6,1,1,1,evaluated,0.10000000000000001,0,0,0,0,2,300,0,0,0,0,0.016666666666666666,0,0,0,0,0,rest_envelope,0.041644117227860988,179,0,2,28,129.70750000000001,1178.2493999999999,contact-islands-safety-and-shape,terminal-1s-shape-0.10-edge
2026-10-05_0800_ddr5-4800_threads-1-2-3-4-5-6-8-10-12-14-16-24_r5,nvidia_physx34,6,1,1,1,evaluated,0.10000000000000001,0,0,0,0,2,300,0,0,0,0,0.016666666666666666,0,0,0,0,0,upward_excursion,0.0082292556762695312,985,0,1,14,129.70750000000001,1178.2493999999999,contact-islands-safety-and-shape,terminal-1s-shape-0.10-edge
2026-10-05_0800_ddr5-4800_threads-1-2-3-4-5-6-8-10-12-14-16-24_r5,nvidia_physx34,6,1,1,1,evaluated,0.10000000000000001,0,0,0,0,2,300,0,0,0,0,0.016666666666666666,0,0,0,0,0,terminal_stack_shape_excess,0.027676730274013295,2999,0,2,300,129.70750000000001,1178.2493999999999,contact-islands-safety-and-shape,terminal-1s-shape-0.10-edge
2026-10-05_0800_ddr5-4800_threads-1-2-3-4-5-6-8-10-12-14-16-24_r5,nvidia_physx34,6,2,1,1,evaluated,0.10000000000000001,0,0,0,0,2,300,0,0,0,0,0.016666666666666666,0,0,0,0,0,rest_envelope,0.041644117227860988,179,0,2,28,117.84840000000004,1180.7475999999999,contact-islands-safety-and-shape,terminal-1s-shape-0.10-edge
2026-10-05_0800_ddr5-4800_threads-1-2-3-4-5-6-8-10-12-14-16-24_r5,nvidia_physx34,6,2,1,1,evaluated,0.10000000000000001,0,0,0,0,2,300,0,0,0,0,0.016666666666666666,0,0,0,0,0,upward_excursion,0.0082292556762695312,985,0,1,14,117.84840000000004,1180.7475999999999,contact-islands-safety-and-shape,terminal-1s-shape-0.10-edge
2026-10-05_0800_ddr5-4800_threads-1-2-3-4-5-6-8-10-12-14-16-24_r5,nvidia_physx34,6,2,1,1,evaluated,0.10000000000000001,0,0,0,0,2,300,0,0,0,0,0.016666666666666666,0,0,0,0,0,terminal_stack_shape_excess,0.027676730274013295,2999,0,2,300,117.84840000000004,1180.7475999999999,contact-islands-safety-and-shape,terminal-1s-shape-0.10-edge
2026-10-05_0800_ddr5-4800_threads-1-2-3-4-5-6-8-10-12-14-16-24_r5,nvidia_physx34,6,3,1,1,evaluated,0.10000000000000001,0,0,0,0,2,300,0,0,0,0,0.016666666666666666,0,0,0,0,0,rest_envelope,0.041644117227860988,179,0,2,28,119.47549999999995,1180.3206,contact-islands-safety-and-shape,terminal-1s-shape-0.10-edge
2026-10-05_0800_ddr5-4800_threads-1-2-3-4-5-6-8-10-12-14-16-24_r5,nvidia_physx34,6,3,1,1,evaluated,0.10000000000000001,0,0,0,0,2,300,0,0,0,0,0.016666666666666666,0,0,0,0,0,upward_excursion,0.0082292556762695312,985,0,1,14,119.47549999999995,1180.3206,contact-islands-safety-and-shape,terminal-1s-shape-0.10-edge
2026-10-05_0800_ddr5-4800_threads-1-2-3-4-5-6-8-10-12-14-16-24_r5,nvidia_physx34,6,3,1,1,evaluated,0.10000000000000001,0,0,0,0,2,300,0,0,0,0,0.016666666666666666,0,0,0,0,0,terminal_stack_shape_excess,0.027676730274013295,2999,0,2,300,119.47549999999995,1180.3206,contact-islands-safety-and-shape,terminal-1s-shape-0.10-edge
2026-10-05_0800_ddr5-4800_threads-1-2-3-4-5-6-8-10-12-14-16-24_r5,nvidia_physx34,6,4,1,1,evaluated,0.10000000000000001,0,0,0,0,2,300,0,0,0,0,0.016666666666666666,0,0,0,0,0,rest_envelope,0.041644117227860988,179,0,2,28,120.83439999999999,1183.3680999999999,contact-islands-safety-and-shape,terminal-1s-shape-0.10-edge
2026-10-05_0800_ddr5-4800_threads-1-2-3-4-5-6-8-10-12-14-16-24_r5,nvidia_physx34,6,4,1,1,evaluated,0.10000000000000001,0,0,0,0,2,300,0,0,0,0,0.016666666666666666,0,0,0,0,0,upward_excursion,0.0082292556762695312,985,0,1,14,120.83439999999999,1183.3680999999999,contact-islands-safety-and-shape,terminal-1s-shape-0.10-edge
2026-10-05_0800_ddr5-4800_threads-1-2-3-4-5-6-8-10-12-14-16-24_r5,nvidia_physx34,6,4,1,1,evaluated,0.10000000000000001,0,0,0,0,2,300,0,0,0,0,0.016666666666666666,0,0,0,0,0,terminal_stack_shape_excess,0.027676730274013295,2999,0,2,300,120.83439999999999,1183.3680999999999,contact-islands-safety-and-shape,terminal-1s-shape-0.10-edge
2026-10-05_0800_ddr5-4800_threads-1-2-3-4-5-6-8-10-12-14-16-24_r5,nvidia_physx34,8,0,1,1,evaluated,0.10000000000000001,0,0,0,0,2,300,0,0,0,0,0.016666666666666666,0,0,0,0,0,rest_envelope,0.041644117227860988,179,0,2,28,134.3463000000001,1180.4100000000001,contact-islands-safety-and-shape,terminal-1s-shape-0.10-edge
2026-10-05_0800_ddr5-4800_threads-1-2-3-4-5-6-8-10-12-14-16-24_r5,nvidia_physx34,8,0,1,1,evaluated,0.10000000000000001,0,0,0,0,2,300,0,0,0,0,0.016666666666666666,0,0,0,0,0,upward_excursion,0.0082292556762695312,985,0,1,14,134.3463000000001,1180.4100000000001,contact-islands-safety-and-shape,terminal-1s-shape-0.10-edge
2026-10-05_0800_ddr5-4800_threads-1-2-3-4-5-6-8-10-12-14-16-24_r5,nvidia_physx34,8,0,1,1,evaluated,0.10000000000000001,0,0,0,0,2,300,0,0,0,0,0.016666666666666666,0,0,0,0,0,terminal_stack_shape_excess,0.027676730274013295,2999,0,2,300,134.3463000000001,1180.4100000000001,contact-islands-safety-and-shape,terminal-1s-shape-0.10-edge
2026-10-05_0800_ddr5-4800_threads-1-2-3-4-5-6-8-10-12-14-16-24_r5,nvidia_physx34,8,1,1,1,evaluated,0.10000000000000001,0,0,0,0,2,300,0,0,0,0,0.016666666666666666,0,0,0,0,0,rest_envelope,0.041644117227860988,179,0,2,28,125.30430000000003,1179.0214000000001,contact-islands-safety-and-shape,terminal-1s-shape-0.10-edge
2026-10-05_0800_ddr5-4800_threads-1-2-3-4-5-6-8-10-12-14-16-24_r5,nvidia_physx34,8,1,1,1,evaluated,0.10000000000000001,0,0,0,0,2,300,0,0,0,0,0.016666666666666666,0,0,0,0,0,upward_excursion,0.0082292556762695312,985,0,1,14,125.30430000000003,1179.0214000000001,contact-islands-safety-and-shape,terminal-1s-shape-0.10-edge
2026-10-05_0800_ddr5-4800_threads-1-2-3-4-5-6-8-10-12-14-16-24_r5,nvidia_physx34,8,1,1,1,evaluated,0.10000000000000001,0,0,0,0,2,300,0,0,0,0,0.016666666666666666,0,0,0,0,0,terminal_stack_shape_excess,0.027676730274013295,2999,0,2,300,125.30430000000003,1179.0214000000001,contact-islands-safety-and-shape,terminal-1s-shape-0.10-edge
2026-10-05_0800_ddr5-4800_threads-1-2-3-4-5-6-8-10-12-14-16-24_r5,nvidia_physx34,8,2,1,1,evaluated,0.10000000000000001,0,0,0,0,2,300,0,0,0,0,0.016666666666666666,0,0,0,0,0,rest_envelope,0.041644117227860988,179,0,2,28,133.65129999999999,1181.8235,contact-islands-safety-and-shape,terminal-1s-shape-0.10-edge
2026-10-05_0800_ddr5-4800_threads-1-2-3-4-5-6-8-10-12-14-16-24_r5,nvidia_physx34,8,2,1,1,evaluated,0.10000000000000001,0,0,0,0,2,300,0,0,0,0,0.016666666666666666,0,0,0,0,0,upward_excursion,0.0082292556762695312,985,0,1,14,133.65129999999999,1181.8235,contact-islands-safety-and-shape,terminal-1s-shape-0.10-edge
2026-10-05_0800_ddr5-4800_threads-1-2-3-4-5-6-8-10-12-14-16-24_r5,nvidia_physx34,8,2,1,1,evaluated,0.10000000000000001,0,0,0,0,2,300,0,0,0,0,0.016666666666666666,0,0,0,0,0,terminal_stack_shape_excess,0.027676730274013295,2999,0,2,300,133.65129999999999,1181.8235,contact-islands-safety-and-shape,terminal-1s-shape-0.10-edge
2026-10-05_0800_ddr5-4800_threads-1-2-3-4-5-6-8-10-12-14-16-24_r5,nvidia_physx34,8,3,1,1,evaluated,0.10000000000000001,0,0,0,0,2,300,0,0,0,0,0.016666666666666666,0,0,0,0,0,rest_envelope,0.041644117227860988,179,0,2,28,125.66159999999999,1188.6264000000001,contact-islands-safety-and-shape,terminal-1s-shape-0.10-edge
2026-10-05_0800_ddr5-4800_threads-1-2-3-4-5-6-8-10-12-14-16-24_r5,nvidia_physx34,8,3,1,1,evaluated,0.10000000000000001,0,0,0,0,2,300,0,0,0,0,0.016666666666666666,0,0,0,0,0,upward_excursion,0.0082292556762695312,985,0,1,14,125.66159999999999,1188.6264000000001,contact-islands-safety-and-shape,terminal-1s-shape-0.10-edge
2026-10-05_0800_ddr5-4800_threads-1-2-3-4-5-6-8-10-12-14-16-24_r5,nvidia_physx34,8,3,1,1,evaluated,0.10000000000000001,0,0,0,0,2,300,0,0,0,0,0.016666666666666666,0,0,0,0,0,terminal_stack_shape_excess,0.027676730274013295,2999,0,2,300,125.66159999999999,1188.6264000000001,contact-islands-safety-and-shape,terminal-1s-shape-0.10-edge
2026-10-05_0800_ddr5-4800_threads-1-2-3-4-5-6-8-10-12-14-16-24_r5,nvidia_physx34,8,4,1,1,evaluated,0.10000000000000001,0,0,0,0,2,300,0,0,0,0,0.016666666666666666,0,0,0,0,0,rest_envelope,0.041644117227860988,179,0,2,28,124.85930000000006,1179.9440999999999,contact-islands-safety-and-shape,terminal-1s-shape-0.10-edge
2026-10-05_0800_ddr5-4800_threads-1-2-3-4-5-6-8-10-12-14-16-24_r5,nvidia_physx34,8,4,1,1,evaluated,0.10000000000000001,0,0,0,0,2,300,0,0,0,0,0.016666666666666666,0,0,0,0,0,upward_excursion,0.0082292556762695312,985,0,1,14,124.85930000000006,1179.9440999999999,contact-islands-safety-and-shape,terminal-1s-shape-0.10-edge
2026-10-05_0800_ddr5-4800_threads-1-2-3-4-5-6-8-10-12-14-16-24_r5,nvidia_physx34,8,4,1,1,evaluated,0.10000000000000001,0,0,0,0,2,300,0,0,0,0,0.016666666666666666,0,0,0,0,0,terminal_stack_shape_excess,0.027676730274013295,2999,0,2,300,124.85930000000006,1179.9440999999999,contact-islands-safety-and-shape,terminal-1s-shape-0.10-edge
2026-10-05_0800_ddr5-4800_threads-1-2-3-4-5-6-8-10-12-14-16-24_r5,nvidia_physx34,10,0,1,1,evaluated,0.10000000000000001,0,0,0,0,2,300,0,0,0,0,0.016666666666666666,0,0,0,0,0,rest_envelope,0.041644117227860988,179,0,2,28,134.41090000000005,1179.1677999999999,contact-islands-safety-and-shape,terminal-1s-shape-0.10-edge
2026-10-05_0800_ddr5-4800_threads-1-2-3-4-5-6-8-10-12-14-16-24_r5,nvidia_physx34,10,0,1,1,evaluated,0.10000000000000001,0,0,0,0,2,300,0,0,0,0,0.016666666666666666,0,0,0,0,0,upward_excursion,0.0082292556762695312,985,0,1,14,134.41090000000005,1179.1677999999999,contact-islands-safety-and-shape,terminal-1s-shape-0.10-edge
2026-10-05_0800_ddr5-4800_threads-1-2-3-4-5-6-8-10-12-14-16-24_r5,nvidia_physx34,10,0,1,1,evaluated,0.10000000000000001,0,0,0,0,2,300,0,0,0,0,0.016666666666666666,0,0,0,0,0,terminal_stack_shape_excess,0.027676730274013295,2999,0,2,300,134.41090000000005,1179.1677999999999,contact-islands-safety-and-shape,terminal-1s-shape-0.10-edge
2026-10-05_0800_ddr5-4800_threads-1-2-3-4-5-6-8-10-12-14-16-24_r5,nvidia_physx34,10,1,1,1,evaluated,0.10000000000000001,0,0,0,0,2,300,0,0,0,0,0.016666666666666666,0,0,0,0,0,rest_envelope,0.041644117227860988,179,0,2,28,143.5889,1177.8643999999999,contact-islands-safety-and-shape,terminal-1s-shape-0.10-edge
2026-10-05_0800_ddr5-4800_threads-1-2-3-4-5-6-8-10-12-14-16-24_r5,nvidia_physx34,10,1,1,1,evaluated,0.10000000000000001,0,0,0,0,2,300,0,0,0,0,0.016666666666666666,0,0,0,0,0,upward_excursion,0.0082292556762695312,985,0,1,14,143.5889,1177.8643999999999,contact-islands-safety-and-shape,terminal-1s-shape-0.10-edge
2026-10-05_0800_ddr5-4800_threads-1-2-3-4-5-6-8-10-12-14-16-24_r5,nvidia_physx34,10,1,1,1,evaluated,0.10000000000000001,0,0,0,0,2,300,0,0,0,0,0.016666666666666666,0,0,0,0,0,terminal_stack_shape_excess,0.027676730274013295,2999,0,2,300,143.5889,1177.8643999999999,contact-islands-safety-and-shape,terminal-1s-shape-0.10-edge
2026-10-05_0800_ddr5-4800_threads-1-2-3-4-5-6-8-10-12-14-16-24_r5,nvidia_physx34,10,2,1,1,evaluated,0.10000000000000001,0,0,0,0,2,300,0,0,0,0,0.016666666666666666,0,0,0,0,0,rest_envelope,0.041644117227860988,179,0,2,28,134.31450000000001,1179.3378,contact-islands-safety-and-shape,terminal-1s-shape-0.10-edge
2026-10-05_0800_ddr5-4800_threads-1-2-3-4-5-6-8-10-12-14-16-24_r5,nvidia_physx34,10,2,1,1,evaluated,0.10000000000000001,0,0,0,0,2,300,0,0,0,0,0.016666666666666666,0,0,0,0,0,upward_excursion,0.0082292556762695312,985,0,1,14,134.31450000000001,1179.3378,contact-islands-safety-and-shape,terminal-1s-shape-0.10-edge
2026-10-05_0800_ddr5-4800_threads-1-2-3-4-5-6-8-10-12-14-16-24_r5,nvidia_physx34,10,2,1,1,evaluated,0.10000000000000001,0,0,0,0,2,300,0,0,0,0,0.016666666666666666,0,0,0,0,0,terminal_stack_shape_excess,0.027676730274013295,2999,0,2,300,134.31450000000001,1179.3378,contact-islands-safety-and-shape,terminal-1s-shape-0.10-edge
2026-10-05_0800_ddr5-4800_threads-1-2-3-4-5-6-8-10-12-14-16-24_r5,nvidia_physx34,10,3,1,1,evaluated,0.10000000000000001,0,0,0,0,2,300,0,0,0,0,0.016666666666666666,0,0,0,0,0,rest_envelope,0.041644117227860988,179,0,2,28,142.88869999999994,1181.3344,contact-islands-safety-and-shape,terminal-1s-shape-0.10-edge
2026-10-05_0800_ddr5-4800_threads-1-2-3-4-5-6-8-10-12-14-16-24_r5,nvidia_physx34,10,3,1,1,evaluated,0.10000000000000001,0,0,0,0,2,300,0,0,0,0,0.016666666666666666,0,0,0,0,0,upward_excursion,0.0082292556762695312,985,0,1,14,142.88869999999994,1181.3344,contact-islands-safety-and-shape,terminal-1s-shape-0.10-edge
2026-10-05_0800_ddr5-4800_threads-1-2-3-4-5-6-8-10-12-14-16-24_r5,nvidia_physx34,10,3,1,1,evaluated,0.10000000000000001,0,0,0,0,2,300,0,0,0,0,0.016666666666666666,0,0,0,0,0,terminal_stack_shape_excess,0.027676730274013295,2999,0,2,300,142.88869999999994,1181.3344,contact-islands-safety-and-shape,terminal-1s-shape-0.10-edge
2026-10-05_0800_ddr5-4800_threads-1-2-3-4-5-6-8-10-12-14-16-24_r5,nvidia_physx34,10,4,1,1,evaluated,0.10000000000000001,0,0,0,0,2,300,0,0,0,0,0.016666666666666666,0,0,0,0,0,rest_envelope,0.041644117227860988,179,0,2,28,143.65980000000002,1180.4070999999999,contact-islands-safety-and-shape,terminal-1s-shape-0.10-edge
2026-10-05_0800_ddr5-4800_threads-1-2-3-4-5-6-8-10-12-14-16-24_r5,nvidia_physx34,10,4,1,1,evaluated,0.10000000000000001,0,0,0,0,2,300,0,0,0,0,0.016666666666666666,0,0,0,0,0,upward_excursion,0.0082292556762695312,985,0,1,14,143.65980000000002,1180.4070999999999,contact-islands-safety-and-shape,terminal-1s-shape-0.10-edge
2026-10-05_0800_ddr5-4800_threads-1-2-3-4-5-6-8-10-12-14-16-24_r5,nvidia_physx34,10,4,1,1,evaluated,0.10000000000000001,0,0,0,0,2,300,0,0,0,0,0.016666666666666666,0,0,0,0,0,terminal_stack_shape_excess,0.027676730274013295,2999,0,2,300,143.65980000000002,1180.4070999999999,contact-islands-safety-and-shape,terminal-1s-shape-0.10-edge
2026-10-05_0800_ddr5-4800_threads-1-2-3-4-5-6-8-10-12-14-16-24_r5,nvidia_physx34,12,0,1,1,evaluated,0.10000000000000001,0,0,0,0,2,300,0,0,0,0,0.016666666666666666,0,0,0,0,0,rest_envelope,0.041644117227860988,179,0,2,28,142.52969999999999,1181.0374999999999,contact-islands-safety-and-shape,terminal-1s-shape-0.10-edge
2026-10-05_0800_ddr5-4800_threads-1-2-3-4-5-6-8-10-12-14-16-24_r5,nvidia_physx34,12,0,1,1,evaluated,0.10000000000000001,0,0,0,0,2,300,0,0,0,0,0.016666666666666666,0,0,0,0,0,upward_excursion,0.0082292556762695312,985,0,1,14,142.52969999999999,1181.0374999999999,contact-islands-safety-and-shape,terminal-1s-shape-0.10-edge
2026-10-05_0800_ddr5-4800_threads-1-2-3-4-5-6-8-10-12-14-16-24_r5,nvidia_physx34,12,0,1,1,evaluated,0.10000000000000001,0,0,0,0,2,300,0,0,0,0,0.016666666666666666,0,0,0,0,0,terminal_stack_shape_excess,0.027676730274013295,2999,0,2,300,142.52969999999999,1181.0374999999999,contact-islands-safety-and-shape,terminal-1s-shape-0.10-edge
2026-10-05_0800_ddr5-4800_threads-1-2-3-4-5-6-8-10-12-14-16-24_r5,nvidia_physx34,12,1,1,1,evaluated,0.10000000000000001,0,0,0,0,2,300,0,0,0,0,0.016666666666666666,0,0,0,0,0,rest_envelope,0.041644117227860988,179,0,2,28,135.62560000000005,1182.6614,contact-islands-safety-and-shape,terminal-1s-shape-0.10-edge
2026-10-05_0800_ddr5-4800_threads-1-2-3-4-5-6-8-10-12-14-16-24_r5,nvidia_physx34,12,1,1,1,evaluated,0.10000000000000001,0,0,0,0,2,300,0,0,0,0,0.016666666666666666,0,0,0,0,0,upward_excursion,0.0082292556762695312,985,0,1,14,135.62560000000005,1182.6614,contact-islands-safety-and-shape,terminal-1s-shape-0.10-edge
2026-10-05_0800_ddr5-4800_threads-1-2-3-4-5-6-8-10-12-14-16-24_r5,nvidia_physx34,12,1,1,1,evaluated,0.10000000000000001,0,0,0,0,2,300,0,0,0,0,0.016666666666666666,0,0,0,0,0,terminal_stack_shape_excess,0.027676730274013295,2999,0,2,300,135.62560000000005,1182.6614,contact-islands-safety-and-shape,terminal-1s-shape-0.10-edge
2026-10-05_0800_ddr5-4800_threads-1-2-3-4-5-6-8-10-12-14-16-24_r5,nvidia_physx34,12,2,1,1,evaluated,0.10000000000000001,0,0,0,0,2,300,0,0,0,0,0.016666666666666666,0,0,0,0,0,rest_envelope,0.041644117227860988,179,0,2,28,140.3189000000001,1178.3614,contact-islands-safety-and-shape,terminal-1s-shape-0.10-edge
2026-10-05_0800_ddr5-4800_threads-1-2-3-4-5-6-8-10-12-14-16-24_r5,nvidia_physx34,12,2,1,1,evaluated,0.10000000000000001,0,0,0,0,2,300,0,0,0,0,0.016666666666666666,0,0,0,0,0,upward_excursion,0.0082292556762695312,985,0,1,14,140.3189000000001,1178.3614,contact-islands-safety-and-shape,terminal-1s-shape-0.10-edge
2026-10-05_0800_ddr5-4800_threads-1-2-3-4-5-6-8-10-12-14-16-24_r5,nvidia_physx34,12,2,1,1,evaluated,0.10000000000000001,0,0,0,0,2,300,0,0,0,0,0.016666666666666666,0,0,0,0,0,terminal_stack_shape_excess,0.027676730274013295,2999,0,2,300,140.3189000000001,1178.3614,contact-islands-safety-and-shape,terminal-1s-shape-0.10-edge
2026-10-05_0800_ddr5-4800_threads-1-2-3-4-5-6-8-10-12-14-16-24_r5,nvidia_physx34,12,3,1,1,evaluated,0.10000000000000001,0,0,0,0,2,300,0,0,0,0,0.016666666666666666,0,0,0,0,0,rest_envelope,0.041644117227860988,179,0,2,28,142.08120000000005,1183.0219,contact-islands-safety-and-shape,terminal-1s-shape-0.10-edge
2026-10-05_0800_ddr5-4800_threads-1-2-3-4-5-6-8-10-12-14-16-24_r5,nvidia_physx34,12,3,1,1,evaluated,0.10000000000000001,0,0,0,0,2,300,0,0,0,0,0.016666666666666666,0,0,0,0,0,upward_excursion,0.0082292556762695312,985,0,1,14,142.08120000000005,1183.0219,contact-islands-safety-and-shape,terminal-1s-shape-0.10-edge
2026-10-05_0800_ddr5-4800_threads-1-2-3-4-5-6-8-10-12-14-16-24_r5,nvidia_physx34,12,3,1,1,evaluated,0.10000000000000001,0,0,0,0,2,300,0,0,0,0,0.016666666666666666,0,0,0,0,0,terminal_stack_shape_excess,0.027676730274013295,2999,0,2,300,142.08120000000005,1183.0219,contact-islands-safety-and-shape,terminal-1s-shape-0.10-edge
2026-10-05_0800_ddr5-4800_threads-1-2-3-4-5-6-8-10-12-14-16-24_r5,nvidia_physx34,12,4,1,1,evaluated,0.10000000000000001,0,0,0,0,2,300,0,0,0,0,0.016666666666666666,0,0,0,0,0,rest_envelope,0.041644117227860988,179,0,2,28,143.58130000000003,1180.2784999999999,contact-islands-safety-and-shape,terminal-1s-shape-0.10-edge
2026-10-05_0800_ddr5-4800_threads-1-2-3-4-5-6-8-10-12-14-16-24_r5,nvidia_physx34,12,4,1,1,evaluated,0.10000000000000001,0,0,0,0,2,300,0,0,0,0,0.016666666666666666,0,0,0,0,0,upward_excursion,0.0082292556762695312,985,0,1,14,143.58130000000003,1180.2784999999999,contact-islands-safety-and-shape,terminal-1s-shape-0.10-edge
2026-10-05_0800_ddr5-4800_threads-1-2-3-4-5-6-8-10-12-14-16-24_r5,nvidia_physx34,12,4,1,1,evaluated,0.10000000000000001,0,0,0,0,2,300,0,0,0,0,0.016666666666666666,0,0,0,0,0,terminal_stack_shape_excess,0.027676730274013295,2999,0,2,300,143.58130000000003,1180.2784999999999,contact-islands-safety-and-shape,terminal-1s-shape-0.10-edge
2026-10-05_0800_ddr5-4800_threads-1-2-3-4-5-6-8-10-12-14-16-24_r5,nvidia_physx34,14,0,1,1,evaluated,0.10000000000000001,0,0,0,0,2,300,0,0,0,0,0.016666666666666666,0,0,0,0,0,rest_envelope,0.041644117227860988,179,0,2,28,141.84750000000003,1181.2657999999999,contact-islands-safety-and-shape,terminal-1s-shape-0.10-edge
2026-10-05_0800_ddr5-4800_threads-1-2-3-4-5-6-8-10-12-14-16-24_r5,nvidia_physx34,14,0,1,1,evaluated,0.10000000000000001,0,0,0,0,2,300,0,0,0,0,0.016666666666666666,0,0,0,0,0,upward_excursion,0.0082292556762695312,985,0,1,14,141.84750000000003,1181.2657999999999,contact-islands-safety-and-shape,terminal-1s-shape-0.10-edge
2026-10-05_0800_ddr5-4800_threads-1-2-3-4-5-6-8-10-12-14-16-24_r5,nvidia_physx34,14,0,1,1,evaluated,0.10000000000000001,0,0,0,0,2,300,0,0,0,0,0.016666666666666666,0,0,0,0,0,terminal_stack_shape_excess,0.027676730274013295,2999,0,2,300,141.84750000000003,1181.2657999999999,contact-islands-safety-and-shape,terminal-1s-shape-0.10-edge
2026-10-05_0800_ddr5-4800_threads-1-2-3-4-5-6-8-10-12-14-16-24_r5,nvidia_physx34,14,1,1,1,evaluated,0.10000000000000001,0,0,0,0,2,300,0,0,0,0,0.016666666666666666,0,0,0,0,0,rest_envelope,0.041644117227860988,179,0,2,28,137.71639999999999,1179.9955,contact-islands-safety-and-shape,terminal-1s-shape-0.10-edge
2026-10-05_0800_ddr5-4800_threads-1-2-3-4-5-6-8-10-12-14-16-24_r5,nvidia_physx34,14,1,1,1,evaluated,0.10000000000000001,0,0,0,0,2,300,0,0,0,0,0.016666666666666666,0,0,0,0,0,upward_excursion,0.0082292556762695312,985,0,1,14,137.71639999999999,1179.9955,contact-islands-safety-and-shape,terminal-1s-shape-0.10-edge
2026-10-05_0800_ddr5-4800_threads-1-2-3-4-5-6-8-10-12-14-16-24_r5,nvidia_physx34,14,1,1,1,evaluated,0.10000000000000001,0,0,0,0,2,300,0,0,0,0,0.016666666666666666,0,0,0,0,0,terminal_stack_shape_excess,0.027676730274013295,2999,0,2,300,137.71639999999999,1179.9955,contact-islands-safety-and-shape,terminal-1s-shape-0.10-edge
2026-10-05_0800_ddr5-4800_threads-1-2-3-4-5-6-8-10-12-14-16-24_r5,nvidia_physx34,14,2,1,1,evaluated,0.10000000000000001,0,0,0,0,2,300,0,0,0,0,0.016666666666666666,0,0,0,0,0,rest_envelope,0.041644117227860988,179,0,2,28,134.63220000000001,1179.4738,contact-islands-safety-and-shape,terminal-1s-shape-0.10-edge
2026-10-05_0800_ddr5-4800_threads-1-2-3-4-5-6-8-10-12-14-16-24_r5,nvidia_physx34,14,2,1,1,evaluated,0.10000000000000001,0,0,0,0,2,300,0,0,0,0,0.016666666666666666,0,0,0,0,0,upward_excursion,0.0082292556762695312,985,0,1,14,134.63220000000001,1179.4738,contact-islands-safety-and-shape,terminal-1s-shape-0.10-edge
2026-10-05_0800_ddr5-4800_threads-1-2-3-4-5-6-8-10-12-14-16-24_r5,nvidia_physx34,14,2,1,1,evaluated,0.10000000000000001,0,0,0,0,2,300,0,0,0,0,0.016666666666666666,0,0,0,0,0,terminal_stack_shape_excess,0.027676730274013295,2999,0,2,300,134.63220000000001,1179.4738,contact-islands-safety-and-shape,terminal-1s-shape-0.10-edge
2026-10-05_0800_ddr5-4800_threads-1-2-3-4-5-6-8-10-12-14-16-24_r5,nvidia_physx34,14,3,1,1,evaluated,0.10000000000000001,0,0,0,0,2,300,0,0,0,0,0.016666666666666666,0,0,0,0,0,rest_envelope,0.041644117227860988,179,0,2,28,140.85850000000005,1185.5719999999999,contact-islands-safety-and-shape,terminal-1s-shape-0.10-edge
2026-10-05_0800_ddr5-4800_threads-1-2-3-4-5-6-8-10-12-14-16-24_r5,nvidia_physx34,14,3,1,1,evaluated,0.10000000000000001,0,0,0,0,2,300,0,0,0,0,0.016666666666666666,0,0,0,0,0,upward_excursion,0.0082292556762695312,985,0,1,14,140.85850000000005,1185.5719999999999,contact-islands-safety-and-shape,terminal-1s-shape-0.10-edge
2026-10-05_0800_ddr5-4800_threads-1-2-3-4-5-6-8-10-12-14-16-24_r5,nvidia_physx34,14,3,1,1,evaluated,0.10000000000000001,0,0,0,0,2,300,0,0,0,0,0.016666666666666666,0,0,0,0,0,terminal_stack_shape_excess,0.027676730274013295,2999,0,2,300,140.85850000000005,1185.5719999999999,contact-islands-safety-and-shape,terminal-1s-shape-0.10-edge
2026-10-05_0800_ddr5-4800_threads-1-2-3-4-5-6-8-10-12-14-16-24_r5,nvidia_physx34,14,4,1,1,evaluated,0.10000000000000001,0,0,0,0,2,300,0,0,0,0,0.016666666666666666,0,0,0,0,0,rest_envelope,0.041644117227860988,179,0,2,28,135.73109999999988,1180.1840999999999,contact-islands-safety-and-shape,terminal-1s-shape-0.10-edge
2026-10-05_0800_ddr5-4800_threads-1-2-3-4-5-6-8-10-12-14-16-24_r5,nvidia_physx34,14,4,1,1,evaluated,0.10000000000000001,0,0,0,0,2,300,0,0,0,0,0.016666666666666666,0,0,0,0,0,upward_excursion,0.0082292556762695312,985,0,1,14,135.73109999999988,1180.1840999999999,contact-islands-safety-and-shape,terminal-1s-shape-0.10-edge
2026-10-05_0800_ddr5-4800_threads-1-2-3-4-5-6-8-10-12-14-16-24_r5,nvidia_physx34,14,4,1,1,evaluated,0.10000000000000001,0,0,0,0,2,300,0,0,0,0,0.016666666666666666,0,0,0,0,0,terminal_stack_shape_excess,0.027676730274013295,2999,0,2,300,135.73109999999988,1180.1840999999999,contact-islands-safety-and-shape,terminal-1s-shape-0.10-edge
2026-10-05_0800_ddr5-4800_threads-1-2-3-4-5-6-8-10-12-14-16-24_r5,nvidia_physx34,16,0,1,1,evaluated,0.10000000000000001,0,0,0,0,2,300,0,0,0,0,0.016666666666666666,0,0,0,0,0,rest_envelope,0.041644117227860988,179,0,2,28,107.20930000000003,1185.8420000000001,contact-islands-safety-and-shape,terminal-1s-shape-0.10-edge
2026-10-05_0800_ddr5-4800_threads-1-2-3-4-5-6-8-10-12-14-16-24_r5,nvidia_physx34,16,0,1,1,evaluated,0.10000000000000001,0,0,0,0,2,300,0,0,0,0,0.016666666666666666,0,0,0,0,0,upward_excursion,0.0082292556762695312,985,0,1,14,107.20930000000003,1185.8420000000001,contact-islands-safety-and-shape,terminal-1s-shape-0.10-edge
2026-10-05_0800_ddr5-4800_threads-1-2-3-4-5-6-8-10-12-14-16-24_r5,nvidia_physx34,16,0,1,1,evaluated,0.10000000000000001,0,0,0,0,2,300,0,0,0,0,0.016666666666666666,0,0,0,0,0,terminal_stack_shape_excess,0.027676730274013295,2999,0,2,300,107.20930000000003,1185.8420000000001,contact-islands-safety-and-shape,terminal-1s-shape-0.10-edge
2026-10-05_0800_ddr5-4800_threads-1-2-3-4-5-6-8-10-12-14-16-24_r5,nvidia_physx34,16,1,1,1,evaluated,0.10000000000000001,0,0,0,0,2,300,0,0,0,0,0.016666666666666666,0,0,0,0,0,rest_envelope,0.041644117227860988,179,0,2,28,108.56889999999994,1181.1635000000001,contact-islands-safety-and-shape,terminal-1s-shape-0.10-edge
2026-10-05_0800_ddr5-4800_threads-1-2-3-4-5-6-8-10-12-14-16-24_r5,nvidia_physx34,16,1,1,1,evaluated,0.10000000000000001,0,0,0,0,2,300,0,0,0,0,0.016666666666666666,0,0,0,0,0,upward_excursion,0.0082292556762695312,985,0,1,14,108.56889999999994,1181.1635000000001,contact-islands-safety-and-shape,terminal-1s-shape-0.10-edge
2026-10-05_0800_ddr5-4800_threads-1-2-3-4-5-6-8-10-12-14-16-24_r5,nvidia_physx34,16,1,1,1,evaluated,0.10000000000000001,0,0,0,0,2,300,0,0,0,0,0.016666666666666666,0,0,0,0,0,terminal_stack_shape_excess,0.027676730274013295,2999,0,2,300,108.56889999999994,1181.1635000000001,contact-islands-safety-and-shape,terminal-1s-shape-0.10-edge
2026-10-05_0800_ddr5-4800_threads-1-2-3-4-5-6-8-10-12-14-16-24_r5,nvidia_physx34,16,2,1,1,evaluated,0.10000000000000001,0,0,0,0,2,300,0,0,0,0,0.016666666666666666,0,0,0,0,0,rest_envelope,0.041644117227860988,179,0,2,28,107.09699999999994,1181.1931999999999,contact-islands-safety-and-shape,terminal-1s-shape-0.10-edge
2026-10-05_0800_ddr5-4800_threads-1-2-3-4-5-6-8-10-12-14-16-24_r5,nvidia_physx34,16,2,1,1,evaluated,0.10000000000000001,0,0,0,0,2,300,0,0,0,0,0.016666666666666666,0,0,0,0,0,upward_excursion,0.0082292556762695312,985,0,1,14,107.09699999999994,1181.1931999999999,contact-islands-safety-and-shape,terminal-1s-shape-0.10-edge
2026-10-05_0800_ddr5-4800_threads-1-2-3-4-5-6-8-10-12-14-16-24_r5,nvidia_physx34,16,2,1,1,evaluated,0.10000000000000001,0,0,0,0,2,300,0,0,0,0,0.016666666666666666,0,0,0,0,0,terminal_stack_shape_excess,0.027676730274013295,2999,0,2,300,107.09699999999994,1181.1931999999999,contact-islands-safety-and-shape,terminal-1s-shape-0.10-edge
2026-10-05_0800_ddr5-4800_threads-1-2-3-4-5-6-8-10-12-14-16-24_r5,nvidia_physx34,16,3,1,1,evaluated,0.10000000000000001,0,0,0,0,2,300,0,0,0,0,0.016666666666666666,0,0,0,0,0,rest_envelope,0.041644117227860988,179,0,2,28,106.31330000000004,1178.8507,contact-islands-safety-and-shape,terminal-1s-shape-0.10-edge
2026-10-05_0800_ddr5-4800_threads-1-2-3-4-5-6-8-10-12-14-16-24_r5,nvidia_physx34,16,3,1,1,evaluated,0.10000000000000001,0,0,0,0,2,300,0,0,0,0,0.016666666666666666,0,0,0,0,0,upward_excursion,0.0082292556762695312,985,0,1,14,106.31330000000004,1178.8507,contact-islands-safety-and-shape,terminal-1s-shape-0.10-edge
2026-10-05_0800_ddr5-4800_threads-1-2-3-4-5-6-8-10-12-14-16-24_r5,nvidia_physx34,16,3,1,1,evaluated,0.10000000000000001,0,0,0,0,2,300,0,0,0,0,0.016666666666666666,0,0,0,0,0,terminal_stack_shape_excess,0.027676730274013295,2999,0,2,300,106.31330000000004,1178.8507,contact-islands-safety-and-shape,terminal-1s-shape-0.10-edge
2026-10-05_0800_ddr5-4800_threads-1-2-3-4-5-6-8-10-12-14-16-24_r5,nvidia_physx34,16,4,1,1,evaluated,0.10000000000000001,0,0,0,0,2,300,0,0,0,0,0.016666666666666666,0,0,0,0,0,rest_envelope,0.041644117227860988,179,0,2,28,106.96549999999995,1180.5944,contact-islands-safety-and-shape,terminal-1s-shape-0.10-edge
2026-10-05_0800_ddr5-4800_threads-1-2-3-4-5-6-8-10-12-14-16-24_r5,nvidia_physx34,16,4,1,1,evaluated,0.10000000000000001,0,0,0,0,2,300,0,0,0,0,0.016666666666666666,0,0,0,0,0,upward_excursion,0.0082292556762695312,985,0,1,14,106.96549999999995,1180.5944,contact-islands-safety-and-shape,terminal-1s-shape-0.10-edge
2026-10-05_0800_ddr5-4800_threads-1-2-3-4-5-6-8-10-12-14-16-24_r5,nvidia_physx34,16,4,1,1,evaluated,0.10000000000000001,0,0,0,0,2,300,0,0,0,0,0.016666666666666666,0,0,0,0,0,terminal_stack_shape_excess,0.027676730274013295,2999,0,2,300,106.96549999999995,1180.5944,contact-islands-safety-and-shape,terminal-1s-shape-0.10-edge
2026-10-05_0800_ddr5-4800_threads-1-2-3-4-5-6-8-10-12-14-16-24_r5,nvidia_physx34,24,0,1,1,evaluated,0.10000000000000001,0,0,0,0,2,300,0,0,0,0,0.016666666666666666,0,0,0,0,0,rest_envelope,0.041644117227860988,179,0,2,28,108.63570000000001,1188.0143,contact-islands-safety-and-shape,terminal-1s-shape-0.10-edge
2026-10-05_0800_ddr5-4800_threads-1-2-3-4-5-6-8-10-12-14-16-24_r5,nvidia_physx34,24,0,1,1,evaluated,0.10000000000000001,0,0,0,0,2,300,0,0,0,0,0.016666666666666666,0,0,0,0,0,upward_excursion,0.0082292556762695312,985,0,1,14,108.63570000000001,1188.0143,contact-islands-safety-and-shape,terminal-1s-shape-0.10-edge
2026-10-05_0800_ddr5-4800_threads-1-2-3-4-5-6-8-10-12-14-16-24_r5,nvidia_physx34,24,0,1,1,evaluated,0.10000000000000001,0,0,0,0,2,300,0,0,0,0,0.016666666666666666,0,0,0,0,0,terminal_stack_shape_excess,0.027676730274013295,2999,0,2,300,108.63570000000001,1188.0143,contact-islands-safety-and-shape,terminal-1s-shape-0.10-edge
2026-10-05_0800_ddr5-4800_threads-1-2-3-4-5-6-8-10-12-14-16-24_r5,nvidia_physx34,24,1,1,1,evaluated,0.10000000000000001,0,0,0,0,2,300,0,0,0,0,0.016666666666666666,0,0,0,0,0,rest_envelope,0.041644117227860988,179,0,2,28,106.90259999999996,1178.8469,contact-islands-safety-and-shape,terminal-1s-shape-0.10-edge
2026-10-05_0800_ddr5-4800_threads-1-2-3-4-5-6-8-10-12-14-16-24_r5,nvidia_physx34,24,1,1,1,evaluated,0.10000000000000001,0,0,0,0,2,300,0,0,0,0,0.016666666666666666,0,0,0,0,0,upward_excursion,0.0082292556762695312,985,0,1,14,106.90259999999996,1178.8469,contact-islands-safety-and-shape,terminal-1s-shape-0.10-edge
2026-10-05_0800_ddr5-4800_threads-1-2-3-4-5-6-8-10-12-14-16-24_r5,nvidia_physx34,24,1,1,1,evaluated,0.10000000000000001,0,0,0,0,2,300,0,0,0,0,0.016666666666666666,0,0,0,0,0,terminal_stack_shape_excess,0.027676730274013295,2999,0,2,300,106.90259999999996,1178.8469,contact-islands-safety-and-shape,terminal-1s-shape-0.10-edge
2026-10-05_0800_ddr5-4800_threads-1-2-3-4-5-6-8-10-12-14-16-24_r5,nvidia_physx34,24,2,1,1,evaluated,0.10000000000000001,0,0,0,0,2,300,0,0,0,0,0.016666666666666666,0,0,0,0,0,rest_envelope,0.041644117227860988,179,0,2,28,108.34620000000005,1180.8305,contact-islands-safety-and-shape,terminal-1s-shape-0.10-edge
2026-10-05_0800_ddr5-4800_threads-1-2-3-4-5-6-8-10-12-14-16-24_r5,nvidia_physx34,24,2,1,1,evaluated,0.10000000000000001,0,0,0,0,2,300,0,0,0,0,0.016666666666666666,0,0,0,0,0,upward_excursion,0.0082292556762695312,985,0,1,14,108.34620000000005,1180.8305,contact-islands-safety-and-shape,terminal-1s-shape-0.10-edge
2026-10-05_0800_ddr5-4800_threads-1-2-3-4-5-6-8-10-12-14-16-24_r5,nvidia_physx34,24,2,1,1,evaluated,0.10000000000000001,0,0,0,0,2,300,0,0,0,0,0.016666666666666666,0,0,0,0,0,terminal_stack_shape_excess,0.027676730274013295,2999,0,2,300,108.34620000000005,1180.8305,contact-islands-safety-and-shape,terminal-1s-shape-0.10-edge
2026-10-05_0800_ddr5-4800_threads-1-2-3-4-5-6-8-10-12-14-16-24_r5,nvidia_physx34,24,3,1,1,evaluated,0.10000000000000001,0,0,0,0,2,300,0,0,0,0,0.016666666666666666,0,0,0,0,0,rest_envelope,0.041644117227860988,179,0,2,28,108.26849999999995,1181.1333,contact-islands-safety-and-shape,terminal-1s-shape-0.10-edge
2026-10-05_0800_ddr5-4800_threads-1-2-3-4-5-6-8-10-12-14-16-24_r5,nvidia_physx34,24,3,1,1,evaluated,0.10000000000000001,0,0,0,0,2,300,0,0,0,0,0.016666666666666666,0,0,0,0,0,upward_excursion,0.0082292556762695312,985,0,1,14,108.26849999999995,1181.1333,contact-islands-safety-and-shape,terminal-1s-shape-0.10-edge
2026-10-05_0800_ddr5-4800_threads-1-2-3-4-5-6-8-10-12-14-16-24_r5,nvidia_physx34,24,3,1,1,evaluated,0.10000000000000001,0,0,0,0,2,300,0,0,0,0,0.016666666666666666,0,0,0,0,0,terminal_stack_shape_excess,0.027676730274013295,2999,0,2,300,108.26849999999995,1181.1333,contact-islands-safety-and-shape,terminal-1s-shape-0.10-edge
2026-10-05_0800_ddr5-4800_threads-1-2-3-4-5-6-8-10-12-14-16-24_r5,nvidia_physx34,24,4,1,1,evaluated,0.10000000000000001,0,0,0,0,2,300,0,0,0,0,0.016666666666666666,0,0,0,0,0,rest_envelope,0.041644117227860988,179,0,2,28,114.26819999999998,1180.6061,contact-islands-safety-and-shape,terminal-1s-shape-0.10-edge
2026-10-05_0800_ddr5-4800_threads-1-2-3-4-5-6-8-10-12-14-16-24_r5,nvidia_physx34,24,4,1,1,evaluated,0.10000000000000001,0,0,0,0,2,300,0,0,0,0,0.016666666666666666,0,0,0,0,0,upward_excursion,0.0082292556762695312,985,0,1,14,114.26819999999998,1180.6061,contact-islands-safety-and-shape,terminal-1s-shape-0.10-edge
2026-10-05_0800_ddr5-4800_threads-1-2-3-4-5-6-8-10-12-14-16-24_r5,nvidia_physx34,24,4,1,1,evaluated,0.10000000000000001,0,0,0,0,2,300,0,0,0,0,0.016666666666666666,0,0,0,0,0,terminal_stack_shape_excess,0.027676730274013295,2999,0,2,300,114.26819999999998,1180.6061,contact-islands-safety-and-shape,terminal-1s-shape-0.10-edge
2026-10-05_0800_ddr5-4800_threads-1-2-3-4-5-6-8-10-12-14-16-24_r5,nvidia_physx5,1,0,1,1,evaluated,0.10000000000000001,0,0,0,0,2,300,0,0,0,0,0.016666666666666666,0,0,0,0,0,rest_envelope,0.046588303960282573,979,0,2,31,139.69620000000003,1180.4399000000001,contact-islands-safety-and-shape,terminal-1s-shape-0.10-edge
2026-10-05_0800_ddr5-4800_threads-1-2-3-4-5-6-8-10-12-14-16-24_r5,nvidia_physx5,1,0,1,1,evaluated,0.10000000000000001,0,0,0,0,2,300,0,0,0,0,0.016666666666666666,0,0,0,0,0,upward_excursion,0.0094747543334960938,196,0,1,16,139.69620000000003,1180.4399000000001,contact-islands-safety-and-shape,terminal-1s-shape-0.10-edge
2026-10-05_0800_ddr5-4800_threads-1-2-3-4-5-6-8-10-12-14-16-24_r5,nvidia_physx5,1,0,1,1,evaluated,0.10000000000000001,0,0,0,0,2,300,0,0,0,0,0.016666666666666666,0,0,0,0,0,terminal_stack_shape_excess,0.027489627683458195,579,0,2,300,139.69620000000003,1180.4399000000001,contact-islands-safety-and-shape,terminal-1s-shape-0.10-edge
2026-10-05_0800_ddr5-4800_threads-1-2-3-4-5-6-8-10-12-14-16-24_r5,nvidia_physx5,1,1,1,1,evaluated,0.10000000000000001,0,0,0,0,2,300,0,0,0,0,0.016666666666666666,0,0,0,0,0,rest_envelope,0.046588303960282573,979,0,2,31,123.54689999999992,1180.9417000000001,contact-islands-safety-and-shape,terminal-1s-shape-0.10-edge
2026-10-05_0800_ddr5-4800_threads-1-2-3-4-5-6-8-10-12-14-16-24_r5,nvidia_physx5,1,1,1,1,evaluated,0.10000000000000001,0,0,0,0,2,300,0,0,0,0,0.016666666666666666,0,0,0,0,0,upward_excursion,0.0094747543334960938,196,0,1,16,123.54689999999992,1180.9417000000001,contact-islands-safety-and-shape,terminal-1s-shape-0.10-edge
2026-10-05_0800_ddr5-4800_threads-1-2-3-4-5-6-8-10-12-14-16-24_r5,nvidia_physx5,1,1,1,1,evaluated,0.10000000000000001,0,0,0,0,2,300,0,0,0,0,0.016666666666666666,0,0,0,0,0,terminal_stack_shape_excess,0.027489627683458195,579,0,2,300,123.54689999999992,1180.9417000000001,contact-islands-safety-and-shape,terminal-1s-shape-0.10-edge
2026-10-05_0800_ddr5-4800_threads-1-2-3-4-5-6-8-10-12-14-16-24_r5,nvidia_physx5,1,2,1,1,evaluated,0.10000000000000001,0,0,0,0,2,300,0,0,0,0,0.016666666666666666,0,0,0,0,0,rest_envelope,0.046588303960282573,979,0,2,31,117.40660000000003,1179.2139999999999,contact-islands-safety-and-shape,terminal-1s-shape-0.10-edge
2026-10-05_0800_ddr5-4800_threads-1-2-3-4-5-6-8-10-12-14-16-24_r5,nvidia_physx5,1,2,1,1,evaluated,0.10000000000000001,0,0,0,0,2,300,0,0,0,0,0.016666666666666666,0,0,0,0,0,upward_excursion,0.0094747543334960938,196,0,1,16,117.40660000000003,1179.2139999999999,contact-islands-safety-and-shape,terminal-1s-shape-0.10-edge
2026-10-05_0800_ddr5-4800_threads-1-2-3-4-5-6-8-10-12-14-16-24_r5,nvidia_physx5,1,2,1,1,evaluated,0.10000000000000001,0,0,0,0,2,300,0,0,0,0,0.016666666666666666,0,0,0,0,0,terminal_stack_shape_excess,0.027489627683458195,579,0,2,300,117.40660000000003,1179.2139999999999,contact-islands-safety-and-shape,terminal-1s-shape-0.10-edge
2026-10-05_0800_ddr5-4800_threads-1-2-3-4-5-6-8-10-12-14-16-24_r5,nvidia_physx5,1,3,1,1,evaluated,0.10000000000000001,0,0,0,0,2,300,0,0,0,0,0.016666666666666666,0,0,0,0,0,rest_envelope,0.046588303960282573,979,0,2,31,125.066,1182.1998000000001,contact-islands-safety-and-shape,terminal-1s-shape-0.10-edge
2026-10-05_0800_ddr5-4800_threads-1-2-3-4-5-6-8-10-12-14-16-24_r5,nvidia_physx5,1,3,1,1,evaluated,0.10000000000000001,0,0,0,0,2,300,0,0,0,0,0.016666666666666666,0,0,0,0,0,upward_excursion,0.0094747543334960938,196,0,1,16,125.066,1182.1998000000001,contact-islands-safety-and-shape,terminal-1s-shape-0.10-edge
2026-10-05_0800_ddr5-4800_threads-1-2-3-4-5-6-8-10-12-14-16-24_r5,nvidia_physx5,1,3,1,1,evaluated,0.10000000000000001,0,0,0,0,2,300,0,0,0,0,0.016666666666666666,0,0,0,0,0,terminal_stack_shape_excess,0.027489627683458195,579,0,2,300,125.066,1182.1998000000001,contact-islands-safety-and-shape,terminal-1s-shape-0.10-edge
2026-10-05_0800_ddr5-4800_threads-1-2-3-4-5-6-8-10-12-14-16-24_r5,nvidia_physx5,1,4,1,1,evaluated,0.10000000000000001,0,0,0,0,2,300,0,0,0,0,0.016666666666666666,0,0,0,0,0,rest_envelope,0.046588303960282573,979,0,2,31,139.70759999999999,1181.5821000000001,contact-islands-safety-and-shape,terminal-1s-shape-0.10-edge
2026-10-05_0800_ddr5-4800_threads-1-2-3-4-5-6-8-10-12-14-16-24_r5,nvidia_physx5,1,4,1,1,evaluated,0.10000000000000001,0,0,0,0,2,300,0,0,0,0,0.016666666666666666,0,0,0,0,0,upward_excursion,0.0094747543334960938,196,0,1,16,139.70759999999999,1181.5821000000001,contact-islands-safety-and-shape,terminal-1s-shape-0.10-edge
2026-10-05_0800_ddr5-4800_threads-1-2-3-4-5-6-8-10-12-14-16-24_r5,nvidia_physx5,1,4,1,1,evaluated,0.10000000000000001,0,0,0,0,2,300,0,0,0,0,0.016666666666666666,0,0,0,0,0,terminal_stack_shape_excess,0.027489627683458195,579,0,2,300,139.70759999999999,1181.5821000000001,contact-islands-safety-and-shape,terminal-1s-shape-0.10-edge
2026-10-05_0800_ddr5-4800_threads-1-2-3-4-5-6-8-10-12-14-16-24_r5,nvidia_physx5,2,0,1,1,evaluated,0.10000000000000001,0,0,0,0,2,300,0,0,0,0,0.016666666666666666,0,0,0,0,0,rest_envelope,0.046588303960282573,979,0,2,31,103.54440000000001,1180.1058,contact-islands-safety-and-shape,terminal-1s-shape-0.10-edge
2026-10-05_0800_ddr5-4800_threads-1-2-3-4-5-6-8-10-12-14-16-24_r5,nvidia_physx5,2,0,1,1,evaluated,0.10000000000000001,0,0,0,0,2,300,0,0,0,0,0.016666666666666666,0,0,0,0,0,upward_excursion,0.0094747543334960938,196,0,1,16,103.54440000000001,1180.1058,contact-islands-safety-and-shape,terminal-1s-shape-0.10-edge
2026-10-05_0800_ddr5-4800_threads-1-2-3-4-5-6-8-10-12-14-16-24_r5,nvidia_physx5,2,0,1,1,evaluated,0.10000000000000001,0,0,0,0,2,300,0,0,0,0,0.016666666666666666,0,0,0,0,0,terminal_stack_shape_excess,0.027489627683458195,579,0,2,300,103.54440000000001,1180.1058,contact-islands-safety-and-shape,terminal-1s-shape-0.10-edge
2026-10-05_0800_ddr5-4800_threads-1-2-3-4-5-6-8-10-12-14-16-24_r5,nvidia_physx5,2,1,1,1,evaluated,0.10000000000000001,0,0,0,0,2,300,0,0,0,0,0.016666666666666666,0,0,0,0,0,rest_envelope,0.046588303960282573,979,0,2,31,108.3205,1204.8607999999999,contact-islands-safety-and-shape,terminal-1s-shape-0.10-edge
2026-10-05_0800_ddr5-4800_threads-1-2-3-4-5-6-8-10-12-14-16-24_r5,nvidia_physx5,2,1,1,1,evaluated,0.10000000000000001,0,0,0,0,2,300,0,0,0,0,0.016666666666666666,0,0,0,0,0,upward_excursion,0.0094747543334960938,196,0,1,16,108.3205,1204.8607999999999,contact-islands-safety-and-shape,terminal-1s-shape-0.10-edge
2026-10-05_0800_ddr5-4800_threads-1-2-3-4-5-6-8-10-12-14-16-24_r5,nvidia_physx5,2,1,1,1,evaluated,0.10000000000000001,0,0,0,0,2,300,0,0,0,0,0.016666666666666666,0,0,0,0,0,terminal_stack_shape_excess,0.027489627683458195,579,0,2,300,108.3205,1204.8607999999999,contact-islands-safety-and-shape,terminal-1s-shape-0.10-edge
2026-10-05_0800_ddr5-4800_threads-1-2-3-4-5-6-8-10-12-14-16-24_r5,nvidia_physx5,2,2,1,1,evaluated,0.10000000000000001,0,0,0,0,2,300,0,0,0,0,0.016666666666666666,0,0,0,0,0,rest_envelope,0.046588303960282573,979,0,2,31,110.78770000000007,1187.7440999999999,contact-islands-safety-and-shape,terminal-1s-shape-0.10-edge
2026-10-05_0800_ddr5-4800_threads-1-2-3-4-5-6-8-10-12-14-16-24_r5,nvidia_physx5,2,2,1,1,evaluated,0.10000000000000001,0,0,0,0,2,300,0,0,0,0,0.016666666666666666,0,0,0,0,0,upward_excursion,0.0094747543334960938,196,0,1,16,110.78770000000007,1187.7440999999999,contact-islands-safety-and-shape,terminal-1s-shape-0.10-edge
2026-10-05_0800_ddr5-4800_threads-1-2-3-4-5-6-8-10-12-14-16-24_r5,nvidia_physx5,2,2,1,1,evaluated,0.10000000000000001,0,0,0,0,2,300,0,0,0,0,0.016666666666666666,0,0,0,0,0,terminal_stack_shape_excess,0.027489627683458195,579,0,2,300,110.78770000000007,1187.7440999999999,contact-islands-safety-and-shape,terminal-1s-shape-0.10-edge
2026-10-05_0800_ddr5-4800_threads-1-2-3-4-5-6-8-10-12-14-16-24_r5,nvidia_physx5,2,3,1,1,evaluated,0.10000000000000001,0,0,0,0,2,300,0,0,0,0,0.016666666666666666,0,0,0,0,0,rest_envelope,0.046588303960282573,979,0,2,31,118.97880000000008,1182.7394999999999,contact-islands-safety-and-shape,terminal-1s-shape-0.10-edge
2026-10-05_0800_ddr5-4800_threads-1-2-3-4-5-6-8-10-12-14-16-24_r5,nvidia_physx5,2,3,1,1,evaluated,0.10000000000000001,0,0,0,0,2,300,0,0,0,0,0.016666666666666666,0,0,0,0,0,upward_excursion,0.0094747543334960938,196,0,1,16,118.97880000000008,1182.7394999999999,contact-islands-safety-and-shape,terminal-1s-shape-0.10-edge
2026-10-05_0800_ddr5-4800_threads-1-2-3-4-5-6-8-10-12-14-16-24_r5,nvidia_physx5,2,3,1,1,evaluated,0.10000000000000001,0,0,0,0,2,300,0,0,0,0,0.016666666666666666,0,0,0,0,0,terminal_stack_shape_excess,0.027489627683458195,579,0,2,300,118.97880000000008,1182.7394999999999,contact-islands-safety-and-shape,terminal-1s-shape-0.10-edge
2026-10-05_0800_ddr5-4800_threads-1-2-3-4-5-6-8-10-12-14-16-24_r5,nvidia_physx5,2,4,1,1,evaluated,0.10000000000000001,0,0,0,0,2,300,0,0,0,0,0.016666666666666666,0,0,0,0,0,rest_envelope,0.046588303960282573,979,0,2,31,120.21709999999997,1183.7962,contact-islands-safety-and-shape,terminal-1s-shape-0.10-edge
2026-10-05_0800_ddr5-4800_threads-1-2-3-4-5-6-8-10-12-14-16-24_r5,nvidia_physx5,2,4,1,1,evaluated,0.10000000000000001,0,0,0,0,2,300,0,0,0,0,0.016666666666666666,0,0,0,0,0,upward_excursion,0.0094747543334960938,196,0,1,16,120.21709999999997,1183.7962,contact-islands-safety-and-shape,terminal-1s-shape-0.10-edge
2026-10-05_0800_ddr5-4800_threads-1-2-3-4-5-6-8-10-12-14-16-24_r5,nvidia_physx5,2,4,1,1,evaluated,0.10000000000000001,0,0,0,0,2,300,0,0,0,0,0.016666666666666666,0,0,0,0,0,terminal_stack_shape_excess,0.027489627683458195,579,0,2,300,120.21709999999997,1183.7962,contact-islands-safety-and-shape,terminal-1s-shape-0.10-edge
2026-10-05_0800_ddr5-4800_threads-1-2-3-4-5-6-8-10-12-14-16-24_r5,nvidia_physx5,3,0,1,1,evaluated,0.10000000000000001,0,0,0,0,2,300,0,0,0,0,0.016666666666666666,0,0,0,0,0,rest_envelope,0.046588303960282573,979,0,2,31,128.99969999999996,1184.125,contact-islands-safety-and-shape,terminal-1s-shape-0.10-edge
2026-10-05_0800_ddr5-4800_threads-1-2-3-4-5-6-8-10-12-14-16-24_r5,nvidia_physx5,3,0,1,1,evaluated,0.10000000000000001,0,0,0,0,2,300,0,0,0,0,0.016666666666666666,0,0,0,0,0,upward_excursion,0.0094747543334960938,196,0,1,16,128.99969999999996,1184.125,contact-islands-safety-and-shape,terminal-1s-shape-0.10-edge
2026-10-05_0800_ddr5-4800_threads-1-2-3-4-5-6-8-10-12-14-16-24_r5,nvidia_physx5,3,0,1,1,evaluated,0.10000000000000001,0,0,0,0,2,300,0,0,0,0,0.016666666666666666,0,0,0,0,0,terminal_stack_shape_excess,0.027489627683458195,579,0,2,300,128.99969999999996,1184.125,contact-islands-safety-and-shape,terminal-1s-shape-0.10-edge
2026-10-05_0800_ddr5-4800_threads-1-2-3-4-5-6-8-10-12-14-16-24_r5,nvidia_physx5,3,1,1,1,evaluated,0.10000000000000001,0,0,0,0,2,300,0,0,0,0,0.016666666666666666,0,0,0,0,0,rest_envelope,0.046588303960282573,979,0,2,31,124.03779999999993,1188.9110000000001,contact-islands-safety-and-shape,terminal-1s-shape-0.10-edge
2026-10-05_0800_ddr5-4800_threads-1-2-3-4-5-6-8-10-12-14-16-24_r5,nvidia_physx5,3,1,1,1,evaluated,0.10000000000000001,0,0,0,0,2,300,0,0,0,0,0.016666666666666666,0,0,0,0,0,upward_excursion,0.0094747543334960938,196,0,1,16,124.03779999999993,1188.9110000000001,contact-islands-safety-and-shape,terminal-1s-shape-0.10-edge
2026-10-05_0800_ddr5-4800_threads-1-2-3-4-5-6-8-10-12-14-16-24_r5,nvidia_physx5,3,1,1,1,evaluated,0.10000000000000001,0,0,0,0,2,300,0,0,0,0,0.016666666666666666,0,0,0,0,0,terminal_stack_shape_excess,0.027489627683458195,579,0,2,300,124.03779999999993,1188.9110000000001,contact-islands-safety-and-shape,terminal-1s-shape-0.10-edge
2026-10-05_0800_ddr5-4800_threads-1-2-3-4-5-6-8-10-12-14-16-24_r5,nvidia_physx5,3,2,1,1,evaluated,0.10000000000000001,0,0,0,0,2,300,0,0,0,0,0.016666666666666666,0,0,0,0,0,rest_envelope,0.046588303960282573,979,0,2,31,125.54170000000006,1180.3671999999999,contact-islands-safety-and-shape,terminal-1s-shape-0.10-edge
2026-10-05_0800_ddr5-4800_threads-1-2-3-4-5-6-8-10-12-14-16-24_r5,nvidia_physx5,3,2,1,1,evaluated,0.10000000000000001,0,0,0,0,2,300,0,0,0,0,0.016666666666666666,0,0,0,0,0,upward_excursion,0.0094747543334960938,196,0,1,16,125.54170000000006,1180.3671999999999,contact-islands-safety-and-shape,terminal-1s-shape-0.10-edge
2026-10-05_0800_ddr5-4800_threads-1-2-3-4-5-6-8-10-12-14-16-24_r5,nvidia_physx5,3,2,1,1,evaluated,0.10000000000000001,0,0,0,0,2,300,0,0,0,0,0.016666666666666666,0,0,0,0,0,terminal_stack_shape_excess,0.027489627683458195,579,0,2,300,125.54170000000006,1180.3671999999999,contact-islands-safety-and-shape,terminal-1s-shape-0.10-edge
2026-10-05_0800_ddr5-4800_threads-1-2-3-4-5-6-8-10-12-14-16-24_r5,nvidia_physx5,3,3,1,1,evaluated,0.10000000000000001,0,0,0,0,2,300,0,0,0,0,0.016666666666666666,0,0,0,0,0,rest_envelope,0.046588303960282573,979,0,2,31,119.32549999999996,1183.9784999999999,contact-islands-safety-and-shape,terminal-1s-shape-0.10-edge
2026-10-05_0800_ddr5-4800_threads-1-2-3-4-5-6-8-10-12-14-16-24_r5,nvidia_physx5,3,3,1,1,evaluated,0.10000000000000001,0,0,0,0,2,300,0,0,0,0,0.016666666666666666,0,0,0,0,0,upward_excursion,0.0094747543334960938,196,0,1,16,119.32549999999996,1183.9784999999999,contact-islands-safety-and-shape,terminal-1s-shape-0.10-edge
2026-10-05_0800_ddr5-4800_threads-1-2-3-4-5-6-8-10-12-14-16-24_r5,nvidia_physx5,3,3,1,1,evaluated,0.10000000000000001,0,0,0,0,2,300,0,0,0,0,0.016666666666666666,0,0,0,0,0,terminal_stack_shape_excess,0.027489627683458195,579,0,2,300,119.32549999999996,1183.9784999999999,contact-islands-safety-and-shape,terminal-1s-shape-0.10-edge
2026-10-05_0800_ddr5-4800_threads-1-2-3-4-5-6-8-10-12-14-16-24_r5,nvidia_physx5,3,4,1,1,evaluated,0.10000000000000001,0,0,0,0,2,300,0,0,0,0,0.016666666666666666,0,0,0,0,0,rest_envelope,0.046588303960282573,979,0,2,31,117.67780000000005,1184.3382999999999,contact-islands-safety-and-shape,terminal-1s-shape-0.10-edge
2026-10-05_0800_ddr5-4800_threads-1-2-3-4-5-6-8-10-12-14-16-24_r5,nvidia_physx5,3,4,1,1,evaluated,0.10000000000000001,0,0,0,0,2,300,0,0,0,0,0.016666666666666666,0,0,0,0,0,upward_excursion,0.0094747543334960938,196,0,1,16,117.67780000000005,1184.3382999999999,contact-islands-safety-and-shape,terminal-1s-shape-0.10-edge
2026-10-05_0800_ddr5-4800_threads-1-2-3-4-5-6-8-10-12-14-16-24_r5,nvidia_physx5,3,4,1,1,evaluated,0.10000000000000001,0,0,0,0,2,300,0,0,0,0,0.016666666666666666,0,0,0,0,0,terminal_stack_shape_excess,0.027489627683458195,579,0,2,300,117.67780000000005,1184.3382999999999,contact-islands-safety-and-shape,terminal-1s-shape-0.10-edge
2026-10-05_0800_ddr5-4800_threads-1-2-3-4-5-6-8-10-12-14-16-24_r5,nvidia_physx5,4,0,1,1,evaluated,0.10000000000000001,0,0,0,0,2,300,0,0,0,0,0.016666666666666666,0,0,0,0,0,rest_envelope,0.046588303960282573,979,0,2,31,124.7640000000001,1180.6312,contact-islands-safety-and-shape,terminal-1s-shape-0.10-edge
2026-10-05_0800_ddr5-4800_threads-1-2-3-4-5-6-8-10-12-14-16-24_r5,nvidia_physx5,4,0,1,1,evaluated,0.10000000000000001,0,0,0,0,2,300,0,0,0,0,0.016666666666666666,0,0,0,0,0,upward_excursion,0.0094747543334960938,196,0,1,16,124.7640000000001,1180.6312,contact-islands-safety-and-shape,terminal-1s-shape-0.10-edge
2026-10-05_0800_ddr5-4800_threads-1-2-3-4-5-6-8-10-12-14-16-24_r5,nvidia_physx5,4,0,1,1,evaluated,0.10000000000000001,0,0,0,0,2,300,0,0,0,0,0.016666666666666666,0,0,0,0,0,terminal_stack_shape_excess,0.027489627683458195,579,0,2,300,124.7640000000001,1180.6312,contact-islands-safety-and-shape,terminal-1s-shape-0.10-edge
2026-10-05_0800_ddr5-4800_threads-1-2-3-4-5-6-8-10-12-14-16-24_r5,nvidia_physx5,4,1,1,1,evaluated,0.10000000000000001,0,0,0,0,2,300,0,0,0,0,0.016666666666666666,0,0,0,0,0,rest_envelope,0.046588303960282573,979,0,2,31,117.7709000000001,1181.124,contact-islands-safety-and-shape,terminal-1s-shape-0.10-edge
2026-10-05_0800_ddr5-4800_threads-1-2-3-4-5-6-8-10-12-14-16-24_r5,nvidia_physx5,4,1,1,1,evaluated,0.10000000000000001,0,0,0,0,2,300,0,0,0,0,0.016666666666666666,0,0,0,0,0,upward_excursion,0.0094747543334960938,196,0,1,16,117.7709000000001,1181.124,contact-islands-safety-and-shape,terminal-1s-shape-0.10-edge
2026-10-05_0800_ddr5-4800_threads-1-2-3-4-5-6-8-10-12-14-16-24_r5,nvidia_physx5,4,1,1,1,evaluated,0.10000000000000001,0,0,0,0,2,300,0,0,0,0,0.016666666666666666,0,0,0,0,0,terminal_stack_shape_excess,0.027489627683458195,579,0,2,300,117.7709000000001,1181.124,contact-islands-safety-and-shape,terminal-1s-shape-0.10-edge
2026-10-05_0800_ddr5-4800_threads-1-2-3-4-5-6-8-10-12-14-16-24_r5,nvidia_physx5,4,2,1,1,evaluated,0.10000000000000001,0,0,0,0,2,300,0,0,0,0,0.016666666666666666,0,0,0,0,0,rest_envelope,0.046588303960282573,979,0,2,31,124.2175000000001,1188.7583,contact-islands-safety-and-shape,terminal-1s-shape-0.10-edge
2026-10-05_0800_ddr5-4800_threads-1-2-3-4-5-6-8-10-12-14-16-24_r5,nvidia_physx5,4,2,1,1,evaluated,0.10000000000000001,0,0,0,0,2,300,0,0,0,0,0.016666666666666666,0,0,0,0,0,upward_excursion,0.0094747543334960938,196,0,1,16,124.2175000000001,1188.7583,contact-islands-safety-and-shape,terminal-1s-shape-0.10-edge
2026-10-05_0800_ddr5-4800_threads-1-2-3-4-5-6-8-10-12-14-16-24_r5,nvidia_physx5,4,2,1,1,evaluated,0.10000000000000001,0,0,0,0,2,300,0,0,0,0,0.016666666666666666,0,0,0,0,0,terminal_stack_shape_excess,0.027489627683458195,579,0,2,300,124.2175000000001,1188.7583,contact-islands-safety-and-shape,terminal-1s-shape-0.10-edge
2026-10-05_0800_ddr5-4800_threads-1-2-3-4-5-6-8-10-12-14-16-24_r5,nvidia_physx5,4,3,1,1,evaluated,0.10000000000000001,0,0,0,0,2,300,0,0,0,0,0.016666666666666666,0,0,0,0,0,rest_envelope,0.046588303960282573,979,0,2,31,120.57239999999997,1181.3108,contact-islands-safety-and-shape,terminal-1s-shape-0.10-edge
2026-10-05_0800_ddr5-4800_threads-1-2-3-4-5-6-8-10-12-14-16-24_r5,nvidia_physx5,4,3,1,1,evaluated,0.10000000000000001,0,0,0,0,2,300,0,0,0,0,0.016666666666666666,0,0,0,0,0,upward_excursion,0.0094747543334960938,196,0,1,16,120.57239999999997,1181.3108,contact-islands-safety-and-shape,terminal-1s-shape-0.10-edge
2026-10-05_0800_ddr5-4800_threads-1-2-3-4-5-6-8-10-12-14-16-24_r5,nvidia_physx5,4,3,1,1,evaluated,0.10000000000000001,0,0,0,0,2,300,0,0,0,0,0.016666666666666666,0,0,0,0,0,terminal_stack_shape_excess,0.027489627683458195,579,0,2,300,120.57239999999997,1181.3108,contact-islands-safety-and-shape,terminal-1s-shape-0.10-edge
2026-10-05_0800_ddr5-4800_threads-1-2-3-4-5-6-8-10-12-14-16-24_r5,nvidia_physx5,4,4,1,1,evaluated,0.10000000000000001,0,0,0,0,2,300,0,0,0,0,0.016666666666666666,0,0,0,0,0,rest_envelope,0.046588303960282573,979,0,2,31,117.11479999999996,1181.2346,contact-islands-safety-and-shape,terminal-1s-shape-0.10-edge
2026-10-05_0800_ddr5-4800_threads-1-2-3-4-5-6-8-10-12-14-16-24_r5,nvidia_physx5,4,4,1,1,evaluated,0.10000000000000001,0,0,0,0,2,300,0,0,0,0,0.016666666666666666,0,0,0,0,0,upward_excursion,0.0094747543334960938,196,0,1,16,117.11479999999996,1181.2346,contact-islands-safety-and-shape,terminal-1s-shape-0.10-edge
2026-10-05_0800_ddr5-4800_threads-1-2-3-4-5-6-8-10-12-14-16-24_r5,nvidia_physx5,4,4,1,1,evaluated,0.10000000000000001,0,0,0,0,2,300,0,0,0,0,0.016666666666666666,0,0,0,0,0,terminal_stack_shape_excess,0.027489627683458195,579,0,2,300,117.11479999999996,1181.2346,contact-islands-safety-and-shape,terminal-1s-shape-0.10-edge
2026-10-05_0800_ddr5-4800_threads-1-2-3-4-5-6-8-10-12-14-16-24_r5,nvidia_physx5,5,0,1,1,evaluated,0.10000000000000001,0,0,0,0,2,300,0,0,0,0,0.016666666666666666,0,0,0,0,0,rest_envelope,0.046588303960282573,979,0,2,31,117.19379999999998,1181.9090000000001,contact-islands-safety-and-shape,terminal-1s-shape-0.10-edge
2026-10-05_0800_ddr5-4800_threads-1-2-3-4-5-6-8-10-12-14-16-24_r5,nvidia_physx5,5,0,1,1,evaluated,0.10000000000000001,0,0,0,0,2,300,0,0,0,0,0.016666666666666666,0,0,0,0,0,upward_excursion,0.0094747543334960938,196,0,1,16,117.19379999999998,1181.9090000000001,contact-islands-safety-and-shape,terminal-1s-shape-0.10-edge
2026-10-05_0800_ddr5-4800_threads-1-2-3-4-5-6-8-10-12-14-16-24_r5,nvidia_physx5,5,0,1,1,evaluated,0.10000000000000001,0,0,0,0,2,300,0,0,0,0,0.016666666666666666,0,0,0,0,0,terminal_stack_shape_excess,0.027489627683458195,579,0,2,300,117.19379999999998,1181.9090000000001,contact-islands-safety-and-shape,terminal-1s-shape-0.10-edge
2026-10-05_0800_ddr5-4800_threads-1-2-3-4-5-6-8-10-12-14-16-24_r5,nvidia_physx5,5,1,1,1,evaluated,0.10000000000000001,0,0,0,0,2,300,0,0,0,0,0.016666666666666666,0,0,0,0,0,rest_envelope,0.046588303960282573,979,0,2,31,115.33370000000005,1180.5187000000001,contact-islands-safety-and-shape,terminal-1s-shape-0.10-edge
2026-10-05_0800_ddr5-4800_threads-1-2-3-4-5-6-8-10-12-14-16-24_r5,nvidia_physx5,5,1,1,1,evaluated,0.10000000000000001,0,0,0,0,2,300,0,0,0,0,0.016666666666666666,0,0,0,0,0,upward_excursion,0.0094747543334960938,196,0,1,16,115.33370000000005,1180.5187000000001,contact-islands-safety-and-shape,terminal-1s-shape-0.10-edge
2026-10-05_0800_ddr5-4800_threads-1-2-3-4-5-6-8-10-12-14-16-24_r5,nvidia_physx5,5,1,1,1,evaluated,0.10000000000000001,0,0,0,0,2,300,0,0,0,0,0.016666666666666666,0,0,0,0,0,terminal_stack_shape_excess,0.027489627683458195,579,0,2,300,115.33370000000005,1180.5187000000001,contact-islands-safety-and-shape,terminal-1s-shape-0.10-edge
2026-10-05_0800_ddr5-4800_threads-1-2-3-4-5-6-8-10-12-14-16-24_r5,nvidia_physx5,5,2,1,1,evaluated,0.10000000000000001,0,0,0,0,2,300,0,0,0,0,0.016666666666666666,0,0,0,0,0,rest_envelope,0.046588303960282573,979,0,2,31,119.34230000000002,1184.2973,contact-islands-safety-and-shape,terminal-1s-shape-0.10-edge
2026-10-05_0800_ddr5-4800_threads-1-2-3-4-5-6-8-10-12-14-16-24_r5,nvidia_physx5,5,2,1,1,evaluated,0.10000000000000001,0,0,0,0,2,300,0,0,0,0,0.016666666666666666,0,0,0,0,0,upward_excursion,0.0094747543334960938,196,0,1,16,119.34230000000002,1184.2973,contact-islands-safety-and-shape,terminal-1s-shape-0.10-edge
2026-10-05_0800_ddr5-4800_threads-1-2-3-4-5-6-8-10-12-14-16-24_r5,nvidia_physx5,5,2,1,1,evaluated,0.10000000000000001,0,0,0,0,2,300,0,0,0,0,0.016666666666666666,0,0,0,0,0,terminal_stack_shape_excess,0.027489627683458195,579,0,2,300,119.34230000000002,1184.2973,contact-islands-safety-and-shape,terminal-1s-shape-0.10-edge
2026-10-05_0800_ddr5-4800_threads-1-2-3-4-5-6-8-10-12-14-16-24_r5,nvidia_physx5,5,3,1,1,evaluated,0.10000000000000001,0,0,0,0,2,300,0,0,0,0,0.016666666666666666,0,0,0,0,0,rest_envelope,0.046588303960282573,979,0,2,31,109.3399,1183.0802000000001,contact-islands-safety-and-shape,terminal-1s-shape-0.10-edge
2026-10-05_0800_ddr5-4800_threads-1-2-3-4-5-6-8-10-12-14-16-24_r5,nvidia_physx5,5,3,1,1,evaluated,0.10000000000000001,0,0,0,0,2,300,0,0,0,0,0.016666666666666666,0,0,0,0,0,upward_excursion,0.0094747543334960938,196,0,1,16,109.3399,1183.0802000000001,contact-islands-safety-and-shape,terminal-1s-shape-0.10-edge
2026-10-05_0800_ddr5-4800_threads-1-2-3-4-5-6-8-10-12-14-16-24_r5,nvidia_physx5,5,3,1,1,evaluated,0.10000000000000001,0,0,0,0,2,300,0,0,0,0,0.016666666666666666,0,0,0,0,0,terminal_stack_shape_excess,0.027489627683458195,579,0,2,300,109.3399,1183.0802000000001,contact-islands-safety-and-shape,terminal-1s-shape-0.10-edge
2026-10-05_0800_ddr5-4800_threads-1-2-3-4-5-6-8-10-12-14-16-24_r5,nvidia_physx5,5,4,1,1,evaluated,0.10000000000000001,0,0,0,0,2,300,0,0,0,0,0.016666666666666666,0,0,0,0,0,rest_envelope,0.046588303960282573,979,0,2,31,123.88209999999995,1182.7422999999999,contact-islands-safety-and-shape,terminal-1s-shape-0.10-edge
2026-10-05_0800_ddr5-4800_threads-1-2-3-4-5-6-8-10-12-14-16-24_r5,nvidia_physx5,5,4,1,1,evaluated,0.10000000000000001,0,0,0,0,2,300,0,0,0,0,0.016666666666666666,0,0,0,0,0,upward_excursion,0.0094747543334960938,196,0,1,16,123.88209999999995,1182.7422999999999,contact-islands-safety-and-shape,terminal-1s-shape-0.10-edge
2026-10-05_0800_ddr5-4800_threads-1-2-3-4-5-6-8-10-12-14-16-24_r5,nvidia_physx5,5,4,1,1,evaluated,0.10000000000000001,0,0,0,0,2,300,0,0,0,0,0.016666666666666666,0,0,0,0,0,terminal_stack_shape_excess,0.027489627683458195,579,0,2,300,123.88209999999995,1182.7422999999999,contact-islands-safety-and-shape,terminal-1s-shape-0.10-edge
2026-10-05_0800_ddr5-4800_threads-1-2-3-4-5-6-8-10-12-14-16-24_r5,nvidia_physx5,6,0,1,1,evaluated,0.10000000000000001,0,0,0,0,2,300,0,0,0,0,0.016666666666666666,0,0,0,0,0,rest_envelope,0.046588303960282573,979,0,2,31,111.77899999999994,1182.1478999999999,contact-islands-safety-and-shape,terminal-1s-shape-0.10-edge
2026-10-05_0800_ddr5-4800_threads-1-2-3-4-5-6-8-10-12-14-16-24_r5,nvidia_physx5,6,0,1,1,evaluated,0.10000000000000001,0,0,0,0,2,300,0,0,0,0,0.016666666666666666,0,0,0,0,0,upward_excursion,0.0094747543334960938,196,0,1,16,111.77899999999994,1182.1478999999999,contact-islands-safety-and-shape,terminal-1s-shape-0.10-edge
2026-10-05_0800_ddr5-4800_threads-1-2-3-4-5-6-8-10-12-14-16-24_r5,nvidia_physx5,6,0,1,1,evaluated,0.10000000000000001,0,0,0,0,2,300,0,0,0,0,0.016666666666666666,0,0,0,0,0,terminal_stack_shape_excess,0.027489627683458195,579,0,2,300,111.77899999999994,1182.1478999999999,contact-islands-safety-and-shape,terminal-1s-shape-0.10-edge
2026-10-05_0800_ddr5-4800_threads-1-2-3-4-5-6-8-10-12-14-16-24_r5,nvidia_physx5,6,1,1,1,evaluated,0.10000000000000001,0,0,0,0,2,300,0,0,0,0,0.016666666666666666,0,0,0,0,0,rest_envelope,0.046588303960282573,979,0,2,31,122.12030000000003,1181.7926,contact-islands-safety-and-shape,terminal-1s-shape-0.10-edge
2026-10-05_0800_ddr5-4800_threads-1-2-3-4-5-6-8-10-12-14-16-24_r5,nvidia_physx5,6,1,1,1,evaluated,0.10000000000000001,0,0,0,0,2,300,0,0,0,0,0.016666666666666666,0,0,0,0,0,upward_excursion,0.0094747543334960938,196,0,1,16,122.12030000000003,1181.7926,contact-islands-safety-and-shape,terminal-1s-shape-0.10-edge
2026-10-05_0800_ddr5-4800_threads-1-2-3-4-5-6-8-10-12-14-16-24_r5,nvidia_physx5,6,1,1,1,evaluated,0.10000000000000001,0,0,0,0,2,300,0,0,0,0,0.016666666666666666,0,0,0,0,0,terminal_stack_shape_excess,0.027489627683458195,579,0,2,300,122.12030000000003,1181.7926,contact-islands-safety-and-shape,terminal-1s-shape-0.10-edge
2026-10-05_0800_ddr5-4800_threads-1-2-3-4-5-6-8-10-12-14-16-24_r5,nvidia_physx5,6,2,1,1,evaluated,0.10000000000000001,0,0,0,0,2,300,0,0,0,0,0.016666666666666666,0,0,0,0,0,rest_envelope,0.046588303960282573,979,0,2,31,105.52610000000004,1181.6237000000001,contact-islands-safety-and-shape,terminal-1s-shape-0.10-edge
2026-10-05_0800_ddr5-4800_threads-1-2-3-4-5-6-8-10-12-14-16-24_r5,nvidia_physx5,6,2,1,1,evaluated,0.10000000000000001,0,0,0,0,2,300,0,0,0,0,0.016666666666666666,0,0,0,0,0,upward_excursion,0.0094747543334960938,196,0,1,16,105.52610000000004,1181.6237000000001,contact-islands-safety-and-shape,terminal-1s-shape-0.10-edge
2026-10-05_0800_ddr5-4800_threads-1-2-3-4-5-6-8-10-12-14-16-24_r5,nvidia_physx5,6,2,1,1,evaluated,0.10000000000000001,0,0,0,0,2,300,0,0,0,0,0.016666666666666666,0,0,0,0,0,terminal_stack_shape_excess,0.027489627683458195,579,0,2,300,105.52610000000004,1181.6237000000001,contact-islands-safety-and-shape,terminal-1s-shape-0.10-edge
2026-10-05_0800_ddr5-4800_threads-1-2-3-4-5-6-8-10-12-14-16-24_r5,nvidia_physx5,6,3,1,1,evaluated,0.10000000000000001,0,0,0,0,2,300,0,0,0,0,0.016666666666666666,0,0,0,0,0,rest_envelope,0.046588303960282573,979,0,2,31,103.48199999999993,1184.7964999999999,contact-islands-safety-and-shape,terminal-1s-shape-0.10-edge
2026-10-05_0800_ddr5-4800_threads-1-2-3-4-5-6-8-10-12-14-16-24_r5,nvidia_physx5,6,3,1,1,evaluated,0.10000000000000001,0,0,0,0,2,300,0,0,0,0,0.016666666666666666,0,0,0,0,0,upward_excursion,0.0094747543334960938,196,0,1,16,103.48199999999993,1184.7964999999999,contact-islands-safety-and-shape,terminal-1s-shape-0.10-edge
2026-10-05_0800_ddr5-4800_threads-1-2-3-4-5-6-8-10-12-14-16-24_r5,nvidia_physx5,6,3,1,1,evaluated,0.10000000000000001,0,0,0,0,2,300,0,0,0,0,0.016666666666666666,0,0,0,0,0,terminal_stack_shape_excess,0.027489627683458195,579,0,2,300,103.48199999999993,1184.7964999999999,contact-islands-safety-and-shape,terminal-1s-shape-0.10-edge
2026-10-05_0800_ddr5-4800_threads-1-2-3-4-5-6-8-10-12-14-16-24_r5,nvidia_physx5,6,4,1,1,evaluated,0.10000000000000001,0,0,0,0,2,300,0,0,0,0,0.016666666666666666,0,0,0,0,0,rest_envelope,0.046588303960282573,979,0,2,31,121.76209999999996,1182.9366,contact-islands-safety-and-shape,terminal-1s-shape-0.10-edge
2026-10-05_0800_ddr5-4800_threads-1-2-3-4-5-6-8-10-12-14-16-24_r5,nvidia_physx5,6,4,1,1,evaluated,0.10000000000000001,0,0,0,0,2,300,0,0,0,0,0.016666666666666666,0,0,0,0,0,upward_excursion,0.0094747543334960938,196,0,1,16,121.76209999999996,1182.9366,contact-islands-safety-and-shape,terminal-1s-shape-0.10-edge
2026-10-05_0800_ddr5-4800_threads-1-2-3-4-5-6-8-10-12-14-16-24_r5,nvidia_physx5,6,4,1,1,evaluated,0.10000000000000001,0,0,0,0,2,300,0,0,0,0,0.016666666666666666,0,0,0,0,0,terminal_stack_shape_excess,0.027489627683458195,579,0,2,300,121.76209999999996,1182.9366,contact-islands-safety-and-shape,terminal-1s-shape-0.10-edge
2026-10-05_0800_ddr5-4800_threads-1-2-3-4-5-6-8-10-12-14-16-24_r5,nvidia_physx5,8,0,1,1,evaluated,0.10000000000000001,0,0,0,0,2,300,0,0,0,0,0.016666666666666666,0,0,0,0,0,rest_envelope,0.046588303960282573,979,0,2,31,104.57740000000005,1181.5183,contact-islands-safety-and-shape,terminal-1s-shape-0.10-edge
2026-10-05_0800_ddr5-4800_threads-1-2-3-4-5-6-8-10-12-14-16-24_r5,nvidia_physx5,8,0,1,1,evaluated,0.10000000000000001,0,0,0,0,2,300,0,0,0,0,0.016666666666666666,0,0,0,0,0,upward_excursion,0.0094747543334960938,196,0,1,16,104.57740000000005,1181.5183,contact-islands-safety-and-shape,terminal-1s-shape-0.10-edge
2026-10-05_0800_ddr5-4800_threads-1-2-3-4-5-6-8-10-12-14-16-24_r5,nvidia_physx5,8,0,1,1,evaluated,0.10000000000000001,0,0,0,0,2,300,0,0,0,0,0.016666666666666666,0,0,0,0,0,terminal_stack_shape_excess,0.027489627683458195,579,0,2,300,104.57740000000005,1181.5183,contact-islands-safety-and-shape,terminal-1s-shape-0.10-edge
2026-10-05_0800_ddr5-4800_threads-1-2-3-4-5-6-8-10-12-14-16-24_r5,nvidia_physx5,8,1,1,1,evaluated,0.10000000000000001,0,0,0,0,2,300,0,0,0,0,0.016666666666666666,0,0,0,0,0,rest_envelope,0.046588303960282573,979,0,2,31,109.29079999999998,1181.9803999999999,contact-islands-safety-and-shape,terminal-1s-shape-0.10-edge
2026-10-05_0800_ddr5-4800_threads-1-2-3-4-5-6-8-10-12-14-16-24_r5,nvidia_physx5,8,1,1,1,evaluated,0.10000000000000001,0,0,0,0,2,300,0,0,0,0,0.016666666666666666,0,0,0,0,0,upward_excursion,0.0094747543334960938,196,0,1,16,109.29079999999998,1181.9803999999999,contact-islands-safety-and-shape,terminal-1s-shape-0.10-edge
2026-10-05_0800_ddr5-4800_threads-1-2-3-4-5-6-8-10-12-14-16-24_r5,nvidia_physx5,8,1,1,1,evaluated,0.10000000000000001,0,0,0,0,2,300,0,0,0,0,0.016666666666666666,0,0,0,0,0,terminal_stack_shape_excess,0.027489627683458195,579,0,2,300,109.29079999999998,1181.9803999999999,contact-islands-safety-and-shape,terminal-1s-shape-0.10-edge
2026-10-05_0800_ddr5-4800_threads-1-2-3-4-5-6-8-10-12-14-16-24_r5,nvidia_physx5,8,2,1,1,evaluated,0.10000000000000001,0,0,0,0,2,300,0,0,0,0,0.016666666666666666,0,0,0,0,0,rest_envelope,0.046588303960282573,979,0,2,31,133.55279999999999,1180.9211,contact-islands-safety-and-shape,terminal-1s-shape-0.10-edge
2026-10-05_0800_ddr5-4800_threads-1-2-3-4-5-6-8-10-12-14-16-24_r5,nvidia_physx5,8,2,1,1,evaluated,0.10000000000000001,0,0,0,0,2,300,0,0,0,0,0.016666666666666666,0,0,0,0,0,upward_excursion,0.0094747543334960938,196,0,1,16,133.55279999999999,1180.9211,contact-islands-safety-and-shape,terminal-1s-shape-0.10-edge
2026-10-05_0800_ddr5-4800_threads-1-2-3-4-5-6-8-10-12-14-16-24_r5,nvidia_physx5,8,2,1,1,evaluated,0.10000000000000001,0,0,0,0,2,300,0,0,0,0,0.016666666666666666,0,0,0,0,0,terminal_stack_shape_excess,0.027489627683458195,579,0,2,300,133.55279999999999,1180.9211,contact-islands-safety-and-shape,terminal-1s-shape-0.10-edge
2026-10-05_0800_ddr5-4800_threads-1-2-3-4-5-6-8-10-12-14-16-24_r5,nvidia_physx5,8,3,1,1,evaluated,0.10000000000000001,0,0,0,0,2,300,0,0,0,0,0.016666666666666666,0,0,0,0,0,rest_envelope,0.046588303960282573,979,0,2,31,130.07630000000003,1181.6773000000001,contact-islands-safety-and-shape,terminal-1s-shape-0.10-edge
2026-10-05_0800_ddr5-4800_threads-1-2-3-4-5-6-8-10-12-14-16-24_r5,nvidia_physx5,8,3,1,1,evaluated,0.10000000000000001,0,0,0,0,2,300,0,0,0,0,0.016666666666666666,0,0,0,0,0,upward_excursion,0.0094747543334960938,196,0,1,16,130.07630000000003,1181.6773000000001,contact-islands-safety-and-shape,terminal-1s-shape-0.10-edge
2026-10-05_0800_ddr5-4800_threads-1-2-3-4-5-6-8-10-12-14-16-24_r5,nvidia_physx5,8,3,1,1,evaluated,0.10000000000000001,0,0,0,0,2,300,0,0,0,0,0.016666666666666666,0,0,0,0,0,terminal_stack_shape_excess,0.027489627683458195,579,0,2,300,130.07630000000003,1181.6773000000001,contact-islands-safety-and-shape,terminal-1s-shape-0.10-edge
2026-10-05_0800_ddr5-4800_threads-1-2-3-4-5-6-8-10-12-14-16-24_r5,nvidia_physx5,8,4,1,1,evaluated,0.10000000000000001,0,0,0,0,2,300,0,0,0,0,0.016666666666666666,0,0,0,0,0,rest_envelope,0.046588303960282573,979,0,2,31,140.74810000000002,1183.3221000000001,contact-islands-safety-and-shape,terminal-1s-shape-0.10-edge
2026-10-05_0800_ddr5-4800_threads-1-2-3-4-5-6-8-10-12-14-16-24_r5,nvidia_physx5,8,4,1,1,evaluated,0.10000000000000001,0,0,0,0,2,300,0,0,0,0,0.016666666666666666,0,0,0,0,0,upward_excursion,0.0094747543334960938,196,0,1,16,140.74810000000002,1183.3221000000001,contact-islands-safety-and-shape,terminal-1s-shape-0.10-edge
2026-10-05_0800_ddr5-4800_threads-1-2-3-4-5-6-8-10-12-14-16-24_r5,nvidia_physx5,8,4,1,1,evaluated,0.10000000000000001,0,0,0,0,2,300,0,0,0,0,0.016666666666666666,0,0,0,0,0,terminal_stack_shape_excess,0.027489627683458195,579,0,2,300,140.74810000000002,1183.3221000000001,contact-islands-safety-and-shape,terminal-1s-shape-0.10-edge
2026-10-05_0800_ddr5-4800_threads-1-2-3-4-5-6-8-10-12-14-16-24_r5,nvidia_physx5,10,0,1,1,evaluated,0.10000000000000001,0,0,0,0,2,300,0,0,0,0,0.016666666666666666,0,0,0,0,0,rest_envelope,0.046588303960282573,979,0,2,31,120.27289999999995,1179.8551,contact-islands-safety-and-shape,terminal-1s-shape-0.10-edge
2026-10-05_0800_ddr5-4800_threads-1-2-3-4-5-6-8-10-12-14-16-24_r5,nvidia_physx5,10,0,1,1,evaluated,0.10000000000000001,0,0,0,0,2,300,0,0,0,0,0.016666666666666666,0,0,0,0,0,upward_excursion,0.0094747543334960938,196,0,1,16,120.27289999999995,1179.8551,contact-islands-safety-and-shape,terminal-1s-shape-0.10-edge
2026-10-05_0800_ddr5-4800_threads-1-2-3-4-5-6-8-10-12-14-16-24_r5,nvidia_physx5,10,0,1,1,evaluated,0.10000000000000001,0,0,0,0,2,300,0,0,0,0,0.016666666666666666,0,0,0,0,0,terminal_stack_shape_excess,0.027489627683458195,579,0,2,300,120.27289999999995,1179.8551,contact-islands-safety-and-shape,terminal-1s-shape-0.10-edge
2026-10-05_0800_ddr5-4800_threads-1-2-3-4-5-6-8-10-12-14-16-24_r5,nvidia_physx5,10,1,1,1,evaluated,0.10000000000000001,0,0,0,0,2,300,0,0,0,0,0.016666666666666666,0,0,0,0,0,rest_envelope,0.046588303960282573,979,0,2,31,115.51419999999996,1181.8702000000001,contact-islands-safety-and-shape,terminal-1s-shape-0.10-edge
2026-10-05_0800_ddr5-4800_threads-1-2-3-4-5-6-8-10-12-14-16-24_r5,nvidia_physx5,10,1,1,1,evaluated,0.10000000000000001,0,0,0,0,2,300,0,0,0,0,0.016666666666666666,0,0,0,0,0,upward_excursion,0.0094747543334960938,196,0,1,16,115.51419999999996,1181.8702000000001,contact-islands-safety-and-shape,terminal-1s-shape-0.10-edge
2026-10-05_0800_ddr5-4800_threads-1-2-3-4-5-6-8-10-12-14-16-24_r5,nvidia_physx5,10,1,1,1,evaluated,0.10000000000000001,0,0,0,0,2,300,0,0,0,0,0.016666666666666666,0,0,0,0,0,terminal_stack_shape_excess,0.027489627683458195,579,0,2,300,115.51419999999996,1181.8702000000001,contact-islands-safety-and-shape,terminal-1s-shape-0.10-edge
2026-10-05_0800_ddr5-4800_threads-1-2-3-4-5-6-8-10-12-14-16-24_r5,nvidia_physx5,10,2,1,1,evaluated,0.10000000000000001,0,0,0,0,2,300,0,0,0,0,0.016666666666666666,0,0,0,0,0,rest_envelope,0.046588303960282573,979,0,2,31,125.10650000000005,1180.5427999999999,contact-islands-safety-and-shape,terminal-1s-shape-0.10-edge
2026-10-05_0800_ddr5-4800_threads-1-2-3-4-5-6-8-10-12-14-16-24_r5,nvidia_physx5,10,2,1,1,evaluated,0.10000000000000001,0,0,0,0,2,300,0,0,0,0,0.016666666666666666,0,0,0,0,0,upward_excursion,0.0094747543334960938,196,0,1,16,125.10650000000005,1180.5427999999999,contact-islands-safety-and-shape,terminal-1s-shape-0.10-edge
2026-10-05_0800_ddr5-4800_threads-1-2-3-4-5-6-8-10-12-14-16-24_r5,nvidia_physx5,10,2,1,1,evaluated,0.10000000000000001,0,0,0,0,2,300,0,0,0,0,0.016666666666666666,0,0,0,0,0,terminal_stack_shape_excess,0.027489627683458195,579,0,2,300,125.10650000000005,1180.5427999999999,contact-islands-safety-and-shape,terminal-1s-shape-0.10-edge
2026-10-05_0800_ddr5-4800_threads-1-2-3-4-5-6-8-10-12-14-16-24_r5,nvidia_physx5,10,3,1,1,evaluated,0.10000000000000001,0,0,0,0,2,300,0,0,0,0,0.016666666666666666,0,0,0,0,0,rest_envelope,0.046588303960282573,979,0,2,31,119.03920000000005,1180.2374,contact-islands-safety-and-shape,terminal-1s-shape-0.10-edge
2026-10-05_0800_ddr5-4800_threads-1-2-3-4-5-6-8-10-12-14-16-24_r5,nvidia_physx5,10,3,1,1,evaluated,0.10000000000000001,0,0,0,0,2,300,0,0,0,0,0.016666666666666666,0,0,0,0,0,upward_excursion,0.0094747543334960938,196,0,1,16,119.03920000000005,1180.2374,contact-islands-safety-and-shape,terminal-1s-shape-0.10-edge
2026-10-05_0800_ddr5-4800_threads-1-2-3-4-5-6-8-10-12-14-16-24_r5,nvidia_physx5,10,3,1,1,evaluated,0.10000000000000001,0,0,0,0,2,300,0,0,0,0,0.016666666666666666,0,0,0,0,0,terminal_stack_shape_excess,0.027489627683458195,579,0,2,300,119.03920000000005,1180.2374,contact-islands-safety-and-shape,terminal-1s-shape-0.10-edge
2026-10-05_0800_ddr5-4800_threads-1-2-3-4-5-6-8-10-12-14-16-24_r5,nvidia_physx5,10,4,1,1,evaluated,0.10000000000000001,0,0,0,0,2,300,0,0,0,0,0.016666666666666666,0,0,0,0,0,rest_envelope,0.046588303960282573,979,0,2,31,117.63329999999995,1181.0414000000001,contact-islands-safety-and-shape,terminal-1s-shape-0.10-edge
2026-10-05_0800_ddr5-4800_threads-1-2-3-4-5-6-8-10-12-14-16-24_r5,nvidia_physx5,10,4,1,1,evaluated,0.10000000000000001,0,0,0,0,2,300,0,0,0,0,0.016666666666666666,0,0,0,0,0,upward_excursion,0.0094747543334960938,196,0,1,16,117.63329999999995,1181.0414000000001,contact-islands-safety-and-shape,terminal-1s-shape-0.10-edge
2026-10-05_0800_ddr5-4800_threads-1-2-3-4-5-6-8-10-12-14-16-24_r5,nvidia_physx5,10,4,1,1,evaluated,0.10000000000000001,0,0,0,0,2,300,0,0,0,0,0.016666666666666666,0,0,0,0,0,terminal_stack_shape_excess,0.027489627683458195,579,0,2,300,117.63329999999995,1181.0414000000001,contact-islands-safety-and-shape,terminal-1s-shape-0.10-edge
2026-10-05_0800_ddr5-4800_threads-1-2-3-4-5-6-8-10-12-14-16-24_r5,nvidia_physx5,12,0,1,1,evaluated,0.10000000000000001,0,0,0,0,2,300,0,0,0,0,0.016666666666666666,0,0,0,0,0,rest_envelope,0.046588303960282573,979,0,2,31,126.7097999999999,1181.0677000000001,contact-islands-safety-and-shape,terminal-1s-shape-0.10-edge
2026-10-05_0800_ddr5-4800_threads-1-2-3-4-5-6-8-10-12-14-16-24_r5,nvidia_physx5,12,0,1,1,evaluated,0.10000000000000001,0,0,0,0,2,300,0,0,0,0,0.016666666666666666,0,0,0,0,0,upward_excursion,0.0094747543334960938,196,0,1,16,126.7097999999999,1181.0677000000001,contact-islands-safety-and-shape,terminal-1s-shape-0.10-edge
2026-10-05_0800_ddr5-4800_threads-1-2-3-4-5-6-8-10-12-14-16-24_r5,nvidia_physx5,12,0,1,1,evaluated,0.10000000000000001,0,0,0,0,2,300,0,0,0,0,0.016666666666666666,0,0,0,0,0,terminal_stack_shape_excess,0.027489627683458195,579,0,2,300,126.7097999999999,1181.0677000000001,contact-islands-safety-and-shape,terminal-1s-shape-0.10-edge
2026-10-05_0800_ddr5-4800_threads-1-2-3-4-5-6-8-10-12-14-16-24_r5,nvidia_physx5,12,1,1,1,evaluated,0.10000000000000001,0,0,0,0,2,300,0,0,0,0,0.016666666666666666,0,0,0,0,0,rest_envelope,0.046588303960282573,979,0,2,31,127.16590000000006,1184.2237,contact-islands-safety-and-shape,terminal-1s-shape-0.10-edge
2026-10-05_0800_ddr5-4800_threads-1-2-3-4-5-6-8-10-12-14-16-24_r5,nvidia_physx5,12,1,1,1,evaluated,0.10000000000000001,0,0,0,0,2,300,0,0,0,0,0.016666666666666666,0,0,0,0,0,upward_excursion,0.0094747543334960938,196,0,1,16,127.16590000000006,1184.2237,contact-islands-safety-and-shape,terminal-1s-shape-0.10-edge
2026-10-05_0800_ddr5-4800_threads-1-2-3-4-5-6-8-10-12-14-16-24_r5,nvidia_physx5,12,1,1,1,evaluated,0.10000000000000001,0,0,0,0,2,300,0,0,0,0,0.016666666666666666,0,0,0,0,0,terminal_stack_shape_excess,0.027489627683458195,579,0,2,300,127.16590000000006,1184.2237,contact-islands-safety-and-shape,terminal-1s-shape-0.10-edge
2026-10-05_0800_ddr5-4800_threads-1-2-3-4-5-6-8-10-12-14-16-24_r5,nvidia_physx5,12,2,1,1,evaluated,0.10000000000000001,0,0,0,0,2,300,0,0,0,0,0.016666666666666666,0,0,0,0,0,rest_envelope,0.046588303960282573,979,0,2,31,131.98390000000001,1187.1400000000001,contact-islands-safety-and-shape,terminal-1s-shape-0.10-edge
2026-10-05_0800_ddr5-4800_threads-1-2-3-4-5-6-8-10-12-14-16-24_r5,nvidia_physx5,12,2,1,1,evaluated,0.10000000000000001,0,0,0,0,2,300,0,0,0,0,0.016666666666666666,0,0,0,0,0,upward_excursion,0.0094747543334960938,196,0,1,16,131.98390000000001,1187.1400000000001,contact-islands-safety-and-shape,terminal-1s-shape-0.10-edge
2026-10-05_0800_ddr5-4800_threads-1-2-3-4-5-6-8-10-12-14-16-24_r5,nvidia_physx5,12,2,1,1,evaluated,0.10000000000000001,0,0,0,0,2,300,0,0,0,0,0.016666666666666666,0,0,0,0,0,terminal_stack_shape_excess,0.027489627683458195,579,0,2,300,131.98390000000001,1187.1400000000001,contact-islands-safety-and-shape,terminal-1s-shape-0.10-edge
2026-10-05_0800_ddr5-4800_threads-1-2-3-4-5-6-8-10-12-14-16-24_r5,nvidia_physx5,12,3,1,1,evaluated,0.10000000000000001,0,0,0,0,2,300,0,0,0,0,0.016666666666666666,0,0,0,0,0,rest_envelope,0.046588303960282573,979,0,2,31,127.49620000000009,1183.7478000000001,contact-islands-safety-and-shape,terminal-1s-shape-0.10-edge
2026-10-05_0800_ddr5-4800_threads-1-2-3-4-5-6-8-10-12-14-16-24_r5,nvidia_physx5,12,3,1,1,evaluated,0.10000000000000001,0,0,0,0,2,300,0,0,0,0,0.016666666666666666,0,0,0,0,0,upward_excursion,0.0094747543334960938,196,0,1,16,127.49620000000009,1183.7478000000001,contact-islands-safety-and-shape,terminal-1s-shape-0.10-edge
2026-10-05_0800_ddr5-4800_threads-1-2-3-4-5-6-8-10-12-14-16-24_r5,nvidia_physx5,12,3,1,1,evaluated,0.10000000000000001,0,0,0,0,2,300,0,0,0,0,0.016666666666666666,0,0,0,0,0,terminal_stack_shape_excess,0.027489627683458195,579,0,2,300,127.49620000000009,1183.7478000000001,contact-islands-safety-and-shape,terminal-1s-shape-0.10-edge
2026-10-05_0800_ddr5-4800_threads-1-2-3-4-5-6-8-10-12-14-16-24_r5,nvidia_physx5,12,4,1,1,evaluated,0.10000000000000001,0,0,0,0,2,300,0,0,0,0,0.016666666666666666,0,0,0,0,0,rest_envelope,0.046588303960282573,979,0,2,31,127.78249999999997,1183.2442000000001,contact-islands-safety-and-shape,terminal-1s-shape-0.10-edge
2026-10-05_0800_ddr5-4800_threads-1-2-3-4-5-6-8-10-12-14-16-24_r5,nvidia_physx5,12,4,1,1,evaluated,0.10000000000000001,0,0,0,0,2,300,0,0,0,0,0.016666666666666666,0,0,0,0,0,upward_excursion,0.0094747543334960938,196,0,1,16,127.78249999999997,1183.2442000000001,contact-islands-safety-and-shape,terminal-1s-shape-0.10-edge
2026-10-05_0800_ddr5-4800_threads-1-2-3-4-5-6-8-10-12-14-16-24_r5,nvidia_physx5,12,4,1,1,evaluated,0.10000000000000001,0,0,0,0,2,300,0,0,0,0,0.016666666666666666,0,0,0,0,0,terminal_stack_shape_excess,0.027489627683458195,579,0,2,300,127.78249999999997,1183.2442000000001,contact-islands-safety-and-shape,terminal-1s-shape-0.10-edge
2026-10-05_0800_ddr5-4800_threads-1-2-3-4-5-6-8-10-12-14-16-24_r5,nvidia_physx5,14,0,1,1,evaluated,0.10000000000000001,0,0,0,0,2,300,0,0,0,0,0.016666666666666666,0,0,0,0,0,rest_envelope,0.046588303960282573,979,0,2,31,115.81490000000004,1182.1863000000001,contact-islands-safety-and-shape,terminal-1s-shape-0.10-edge
2026-10-05_0800_ddr5-4800_threads-1-2-3-4-5-6-8-10-12-14-16-24_r5,nvidia_physx5,14,0,1,1,evaluated,0.10000000000000001,0,0,0,0,2,300,0,0,0,0,0.016666666666666666,0,0,0,0,0,upward_excursion,0.0094747543334960938,196,0,1,16,115.81490000000004,1182.1863000000001,contact-islands-safety-and-shape,terminal-1s-shape-0.10-edge
2026-10-05_0800_ddr5-4800_threads-1-2-3-4-5-6-8-10-12-14-16-24_r5,nvidia_physx5,14,0,1,1,evaluated,0.10000000000000001,0,0,0,0,2,300,0,0,0,0,0.016666666666666666,0,0,0,0,0,terminal_stack_shape_excess,0.027489627683458195,579,0,2,300,115.81490000000004,1182.1863000000001,contact-islands-safety-and-shape,terminal-1s-shape-0.10-edge
2026-10-05_0800_ddr5-4800_threads-1-2-3-4-5-6-8-10-12-14-16-24_r5,nvidia_physx5,14,1,1,1,evaluated,0.10000000000000001,0,0,0,0,2,300,0,0,0,0,0.016666666666666666,0,0,0,0,0,rest_envelope,0.046588303960282573,979,0,2,31,121.28399999999989,1189.2063000000001,contact-islands-safety-and-shape,terminal-1s-shape-0.10-edge
2026-10-05_0800_ddr5-4800_threads-1-2-3-4-5-6-8-10-12-14-16-24_r5,nvidia_physx5,14,1,1,1,evaluated,0.10000000000000001,0,0,0,0,2,300,0,0,0,0,0.016666666666666666,0,0,0,0,0,upward_excursion,0.0094747543334960938,196,0,1,16,121.28399999999989,1189.2063000000001,contact-islands-safety-and-shape,terminal-1s-shape-0.10-edge
2026-10-05_0800_ddr5-4800_threads-1-2-3-4-5-6-8-10-12-14-16-24_r5,nvidia_physx5,14,1,1,1,evaluated,0.10000000000000001,0,0,0,0,2,300,0,0,0,0,0.016666666666666666,0,0,0,0,0,terminal_stack_shape_excess,0.027489627683458195,579,0,2,300,121.28399999999989,1189.2063000000001,contact-islands-safety-and-shape,terminal-1s-shape-0.10-edge
2026-10-05_0800_ddr5-4800_threads-1-2-3-4-5-6-8-10-12-14-16-24_r5,nvidia_physx5,14,2,1,1,evaluated,0.10000000000000001,0,0,0,0,2,300,0,0,0,0,0.016666666666666666,0,0,0,0,0,rest_envelope,0.046588303960282573,979,0,2,31,125.01440000000005,1182.067,contact-islands-safety-and-shape,terminal-1s-shape-0.10-edge
2026-10-05_0800_ddr5-4800_threads-1-2-3-4-5-6-8-10-12-14-16-24_r5,nvidia_physx5,14,2,1,1,evaluated,0.10000000000000001,0,0,0,0,2,300,0,0,0,0,0.016666666666666666,0,0,0,0,0,upward_excursion,0.0094747543334960938,196,0,1,16,125.01440000000005,1182.067,contact-islands-safety-and-shape,terminal-1s-shape-0.10-edge
2026-10-05_0800_ddr5-4800_threads-1-2-3-4-5-6-8-10-12-14-16-24_r5,nvidia_physx5,14,2,1,1,evaluated,0.10000000000000001,0,0,0,0,2,300,0,0,0,0,0.016666666666666666,0,0,0,0,0,terminal_stack_shape_excess,0.027489627683458195,579,0,2,300,125.01440000000005,1182.067,contact-islands-safety-and-shape,terminal-1s-shape-0.10-edge
2026-10-05_0800_ddr5-4800_threads-1-2-3-4-5-6-8-10-12-14-16-24_r5,nvidia_physx5,14,3,1,1,evaluated,0.10000000000000001,0,0,0,0,2,300,0,0,0,0,0.016666666666666666,0,0,0,0,0,rest_envelope,0.046588303960282573,979,0,2,31,119.56680000000009,1181.1704,contact-islands-safety-and-shape,terminal-1s-shape-0.10-edge
2026-10-05_0800_ddr5-4800_threads-1-2-3-4-5-6-8-10-12-14-16-24_r5,nvidia_physx5,14,3,1,1,evaluated,0.10000000000000001,0,0,0,0,2,300,0,0,0,0,0.016666666666666666,0,0,0,0,0,upward_excursion,0.0094747543334960938,196,0,1,16,119.56680000000009,1181.1704,contact-islands-safety-and-shape,terminal-1s-shape-0.10-edge
2026-10-05_0800_ddr5-4800_threads-1-2-3-4-5-6-8-10-12-14-16-24_r5,nvidia_physx5,14,3,1,1,evaluated,0.10000000000000001,0,0,0,0,2,300,0,0,0,0,0.016666666666666666,0,0,0,0,0,terminal_stack_shape_excess,0.027489627683458195,579,0,2,300,119.56680000000009,1181.1704,contact-islands-safety-and-shape,terminal-1s-shape-0.10-edge
2026-10-05_0800_ddr5-4800_threads-1-2-3-4-5-6-8-10-12-14-16-24_r5,nvidia_physx5,14,4,1,1,evaluated,0.10000000000000001,0,0,0,0,2,300,0,0,0,0,0.016666666666666666,0,0,0,0,0,rest_envelope,0.046588303960282573,979,0,2,31,137.5859999999999,1182.0681,contact-islands-safety-and-shape,terminal-1s-shape-0.10-edge
2026-10-05_0800_ddr5-4800_threads-1-2-3-4-5-6-8-10-12-14-16-24_r5,nvidia_physx5,14,4,1,1,evaluated,0.10000000000000001,0,0,0,0,2,300,0,0,0,0,0.016666666666666666,0,0,0,0,0,upward_excursion,0.0094747543334960938,196,0,1,16,137.5859999999999,1182.0681,contact-islands-safety-and-shape,terminal-1s-shape-0.10-edge
2026-10-05_0800_ddr5-4800_threads-1-2-3-4-5-6-8-10-12-14-16-24_r5,nvidia_physx5,14,4,1,1,evaluated,0.10000000000000001,0,0,0,0,2,300,0,0,0,0,0.016666666666666666,0,0,0,0,0,terminal_stack_shape_excess,0.027489627683458195,579,0,2,300,137.5859999999999,1182.0681,contact-islands-safety-and-shape,terminal-1s-shape-0.10-edge
2026-10-05_0800_ddr5-4800_threads-1-2-3-4-5-6-8-10-12-14-16-24_r5,nvidia_physx5,16,0,1,1,evaluated,0.10000000000000001,0,0,0,0,2,300,0,0,0,0,0.016666666666666666,0,0,0,0,0,rest_envelope,0.046588303960282573,979,0,2,31,104.40399999999998,1183.3043,contact-islands-safety-and-shape,terminal-1s-shape-0.10-edge
2026-10-05_0800_ddr5-4800_threads-1-2-3-4-5-6-8-10-12-14-16-24_r5,nvidia_physx5,16,0,1,1,evaluated,0.10000000000000001,0,0,0,0,2,300,0,0,0,0,0.016666666666666666,0,0,0,0,0,upward_excursion,0.0094747543334960938,196,0,1,16,104.40399999999998,1183.3043,contact-islands-safety-and-shape,terminal-1s-shape-0.10-edge
2026-10-05_0800_ddr5-4800_threads-1-2-3-4-5-6-8-10-12-14-16-24_r5,nvidia_physx5,16,0,1,1,evaluated,0.10000000000000001,0,0,0,0,2,300,0,0,0,0,0.016666666666666666,0,0,0,0,0,terminal_stack_shape_excess,0.027489627683458195,579,0,2,300,104.40399999999998,1183.3043,contact-islands-safety-and-shape,terminal-1s-shape-0.10-edge
2026-10-05_0800_ddr5-4800_threads-1-2-3-4-5-6-8-10-12-14-16-24_r5,nvidia_physx5,16,1,1,1,evaluated,0.10000000000000001,0,0,0,0,2,300,0,0,0,0,0.016666666666666666,0,0,0,0,0,rest_envelope,0.046588303960282573,979,0,2,31,106,1181.4418000000001,contact-islands-safety-and-shape,terminal-1s-shape-0.10-edge
2026-10-05_0800_ddr5-4800_threads-1-2-3-4-5-6-8-10-12-14-16-24_r5,nvidia_physx5,16,1,1,1,evaluated,0.10000000000000001,0,0,0,0,2,300,0,0,0,0,0.016666666666666666,0,0,0,0,0,upward_excursion,0.0094747543334960938,196,0,1,16,106,1181.4418000000001,contact-islands-safety-and-shape,terminal-1s-shape-0.10-edge
2026-10-05_0800_ddr5-4800_threads-1-2-3-4-5-6-8-10-12-14-16-24_r5,nvidia_physx5,16,1,1,1,evaluated,0.10000000000000001,0,0,0,0,2,300,0,0,0,0,0.016666666666666666,0,0,0,0,0,terminal_stack_shape_excess,0.027489627683458195,579,0,2,300,106,1181.4418000000001,contact-islands-safety-and-shape,terminal-1s-shape-0.10-edge
2026-10-05_0800_ddr5-4800_threads-1-2-3-4-5-6-8-10-12-14-16-24_r5,nvidia_physx5,16,2,1,1,evaluated,0.10000000000000001,0,0,0,0,2,300,0,0,0,0,0.016666666666666666,0,0,0,0,0,rest_envelope,0.046588303960282573,979,0,2,31,108.41220000000003,1181.7944,contact-islands-safety-and-shape,terminal-1s-shape-0.10-edge
2026-10-05_0800_ddr5-4800_threads-1-2-3-4-5-6-8-10-12-14-16-24_r5,nvidia_physx5,16,2,1,1,evaluated,0.10000000000000001,0,0,0,0,2,300,0,0,0,0,0.016666666666666666,0,0,0,0,0,upward_excursion,0.0094747543334960938,196,0,1,16,108.41220000000003,1181.7944,contact-islands-safety-and-shape,terminal-1s-shape-0.10-edge
2026-10-05_0800_ddr5-4800_threads-1-2-3-4-5-6-8-10-12-14-16-24_r5,nvidia_physx5,16,2,1,1,evaluated,0.10000000000000001,0,0,0,0,2,300,0,0,0,0,0.016666666666666666,0,0,0,0,0,terminal_stack_shape_excess,0.027489627683458195,579,0,2,300,108.41220000000003,1181.7944,contact-islands-safety-and-shape,terminal-1s-shape-0.10-edge
2026-10-05_0800_ddr5-4800_threads-1-2-3-4-5-6-8-10-12-14-16-24_r5,nvidia_physx5,16,3,1,1,evaluated,0.10000000000000001,0,0,0,0,2,300,0,0,0,0,0.016666666666666666,0,0,0,0,0,rest_envelope,0.046588303960282573,979,0,2,31,108.78369999999997,1182.3377,contact-islands-safety-and-shape,terminal-1s-shape-0.10-edge
2026-10-05_0800_ddr5-4800_threads-1-2-3-4-5-6-8-10-12-14-16-24_r5,nvidia_physx5,16,3,1,1,evaluated,0.10000000000000001,0,0,0,0,2,300,0,0,0,0,0.016666666666666666,0,0,0,0,0,upward_excursion,0.0094747543334960938,196,0,1,16,108.78369999999997,1182.3377,contact-islands-safety-and-shape,terminal-1s-shape-0.10-edge
2026-10-05_0800_ddr5-4800_threads-1-2-3-4-5-6-8-10-12-14-16-24_r5,nvidia_physx5,16,3,1,1,evaluated,0.10000000000000001,0,0,0,0,2,300,0,0,0,0,0.016666666666666666,0,0,0,0,0,terminal_stack_shape_excess,0.027489627683458195,579,0,2,300,108.78369999999997,1182.3377,contact-islands-safety-and-shape,terminal-1s-shape-0.10-edge
2026-10-05_0800_ddr5-4800_threads-1-2-3-4-5-6-8-10-12-14-16-24_r5,nvidia_physx5,16,4,1,1,evaluated,0.10000000000000001,0,0,0,0,2,300,0,0,0,0,0.016666666666666666,0,0,0,0,0,rest_envelope,0.046588303960282573,979,0,2,31,109.87590000000006,1181.924,contact-islands-safety-and-shape,terminal-1s-shape-0.10-edge
2026-10-05_0800_ddr5-4800_threads-1-2-3-4-5-6-8-10-12-14-16-24_r5,nvidia_physx5,16,4,1,1,evaluated,0.10000000000000001,0,0,0,0,2,300,0,0,0,0,0.016666666666666666,0,0,0,0,0,upward_excursion,0.0094747543334960938,196,0,1,16,109.87590000000006,1181.924,contact-islands-safety-and-shape,terminal-1s-shape-0.10-edge
2026-10-05_0800_ddr5-4800_threads-1-2-3-4-5-6-8-10-12-14-16-24_r5,nvidia_physx5,16,4,1,1,evaluated,0.10000000000000001,0,0,0,0,2,300,0,0,0,0,0.016666666666666666,0,0,0,0,0,terminal_stack_shape_excess,0.027489627683458195,579,0,2,300,109.87590000000006,1181.924,contact-islands-safety-and-shape,terminal-1s-shape-0.10-edge
2026-10-05_0800_ddr5-4800_threads-1-2-3-4-5-6-8-10-12-14-16-24_r5,nvidia_physx5,24,0,1,1,evaluated,0.10000000000000001,0,0,0,0,2,300,0,0,0,0,0.016666666666666666,0,0,0,0,0,rest_envelope,0.046588303960282573,979,0,2,31,99.549400000000105,1180.4772,contact-islands-safety-and-shape,terminal-1s-shape-0.10-edge
2026-10-05_0800_ddr5-4800_threads-1-2-3-4-5-6-8-10-12-14-16-24_r5,nvidia_physx5,24,0,1,1,evaluated,0.10000000000000001,0,0,0,0,2,300,0,0,0,0,0.016666666666666666,0,0,0,0,0,upward_excursion,0.0094747543334960938,196,0,1,16,99.549400000000105,1180.4772,contact-islands-safety-and-shape,terminal-1s-shape-0.10-edge
2026-10-05_0800_ddr5-4800_threads-1-2-3-4-5-6-8-10-12-14-16-24_r5,nvidia_physx5,24,0,1,1,evaluated,0.10000000000000001,0,0,0,0,2,300,0,0,0,0,0.016666666666666666,0,0,0,0,0,terminal_stack_shape_excess,0.027489627683458195,579,0,2,300,99.549400000000105,1180.4772,contact-islands-safety-and-shape,terminal-1s-shape-0.10-edge
2026-10-05_0800_ddr5-4800_threads-1-2-3-4-5-6-8-10-12-14-16-24_r5,nvidia_physx5,24,1,1,1,evaluated,0.10000000000000001,0,0,0,0,2,300,0,0,0,0,0.016666666666666666,0,0,0,0,0,rest_envelope,0.046588303960282573,979,0,2,31,103.17850000000006,1182.5567000000001,contact-islands-safety-and-shape,terminal-1s-shape-0.10-edge
2026-10-05_0800_ddr5-4800_threads-1-2-3-4-5-6-8-10-12-14-16-24_r5,nvidia_physx5,24,1,1,1,evaluated,0.10000000000000001,0,0,0,0,2,300,0,0,0,0,0.016666666666666666,0,0,0,0,0,upward_excursion,0.0094747543334960938,196,0,1,16,103.17850000000006,1182.5567000000001,contact-islands-safety-and-shape,terminal-1s-shape-0.10-edge
2026-10-05_0800_ddr5-4800_threads-1-2-3-4-5-6-8-10-12-14-16-24_r5,nvidia_physx5,24,1,1,1,evaluated,0.10000000000000001,0,0,0,0,2,300,0,0,0,0,0.016666666666666666,0,0,0,0,0,terminal_stack_shape_excess,0.027489627683458195,579,0,2,300,103.17850000000006,1182.5567000000001,contact-islands-safety-and-shape,terminal-1s-shape-0.10-edge
2026-10-05_0800_ddr5-4800_threads-1-2-3-4-5-6-8-10-12-14-16-24_r5,nvidia_physx5,24,2,1,1,evaluated,0.10000000000000001,0,0,0,0,2,300,0,0,0,0,0.016666666666666666,0,0,0,0,0,rest_envelope,0.046588303960282573,979,0,2,31,104.55690000000003,1186.1891000000001,contact-islands-safety-and-shape,terminal-1s-shape-0.10-edge
2026-10-05_0800_ddr5-4800_threads-1-2-3-4-5-6-8-10-12-14-16-24_r5,nvidia_physx5,24,2,1,1,evaluated,0.10000000000000001,0,0,0,0,2,300,0,0,0,0,0.016666666666666666,0,0,0,0,0,upward_excursion,0.0094747543334960938,196,0,1,16,104.55690000000003,1186.1891000000001,contact-islands-safety-and-shape,terminal-1s-shape-0.10-edge
2026-10-05_0800_ddr5-4800_threads-1-2-3-4-5-6-8-10-12-14-16-24_r5,nvidia_physx5,24,2,1,1,evaluated,0.10000000000000001,0,0,0,0,2,300,0,0,0,0,0.016666666666666666,0,0,0,0,0,terminal_stack_shape_excess,0.027489627683458195,579,0,2,300,104.55690000000003,1186.1891000000001,contact-islands-safety-and-shape,terminal-1s-shape-0.10-edge
2026-10-05_0800_ddr5-4800_threads-1-2-3-4-5-6-8-10-12-14-16-24_r5,nvidia_physx5,24,3,1,1,evaluated,0.10000000000000001,0,0,0,0,2,300,0,0,0,0,0.016666666666666666,0,0,0,0,0,rest_envelope,0.046588303960282573,979,0,2,31,103.06870000000001,1183.1261999999999,contact-islands-safety-and-shape,terminal-1s-shape-0.10-edge
2026-10-05_0800_ddr5-4800_threads-1-2-3-4-5-6-8-10-12-14-16-24_r5,nvidia_physx5,24,3,1,1,evaluated,0.10000000000000001,0,0,0,0,2,300,0,0,0,0,0.016666666666666666,0,0,0,0,0,upward_excursion,0.0094747543334960938,196,0,1,16,103.06870000000001,1183.1261999999999,contact-islands-safety-and-shape,terminal-1s-shape-0.10-edge
2026-10-05_0800_ddr5-4800_threads-1-2-3-4-5-6-8-10-12-14-16-24_r5,nvidia_physx5,24,3,1,1,evaluated,0.10000000000000001,0,0,0,0,2,300,0,0,0,0,0.016666666666666666,0,0,0,0,0,terminal_stack_shape_excess,0.027489627683458195,579,0,2,300,103.06870000000001,1183.1261999999999,contact-islands-safety-and-shape,terminal-1s-shape-0.10-edge
2026-10-05_0800_ddr5-4800_threads-1-2-3-4-5-6-8-10-12-14-16-24_r5,nvidia_physx5,24,4,1,1,evaluated,0.10000000000000001,0,0,0,0,2,300,0,0,0,0,0.016666666666666666,0,0,0,0,0,rest_envelope,0.046588303960282573,979,0,2,31,102.33300000000004,1181.8058000000001,contact-islands-safety-and-shape,terminal-1s-shape-0.10-edge
2026-10-05_0800_ddr5-4800_threads-1-2-3-4-5-6-8-10-12-14-16-24_r5,nvidia_physx5,24,4,1,1,evaluated,0.10000000000000001,0,0,0,0,2,300,0,0,0,0,0.016666666666666666,0,0,0,0,0,upward_excursion,0.0094747543334960938,196,0,1,16,102.33300000000004,1181.8058000000001,contact-islands-safety-and-shape,terminal-1s-shape-0.10-edge
2026-10-05_0800_ddr5-4800_threads-1-2-3-4-5-6-8-10-12-14-16-24_r5,nvidia_physx5,24,4,1,1,evaluated,0.10000000000000001,0,0,0,0,2,300,0,0,0,0,0.016666666666666666,0,0,0,0,0,terminal_stack_shape_excess,0.027489627683458195,579,0,2,300,102.33300000000004,1181.8058000000001,contact-islands-safety-and-shape,terminal-1s-shape-0.10-edge
2026-10-05_0800_ddr5-4800_threads-1-2-3-4-5-6-8-10-12-14-16-24_r5,unreal_chaos,1,0,1,1,evaluated,0.10000000000000001,0,0,0,0,2,300,0,0,0,0,0.016666666666666666,0,0,0,0,0,rest_envelope,0.071224777457338462,1175,0,1,22,70.360600000000019,1187.5832,contact-islands-safety-and-shape,terminal-1s-shape-0.10-edge
2026-10-05_0800_ddr5-4800_threads-1-2-3-4-5-6-8-10-12-14-16-24_r5,unreal_chaos,1,0,1,1,evaluated,0.10000000000000001,0,0,0,0,2,300,0,0,0,0,0.016666666666666666,0,0,0,0,0,upward_excursion,0.0084586143493652344,2782,0,1,14,70.360600000000019,1187.5832,contact-islands-safety-and-shape,terminal-1s-shape-0.10-edge
2026-10-05_0800_ddr5-4800_threads-1-2-3-4-5-6-8-10-12-14-16-24_r5,unreal_chaos,1,0,1,1,evaluated,0.10000000000000001,0,0,0,0,2,300,0,0,0,0,0.016666666666666666,0,0,0,0,0,terminal_stack_shape_excess,0.051038312147055009,1775,0,2,240,70.360600000000019,1187.5832,contact-islands-safety-and-shape,terminal-1s-shape-0.10-edge
2026-10-05_0800_ddr5-4800_threads-1-2-3-4-5-6-8-10-12-14-16-24_r5,unreal_chaos,1,1,1,1,evaluated,0.10000000000000001,0,0,0,0,2,300,0,0,0,0,0.016666666666666666,0,0,0,0,0,rest_envelope,0.071224777457338462,1175,0,1,22,74.560600000000008,1186.6249,contact-islands-safety-and-shape,terminal-1s-shape-0.10-edge
2026-10-05_0800_ddr5-4800_threads-1-2-3-4-5-6-8-10-12-14-16-24_r5,unreal_chaos,1,1,1,1,evaluated,0.10000000000000001,0,0,0,0,2,300,0,0,0,0,0.016666666666666666,0,0,0,0,0,upward_excursion,0.0084586143493652344,2782,0,1,14,74.560600000000008,1186.6249,contact-islands-safety-and-shape,terminal-1s-shape-0.10-edge
2026-10-05_0800_ddr5-4800_threads-1-2-3-4-5-6-8-10-12-14-16-24_r5,unreal_chaos,1,1,1,1,evaluated,0.10000000000000001,0,0,0,0,2,300,0,0,0,0,0.016666666666666666,0,0,0,0,0,terminal_stack_shape_excess,0.051038312147055009,1775,0,2,240,74.560600000000008,1186.6249,contact-islands-safety-and-shape,terminal-1s-shape-0.10-edge
2026-10-05_0800_ddr5-4800_threads-1-2-3-4-5-6-8-10-12-14-16-24_r5,unreal_chaos,1,2,1,1,evaluated,0.10000000000000001,0,0,0,0,2,300,0,0,0,0,0.016666666666666666,0,0,0,0,0,rest_envelope,0.071224777457338462,1175,0,1,22,74.889699999999962,1190.5440000000001,contact-islands-safety-and-shape,terminal-1s-shape-0.10-edge
2026-10-05_0800_ddr5-4800_threads-1-2-3-4-5-6-8-10-12-14-16-24_r5,unreal_chaos,1,2,1,1,evaluated,0.10000000000000001,0,0,0,0,2,300,0,0,0,0,0.016666666666666666,0,0,0,0,0,upward_excursion,0.0084586143493652344,2782,0,1,14,74.889699999999962,1190.5440000000001,contact-islands-safety-and-shape,terminal-1s-shape-0.10-edge
2026-10-05_0800_ddr5-4800_threads-1-2-3-4-5-6-8-10-12-14-16-24_r5,unreal_chaos,1,2,1,1,evaluated,0.10000000000000001,0,0,0,0,2,300,0,0,0,0,0.016666666666666666,0,0,0,0,0,terminal_stack_shape_excess,0.051038312147055009,1775,0,2,240,74.889699999999962,1190.5440000000001,contact-islands-safety-and-shape,terminal-1s-shape-0.10-edge
2026-10-05_0800_ddr5-4800_threads-1-2-3-4-5-6-8-10-12-14-16-24_r5,unreal_chaos,1,3,1,1,evaluated,0.10000000000000001,0,0,0,0,2,300,0,0,0,0,0.016666666666666666,0,0,0,0,0,rest_envelope,0.071224777457338462,1175,0,1,22,77.58550000000001,1188.682,contact-islands-safety-and-shape,terminal-1s-shape-0.10-edge
2026-10-05_0800_ddr5-4800_threads-1-2-3-4-5-6-8-10-12-14-16-24_r5,unreal_chaos,1,3,1,1,evaluated,0.10000000000000001,0,0,0,0,2,300,0,0,0,0,0.016666666666666666,0,0,0,0,0,upward_excursion,0.0084586143493652344,2782,0,1,14,77.58550000000001,1188.682,contact-islands-safety-and-shape,terminal-1s-shape-0.10-edge
2026-10-05_0800_ddr5-4800_threads-1-2-3-4-5-6-8-10-12-14-16-24_r5,unreal_chaos,1,3,1,1,evaluated,0.10000000000000001,0,0,0,0,2,300,0,0,0,0,0.016666666666666666,0,0,0,0,0,terminal_stack_shape_excess,0.051038312147055009,1775,0,2,240,77.58550000000001,1188.682,contact-islands-safety-and-shape,terminal-1s-shape-0.10-edge
2026-10-05_0800_ddr5-4800_threads-1-2-3-4-5-6-8-10-12-14-16-24_r5,unreal_chaos,1,4,1,1,evaluated,0.10000000000000001,0,0,0,0,2,300,0,0,0,0,0.016666666666666666,0,0,0,0,0,rest_envelope,0.071224777457338462,1175,0,1,22,76.61209999999997,1190.0145,contact-islands-safety-and-shape,terminal-1s-shape-0.10-edge
2026-10-05_0800_ddr5-4800_threads-1-2-3-4-5-6-8-10-12-14-16-24_r5,unreal_chaos,1,4,1,1,evaluated,0.10000000000000001,0,0,0,0,2,300,0,0,0,0,0.016666666666666666,0,0,0,0,0,upward_excursion,0.0084586143493652344,2782,0,1,14,76.61209999999997,1190.0145,contact-islands-safety-and-shape,terminal-1s-shape-0.10-edge
2026-10-05_0800_ddr5-4800_threads-1-2-3-4-5-6-8-10-12-14-16-24_r5,unreal_chaos,1,4,1,1,evaluated,0.10000000000000001,0,0,0,0,2,300,0,0,0,0,0.016666666666666666,0,0,0,0,0,terminal_stack_shape_excess,0.051038312147055009,1775,0,2,240,76.61209999999997,1190.0145,contact-islands-safety-and-shape,terminal-1s-shape-0.10-edge
2026-10-05_0800_ddr5-4800_threads-1-2-3-4-5-6-8-10-12-14-16-24_r5,unreal_chaos,2,0,1,1,evaluated,0.10000000000000001,0,0,0,0,2,300,0,0,0,0,0.016666666666666666,0,0,0,0,0,rest_envelope,0.071224777457338462,1175,0,1,22,73.572699999999998,1189.8381999999999,contact-islands-safety-and-shape,terminal-1s-shape-0.10-edge
2026-10-05_0800_ddr5-4800_threads-1-2-3-4-5-6-8-10-12-14-16-24_r5,unreal_chaos,2,0,1,1,evaluated,0.10000000000000001,0,0,0,0,2,300,0,0,0,0,0.016666666666666666,0,0,0,0,0,upward_excursion,0.0084586143493652344,2782,0,1,14,73.572699999999998,1189.8381999999999,contact-islands-safety-and-shape,terminal-1s-shape-0.10-edge
2026-10-05_0800_ddr5-4800_threads-1-2-3-4-5-6-8-10-12-14-16-24_r5,unreal_chaos,2,0,1,1,evaluated,0.10000000000000001,0,0,0,0,2,300,0,0,0,0,0.016666666666666666,0,0,0,0,0,terminal_stack_shape_excess,0.051038312147055009,1775,0,2,240,73.572699999999998,1189.8381999999999,contact-islands-safety-and-shape,terminal-1s-shape-0.10-edge
2026-10-05_0800_ddr5-4800_threads-1-2-3-4-5-6-8-10-12-14-16-24_r5,unreal_chaos,2,1,1,1,evaluated,0.10000000000000001,0,0,0,0,2,300,0,0,0,0,0.016666666666666666,0,0,0,0,0,rest_envelope,0.071224777457338462,1175,0,1,22,74.662999999999982,1188.5497,contact-islands-safety-and-shape,terminal-1s-shape-0.10-edge
2026-10-05_0800_ddr5-4800_threads-1-2-3-4-5-6-8-10-12-14-16-24_r5,unreal_chaos,2,1,1,1,evaluated,0.10000000000000001,0,0,0,0,2,300,0,0,0,0,0.016666666666666666,0,0,0,0,0,upward_excursion,0.0084586143493652344,2782,0,1,14,74.662999999999982,1188.5497,contact-islands-safety-and-shape,terminal-1s-shape-0.10-edge
2026-10-05_0800_ddr5-4800_threads-1-2-3-4-5-6-8-10-12-14-16-24_r5,unreal_chaos,2,1,1,1,evaluated,0.10000000000000001,0,0,0,0,2,300,0,0,0,0,0.016666666666666666,0,0,0,0,0,terminal_stack_shape_excess,0.051038312147055009,1775,0,2,240,74.662999999999982,1188.5497,contact-islands-safety-and-shape,terminal-1s-shape-0.10-edge
2026-10-05_0800_ddr5-4800_threads-1-2-3-4-5-6-8-10-12-14-16-24_r5,unreal_chaos,2,2,1,1,evaluated,0.10000000000000001,0,0,0,0,2,300,0,0,0,0,0.016666666666666666,0,0,0,0,0,rest_envelope,0.071224777457338462,1175,0,1,22,75.669499999999999,1189.5931,contact-islands-safety-and-shape,terminal-1s-shape-0.10-edge
2026-10-05_0800_ddr5-4800_threads-1-2-3-4-5-6-8-10-12-14-16-24_r5,unreal_chaos,2,2,1,1,evaluated,0.10000000000000001,0,0,0,0,2,300,0,0,0,0,0.016666666666666666,0,0,0,0,0,upward_excursion,0.0084586143493652344,2782,0,1,14,75.669499999999999,1189.5931,contact-islands-safety-and-shape,terminal-1s-shape-0.10-edge
2026-10-05_0800_ddr5-4800_threads-1-2-3-4-5-6-8-10-12-14-16-24_r5,unreal_chaos,2,2,1,1,evaluated,0.10000000000000001,0,0,0,0,2,300,0,0,0,0,0.016666666666666666,0,0,0,0,0,terminal_stack_shape_excess,0.051038312147055009,1775,0,2,240,75.669499999999999,1189.5931,contact-islands-safety-and-shape,terminal-1s-shape-0.10-edge
2026-10-05_0800_ddr5-4800_threads-1-2-3-4-5-6-8-10-12-14-16-24_r5,unreal_chaos,2,3,1,1,evaluated,0.10000000000000001,0,0,0,0,2,300,0,0,0,0,0.016666666666666666,0,0,0,0,0,rest_envelope,0.071224777457338462,1175,0,1,22,72.656299999999945,1198.1755000000001,contact-islands-safety-and-shape,terminal-1s-shape-0.10-edge
2026-10-05_0800_ddr5-4800_threads-1-2-3-4-5-6-8-10-12-14-16-24_r5,unreal_chaos,2,3,1,1,evaluated,0.10000000000000001,0,0,0,0,2,300,0,0,0,0,0.016666666666666666,0,0,0,0,0,upward_excursion,0.0084586143493652344,2782,0,1,14,72.656299999999945,1198.1755000000001,contact-islands-safety-and-shape,terminal-1s-shape-0.10-edge
2026-10-05_0800_ddr5-4800_threads-1-2-3-4-5-6-8-10-12-14-16-24_r5,unreal_chaos,2,3,1,1,evaluated,0.10000000000000001,0,0,0,0,2,300,0,0,0,0,0.016666666666666666,0,0,0,0,0,terminal_stack_shape_excess,0.051038312147055009,1775,0,2,240,72.656299999999945,1198.1755000000001,contact-islands-safety-and-shape,terminal-1s-shape-0.10-edge
2026-10-05_0800_ddr5-4800_threads-1-2-3-4-5-6-8-10-12-14-16-24_r5,unreal_chaos,2,4,1,1,evaluated,0.10000000000000001,0,0,0,0,2,300,0,0,0,0,0.016666666666666666,0,0,0,0,0,rest_envelope,0.071224777457338462,1175,0,1,22,70.580599999999961,1197.1149,contact-islands-safety-and-shape,terminal-1s-shape-0.10-edge
2026-10-05_0800_ddr5-4800_threads-1-2-3-4-5-6-8-10-12-14-16-24_r5,unreal_chaos,2,4,1,1,evaluated,0.10000000000000001,0,0,0,0,2,300,0,0,0,0,0.016666666666666666,0,0,0,0,0,upward_excursion,0.0084586143493652344,2782,0,1,14,70.580599999999961,1197.1149,contact-islands-safety-and-shape,terminal-1s-shape-0.10-edge
2026-10-05_0800_ddr5-4800_threads-1-2-3-4-5-6-8-10-12-14-16-24_r5,unreal_chaos,2,4,1,1,evaluated,0.10000000000000001,0,0,0,0,2,300,0,0,0,0,0.016666666666666666,0,0,0,0,0,terminal_stack_shape_excess,0.051038312147055009,1775,0,2,240,70.580599999999961,1197.1149,contact-islands-safety-and-shape,terminal-1s-shape-0.10-edge
2026-10-05_0800_ddr5-4800_threads-1-2-3-4-5-6-8-10-12-14-16-24_r5,unreal_chaos,3,0,1,1,evaluated,0.10000000000000001,0,0,0,0,2,300,0,0,0,0,0.016666666666666666,0,0,0,0,0,rest_envelope,0.071224777457338462,1175,0,1,22,73.205600000000004,1188.2218,contact-islands-safety-and-shape,terminal-1s-shape-0.10-edge
2026-10-05_0800_ddr5-4800_threads-1-2-3-4-5-6-8-10-12-14-16-24_r5,unreal_chaos,3,0,1,1,evaluated,0.10000000000000001,0,0,0,0,2,300,0,0,0,0,0.016666666666666666,0,0,0,0,0,upward_excursion,0.0084586143493652344,2782,0,1,14,73.205600000000004,1188.2218,contact-islands-safety-and-shape,terminal-1s-shape-0.10-edge
2026-10-05_0800_ddr5-4800_threads-1-2-3-4-5-6-8-10-12-14-16-24_r5,unreal_chaos,3,0,1,1,evaluated,0.10000000000000001,0,0,0,0,2,300,0,0,0,0,0.016666666666666666,0,0,0,0,0,terminal_stack_shape_excess,0.051038312147055009,1775,0,2,240,73.205600000000004,1188.2218,contact-islands-safety-and-shape,terminal-1s-shape-0.10-edge
2026-10-05_0800_ddr5-4800_threads-1-2-3-4-5-6-8-10-12-14-16-24_r5,unreal_chaos,3,1,1,1,evaluated,0.10000000000000001,0,0,0,0,2,300,0,0,0,0,0.016666666666666666,0,0,0,0,0,rest_envelope,0.071224777457338462,1175,0,1,22,74.765000000000001,1191.0062,contact-islands-safety-and-shape,terminal-1s-shape-0.10-edge
2026-10-05_0800_ddr5-4800_threads-1-2-3-4-5-6-8-10-12-14-16-24_r5,unreal_chaos,3,1,1,1,evaluated,0.10000000000000001,0,0,0,0,2,300,0,0,0,0,0.016666666666666666,0,0,0,0,0,upward_excursion,0.0084586143493652344,2782,0,1,14,74.765000000000001,1191.0062,contact-islands-safety-and-shape,terminal-1s-shape-0.10-edge
2026-10-05_0800_ddr5-4800_threads-1-2-3-4-5-6-8-10-12-14-16-24_r5,unreal_chaos,3,1,1,1,evaluated,0.10000000000000001,0,0,0,0,2,300,0,0,0,0,0.016666666666666666,0,0,0,0,0,terminal_stack_shape_excess,0.051038312147055009,1775,0,2,240,74.765000000000001,1191.0062,contact-islands-safety-and-shape,terminal-1s-shape-0.10-edge
2026-10-05_0800_ddr5-4800_threads-1-2-3-4-5-6-8-10-12-14-16-24_r5,unreal_chaos,3,2,1,1,evaluated,0.10000000000000001,0,0,0,0,2,300,0,0,0,0,0.016666666666666666,0,0,0,0,0,rest_envelope,0.071224777457338462,1175,0,1,22,73.648399999999995,1187.1152,contact-islands-safety-and-shape,terminal-1s-shape-0.10-edge
2026-10-05_0800_ddr5-4800_threads-1-2-3-4-5-6-8-10-12-14-16-24_r5,unreal_chaos,3,2,1,1,evaluated,0.10000000000000001,0,0,0,0,2,300,0,0,0,0,0.016666666666666666,0,0,0,0,0,upward_excursion,0.0084586143493652344,2782,0,1,14,73.648399999999995,1187.1152,contact-islands-safety-and-shape,terminal-1s-shape-0.10-edge
2026-10-05_0800_ddr5-4800_threads-1-2-3-4-5-6-8-10-12-14-16-24_r5,unreal_chaos,3,2,1,1,evaluated,0.10000000000000001,0,0,0,0,2,300,0,0,0,0,0.016666666666666666,0,0,0,0,0,terminal_stack_shape_excess,0.051038312147055009,1775,0,2,240,73.648399999999995,1187.1152,contact-islands-safety-and-shape,terminal-1s-shape-0.10-edge
2026-10-05_0800_ddr5-4800_threads-1-2-3-4-5-6-8-10-12-14-16-24_r5,unreal_chaos,3,3,1,1,evaluated,0.10000000000000001,0,0,0,0,2,300,0,0,0,0,0.016666666666666666,0,0,0,0,0,rest_envelope,0.071224777457338462,1175,0,1,22,72.454100000000011,1187.3674000000001,contact-islands-safety-and-shape,terminal-1s-shape-0.10-edge
2026-10-05_0800_ddr5-4800_threads-1-2-3-4-5-6-8-10-12-14-16-24_r5,unreal_chaos,3,3,1,1,evaluated,0.10000000000000001,0,0,0,0,2,300,0,0,0,0,0.016666666666666666,0,0,0,0,0,upward_excursion,0.0084586143493652344,2782,0,1,14,72.454100000000011,1187.3674000000001,contact-islands-safety-and-shape,terminal-1s-shape-0.10-edge
2026-10-05_0800_ddr5-4800_threads-1-2-3-4-5-6-8-10-12-14-16-24_r5,unreal_chaos,3,3,1,1,evaluated,0.10000000000000001,0,0,0,0,2,300,0,0,0,0,0.016666666666666666,0,0,0,0,0,terminal_stack_shape_excess,0.051038312147055009,1775,0,2,240,72.454100000000011,1187.3674000000001,contact-islands-safety-and-shape,terminal-1s-shape-0.10-edge
2026-10-05_0800_ddr5-4800_threads-1-2-3-4-5-6-8-10-12-14-16-24_r5,unreal_chaos,3,4,1,1,evaluated,0.10000000000000001,0,0,0,0,2,300,0,0,0,0,0.016666666666666666,0,0,0,0,0,rest_envelope,0.071224777457338462,1175,0,1,22,73.709499999999991,1191.617,contact-islands-safety-and-shape,terminal-1s-shape-0.10-edge
2026-10-05_0800_ddr5-4800_threads-1-2-3-4-5-6-8-10-12-14-16-24_r5,unreal_chaos,3,4,1,1,evaluated,0.10000000000000001,0,0,0,0,2,300,0,0,0,0,0.016666666666666666,0,0,0,0,0,upward_excursion,0.0084586143493652344,2782,0,1,14,73.709499999999991,1191.617,contact-islands-safety-and-shape,terminal-1s-shape-0.10-edge
2026-10-05_0800_ddr5-4800_threads-1-2-3-4-5-6-8-10-12-14-16-24_r5,unreal_chaos,3,4,1,1,evaluated,0.10000000000000001,0,0,0,0,2,300,0,0,0,0,0.016666666666666666,0,0,0,0,0,terminal_stack_shape_excess,0.051038312147055009,1775,0,2,240,73.709499999999991,1191.617,contact-islands-safety-and-shape,terminal-1s-shape-0.10-edge
2026-10-05_0800_ddr5-4800_threads-1-2-3-4-5-6-8-10-12-14-16-24_r5,unreal_chaos,4,0,1,1,evaluated,0.10000000000000001,0,0,0,0,2,300,0,0,0,0,0.016666666666666666,0,0,0,0,0,rest_envelope,0.071224777457338462,1175,0,1,22,77.305600000000027,1189.9057,contact-islands-safety-and-shape,terminal-1s-shape-0.10-edge
2026-10-05_0800_ddr5-4800_threads-1-2-3-4-5-6-8-10-12-14-16-24_r5,unreal_chaos,4,0,1,1,evaluated,0.10000000000000001,0,0,0,0,2,300,0,0,0,0,0.016666666666666666,0,0,0,0,0,upward_excursion,0.0084586143493652344,2782,0,1,14,77.305600000000027,1189.9057,contact-islands-safety-and-shape,terminal-1s-shape-0.10-edge
2026-10-05_0800_ddr5-4800_threads-1-2-3-4-5-6-8-10-12-14-16-24_r5,unreal_chaos,4,0,1,1,evaluated,0.10000000000000001,0,0,0,0,2,300,0,0,0,0,0.016666666666666666,0,0,0,0,0,terminal_stack_shape_excess,0.051038312147055009,1775,0,2,240,77.305600000000027,1189.9057,contact-islands-safety-and-shape,terminal-1s-shape-0.10-edge
2026-10-05_0800_ddr5-4800_threads-1-2-3-4-5-6-8-10-12-14-16-24_r5,unreal_chaos,4,1,1,1,evaluated,0.10000000000000001,0,0,0,0,2,300,0,0,0,0,0.016666666666666666,0,0,0,0,0,rest_envelope,0.071224777457338462,1175,0,1,22,71.463899999999995,1191.585,contact-islands-safety-and-shape,terminal-1s-shape-0.10-edge
2026-10-05_0800_ddr5-4800_threads-1-2-3-4-5-6-8-10-12-14-16-24_r5,unreal_chaos,4,1,1,1,evaluated,0.10000000000000001,0,0,0,0,2,300,0,0,0,0,0.016666666666666666,0,0,0,0,0,upward_excursion,0.0084586143493652344,2782,0,1,14,71.463899999999995,1191.585,contact-islands-safety-and-shape,terminal-1s-shape-0.10-edge
2026-10-05_0800_ddr5-4800_threads-1-2-3-4-5-6-8-10-12-14-16-24_r5,unreal_chaos,4,1,1,1,evaluated,0.10000000000000001,0,0,0,0,2,300,0,0,0,0,0.016666666666666666,0,0,0,0,0,terminal_stack_shape_excess,0.051038312147055009,1775,0,2,240,71.463899999999995,1191.585,contact-islands-safety-and-shape,terminal-1s-shape-0.10-edge
2026-10-05_0800_ddr5-4800_threads-1-2-3-4-5-6-8-10-12-14-16-24_r5,unreal_chaos,4,2,1,1,evaluated,0.10000000000000001,0,0,0,0,2,300,0,0,0,0,0.016666666666666666,0,0,0,0,0,rest_envelope,0.071224777457338462,1175,0,1,22,72.853000000000009,1192.3226999999999,contact-islands-safety-and-shape,terminal-1s-shape-0.10-edge
2026-10-05_0800_ddr5-4800_threads-1-2-3-4-5-6-8-10-12-14-16-24_r5,unreal_chaos,4,2,1,1,evaluated,0.10000000000000001,0,0,0,0,2,300,0,0,0,0,0.016666666666666666,0,0,0,0,0,upward_excursion,0.0084586143493652344,2782,0,1,14,72.853000000000009,1192.3226999999999,contact-islands-safety-and-shape,terminal-1s-shape-0.10-edge
2026-10-05_0800_ddr5-4800_threads-1-2-3-4-5-6-8-10-12-14-16-24_r5,unreal_chaos,4,2,1,1,evaluated,0.10000000000000001,0,0,0,0,2,300,0,0,0,0,0.016666666666666666,0,0,0,0,0,terminal_stack_shape_excess,0.051038312147055009,1775,0,2,240,72.853000000000009,1192.3226999999999,contact-islands-safety-and-shape,terminal-1s-shape-0.10-edge
2026-10-05_0800_ddr5-4800_threads-1-2-3-4-5-6-8-10-12-14-16-24_r5,unreal_chaos,4,3,1,1,evaluated,0.10000000000000001,0,0,0,0,2,300,0,0,0,0,0.016666666666666666,0,0,0,0,0,rest_envelope,0.071224777457338462,1175,0,1,22,74.727800000000045,1189.1713,contact-islands-safety-and-shape,terminal-1s-shape-0.10-edge
2026-10-05_0800_ddr5-4800_threads-1-2-3-4-5-6-8-10-12-14-16-24_r5,unreal_chaos,4,3,1,1,evaluated,0.10000000000000001,0,0,0,0,2,300,0,0,0,0,0.016666666666666666,0,0,0,0,0,upward_excursion,0.0084586143493652344,2782,0,1,14,74.727800000000045,1189.1713,contact-islands-safety-and-shape,terminal-1s-shape-0.10-edge
2026-10-05_0800_ddr5-4800_threads-1-2-3-4-5-6-8-10-12-14-16-24_r5,unreal_chaos,4,3,1,1,evaluated,0.10000000000000001,0,0,0,0,2,300,0,0,0,0,0.016666666666666666,0,0,0,0,0,terminal_stack_shape_excess,0.051038312147055009,1775,0,2,240,74.727800000000045,1189.1713,contact-islands-safety-and-shape,terminal-1s-shape-0.10-edge
2026-10-05_0800_ddr5-4800_threads-1-2-3-4-5-6-8-10-12-14-16-24_r5,unreal_chaos,4,4,1,1,evaluated,0.10000000000000001,0,0,0,0,2,300,0,0,0,0,0.016666666666666666,0,0,0,0,0,rest_envelope,0.071224777457338462,1175,0,1,22,74.060300000000012,1195.2864999999999,contact-islands-safety-and-shape,terminal-1s-shape-0.10-edge
2026-10-05_0800_ddr5-4800_threads-1-2-3-4-5-6-8-10-12-14-16-24_r5,unreal_chaos,4,4,1,1,evaluated,0.10000000000000001,0,0,0,0,2,300,0,0,0,0,0.016666666666666666,0,0,0,0,0,upward_excursion,0.0084586143493652344,2782,0,1,14,74.060300000000012,1195.2864999999999,contact-islands-safety-and-shape,terminal-1s-shape-0.10-edge
2026-10-05_0800_ddr5-4800_threads-1-2-3-4-5-6-8-10-12-14-16-24_r5,unreal_chaos,4,4,1,1,evaluated,0.10000000000000001,0,0,0,0,2,300,0,0,0,0,0.016666666666666666,0,0,0,0,0,terminal_stack_shape_excess,0.051038312147055009,1775,0,2,240,74.060300000000012,1195.2864999999999,contact-islands-safety-and-shape,terminal-1s-shape-0.10-edge
2026-10-05_0800_ddr5-4800_threads-1-2-3-4-5-6-8-10-12-14-16-24_r5,unreal_chaos,5,0,1,1,evaluated,0.10000000000000001,0,0,0,0,2,300,0,0,0,0,0.016666666666666666,0,0,0,0,0,rest_envelope,0.071224777457338462,1175,0,1,22,72.386099999999999,1188.2319,contact-islands-safety-and-shape,terminal-1s-shape-0.10-edge
2026-10-05_0800_ddr5-4800_threads-1-2-3-4-5-6-8-10-12-14-16-24_r5,unreal_chaos,5,0,1,1,evaluated,0.10000000000000001,0,0,0,0,2,300,0,0,0,0,0.016666666666666666,0,0,0,0,0,upward_excursion,0.0084586143493652344,2782,0,1,14,72.386099999999999,1188.2319,contact-islands-safety-and-shape,terminal-1s-shape-0.10-edge
2026-10-05_0800_ddr5-4800_threads-1-2-3-4-5-6-8-10-12-14-16-24_r5,unreal_chaos,5,0,1,1,evaluated,0.10000000000000001,0,0,0,0,2,300,0,0,0,0,0.016666666666666666,0,0,0,0,0,terminal_stack_shape_excess,0.051038312147055009,1775,0,2,240,72.386099999999999,1188.2319,contact-islands-safety-and-shape,terminal-1s-shape-0.10-edge
2026-10-05_0800_ddr5-4800_threads-1-2-3-4-5-6-8-10-12-14-16-24_r5,unreal_chaos,5,1,1,1,evaluated,0.10000000000000001,0,0,0,0,2,300,0,0,0,0,0.016666666666666666,0,0,0,0,0,rest_envelope,0.071224777457338462,1175,0,1,22,72.105499999999935,1187.1177,contact-islands-safety-and-shape,terminal-1s-shape-0.10-edge
2026-10-05_0800_ddr5-4800_threads-1-2-3-4-5-6-8-10-12-14-16-24_r5,unreal_chaos,5,1,1,1,evaluated,0.10000000000000001,0,0,0,0,2,300,0,0,0,0,0.016666666666666666,0,0,0,0,0,upward_excursion,0.0084586143493652344,2782,0,1,14,72.105499999999935,1187.1177,contact-islands-safety-and-shape,terminal-1s-shape-0.10-edge
2026-10-05_0800_ddr5-4800_threads-1-2-3-4-5-6-8-10-12-14-16-24_r5,unreal_chaos,5,1,1,1,evaluated,0.10000000000000001,0,0,0,0,2,300,0,0,0,0,0.016666666666666666,0,0,0,0,0,terminal_stack_shape_excess,0.051038312147055009,1775,0,2,240,72.105499999999935,1187.1177,contact-islands-safety-and-shape,terminal-1s-shape-0.10-edge
2026-10-05_0800_ddr5-4800_threads-1-2-3-4-5-6-8-10-12-14-16-24_r5,unreal_chaos,5,2,1,1,evaluated,0.10000000000000001,0,0,0,0,2,300,0,0,0,0,0.016666666666666666,0,0,0,0,0,rest_envelope,0.071224777457338462,1175,0,1,22,72.289899999999975,1188.0269000000001,contact-islands-safety-and-shape,terminal-1s-shape-0.10-edge
2026-10-05_0800_ddr5-4800_threads-1-2-3-4-5-6-8-10-12-14-16-24_r5,unreal_chaos,5,2,1,1,evaluated,0.10000000000000001,0,0,0,0,2,300,0,0,0,0,0.016666666666666666,0,0,0,0,0,upward_excursion,0.0084586143493652344,2782,0,1,14,72.289899999999975,1188.0269000000001,contact-islands-safety-and-shape,terminal-1s-shape-0.10-edge
2026-10-05_0800_ddr5-4800_threads-1-2-3-4-5-6-8-10-12-14-16-24_r5,unreal_chaos,5,2,1,1,evaluated,0.10000000000000001,0,0,0,0,2,300,0,0,0,0,0.016666666666666666,0,0,0,0,0,terminal_stack_shape_excess,0.051038312147055009,1775,0,2,240,72.289899999999975,1188.0269000000001,contact-islands-safety-and-shape,terminal-1s-shape-0.10-edge
2026-10-05_0800_ddr5-4800_threads-1-2-3-4-5-6-8-10-12-14-16-24_r5,unreal_chaos,5,3,1,1,evaluated,0.10000000000000001,0,0,0,0,2,300,0,0,0,0,0.016666666666666666,0,0,0,0,0,rest_envelope,0.071224777457338462,1175,0,1,22,73.90800000000003,1188.0028,contact-islands-safety-and-shape,terminal-1s-shape-0.10-edge
2026-10-05_0800_ddr5-4800_threads-1-2-3-4-5-6-8-10-12-14-16-24_r5,unreal_chaos,5,3,1,1,evaluated,0.10000000000000001,0,0,0,0,2,300,0,0,0,0,0.016666666666666666,0,0,0,0,0,upward_excursion,0.0084586143493652344,2782,0,1,14,73.90800000000003,1188.0028,contact-islands-safety-and-shape,terminal-1s-shape-0.10-edge
2026-10-05_0800_ddr5-4800_threads-1-2-3-4-5-6-8-10-12-14-16-24_r5,unreal_chaos,5,3,1,1,evaluated,0.10000000000000001,0,0,0,0,2,300,0,0,0,0,0.016666666666666666,0,0,0,0,0,terminal_stack_shape_excess,0.051038312147055009,1775,0,2,240,73.90800000000003,1188.0028,contact-islands-safety-and-shape,terminal-1s-shape-0.10-edge
2026-10-05_0800_ddr5-4800_threads-1-2-3-4-5-6-8-10-12-14-16-24_r5,unreal_chaos,5,4,1,1,evaluated,0.10000000000000001,0,0,0,0,2,300,0,0,0,0,0.016666666666666666,0,0,0,0,0,rest_envelope,0.071224777457338462,1175,0,1,22,70.867300000000085,1196.258,contact-islands-safety-and-shape,terminal-1s-shape-0.10-edge
2026-10-05_0800_ddr5-4800_threads-1-2-3-4-5-6-8-10-12-14-16-24_r5,unreal_chaos,5,4,1,1,evaluated,0.10000000000000001,0,0,0,0,2,300,0,0,0,0,0.016666666666666666,0,0,0,0,0,upward_excursion,0.0084586143493652344,2782,0,1,14,70.867300000000085,1196.258,contact-islands-safety-and-shape,terminal-1s-shape-0.10-edge
2026-10-05_0800_ddr5-4800_threads-1-2-3-4-5-6-8-10-12-14-16-24_r5,unreal_chaos,5,4,1,1,evaluated,0.10000000000000001,0,0,0,0,2,300,0,0,0,0,0.016666666666666666,0,0,0,0,0,terminal_stack_shape_excess,0.051038312147055009,1775,0,2,240,70.867300000000085,1196.258,contact-islands-safety-and-shape,terminal-1s-shape-0.10-edge
2026-10-05_0800_ddr5-4800_threads-1-2-3-4-5-6-8-10-12-14-16-24_r5,unreal_chaos,6,0,1,1,evaluated,0.10000000000000001,0,0,0,0,2,300,0,0,0,0,0.016666666666666666,0,0,0,0,0,rest_envelope,0.071224777457338462,1175,0,1,22,73.5792,1189.9825000000001,contact-islands-safety-and-shape,terminal-1s-shape-0.10-edge
2026-10-05_0800_ddr5-4800_threads-1-2-3-4-5-6-8-10-12-14-16-24_r5,unreal_chaos,6,0,1,1,evaluated,0.10000000000000001,0,0,0,0,2,300,0,0,0,0,0.016666666666666666,0,0,0,0,0,upward_excursion,0.0084586143493652344,2782,0,1,14,73.5792,1189.9825000000001,contact-islands-safety-and-shape,terminal-1s-shape-0.10-edge
2026-10-05_0800_ddr5-4800_threads-1-2-3-4-5-6-8-10-12-14-16-24_r5,unreal_chaos,6,0,1,1,evaluated,0.10000000000000001,0,0,0,0,2,300,0,0,0,0,0.016666666666666666,0,0,0,0,0,terminal_stack_shape_excess,0.051038312147055009,1775,0,2,240,73.5792,1189.9825000000001,contact-islands-safety-and-shape,terminal-1s-shape-0.10-edge
2026-10-05_0800_ddr5-4800_threads-1-2-3-4-5-6-8-10-12-14-16-24_r5,unreal_chaos,6,1,1,1,evaluated,0.10000000000000001,0,0,0,0,2,300,0,0,0,0,0.016666666666666666,0,0,0,0,0,rest_envelope,0.071224777457338462,1175,0,1,22,71.393099999999976,1188.2771,contact-islands-safety-and-shape,terminal-1s-shape-0.10-edge
2026-10-05_0800_ddr5-4800_threads-1-2-3-4-5-6-8-10-12-14-16-24_r5,unreal_chaos,6,1,1,1,evaluated,0.10000000000000001,0,0,0,0,2,300,0,0,0,0,0.016666666666666666,0,0,0,0,0,upward_excursion,0.0084586143493652344,2782,0,1,14,71.393099999999976,1188.2771,contact-islands-safety-and-shape,terminal-1s-shape-0.10-edge
2026-10-05_0800_ddr5-4800_threads-1-2-3-4-5-6-8-10-12-14-16-24_r5,unreal_chaos,6,1,1,1,evaluated,0.10000000000000001,0,0,0,0,2,300,0,0,0,0,0.016666666666666666,0,0,0,0,0,terminal_stack_shape_excess,0.051038312147055009,1775,0,2,240,71.393099999999976,1188.2771,contact-islands-safety-and-shape,terminal-1s-shape-0.10-edge
2026-10-05_0800_ddr5-4800_threads-1-2-3-4-5-6-8-10-12-14-16-24_r5,unreal_chaos,6,2,1,1,evaluated,0.10000000000000001,0,0,0,0,2,300,0,0,0,0,0.016666666666666666,0,0,0,0,0,rest_envelope,0.071224777457338462,1175,0,1,22,73.728500000000039,1193.2388000000001,contact-islands-safety-and-shape,terminal-1s-shape-0.10-edge
2026-10-05_0800_ddr5-4800_threads-1-2-3-4-5-6-8-10-12-14-16-24_r5,unreal_chaos,6,2,1,1,evaluated,0.10000000000000001,0,0,0,0,2,300,0,0,0,0,0.016666666666666666,0,0,0,0,0,upward_excursion,0.0084586143493652344,2782,0,1,14,73.728500000000039,1193.2388000000001,contact-islands-safety-and-shape,terminal-1s-shape-0.10-edge
2026-10-05_0800_ddr5-4800_threads-1-2-3-4-5-6-8-10-12-14-16-24_r5,unreal_chaos,6,2,1,1,evaluated,0.10000000000000001,0,0,0,0,2,300,0,0,0,0,0.016666666666666666,0,0,0,0,0,terminal_stack_shape_excess,0.051038312147055009,1775,0,2,240,73.728500000000039,1193.2388000000001,contact-islands-safety-and-shape,terminal-1s-shape-0.10-edge
2026-10-05_0800_ddr5-4800_threads-1-2-3-4-5-6-8-10-12-14-16-24_r5,unreal_chaos,6,3,1,1,evaluated,0.10000000000000001,0,0,0,0,2,300,0,0,0,0,0.016666666666666666,0,0,0,0,0,rest_envelope,0.071224777457338462,1175,0,1,22,74.450000000000003,1195.8045999999999,contact-islands-safety-and-shape,terminal-1s-shape-0.10-edge
2026-10-05_0800_ddr5-4800_threads-1-2-3-4-5-6-8-10-12-14-16-24_r5,unreal_chaos,6,3,1,1,evaluated,0.10000000000000001,0,0,0,0,2,300,0,0,0,0,0.016666666666666666,0,0,0,0,0,upward_excursion,0.0084586143493652344,2782,0,1,14,74.450000000000003,1195.8045999999999,contact-islands-safety-and-shape,terminal-1s-shape-0.10-edge
2026-10-05_0800_ddr5-4800_threads-1-2-3-4-5-6-8-10-12-14-16-24_r5,unreal_chaos,6,3,1,1,evaluated,0.10000000000000001,0,0,0,0,2,300,0,0,0,0,0.016666666666666666,0,0,0,0,0,terminal_stack_shape_excess,0.051038312147055009,1775,0,2,240,74.450000000000003,1195.8045999999999,contact-islands-safety-and-shape,terminal-1s-shape-0.10-edge
2026-10-05_0800_ddr5-4800_threads-1-2-3-4-5-6-8-10-12-14-16-24_r5,unreal_chaos,6,4,1,1,evaluated,0.10000000000000001,0,0,0,0,2,300,0,0,0,0,0.016666666666666666,0,0,0,0,0,rest_envelope,0.071224777457338462,1175,0,1,22,70.989500000000049,1188.4128000000001,contact-islands-safety-and-shape,terminal-1s-shape-0.10-edge
2026-10-05_0800_ddr5-4800_threads-1-2-3-4-5-6-8-10-12-14-16-24_r5,unreal_chaos,6,4,1,1,evaluated,0.10000000000000001,0,0,0,0,2,300,0,0,0,0,0.016666666666666666,0,0,0,0,0,upward_excursion,0.0084586143493652344,2782,0,1,14,70.989500000000049,1188.4128000000001,contact-islands-safety-and-shape,terminal-1s-shape-0.10-edge
2026-10-05_0800_ddr5-4800_threads-1-2-3-4-5-6-8-10-12-14-16-24_r5,unreal_chaos,6,4,1,1,evaluated,0.10000000000000001,0,0,0,0,2,300,0,0,0,0,0.016666666666666666,0,0,0,0,0,terminal_stack_shape_excess,0.051038312147055009,1775,0,2,240,70.989500000000049,1188.4128000000001,contact-islands-safety-and-shape,terminal-1s-shape-0.10-edge
2026-10-05_0800_ddr5-4800_threads-1-2-3-4-5-6-8-10-12-14-16-24_r5,unreal_chaos,8,0,1,1,evaluated,0.10000000000000001,0,0,0,0,2,300,0,0,0,0,0.016666666666666666,0,0,0,0,0,rest_envelope,0.071224777457338462,1175,0,1,22,68.647000000000048,1188.7236,contact-islands-safety-and-shape,terminal-1s-shape-0.10-edge
2026-10-05_0800_ddr5-4800_threads-1-2-3-4-5-6-8-10-12-14-16-24_r5,unreal_chaos,8,0,1,1,evaluated,0.10000000000000001,0,0,0,0,2,300,0,0,0,0,0.016666666666666666,0,0,0,0,0,upward_excursion,0.0084586143493652344,2782,0,1,14,68.647000000000048,1188.7236,contact-islands-safety-and-shape,terminal-1s-shape-0.10-edge
2026-10-05_0800_ddr5-4800_threads-1-2-3-4-5-6-8-10-12-14-16-24_r5,unreal_chaos,8,0,1,1,evaluated,0.10000000000000001,0,0,0,0,2,300,0,0,0,0,0.016666666666666666,0,0,0,0,0,terminal_stack_shape_excess,0.051038312147055009,1775,0,2,240,68.647000000000048,1188.7236,contact-islands-safety-and-shape,terminal-1s-shape-0.10-edge
2026-10-05_0800_ddr5-4800_threads-1-2-3-4-5-6-8-10-12-14-16-24_r5,unreal_chaos,8,1,1,1,evaluated,0.10000000000000001,0,0,0,0,2,300,0,0,0,0,0.016666666666666666,0,0,0,0,0,rest_envelope,0.071224777457338462,1175,0,1,22,68.22500000000008,1185.9101000000001,contact-islands-safety-and-shape,terminal-1s-shape-0.10-edge
2026-10-05_0800_ddr5-4800_threads-1-2-3-4-5-6-8-10-12-14-16-24_r5,unreal_chaos,8,1,1,1,evaluated,0.10000000000000001,0,0,0,0,2,300,0,0,0,0,0.016666666666666666,0,0,0,0,0,upward_excursion,0.0084586143493652344,2782,0,1,14,68.22500000000008,1185.9101000000001,contact-islands-safety-and-shape,terminal-1s-shape-0.10-edge
2026-10-05_0800_ddr5-4800_threads-1-2-3-4-5-6-8-10-12-14-16-24_r5,unreal_chaos,8,1,1,1,evaluated,0.10000000000000001,0,0,0,0,2,300,0,0,0,0,0.016666666666666666,0,0,0,0,0,terminal_stack_shape_excess,0.051038312147055009,1775,0,2,240,68.22500000000008,1185.9101000000001,contact-islands-safety-and-shape,terminal-1s-shape-0.10-edge
2026-10-05_0800_ddr5-4800_threads-1-2-3-4-5-6-8-10-12-14-16-24_r5,unreal_chaos,8,2,1,1,evaluated,0.10000000000000001,0,0,0,0,2,300,0,0,0,0,0.016666666666666666,0,0,0,0,0,rest_envelope,0.071224777457338462,1175,0,1,22,72.365000000000023,1188.8623,contact-islands-safety-and-shape,terminal-1s-shape-0.10-edge
2026-10-05_0800_ddr5-4800_threads-1-2-3-4-5-6-8-10-12-14-16-24_r5,unreal_chaos,8,2,1,1,evaluated,0.10000000000000001,0,0,0,0,2,300,0,0,0,0,0.016666666666666666,0,0,0,0,0,upward_excursion,0.0084586143493652344,2782,0,1,14,72.365000000000023,1188.8623,contact-islands-safety-and-shape,terminal-1s-shape-0.10-edge
2026-10-05_0800_ddr5-4800_threads-1-2-3-4-5-6-8-10-12-14-16-24_r5,unreal_chaos,8,2,1,1,evaluated,0.10000000000000001,0,0,0,0,2,300,0,0,0,0,0.016666666666666666,0,0,0,0,0,terminal_stack_shape_excess,0.051038312147055009,1775,0,2,240,72.365000000000023,1188.8623,contact-islands-safety-and-shape,terminal-1s-shape-0.10-edge
2026-10-05_0800_ddr5-4800_threads-1-2-3-4-5-6-8-10-12-14-16-24_r5,unreal_chaos,8,3,1,1,evaluated,0.10000000000000001,0,0,0,0,2,300,0,0,0,0,0.016666666666666666,0,0,0,0,0,rest_envelope,0.071224777457338462,1175,0,1,22,70.795599999999951,1187.7483999999999,contact-islands-safety-and-shape,terminal-1s-shape-0.10-edge
2026-10-05_0800_ddr5-4800_threads-1-2-3-4-5-6-8-10-12-14-16-24_r5,unreal_chaos,8,3,1,1,evaluated,0.10000000000000001,0,0,0,0,2,300,0,0,0,0,0.016666666666666666,0,0,0,0,0,upward_excursion,0.0084586143493652344,2782,0,1,14,70.795599999999951,1187.7483999999999,contact-islands-safety-and-shape,terminal-1s-shape-0.10-edge
2026-10-05_0800_ddr5-4800_threads-1-2-3-4-5-6-8-10-12-14-16-24_r5,unreal_chaos,8,3,1,1,evaluated,0.10000000000000001,0,0,0,0,2,300,0,0,0,0,0.016666666666666666,0,0,0,0,0,terminal_stack_shape_excess,0.051038312147055009,1775,0,2,240,70.795599999999951,1187.7483999999999,contact-islands-safety-and-shape,terminal-1s-shape-0.10-edge
2026-10-05_0800_ddr5-4800_threads-1-2-3-4-5-6-8-10-12-14-16-24_r5,unreal_chaos,8,4,1,1,evaluated,0.10000000000000001,0,0,0,0,2,300,0,0,0,0,0.016666666666666666,0,0,0,0,0,rest_envelope,0.071224777457338462,1175,0,1,22,70.098600000000005,1188.2605000000001,contact-islands-safety-and-shape,terminal-1s-shape-0.10-edge
2026-10-05_0800_ddr5-4800_threads-1-2-3-4-5-6-8-10-12-14-16-24_r5,unreal_chaos,8,4,1,1,evaluated,0.10000000000000001,0,0,0,0,2,300,0,0,0,0,0.016666666666666666,0,0,0,0,0,upward_excursion,0.0084586143493652344,2782,0,1,14,70.098600000000005,1188.2605000000001,contact-islands-safety-and-shape,terminal-1s-shape-0.10-edge
2026-10-05_0800_ddr5-4800_threads-1-2-3-4-5-6-8-10-12-14-16-24_r5,unreal_chaos,8,4,1,1,evaluated,0.10000000000000001,0,0,0,0,2,300,0,0,0,0,0.016666666666666666,0,0,0,0,0,terminal_stack_shape_excess,0.051038312147055009,1775,0,2,240,70.098600000000005,1188.2605000000001,contact-islands-safety-and-shape,terminal-1s-shape-0.10-edge
2026-10-05_0800_ddr5-4800_threads-1-2-3-4-5-6-8-10-12-14-16-24_r5,unreal_chaos,10,0,1,1,evaluated,0.10000000000000001,0,0,0,0,2,300,0,0,0,0,0.016666666666666666,0,0,0,0,0,rest_envelope,0.071224777457338462,1175,0,1,22,70.133499999999998,1191.3833,contact-islands-safety-and-shape,terminal-1s-shape-0.10-edge
2026-10-05_0800_ddr5-4800_threads-1-2-3-4-5-6-8-10-12-14-16-24_r5,unreal_chaos,10,0,1,1,evaluated,0.10000000000000001,0,0,0,0,2,300,0,0,0,0,0.016666666666666666,0,0,0,0,0,upward_excursion,0.0084586143493652344,2782,0,1,14,70.133499999999998,1191.3833,contact-islands-safety-and-shape,terminal-1s-shape-0.10-edge
2026-10-05_0800_ddr5-4800_threads-1-2-3-4-5-6-8-10-12-14-16-24_r5,unreal_chaos,10,0,1,1,evaluated,0.10000000000000001,0,0,0,0,2,300,0,0,0,0,0.016666666666666666,0,0,0,0,0,terminal_stack_shape_excess,0.051038312147055009,1775,0,2,240,70.133499999999998,1191.3833,contact-islands-safety-and-shape,terminal-1s-shape-0.10-edge
2026-10-05_0800_ddr5-4800_threads-1-2-3-4-5-6-8-10-12-14-16-24_r5,unreal_chaos,10,1,1,1,evaluated,0.10000000000000001,0,0,0,0,2,300,0,0,0,0,0.016666666666666666,0,0,0,0,0,rest_envelope,0.071224777457338462,1175,0,1,22,70.47150000000002,1190.3706,contact-islands-safety-and-shape,terminal-1s-shape-0.10-edge
2026-10-05_0800_ddr5-4800_threads-1-2-3-4-5-6-8-10-12-14-16-24_r5,unreal_chaos,10,1,1,1,evaluated,0.10000000000000001,0,0,0,0,2,300,0,0,0,0,0.016666666666666666,0,0,0,0,0,upward_excursion,0.0084586143493652344,2782,0,1,14,70.47150000000002,1190.3706,contact-islands-safety-and-shape,terminal-1s-shape-0.10-edge
2026-10-05_0800_ddr5-4800_threads-1-2-3-4-5-6-8-10-12-14-16-24_r5,unreal_chaos,10,1,1,1,evaluated,0.10000000000000001,0,0,0,0,2,300,0,0,0,0,0.016666666666666666,0,0,0,0,0,terminal_stack_shape_excess,0.051038312147055009,1775,0,2,240,70.47150000000002,1190.3706,contact-islands-safety-and-shape,terminal-1s-shape-0.10-edge
2026-10-05_0800_ddr5-4800_threads-1-2-3-4-5-6-8-10-12-14-16-24_r5,unreal_chaos,10,2,1,1,evaluated,0.10000000000000001,0,0,0,0,2,300,0,0,0,0,0.016666666666666666,0,0,0,0,0,rest_envelope,0.071224777457338462,1175,0,1,22,68.648600000000016,1189.0777,contact-islands-safety-and-shape,terminal-1s-shape-0.10-edge
2026-10-05_0800_ddr5-4800_threads-1-2-3-4-5-6-8-10-12-14-16-24_r5,unreal_chaos,10,2,1,1,evaluated,0.10000000000000001,0,0,0,0,2,300,0,0,0,0,0.016666666666666666,0,0,0,0,0,upward_excursion,0.0084586143493652344,2782,0,1,14,68.648600000000016,1189.0777,contact-islands-safety-and-shape,terminal-1s-shape-0.10-edge
2026-10-05_0800_ddr5-4800_threads-1-2-3-4-5-6-8-10-12-14-16-24_r5,unreal_chaos,10,2,1,1,evaluated,0.10000000000000001,0,0,0,0,2,300,0,0,0,0,0.016666666666666666,0,0,0,0,0,terminal_stack_shape_excess,0.051038312147055009,1775,0,2,240,68.648600000000016,1189.0777,contact-islands-safety-and-shape,terminal-1s-shape-0.10-edge
2026-10-05_0800_ddr5-4800_threads-1-2-3-4-5-6-8-10-12-14-16-24_r5,unreal_chaos,10,3,1,1,evaluated,0.10000000000000001,0,0,0,0,2,300,0,0,0,0,0.016666666666666666,0,0,0,0,0,rest_envelope,0.071224777457338462,1175,0,1,22,69.835599999999957,1187.3287,contact-islands-safety-and-shape,terminal-1s-shape-0.10-edge
2026-10-05_0800_ddr5-4800_threads-1-2-3-4-5-6-8-10-12-14-16-24_r5,unreal_chaos,10,3,1,1,evaluated,0.10000000000000001,0,0,0,0,2,300,0,0,0,0,0.016666666666666666,0,0,0,0,0,upward_excursion,0.0084586143493652344,2782,0,1,14,69.835599999999957,1187.3287,contact-islands-safety-and-shape,terminal-1s-shape-0.10-edge
2026-10-05_0800_ddr5-4800_threads-1-2-3-4-5-6-8-10-12-14-16-24_r5,unreal_chaos,10,3,1,1,evaluated,0.10000000000000001,0,0,0,0,2,300,0,0,0,0,0.016666666666666666,0,0,0,0,0,terminal_stack_shape_excess,0.051038312147055009,1775,0,2,240,69.835599999999957,1187.3287,contact-islands-safety-and-shape,terminal-1s-shape-0.10-edge
2026-10-05_0800_ddr5-4800_threads-1-2-3-4-5-6-8-10-12-14-16-24_r5,unreal_chaos,10,4,1,1,evaluated,0.10000000000000001,0,0,0,0,2,300,0,0,0,0,0.016666666666666666,0,0,0,0,0,rest_envelope,0.071224777457338462,1175,0,1,22,68.926499999999976,1189.6994999999999,contact-islands-safety-and-shape,terminal-1s-shape-0.10-edge
2026-10-05_0800_ddr5-4800_threads-1-2-3-4-5-6-8-10-12-14-16-24_r5,unreal_chaos,10,4,1,1,evaluated,0.10000000000000001,0,0,0,0,2,300,0,0,0,0,0.016666666666666666,0,0,0,0,0,upward_excursion,0.0084586143493652344,2782,0,1,14,68.926499999999976,1189.6994999999999,contact-islands-safety-and-shape,terminal-1s-shape-0.10-edge
2026-10-05_0800_ddr5-4800_threads-1-2-3-4-5-6-8-10-12-14-16-24_r5,unreal_chaos,10,4,1,1,evaluated,0.10000000000000001,0,0,0,0,2,300,0,0,0,0,0.016666666666666666,0,0,0,0,0,terminal_stack_shape_excess,0.051038312147055009,1775,0,2,240,68.926499999999976,1189.6994999999999,contact-islands-safety-and-shape,terminal-1s-shape-0.10-edge
2026-10-05_0800_ddr5-4800_threads-1-2-3-4-5-6-8-10-12-14-16-24_r5,unreal_chaos,12,0,1,1,evaluated,0.10000000000000001,0,0,0,0,2,300,0,0,0,0,0.016666666666666666,0,0,0,0,0,rest_envelope,0.071224777457338462,1175,0,1,22,70.253700000000038,1186.3248000000001,contact-islands-safety-and-shape,terminal-1s-shape-0.10-edge
2026-10-05_0800_ddr5-4800_threads-1-2-3-4-5-6-8-10-12-14-16-24_r5,unreal_chaos,12,0,1,1,evaluated,0.10000000000000001,0,0,0,0,2,300,0,0,0,0,0.016666666666666666,0,0,0,0,0,upward_excursion,0.0084586143493652344,2782,0,1,14,70.253700000000038,1186.3248000000001,contact-islands-safety-and-shape,terminal-1s-shape-0.10-edge
2026-10-05_0800_ddr5-4800_threads-1-2-3-4-5-6-8-10-12-14-16-24_r5,unreal_chaos,12,0,1,1,evaluated,0.10000000000000001,0,0,0,0,2,300,0,0,0,0,0.016666666666666666,0,0,0,0,0,terminal_stack_shape_excess,0.051038312147055009,1775,0,2,240,70.253700000000038,1186.3248000000001,contact-islands-safety-and-shape,terminal-1s-shape-0.10-edge
2026-10-05_0800_ddr5-4800_threads-1-2-3-4-5-6-8-10-12-14-16-24_r5,unreal_chaos,12,1,1,1,evaluated,0.10000000000000001,0,0,0,0,2,300,0,0,0,0,0.016666666666666666,0,0,0,0,0,rest_envelope,0.071224777457338462,1175,0,1,22,71.548100000000062,1187.1804999999999,contact-islands-safety-and-shape,terminal-1s-shape-0.10-edge
2026-10-05_0800_ddr5-4800_threads-1-2-3-4-5-6-8-10-12-14-16-24_r5,unreal_chaos,12,1,1,1,evaluated,0.10000000000000001,0,0,0,0,2,300,0,0,0,0,0.016666666666666666,0,0,0,0,0,upward_excursion,0.0084586143493652344,2782,0,1,14,71.548100000000062,1187.1804999999999,contact-islands-safety-and-shape,terminal-1s-shape-0.10-edge
2026-10-05_0800_ddr5-4800_threads-1-2-3-4-5-6-8-10-12-14-16-24_r5,unreal_chaos,12,1,1,1,evaluated,0.10000000000000001,0,0,0,0,2,300,0,0,0,0,0.016666666666666666,0,0,0,0,0,terminal_stack_shape_excess,0.051038312147055009,1775,0,2,240,71.548100000000062,1187.1804999999999,contact-islands-safety-and-shape,terminal-1s-shape-0.10-edge
2026-10-05_0800_ddr5-4800_threads-1-2-3-4-5-6-8-10-12-14-16-24_r5,unreal_chaos,12,2,1,1,evaluated,0.10000000000000001,0,0,0,0,2,300,0,0,0,0,0.016666666666666666,0,0,0,0,0,rest_envelope,0.071224777457338462,1175,0,1,22,69.538500000000013,1188.0309,contact-islands-safety-and-shape,terminal-1s-shape-0.10-edge
2026-10-05_0800_ddr5-4800_threads-1-2-3-4-5-6-8-10-12-14-16-24_r5,unreal_chaos,12,2,1,1,evaluated,0.10000000000000001,0,0,0,0,2,300,0,0,0,0,0.016666666666666666,0,0,0,0,0,upward_excursion,0.0084586143493652344,2782,0,1,14,69.538500000000013,1188.0309,contact-islands-safety-and-shape,terminal-1s-shape-0.10-edge
2026-10-05_0800_ddr5-4800_threads-1-2-3-4-5-6-8-10-12-14-16-24_r5,unreal_chaos,12,2,1,1,evaluated,0.10000000000000001,0,0,0,0,2,300,0,0,0,0,0.016666666666666666,0,0,0,0,0,terminal_stack_shape_excess,0.051038312147055009,1775,0,2,240,69.538500000000013,1188.0309,contact-islands-safety-and-shape,terminal-1s-shape-0.10-edge
2026-10-05_0800_ddr5-4800_threads-1-2-3-4-5-6-8-10-12-14-16-24_r5,unreal_chaos,12,3,1,1,evaluated,0.10000000000000001,0,0,0,0,2,300,0,0,0,0,0.016666666666666666,0,0,0,0,0,rest_envelope,0.071224777457338462,1175,0,1,22,70.596000000000018,1186.9550999999999,contact-islands-safety-and-shape,terminal-1s-shape-0.10-edge
2026-10-05_0800_ddr5-4800_threads-1-2-3-4-5-6-8-10-12-14-16-24_r5,unreal_chaos,12,3,1,1,evaluated,0.10000000000000001,0,0,0,0,2,300,0,0,0,0,0.016666666666666666,0,0,0,0,0,upward_excursion,0.0084586143493652344,2782,0,1,14,70.596000000000018,1186.9550999999999,contact-islands-safety-and-shape,terminal-1s-shape-0.10-edge
2026-10-05_0800_ddr5-4800_threads-1-2-3-4-5-6-8-10-12-14-16-24_r5,unreal_chaos,12,3,1,1,evaluated,0.10000000000000001,0,0,0,0,2,300,0,0,0,0,0.016666666666666666,0,0,0,0,0,terminal_stack_shape_excess,0.051038312147055009,1775,0,2,240,70.596000000000018,1186.9550999999999,contact-islands-safety-and-shape,terminal-1s-shape-0.10-edge
2026-10-05_0800_ddr5-4800_threads-1-2-3-4-5-6-8-10-12-14-16-24_r5,unreal_chaos,12,4,1,1,evaluated,0.10000000000000001,0,0,0,0,2,300,0,0,0,0,0.016666666666666666,0,0,0,0,0,rest_envelope,0.071224777457338462,1175,0,1,22,66.976399999999956,1190.6717000000001,contact-islands-safety-and-shape,terminal-1s-shape-0.10-edge
2026-10-05_0800_ddr5-4800_threads-1-2-3-4-5-6-8-10-12-14-16-24_r5,unreal_chaos,12,4,1,1,evaluated,0.10000000000000001,0,0,0,0,2,300,0,0,0,0,0.016666666666666666,0,0,0,0,0,upward_excursion,0.0084586143493652344,2782,0,1,14,66.976399999999956,1190.6717000000001,contact-islands-safety-and-shape,terminal-1s-shape-0.10-edge
2026-10-05_0800_ddr5-4800_threads-1-2-3-4-5-6-8-10-12-14-16-24_r5,unreal_chaos,12,4,1,1,evaluated,0.10000000000000001,0,0,0,0,2,300,0,0,0,0,0.016666666666666666,0,0,0,0,0,terminal_stack_shape_excess,0.051038312147055009,1775,0,2,240,66.976399999999956,1190.6717000000001,contact-islands-safety-and-shape,terminal-1s-shape-0.10-edge
2026-10-05_0800_ddr5-4800_threads-1-2-3-4-5-6-8-10-12-14-16-24_r5,unreal_chaos,14,0,1,1,evaluated,0.10000000000000001,0,0,0,0,2,300,0,0,0,0,0.016666666666666666,0,0,0,0,0,rest_envelope,0.071224777457338462,1175,0,1,22,70.42360000000005,1186.3266000000001,contact-islands-safety-and-shape,terminal-1s-shape-0.10-edge
2026-10-05_0800_ddr5-4800_threads-1-2-3-4-5-6-8-10-12-14-16-24_r5,unreal_chaos,14,0,1,1,evaluated,0.10000000000000001,0,0,0,0,2,300,0,0,0,0,0.016666666666666666,0,0,0,0,0,upward_excursion,0.0084586143493652344,2782,0,1,14,70.42360000000005,1186.3266000000001,contact-islands-safety-and-shape,terminal-1s-shape-0.10-edge
2026-10-05_0800_ddr5-4800_threads-1-2-3-4-5-6-8-10-12-14-16-24_r5,unreal_chaos,14,0,1,1,evaluated,0.10000000000000001,0,0,0,0,2,300,0,0,0,0,0.016666666666666666,0,0,0,0,0,terminal_stack_shape_excess,0.051038312147055009,1775,0,2,240,70.42360000000005,1186.3266000000001,contact-islands-safety-and-shape,terminal-1s-shape-0.10-edge
2026-10-05_0800_ddr5-4800_threads-1-2-3-4-5-6-8-10-12-14-16-24_r5,unreal_chaos,14,1,1,1,evaluated,0.10000000000000001,0,0,0,0,2,300,0,0,0,0,0.016666666666666666,0,0,0,0,0,rest_envelope,0.071224777457338462,1175,0,1,22,67.395699999999962,1187.4885999999999,contact-islands-safety-and-shape,terminal-1s-shape-0.10-edge
2026-10-05_0800_ddr5-4800_threads-1-2-3-4-5-6-8-10-12-14-16-24_r5,unreal_chaos,14,1,1,1,evaluated,0.10000000000000001,0,0,0,0,2,300,0,0,0,0,0.016666666666666666,0,0,0,0,0,upward_excursion,0.0084586143493652344,2782,0,1,14,67.395699999999962,1187.4885999999999,contact-islands-safety-and-shape,terminal-1s-shape-0.10-edge
2026-10-05_0800_ddr5-4800_threads-1-2-3-4-5-6-8-10-12-14-16-24_r5,unreal_chaos,14,1,1,1,evaluated,0.10000000000000001,0,0,0,0,2,300,0,0,0,0,0.016666666666666666,0,0,0,0,0,terminal_stack_shape_excess,0.051038312147055009,1775,0,2,240,67.395699999999962,1187.4885999999999,contact-islands-safety-and-shape,terminal-1s-shape-0.10-edge
2026-10-05_0800_ddr5-4800_threads-1-2-3-4-5-6-8-10-12-14-16-24_r5,unreal_chaos,14,2,1,1,evaluated,0.10000000000000001,0,0,0,0,2,300,0,0,0,0,0.016666666666666666,0,0,0,0,0,rest_envelope,0.071224777457338462,1175,0,1,22,68.458500000000043,1188.3901000000001,contact-islands-safety-and-shape,terminal-1s-shape-0.10-edge
2026-10-05_0800_ddr5-4800_threads-1-2-3-4-5-6-8-10-12-14-16-24_r5,unreal_chaos,14,2,1,1,evaluated,0.10000000000000001,0,0,0,0,2,300,0,0,0,0,0.016666666666666666,0,0,0,0,0,upward_excursion,0.0084586143493652344,2782,0,1,14,68.458500000000043,1188.3901000000001,contact-islands-safety-and-shape,terminal-1s-shape-0.10-edge
2026-10-05_0800_ddr5-4800_threads-1-2-3-4-5-6-8-10-12-14-16-24_r5,unreal_chaos,14,2,1,1,evaluated,0.10000000000000001,0,0,0,0,2,300,0,0,0,0,0.016666666666666666,0,0,0,0,0,terminal_stack_shape_excess,0.051038312147055009,1775,0,2,240,68.458500000000043,1188.3901000000001,contact-islands-safety-and-shape,terminal-1s-shape-0.10-edge
2026-10-05_0800_ddr5-4800_threads-1-2-3-4-5-6-8-10-12-14-16-24_r5,unreal_chaos,14,3,1,1,evaluated,0.10000000000000001,0,0,0,0,2,300,0,0,0,0,0.016666666666666666,0,0,0,0,0,rest_envelope,0.071224777457338462,1175,0,1,22,68.299899999999994,1187.8166000000001,contact-islands-safety-and-shape,terminal-1s-shape-0.10-edge
2026-10-05_0800_ddr5-4800_threads-1-2-3-4-5-6-8-10-12-14-16-24_r5,unreal_chaos,14,3,1,1,evaluated,0.10000000000000001,0,0,0,0,2,300,0,0,0,0,0.016666666666666666,0,0,0,0,0,upward_excursion,0.0084586143493652344,2782,0,1,14,68.299899999999994,1187.8166000000001,contact-islands-safety-and-shape,terminal-1s-shape-0.10-edge
2026-10-05_0800_ddr5-4800_threads-1-2-3-4-5-6-8-10-12-14-16-24_r5,unreal_chaos,14,3,1,1,evaluated,0.10000000000000001,0,0,0,0,2,300,0,0,0,0,0.016666666666666666,0,0,0,0,0,terminal_stack_shape_excess,0.051038312147055009,1775,0,2,240,68.299899999999994,1187.8166000000001,contact-islands-safety-and-shape,terminal-1s-shape-0.10-edge
2026-10-05_0800_ddr5-4800_threads-1-2-3-4-5-6-8-10-12-14-16-24_r5,unreal_chaos,14,4,1,1,evaluated,0.10000000000000001,0,0,0,0,2,300,0,0,0,0,0.016666666666666666,0,0,0,0,0,rest_envelope,0.071224777457338462,1175,0,1,22,69.106800000000007,1188.7268999999999,contact-islands-safety-and-shape,terminal-1s-shape-0.10-edge
2026-10-05_0800_ddr5-4800_threads-1-2-3-4-5-6-8-10-12-14-16-24_r5,unreal_chaos,14,4,1,1,evaluated,0.10000000000000001,0,0,0,0,2,300,0,0,0,0,0.016666666666666666,0,0,0,0,0,upward_excursion,0.0084586143493652344,2782,0,1,14,69.106800000000007,1188.7268999999999,contact-islands-safety-and-shape,terminal-1s-shape-0.10-edge
2026-10-05_0800_ddr5-4800_threads-1-2-3-4-5-6-8-10-12-14-16-24_r5,unreal_chaos,14,4,1,1,evaluated,0.10000000000000001,0,0,0,0,2,300,0,0,0,0,0.016666666666666666,0,0,0,0,0,terminal_stack_shape_excess,0.051038312147055009,1775,0,2,240,69.106800000000007,1188.7268999999999,contact-islands-safety-and-shape,terminal-1s-shape-0.10-edge
2026-10-05_0800_ddr5-4800_threads-1-2-3-4-5-6-8-10-12-14-16-24_r5,unreal_chaos,16,0,1,1,evaluated,0.10000000000000001,0,0,0,0,2,300,0,0,0,0,0.016666666666666666,0,0,0,0,0,rest_envelope,0.071224777457338462,1175,0,1,22,68.744700000000066,1187.4882,contact-islands-safety-and-shape,terminal-1s-shape-0.10-edge
2026-10-05_0800_ddr5-4800_threads-1-2-3-4-5-6-8-10-12-14-16-24_r5,unreal_chaos,16,0,1,1,evaluated,0.10000000000000001,0,0,0,0,2,300,0,0,0,0,0.016666666666666666,0,0,0,0,0,upward_excursion,0.0084586143493652344,2782,0,1,14,68.744700000000066,1187.4882,contact-islands-safety-and-shape,terminal-1s-shape-0.10-edge
2026-10-05_0800_ddr5-4800_threads-1-2-3-4-5-6-8-10-12-14-16-24_r5,unreal_chaos,16,0,1,1,evaluated,0.10000000000000001,0,0,0,0,2,300,0,0,0,0,0.016666666666666666,0,0,0,0,0,terminal_stack_shape_excess,0.051038312147055009,1775,0,2,240,68.744700000000066,1187.4882,contact-islands-safety-and-shape,terminal-1s-shape-0.10-edge
2026-10-05_0800_ddr5-4800_threads-1-2-3-4-5-6-8-10-12-14-16-24_r5,unreal_chaos,16,1,1,1,evaluated,0.10000000000000001,0,0,0,0,2,300,0,0,0,0,0.016666666666666666,0,0,0,0,0,rest_envelope,0.071224777457338462,1175,0,1,22,70.313699999999983,1187.6197,contact-islands-safety-and-shape,terminal-1s-shape-0.10-edge
2026-10-05_0800_ddr5-4800_threads-1-2-3-4-5-6-8-10-12-14-16-24_r5,unreal_chaos,16,1,1,1,evaluated,0.10000000000000001,0,0,0,0,2,300,0,0,0,0,0.016666666666666666,0,0,0,0,0,upward_excursion,0.0084586143493652344,2782,0,1,14,70.313699999999983,1187.6197,contact-islands-safety-and-shape,terminal-1s-shape-0.10-edge
2026-10-05_0800_ddr5-4800_threads-1-2-3-4-5-6-8-10-12-14-16-24_r5,unreal_chaos,16,1,1,1,evaluated,0.10000000000000001,0,0,0,0,2,300,0,0,0,0,0.016666666666666666,0,0,0,0,0,terminal_stack_shape_excess,0.051038312147055009,1775,0,2,240,70.313699999999983,1187.6197,contact-islands-safety-and-shape,terminal-1s-shape-0.10-edge
2026-10-05_0800_ddr5-4800_threads-1-2-3-4-5-6-8-10-12-14-16-24_r5,unreal_chaos,16,2,1,1,evaluated,0.10000000000000001,0,0,0,0,2,300,0,0,0,0,0.016666666666666666,0,0,0,0,0,rest_envelope,0.071224777457338462,1175,0,1,22,70.517099999999985,1187.7896000000001,contact-islands-safety-and-shape,terminal-1s-shape-0.10-edge
2026-10-05_0800_ddr5-4800_threads-1-2-3-4-5-6-8-10-12-14-16-24_r5,unreal_chaos,16,2,1,1,evaluated,0.10000000000000001,0,0,0,0,2,300,0,0,0,0,0.016666666666666666,0,0,0,0,0,upward_excursion,0.0084586143493652344,2782,0,1,14,70.517099999999985,1187.7896000000001,contact-islands-safety-and-shape,terminal-1s-shape-0.10-edge
2026-10-05_0800_ddr5-4800_threads-1-2-3-4-5-6-8-10-12-14-16-24_r5,unreal_chaos,16,2,1,1,evaluated,0.10000000000000001,0,0,0,0,2,300,0,0,0,0,0.016666666666666666,0,0,0,0,0,terminal_stack_shape_excess,0.051038312147055009,1775,0,2,240,70.517099999999985,1187.7896000000001,contact-islands-safety-and-shape,terminal-1s-shape-0.10-edge
2026-10-05_0800_ddr5-4800_threads-1-2-3-4-5-6-8-10-12-14-16-24_r5,unreal_chaos,16,3,1,1,evaluated,0.10000000000000001,0,0,0,0,2,300,0,0,0,0,0.016666666666666666,0,0,0,0,0,rest_envelope,0.071224777457338462,1175,0,1,22,69.040199999999956,1188.5379,contact-islands-safety-and-shape,terminal-1s-shape-0.10-edge
2026-10-05_0800_ddr5-4800_threads-1-2-3-4-5-6-8-10-12-14-16-24_r5,unreal_chaos,16,3,1,1,evaluated,0.10000000000000001,0,0,0,0,2,300,0,0,0,0,0.016666666666666666,0,0,0,0,0,upward_excursion,0.0084586143493652344,2782,0,1,14,69.040199999999956,1188.5379,contact-islands-safety-and-shape,terminal-1s-shape-0.10-edge
2026-10-05_0800_ddr5-4800_threads-1-2-3-4-5-6-8-10-12-14-16-24_r5,unreal_chaos,16,3,1,1,evaluated,0.10000000000000001,0,0,0,0,2,300,0,0,0,0,0.016666666666666666,0,0,0,0,0,terminal_stack_shape_excess,0.051038312147055009,1775,0,2,240,69.040199999999956,1188.5379,contact-islands-safety-and-shape,terminal-1s-shape-0.10-edge
2026-10-05_0800_ddr5-4800_threads-1-2-3-4-5-6-8-10-12-14-16-24_r5,unreal_chaos,16,4,1,1,evaluated,0.10000000000000001,0,0,0,0,2,300,0,0,0,0,0.016666666666666666,0,0,0,0,0,rest_envelope,0.071224777457338462,1175,0,1,22,70.544499999999942,1188.1576,contact-islands-safety-and-shape,terminal-1s-shape-0.10-edge
2026-10-05_0800_ddr5-4800_threads-1-2-3-4-5-6-8-10-12-14-16-24_r5,unreal_chaos,16,4,1,1,evaluated,0.10000000000000001,0,0,0,0,2,300,0,0,0,0,0.016666666666666666,0,0,0,0,0,upward_excursion,0.0084586143493652344,2782,0,1,14,70.544499999999942,1188.1576,contact-islands-safety-and-shape,terminal-1s-shape-0.10-edge
2026-10-05_0800_ddr5-4800_threads-1-2-3-4-5-6-8-10-12-14-16-24_r5,unreal_chaos,16,4,1,1,evaluated,0.10000000000000001,0,0,0,0,2,300,0,0,0,0,0.016666666666666666,0,0,0,0,0,terminal_stack_shape_excess,0.051038312147055009,1775,0,2,240,70.544499999999942,1188.1576,contact-islands-safety-and-shape,terminal-1s-shape-0.10-edge
2026-10-05_0800_ddr5-4800_threads-1-2-3-4-5-6-8-10-12-14-16-24_r5,unreal_chaos,24,0,1,1,evaluated,0.10000000000000001,0,0,0,0,2,300,0,0,0,0,0.016666666666666666,0,0,0,0,0,rest_envelope,0.071224777457338462,1175,0,1,22,70.833899999999971,1188.8389999999999,contact-islands-safety-and-shape,terminal-1s-shape-0.10-edge
2026-10-05_0800_ddr5-4800_threads-1-2-3-4-5-6-8-10-12-14-16-24_r5,unreal_chaos,24,0,1,1,evaluated,0.10000000000000001,0,0,0,0,2,300,0,0,0,0,0.016666666666666666,0,0,0,0,0,upward_excursion,0.0084586143493652344,2782,0,1,14,70.833899999999971,1188.8389999999999,contact-islands-safety-and-shape,terminal-1s-shape-0.10-edge
2026-10-05_0800_ddr5-4800_threads-1-2-3-4-5-6-8-10-12-14-16-24_r5,unreal_chaos,24,0,1,1,evaluated,0.10000000000000001,0,0,0,0,2,300,0,0,0,0,0.016666666666666666,0,0,0,0,0,terminal_stack_shape_excess,0.051038312147055009,1775,0,2,240,70.833899999999971,1188.8389999999999,contact-islands-safety-and-shape,terminal-1s-shape-0.10-edge
2026-10-05_0800_ddr5-4800_threads-1-2-3-4-5-6-8-10-12-14-16-24_r5,unreal_chaos,24,1,1,1,evaluated,0.10000000000000001,0,0,0,0,2,300,0,0,0,0,0.016666666666666666,0,0,0,0,0,rest_envelope,0.071224777457338462,1175,0,1,22,68.889200000000031,1187.9056,contact-islands-safety-and-shape,terminal-1s-shape-0.10-edge
2026-10-05_0800_ddr5-4800_threads-1-2-3-4-5-6-8-10-12-14-16-24_r5,unreal_chaos,24,1,1,1,evaluated,0.10000000000000001,0,0,0,0,2,300,0,0,0,0,0.016666666666666666,0,0,0,0,0,upward_excursion,0.0084586143493652344,2782,0,1,14,68.889200000000031,1187.9056,contact-islands-safety-and-shape,terminal-1s-shape-0.10-edge
2026-10-05_0800_ddr5-4800_threads-1-2-3-4-5-6-8-10-12-14-16-24_r5,unreal_chaos,24,1,1,1,evaluated,0.10000000000000001,0,0,0,0,2,300,0,0,0,0,0.016666666666666666,0,0,0,0,0,terminal_stack_shape_excess,0.051038312147055009,1775,0,2,240,68.889200000000031,1187.9056,contact-islands-safety-and-shape,terminal-1s-shape-0.10-edge
2026-10-05_0800_ddr5-4800_threads-1-2-3-4-5-6-8-10-12-14-16-24_r5,unreal_chaos,24,2,1,1,evaluated,0.10000000000000001,0,0,0,0,2,300,0,0,0,0,0.016666666666666666,0,0,0,0,0,rest_envelope,0.071224777457338462,1175,0,1,22,69.005799999999951,1186.9318000000001,contact-islands-safety-and-shape,terminal-1s-shape-0.10-edge
2026-10-05_0800_ddr5-4800_threads-1-2-3-4-5-6-8-10-12-14-16-24_r5,unreal_chaos,24,2,1,1,evaluated,0.10000000000000001,0,0,0,0,2,300,0,0,0,0,0.016666666666666666,0,0,0,0,0,upward_excursion,0.0084586143493652344,2782,0,1,14,69.005799999999951,1186.9318000000001,contact-islands-safety-and-shape,terminal-1s-shape-0.10-edge
2026-10-05_0800_ddr5-4800_threads-1-2-3-4-5-6-8-10-12-14-16-24_r5,unreal_chaos,24,2,1,1,evaluated,0.10000000000000001,0,0,0,0,2,300,0,0,0,0,0.016666666666666666,0,0,0,0,0,terminal_stack_shape_excess,0.051038312147055009,1775,0,2,240,69.005799999999951,1186.9318000000001,contact-islands-safety-and-shape,terminal-1s-shape-0.10-edge
2026-10-05_0800_ddr5-4800_threads-1-2-3-4-5-6-8-10-12-14-16-24_r5,unreal_chaos,24,3,1,1,evaluated,0.10000000000000001,0,0,0,0,2,300,0,0,0,0,0.016666666666666666,0,0,0,0,0,rest_envelope,0.071224777457338462,1175,0,1,22,69.218500000000006,1187.0252,contact-islands-safety-and-shape,terminal-1s-shape-0.10-edge
2026-10-05_0800_ddr5-4800_threads-1-2-3-4-5-6-8-10-12-14-16-24_r5,unreal_chaos,24,3,1,1,evaluated,0.10000000000000001,0,0,0,0,2,300,0,0,0,0,0.016666666666666666,0,0,0,0,0,upward_excursion,0.0084586143493652344,2782,0,1,14,69.218500000000006,1187.0252,contact-islands-safety-and-shape,terminal-1s-shape-0.10-edge
2026-10-05_0800_ddr5-4800_threads-1-2-3-4-5-6-8-10-12-14-16-24_r5,unreal_chaos,24,3,1,1,evaluated,0.10000000000000001,0,0,0,0,2,300,0,0,0,0,0.016666666666666666,0,0,0,0,0,terminal_stack_shape_excess,0.051038312147055009,1775,0,2,240,69.218500000000006,1187.0252,contact-islands-safety-and-shape,terminal-1s-shape-0.10-edge
2026-10-05_0800_ddr5-4800_threads-1-2-3-4-5-6-8-10-12-14-16-24_r5,unreal_chaos,24,4,1,1,evaluated,0.10000000000000001,0,0,0,0,2,300,0,0,0,0,0.016666666666666666,0,0,0,0,0,rest_envelope,0.071224777457338462,1175,0,1,22,70.886700000000019,1187.1013,contact-islands-safety-and-shape,terminal-1s-shape-0.10-edge
2026-10-05_0800_ddr5-4800_threads-1-2-3-4-5-6-8-10-12-14-16-24_r5,unreal_chaos,24,4,1,1,evaluated,0.10000000000000001,0,0,0,0,2,300,0,0,0,0,0.016666666666666666,0,0,0,0,0,upward_excursion,0.0084586143493652344,2782,0,1,14,70.886700000000019,1187.1013,contact-islands-safety-and-shape,terminal-1s-shape-0.10-edge
2026-10-05_0800_ddr5-4800_threads-1-2-3-4-5-6-8-10-12-14-16-24_r5,unreal_chaos,24,4,1,1,evaluated,0.10000000000000001,0,0,0,0,2,300,0,0,0,0,0.016666666666666666,0,0,0,0,0,terminal_stack_shape_excess,0.051038312147055009,1775,0,2,240,70.886700000000019,1187.1013,contact-islands-safety-and-shape,terminal-1s-shape-0.10-edge
2026-10-05_0800_ddr5-4800_threads-1-2-3-4-5-6-8-10-12-14-16-24_r5,entasis,1,0,1,1,evaluated,0.10000000000000001,0,0,0,0,2,300,0,0,0,0,0.016666666666666666,0,0,0,0,0,rest_envelope,0.030624152074301136,377,0,1,7,61.565000000000019,1190.6084000000001,contact-islands-safety-and-shape,terminal-1s-shape-0.10-edge
2026-10-05_0800_ddr5-4800_threads-1-2-3-4-5-6-8-10-12-14-16-24_r5,entasis,1,0,1,1,evaluated,0.10000000000000001,0,0,0,0,2,300,0,0,0,0,0.016666666666666666,0,0,0,0,0,upward_excursion,0.020485877990722656,3196,0,1,14,61.565000000000019,1190.6084000000001,contact-islands-safety-and-shape,terminal-1s-shape-0.10-edge
2026-10-05_0800_ddr5-4800_threads-1-2-3-4-5-6-8-10-12-14-16-24_r5,entasis,1,0,1,1,evaluated,0.10000000000000001,0,0,0,0,2,300,0,0,0,0,0.016666666666666666,0,0,0,0,0,terminal_stack_shape_excess,0.01950191212099972,4195,0,2,265,61.565000000000019,1190.6084000000001,contact-islands-safety-and-shape,terminal-1s-shape-0.10-edge
2026-10-05_0800_ddr5-4800_threads-1-2-3-4-5-6-8-10-12-14-16-24_r5,entasis,1,1,1,1,evaluated,0.10000000000000001,0,0,0,0,2,300,0,0,0,0,0.016666666666666666,0,0,0,0,0,rest_envelope,0.030624152074301136,377,0,1,7,60.244399999999949,1189.3126999999999,contact-islands-safety-and-shape,terminal-1s-shape-0.10-edge
2026-10-05_0800_ddr5-4800_threads-1-2-3-4-5-6-8-10-12-14-16-24_r5,entasis,1,1,1,1,evaluated,0.10000000000000001,0,0,0,0,2,300,0,0,0,0,0.016666666666666666,0,0,0,0,0,upward_excursion,0.020485877990722656,3196,0,1,14,60.244399999999949,1189.3126999999999,contact-islands-safety-and-shape,terminal-1s-shape-0.10-edge
2026-10-05_0800_ddr5-4800_threads-1-2-3-4-5-6-8-10-12-14-16-24_r5,entasis,1,1,1,1,evaluated,0.10000000000000001,0,0,0,0,2,300,0,0,0,0,0.016666666666666666,0,0,0,0,0,terminal_stack_shape_excess,0.01950191212099972,4195,0,2,265,60.244399999999949,1189.3126999999999,contact-islands-safety-and-shape,terminal-1s-shape-0.10-edge
2026-10-05_0800_ddr5-4800_threads-1-2-3-4-5-6-8-10-12-14-16-24_r5,entasis,1,2,1,1,evaluated,0.10000000000000001,0,0,0,0,2,300,0,0,0,0,0.016666666666666666,0,0,0,0,0,rest_envelope,0.030624152074301136,377,0,1,7,60.165100000000038,1189.7856999999999,contact-islands-safety-and-shape,terminal-1s-shape-0.10-edge
2026-10-05_0800_ddr5-4800_threads-1-2-3-4-5-6-8-10-12-14-16-24_r5,entasis,1,2,1,1,evaluated,0.10000000000000001,0,0,0,0,2,300,0,0,0,0,0.016666666666666666,0,0,0,0,0,upward_excursion,0.020485877990722656,3196,0,1,14,60.165100000000038,1189.7856999999999,contact-islands-safety-and-shape,terminal-1s-shape-0.10-edge
2026-10-05_0800_ddr5-4800_threads-1-2-3-4-5-6-8-10-12-14-16-24_r5,entasis,1,2,1,1,evaluated,0.10000000000000001,0,0,0,0,2,300,0,0,0,0,0.016666666666666666,0,0,0,0,0,terminal_stack_shape_excess,0.01950191212099972,4195,0,2,265,60.165100000000038,1189.7856999999999,contact-islands-safety-and-shape,terminal-1s-shape-0.10-edge
2026-10-05_0800_ddr5-4800_threads-1-2-3-4-5-6-8-10-12-14-16-24_r5,entasis,1,3,1,1,evaluated,0.10000000000000001,0,0,0,0,2,300,0,0,0,0,0.016666666666666666,0,0,0,0,0,rest_envelope,0.030624152074301136,377,0,1,7,60.12289999999998,1189.3880999999999,contact-islands-safety-and-shape,terminal-1s-shape-0.10-edge
2026-10-05_0800_ddr5-4800_threads-1-2-3-4-5-6-8-10-12-14-16-24_r5,entasis,1,3,1,1,evaluated,0.10000000000000001,0,0,0,0,2,300,0,0,0,0,0.016666666666666666,0,0,0,0,0,upward_excursion,0.020485877990722656,3196,0,1,14,60.12289999999998,1189.3880999999999,contact-islands-safety-and-shape,terminal-1s-shape-0.10-edge
2026-10-05_0800_ddr5-4800_threads-1-2-3-4-5-6-8-10-12-14-16-24_r5,entasis,1,3,1,1,evaluated,0.10000000000000001,0,0,0,0,2,300,0,0,0,0,0.016666666666666666,0,0,0,0,0,terminal_stack_shape_excess,0.01950191212099972,4195,0,2,265,60.12289999999998,1189.3880999999999,contact-islands-safety-and-shape,terminal-1s-shape-0.10-edge
2026-10-05_0800_ddr5-4800_threads-1-2-3-4-5-6-8-10-12-14-16-24_r5,entasis,1,4,1,1,evaluated,0.10000000000000001,0,0,0,0,2,300,0,0,0,0,0.016666666666666666,0,0,0,0,0,rest_envelope,0.030624152074301136,377,0,1,7,68.722400000000022,1187.0377000000001,contact-islands-safety-and-shape,terminal-1s-shape-0.10-edge
2026-10-05_0800_ddr5-4800_threads-1-2-3-4-5-6-8-10-12-14-16-24_r5,entasis,1,4,1,1,evaluated,0.10000000000000001,0,0,0,0,2,300,0,0,0,0,0.016666666666666666,0,0,0,0,0,upward_excursion,0.020485877990722656,3196,0,1,14,68.722400000000022,1187.0377000000001,contact-islands-safety-and-shape,terminal-1s-shape-0.10-edge
2026-10-05_0800_ddr5-4800_threads-1-2-3-4-5-6-8-10-12-14-16-24_r5,entasis,1,4,1,1,evaluated,0.10000000000000001,0,0,0,0,2,300,0,0,0,0,0.016666666666666666,0,0,0,0,0,terminal_stack_shape_excess,0.01950191212099972,4195,0,2,265,68.722400000000022,1187.0377000000001,contact-islands-safety-and-shape,terminal-1s-shape-0.10-edge
2026-10-05_0800_ddr5-4800_threads-1-2-3-4-5-6-8-10-12-14-16-24_r5,entasis,2,0,1,1,evaluated,0.10000000000000001,0,0,0,0,2,300,0,0,0,0,0.016666666666666666,0,0,0,0,0,rest_envelope,0.031402030185334162,8384,0,1,7,57.664999999999949,1188.4263000000001,contact-islands-safety-and-shape,terminal-1s-shape-0.10-edge
2026-10-05_0800_ddr5-4800_threads-1-2-3-4-5-6-8-10-12-14-16-24_r5,entasis,2,0,1,1,evaluated,0.10000000000000001,0,0,0,0,2,300,0,0,0,0,0.016666666666666666,0,0,0,0,0,upward_excursion,0.021285057067871094,8384,0,1,14,57.664999999999949,1188.4263000000001,contact-islands-safety-and-shape,terminal-1s-shape-0.10-edge
2026-10-05_0800_ddr5-4800_threads-1-2-3-4-5-6-8-10-12-14-16-24_r5,entasis,2,0,1,1,evaluated,0.10000000000000001,0,0,0,0,2,300,0,0,0,0,0.016666666666666666,0,0,0,0,0,terminal_stack_shape_excess,0.019382349083322814,3399,0,2,245,57.664999999999949,1188.4263000000001,contact-islands-safety-and-shape,terminal-1s-shape-0.10-edge
2026-10-05_0800_ddr5-4800_threads-1-2-3-4-5-6-8-10-12-14-16-24_r5,entasis,2,1,1,1,evaluated,0.10000000000000001,0,0,0,0,2,300,0,0,0,0,0.016666666666666666,0,0,0,0,0,rest_envelope,0.031402030185334162,8384,0,1,7,57.097000000000023,1188.2191,contact-islands-safety-and-shape,terminal-1s-shape-0.10-edge
2026-10-05_0800_ddr5-4800_threads-1-2-3-4-5-6-8-10-12-14-16-24_r5,entasis,2,1,1,1,evaluated,0.10000000000000001,0,0,0,0,2,300,0,0,0,0,0.016666666666666666,0,0,0,0,0,upward_excursion,0.021285057067871094,8384,0,1,14,57.097000000000023,1188.2191,contact-islands-safety-and-shape,terminal-1s-shape-0.10-edge
2026-10-05_0800_ddr5-4800_threads-1-2-3-4-5-6-8-10-12-14-16-24_r5,entasis,2,1,1,1,evaluated,0.10000000000000001,0,0,0,0,2,300,0,0,0,0,0.016666666666666666,0,0,0,0,0,terminal_stack_shape_excess,0.019420952439218153,2379,0,2,248,57.097000000000023,1188.2191,contact-islands-safety-and-shape,terminal-1s-shape-0.10-edge
2026-10-05_0800_ddr5-4800_threads-1-2-3-4-5-6-8-10-12-14-16-24_r5,entasis,2,2,1,1,evaluated,0.10000000000000001,0,0,0,0,2,300,0,0,0,0,0.016666666666666666,0,0,0,0,0,rest_envelope,0.031402030185334162,8384,0,1,7,56.403300000000051,1191.6841999999999,contact-islands-safety-and-shape,terminal-1s-shape-0.10-edge
2026-10-05_0800_ddr5-4800_threads-1-2-3-4-5-6-8-10-12-14-16-24_r5,entasis,2,2,1,1,evaluated,0.10000000000000001,0,0,0,0,2,300,0,0,0,0,0.016666666666666666,0,0,0,0,0,upward_excursion,0.021285057067871094,8384,0,1,14,56.403300000000051,1191.6841999999999,contact-islands-safety-and-shape,terminal-1s-shape-0.10-edge
2026-10-05_0800_ddr5-4800_threads-1-2-3-4-5-6-8-10-12-14-16-24_r5,entasis,2,2,1,1,evaluated,0.10000000000000001,0,0,0,0,2,300,0,0,0,0,0.016666666666666666,0,0,0,0,0,terminal_stack_shape_excess,0.019505127435808012,8175,0,2,287,56.403300000000051,1191.6841999999999,contact-islands-safety-and-shape,terminal-1s-shape-0.10-edge
2026-10-05_0800_ddr5-4800_threads-1-2-3-4-5-6-8-10-12-14-16-24_r5,entasis,2,3,1,1,evaluated,0.10000000000000001,0,0,0,0,2,300,0,0,0,0,0.016666666666666666,0,0,0,0,0,rest_envelope,0.031402030185334162,8384,0,1,7,55.359099999999955,1188.3987,contact-islands-safety-and-shape,terminal-1s-shape-0.10-edge
2026-10-05_0800_ddr5-4800_threads-1-2-3-4-5-6-8-10-12-14-16-24_r5,entasis,2,3,1,1,evaluated,0.10000000000000001,0,0,0,0,2,300,0,0,0,0,0.016666666666666666,0,0,0,0,0,upward_excursion,0.021285057067871094,8384,0,1,14,55.359099999999955,1188.3987,contact-islands-safety-and-shape,terminal-1s-shape-0.10-edge
2026-10-05_0800_ddr5-4800_threads-1-2-3-4-5-6-8-10-12-14-16-24_r5,entasis,2,3,1,1,evaluated,0.10000000000000001,0,0,0,0,2,300,0,0,0,0,0.016666666666666666,0,0,0,0,0,terminal_stack_shape_excess,0.019610382118626979,7795,0,2,279,55.359099999999955,1188.3987,contact-islands-safety-and-shape,terminal-1s-shape-0.10-edge
2026-10-05_0800_ddr5-4800_threads-1-2-3-4-5-6-8-10-12-14-16-24_r5,entasis,2,4,1,1,evaluated,0.10000000000000001,0,0,0,0,2,300,0,0,0,0,0.016666666666666666,0,0,0,0,0,rest_envelope,0.031402030185334162,8384,0,1,7,64.660600000000002,1189.6726000000001,contact-islands-safety-and-shape,terminal-1s-shape-0.10-edge
2026-10-05_0800_ddr5-4800_threads-1-2-3-4-5-6-8-10-12-14-16-24_r5,entasis,2,4,1,1,evaluated,0.10000000000000001,0,0,0,0,2,300,0,0,0,0,0.016666666666666666,0,0,0,0,0,upward_excursion,0.021285057067871094,8384,0,1,14,64.660600000000002,1189.6726000000001,contact-islands-safety-and-shape,terminal-1s-shape-0.10-edge
2026-10-05_0800_ddr5-4800_threads-1-2-3-4-5-6-8-10-12-14-16-24_r5,entasis,2,4,1,1,evaluated,0.10000000000000001,0,0,0,0,2,300,0,0,0,0,0.016666666666666666,0,0,0,0,0,terminal_stack_shape_excess,0.019153786699356634,3597,0,2,275,64.660600000000002,1189.6726000000001,contact-islands-safety-and-shape,terminal-1s-shape-0.10-edge
2026-10-05_0800_ddr5-4800_threads-1-2-3-4-5-6-8-10-12-14-16-24_r5,entasis,3,0,1,1,evaluated,0.10000000000000001,0,0,0,0,2,300,0,0,0,0,0.016666666666666666,0,0,0,0,0,rest_envelope,0.030624152074301136,377,0,1,7,56.465400000000045,1190.0181,contact-islands-safety-and-shape,terminal-1s-shape-0.10-edge
2026-10-05_0800_ddr5-4800_threads-1-2-3-4-5-6-8-10-12-14-16-24_r5,entasis,3,0,1,1,evaluated,0.10000000000000001,0,0,0,0,2,300,0,0,0,0,0.016666666666666666,0,0,0,0,0,upward_excursion,0.020485877990722656,3196,0,1,14,56.465400000000045,1190.0181,contact-islands-safety-and-shape,terminal-1s-shape-0.10-edge
2026-10-05_0800_ddr5-4800_threads-1-2-3-4-5-6-8-10-12-14-16-24_r5,entasis,3,0,1,1,evaluated,0.10000000000000001,0,0,0,0,2,300,0,0,0,0,0.016666666666666666,0,0,0,0,0,terminal_stack_shape_excess,0.019435737734772474,9989,0,2,286,56.465400000000045,1190.0181,contact-islands-safety-and-shape,terminal-1s-shape-0.10-edge
2026-10-05_0800_ddr5-4800_threads-1-2-3-4-5-6-8-10-12-14-16-24_r5,entasis,3,1,1,1,evaluated,0.10000000000000001,0,0,0,0,2,300,0,0,0,0,0.016666666666666666,0,0,0,0,0,rest_envelope,0.030624152074301136,377,0,1,7,63.227199999999939,1189.9394,contact-islands-safety-and-shape,terminal-1s-shape-0.10-edge
2026-10-05_0800_ddr5-4800_threads-1-2-3-4-5-6-8-10-12-14-16-24_r5,entasis,3,1,1,1,evaluated,0.10000000000000001,0,0,0,0,2,300,0,0,0,0,0.016666666666666666,0,0,0,0,0,upward_excursion,0.020485877990722656,3196,0,1,14,63.227199999999939,1189.9394,contact-islands-safety-and-shape,terminal-1s-shape-0.10-edge
2026-10-05_0800_ddr5-4800_threads-1-2-3-4-5-6-8-10-12-14-16-24_r5,entasis,3,1,1,1,evaluated,0.10000000000000001,0,0,0,0,2,300,0,0,0,0,0.016666666666666666,0,0,0,0,0,terminal_stack_shape_excess,0.019228750716453025,3998,0,2,283,63.227199999999939,1189.9394,contact-islands-safety-and-shape,terminal-1s-shape-0.10-edge
2026-10-05_0800_ddr5-4800_threads-1-2-3-4-5-6-8-10-12-14-16-24_r5,entasis,3,2,1,1,evaluated,0.10000000000000001,0,0,0,0,2,300,0,0,0,0,0.016666666666666666,0,0,0,0,0,rest_envelope,0.030624152074301136,377,0,1,7,60.986000000000004,1190.4857,contact-islands-safety-and-shape,terminal-1s-shape-0.10-edge
2026-10-05_0800_ddr5-4800_threads-1-2-3-4-5-6-8-10-12-14-16-24_r5,entasis,3,2,1,1,evaluated,0.10000000000000001,0,0,0,0,2,300,0,0,0,0,0.016666666666666666,0,0,0,0,0,upward_excursion,0.020485877990722656,3196,0,1,14,60.986000000000004,1190.4857,contact-islands-safety-and-shape,terminal-1s-shape-0.10-edge
2026-10-05_0800_ddr5-4800_threads-1-2-3-4-5-6-8-10-12-14-16-24_r5,entasis,3,2,1,1,evaluated,0.10000000000000001,0,0,0,0,2,300,0,0,0,0,0.016666666666666666,0,0,0,0,0,terminal_stack_shape_excess,0.019304416724893803,2775,0,2,271,60.986000000000004,1190.4857,contact-islands-safety-and-shape,terminal-1s-shape-0.10-edge
2026-10-05_0800_ddr5-4800_threads-1-2-3-4-5-6-8-10-12-14-16-24_r5,entasis,3,3,1,1,evaluated,0.10000000000000001,0,0,0,0,2,300,0,0,0,0,0.016666666666666666,0,0,0,0,0,rest_envelope,0.031403111292590324,8384,0,1,7,60.90119999999996,1188.5374999999999,contact-islands-safety-and-shape,terminal-1s-shape-0.10-edge
2026-10-05_0800_ddr5-4800_threads-1-2-3-4-5-6-8-10-12-14-16-24_r5,entasis,3,3,1,1,evaluated,0.10000000000000001,0,0,0,0,2,300,0,0,0,0,0.016666666666666666,0,0,0,0,0,upward_excursion,0.0212860107421875,8384,0,1,14,60.90119999999996,1188.5374999999999,contact-islands-safety-and-shape,terminal-1s-shape-0.10-edge
2026-10-05_0800_ddr5-4800_threads-1-2-3-4-5-6-8-10-12-14-16-24_r5,entasis,3,3,1,1,evaluated,0.10000000000000001,0,0,0,0,2,300,0,0,0,0,0.016666666666666666,0,0,0,0,0,terminal_stack_shape_excess,0.019313202294791165,378,0,2,266,60.90119999999996,1188.5374999999999,contact-islands-safety-and-shape,terminal-1s-shape-0.10-edge
2026-10-05_0800_ddr5-4800_threads-1-2-3-4-5-6-8-10-12-14-16-24_r5,entasis,3,4,1,1,evaluated,0.10000000000000001,0,0,0,0,2,300,0,0,0,0,0.016666666666666666,0,0,0,0,0,rest_envelope,0.030624152074301136,377,0,1,7,61.070100000000018,1189.0533,contact-islands-safety-and-shape,terminal-1s-shape-0.10-edge
2026-10-05_0800_ddr5-4800_threads-1-2-3-4-5-6-8-10-12-14-16-24_r5,entasis,3,4,1,1,evaluated,0.10000000000000001,0,0,0,0,2,300,0,0,0,0,0.016666666666666666,0,0,0,0,0,upward_excursion,0.020485877990722656,3196,0,1,14,61.070100000000018,1189.0533,contact-islands-safety-and-shape,terminal-1s-shape-0.10-edge
2026-10-05_0800_ddr5-4800_threads-1-2-3-4-5-6-8-10-12-14-16-24_r5,entasis,3,4,1,1,evaluated,0.10000000000000001,0,0,0,0,2,300,0,0,0,0,0.016666666666666666,0,0,0,0,0,terminal_stack_shape_excess,0.019292525106164415,5796,0,2,298,61.070100000000018,1189.0533,contact-islands-safety-and-shape,terminal-1s-shape-0.10-edge
2026-10-05_0800_ddr5-4800_threads-1-2-3-4-5-6-8-10-12-14-16-24_r5,entasis,4,0,1,1,evaluated,0.10000000000000001,0,0,0,0,2,300,0,0,0,0,0.016666666666666666,0,0,0,0,0,rest_envelope,0.031398243354535005,1784,0,1,7,61.617700000000049,1188.7606000000001,contact-islands-safety-and-shape,terminal-1s-shape-0.10-edge
2026-10-05_0800_ddr5-4800_threads-1-2-3-4-5-6-8-10-12-14-16-24_r5,entasis,4,0,1,1,evaluated,0.10000000000000001,0,0,0,0,2,300,0,0,0,0,0.016666666666666666,0,0,0,0,0,upward_excursion,0.021284103393554688,1784,0,1,14,61.617700000000049,1188.7606000000001,contact-islands-safety-and-shape,terminal-1s-shape-0.10-edge
2026-10-05_0800_ddr5-4800_threads-1-2-3-4-5-6-8-10-12-14-16-24_r5,entasis,4,0,1,1,evaluated,0.10000000000000001,0,0,0,0,2,300,0,0,0,0,0.016666666666666666,0,0,0,0,0,terminal_stack_shape_excess,0.019254409465891742,2179,0,2,298,61.617700000000049,1188.7606000000001,contact-islands-safety-and-shape,terminal-1s-shape-0.10-edge
2026-10-05_0800_ddr5-4800_threads-1-2-3-4-5-6-8-10-12-14-16-24_r5,entasis,4,1,1,1,evaluated,0.10000000000000001,0,0,0,0,2,300,0,0,0,0,0.016666666666666666,0,0,0,0,0,rest_envelope,0.031398243354535005,1784,0,1,7,62.384699999999981,1190.7511,contact-islands-safety-and-shape,terminal-1s-shape-0.10-edge
2026-10-05_0800_ddr5-4800_threads-1-2-3-4-5-6-8-10-12-14-16-24_r5,entasis,4,1,1,1,evaluated,0.10000000000000001,0,0,0,0,2,300,0,0,0,0,0.016666666666666666,0,0,0,0,0,upward_excursion,0.021284103393554688,1784,0,1,14,62.384699999999981,1190.7511,contact-islands-safety-and-shape,terminal-1s-shape-0.10-edge
2026-10-05_0800_ddr5-4800_threads-1-2-3-4-5-6-8-10-12-14-16-24_r5,entasis,4,1,1,1,evaluated,0.10000000000000001,0,0,0,0,2,300,0,0,0,0,0.016666666666666666,0,0,0,0,0,terminal_stack_shape_excess,0.019412043504047571,5995,0,2,296,62.384699999999981,1190.7511,contact-islands-safety-and-shape,terminal-1s-shape-0.10-edge
2026-10-05_0800_ddr5-4800_threads-1-2-3-4-5-6-8-10-12-14-16-24_r5,entasis,4,2,1,1,evaluated,0.10000000000000001,0,0,0,0,2,300,0,0,0,0,0.016666666666666666,0,0,0,0,0,rest_envelope,0.031403111292590324,8184,0,1,7,60.918800000000033,1188.7559000000001,contact-islands-safety-and-shape,terminal-1s-shape-0.10-edge
2026-10-05_0800_ddr5-4800_threads-1-2-3-4-5-6-8-10-12-14-16-24_r5,entasis,4,2,1,1,evaluated,0.10000000000000001,0,0,0,0,2,300,0,0,0,0,0.016666666666666666,0,0,0,0,0,upward_excursion,0.0212860107421875,8184,0,1,14,60.918800000000033,1188.7559000000001,contact-islands-safety-and-shape,terminal-1s-shape-0.10-edge
2026-10-05_0800_ddr5-4800_threads-1-2-3-4-5-6-8-10-12-14-16-24_r5,entasis,4,2,1,1,evaluated,0.10000000000000001,0,0,0,0,2,300,0,0,0,0,0.016666666666666666,0,0,0,0,0,terminal_stack_shape_excess,0.019232747126449068,4579,0,2,276,60.918800000000033,1188.7559000000001,contact-islands-safety-and-shape,terminal-1s-shape-0.10-edge
2026-10-05_0800_ddr5-4800_threads-1-2-3-4-5-6-8-10-12-14-16-24_r5,entasis,4,3,1,1,evaluated,0.10000000000000001,0,0,0,0,2,300,0,0,0,0,0.016666666666666666,0,0,0,0,0,rest_envelope,0.031398243354535005,9784,0,1,7,56.534100000000038,1188.9887000000001,contact-islands-safety-and-shape,terminal-1s-shape-0.10-edge
2026-10-05_0800_ddr5-4800_threads-1-2-3-4-5-6-8-10-12-14-16-24_r5,entasis,4,3,1,1,evaluated,0.10000000000000001,0,0,0,0,2,300,0,0,0,0,0.016666666666666666,0,0,0,0,0,upward_excursion,0.021284103393554688,9784,0,1,14,56.534100000000038,1188.9887000000001,contact-islands-safety-and-shape,terminal-1s-shape-0.10-edge
2026-10-05_0800_ddr5-4800_threads-1-2-3-4-5-6-8-10-12-14-16-24_r5,entasis,4,3,1,1,evaluated,0.10000000000000001,0,0,0,0,2,300,0,0,0,0,0.016666666666666666,0,0,0,0,0,terminal_stack_shape_excess,0.019095262392130885,6191,0,2,284,56.534100000000038,1188.9887000000001,contact-islands-safety-and-shape,terminal-1s-shape-0.10-edge
2026-10-05_0800_ddr5-4800_threads-1-2-3-4-5-6-8-10-12-14-16-24_r5,entasis,4,4,1,1,evaluated,0.10000000000000001,0,0,0,0,2,300,0,0,0,0,0.016666666666666666,0,0,0,0,0,rest_envelope,0.030624152074301136,377,0,1,7,58.292399999999958,1190.1187,contact-islands-safety-and-shape,terminal-1s-shape-0.10-edge
2026-10-05_0800_ddr5-4800_threads-1-2-3-4-5-6-8-10-12-14-16-24_r5,entasis,4,4,1,1,evaluated,0.10000000000000001,0,0,0,0,2,300,0,0,0,0,0.016666666666666666,0,0,0,0,0,upward_excursion,0.02048492431640625,2996,0,1,14,58.292399999999958,1190.1187,contact-islands-safety-and-shape,terminal-1s-shape-0.10-edge
2026-10-05_0800_ddr5-4800_threads-1-2-3-4-5-6-8-10-12-14-16-24_r5,entasis,4,4,1,1,evaluated,0.10000000000000001,0,0,0,0,2,300,0,0,0,0,0.016666666666666666,0,0,0,0,0,terminal_stack_shape_excess,0.019584984050988297,379,0,2,289,58.292399999999958,1190.1187,contact-islands-safety-and-shape,terminal-1s-shape-0.10-edge
2026-10-05_0800_ddr5-4800_threads-1-2-3-4-5-6-8-10-12-14-16-24_r5,entasis,5,0,1,1,evaluated,0.10000000000000001,0,0,0,0,2,300,0,0,0,0,0.016666666666666666,0,0,0,0,0,rest_envelope,0.030638334327356631,2182,0,1,7,58.98070000000002,1188.2829999999999,contact-islands-safety-and-shape,terminal-1s-shape-0.10-edge
2026-10-05_0800_ddr5-4800_threads-1-2-3-4-5-6-8-10-12-14-16-24_r5,entasis,5,0,1,1,evaluated,0.10000000000000001,0,0,0,0,2,300,0,0,0,0,0.016666666666666666,0,0,0,0,0,upward_excursion,0.020471572875976562,2996,0,1,14,58.98070000000002,1188.2829999999999,contact-islands-safety-and-shape,terminal-1s-shape-0.10-edge
2026-10-05_0800_ddr5-4800_threads-1-2-3-4-5-6-8-10-12-14-16-24_r5,entasis,5,0,1,1,evaluated,0.10000000000000001,0,0,0,0,2,300,0,0,0,0,0.016666666666666666,0,0,0,0,0,terminal_stack_shape_excess,0.019321254996592541,2980,0,2,292,58.98070000000002,1188.2829999999999,contact-islands-safety-and-shape,terminal-1s-shape-0.10-edge
2026-10-05_0800_ddr5-4800_threads-1-2-3-4-5-6-8-10-12-14-16-24_r5,entasis,5,1,1,1,evaluated,0.10000000000000001,0,0,0,0,2,300,0,0,0,0,0.016666666666666666,0,0,0,0,0,rest_envelope,0.031402030185334162,8384,0,1,7,53.010999999999953,1187.7203999999999,contact-islands-safety-and-shape,terminal-1s-shape-0.10-edge
2026-10-05_0800_ddr5-4800_threads-1-2-3-4-5-6-8-10-12-14-16-24_r5,entasis,5,1,1,1,evaluated,0.10000000000000001,0,0,0,0,2,300,0,0,0,0,0.016666666666666666,0,0,0,0,0,upward_excursion,0.021284580230712891,8384,0,1,14,53.010999999999953,1187.7203999999999,contact-islands-safety-and-shape,terminal-1s-shape-0.10-edge
2026-10-05_0800_ddr5-4800_threads-1-2-3-4-5-6-8-10-12-14-16-24_r5,entasis,5,1,1,1,evaluated,0.10000000000000001,0,0,0,0,2,300,0,0,0,0,0.016666666666666666,0,0,0,0,0,terminal_stack_shape_excess,0.019227689696815431,2190,0,2,282,53.010999999999953,1187.7203999999999,contact-islands-safety-and-shape,terminal-1s-shape-0.10-edge
2026-10-05_0800_ddr5-4800_threads-1-2-3-4-5-6-8-10-12-14-16-24_r5,entasis,5,2,1,1,evaluated,0.10000000000000001,0,0,0,0,2,300,0,0,0,0,0.016666666666666666,0,0,0,0,0,rest_envelope,0.031402030185334162,8384,0,1,7,54.824700000000028,1189.8454999999999,contact-islands-safety-and-shape,terminal-1s-shape-0.10-edge
2026-10-05_0800_ddr5-4800_threads-1-2-3-4-5-6-8-10-12-14-16-24_r5,entasis,5,2,1,1,evaluated,0.10000000000000001,0,0,0,0,2,300,0,0,0,0,0.016666666666666666,0,0,0,0,0,upward_excursion,0.021285057067871094,8384,0,1,14,54.824700000000028,1189.8454999999999,contact-islands-safety-and-shape,terminal-1s-shape-0.10-edge
2026-10-05_0800_ddr5-4800_threads-1-2-3-4-5-6-8-10-12-14-16-24_r5,entasis,5,2,1,1,evaluated,0.10000000000000001,0,0,0,0,2,300,0,0,0,0,0.016666666666666666,0,0,0,0,0,terminal_stack_shape_excess,0.019506115134283908,996,0,2,247,54.824700000000028,1189.8454999999999,contact-islands-safety-and-shape,terminal-1s-shape-0.10-edge
2026-10-05_0800_ddr5-4800_threads-1-2-3-4-5-6-8-10-12-14-16-24_r5,entasis,5,3,1,1,evaluated,0.10000000000000001,0,0,0,0,2,300,0,0,0,0,0.016666666666666666,0,0,0,0,0,rest_envelope,0.030624152074301136,377,0,1,7,58.088799999999985,1190.4739,contact-islands-safety-and-shape,terminal-1s-shape-0.10-edge
2026-10-05_0800_ddr5-4800_threads-1-2-3-4-5-6-8-10-12-14-16-24_r5,entasis,5,3,1,1,evaluated,0.10000000000000001,0,0,0,0,2,300,0,0,0,0,0.016666666666666666,0,0,0,0,0,upward_excursion,0.020486354827880859,3196,0,1,14,58.088799999999985,1190.4739,contact-islands-safety-and-shape,terminal-1s-shape-0.10-edge
2026-10-05_0800_ddr5-4800_threads-1-2-3-4-5-6-8-10-12-14-16-24_r5,entasis,5,3,1,1,evaluated,0.10000000000000001,0,0,0,0,2,300,0,0,0,0,0.016666666666666666,0,0,0,0,0,terminal_stack_shape_excess,0.01925769183681536,384,0,2,250,58.088799999999985,1190.4739,contact-islands-safety-and-shape,terminal-1s-shape-0.10-edge
2026-10-05_0800_ddr5-4800_threads-1-2-3-4-5-6-8-10-12-14-16-24_r5,entasis,5,4,1,1,evaluated,0.10000000000000001,0,0,0,0,2,300,0,0,0,0,0.016666666666666666,0,0,0,0,0,rest_envelope,0.031398243354535005,1984,0,1,7,59.492700000000035,1190.2607,contact-islands-safety-and-shape,terminal-1s-shape-0.10-edge
2026-10-05_0800_ddr5-4800_threads-1-2-3-4-5-6-8-10-12-14-16-24_r5,entasis,5,4,1,1,evaluated,0.10000000000000001,0,0,0,0,2,300,0,0,0,0,0.016666666666666666,0,0,0,0,0,upward_excursion,0.021284103393554688,1984,0,1,14,59.492700000000035,1190.2607,contact-islands-safety-and-shape,terminal-1s-shape-0.10-edge
2026-10-05_0800_ddr5-4800_threads-1-2-3-4-5-6-8-10-12-14-16-24_r5,entasis,5,4,1,1,evaluated,0.10000000000000001,0,0,0,0,2,300,0,0,0,0,0.016666666666666666,0,0,0,0,0,terminal_stack_shape_excess,0.019133539493477847,7975,0,2,250,59.492700000000035,1190.2607,contact-islands-safety-and-shape,terminal-1s-shape-0.10-edge
2026-10-05_0800_ddr5-4800_threads-1-2-3-4-5-6-8-10-12-14-16-24_r5,entasis,6,0,1,1,evaluated,0.10000000000000001,0,0,0,0,2,300,0,0,0,0,0.016666666666666666,0,0,0,0,0,rest_envelope,0.031402030185334162,8384,0,1,7,62.066499999999998,1190.2412999999999,contact-islands-safety-and-shape,terminal-1s-shape-0.10-edge
2026-10-05_0800_ddr5-4800_threads-1-2-3-4-5-6-8-10-12-14-16-24_r5,entasis,6,0,1,1,evaluated,0.10000000000000001,0,0,0,0,2,300,0,0,0,0,0.016666666666666666,0,0,0,0,0,upward_excursion,0.021284580230712891,8384,0,1,14,62.066499999999998,1190.2412999999999,contact-islands-safety-and-shape,terminal-1s-shape-0.10-edge
2026-10-05_0800_ddr5-4800_threads-1-2-3-4-5-6-8-10-12-14-16-24_r5,entasis,6,0,1,1,evaluated,0.10000000000000001,0,0,0,0,2,300,0,0,0,0,0.016666666666666666,0,0,0,0,0,terminal_stack_shape_excess,0.019118928499243792,578,0,2,288,62.066499999999998,1190.2412999999999,contact-islands-safety-and-shape,terminal-1s-shape-0.10-edge
2026-10-05_0800_ddr5-4800_threads-1-2-3-4-5-6-8-10-12-14-16-24_r5,entasis,6,1,1,1,evaluated,0.10000000000000001,0,0,0,0,2,300,0,0,0,0,0.016666666666666666,0,0,0,0,0,rest_envelope,0.031398243354535005,1784,0,1,7,57.173899999999989,1190.3467000000001,contact-islands-safety-and-shape,terminal-1s-shape-0.10-edge
2026-10-05_0800_ddr5-4800_threads-1-2-3-4-5-6-8-10-12-14-16-24_r5,entasis,6,1,1,1,evaluated,0.10000000000000001,0,0,0,0,2,300,0,0,0,0,0.016666666666666666,0,0,0,0,0,upward_excursion,0.021284103393554688,1784,0,1,14,57.173899999999989,1190.3467000000001,contact-islands-safety-and-shape,terminal-1s-shape-0.10-edge
2026-10-05_0800_ddr5-4800_threads-1-2-3-4-5-6-8-10-12-14-16-24_r5,entasis,6,1,1,1,evaluated,0.10000000000000001,0,0,0,0,2,300,0,0,0,0,0.016666666666666666,0,0,0,0,0,terminal_stack_shape_excess,0.019775423474065579,9779,0,2,271,57.173899999999989,1190.3467000000001,contact-islands-safety-and-shape,terminal-1s-shape-0.10-edge
2026-10-05_0800_ddr5-4800_threads-1-2-3-4-5-6-8-10-12-14-16-24_r5,entasis,6,2,1,1,evaluated,0.10000000000000001,0,0,0,0,2,300,0,0,0,0,0.016666666666666666,0,0,0,0,0,rest_envelope,0.03090291043470561,8182,0,1,7,59.604300000000009,1190.9328,contact-islands-safety-and-shape,terminal-1s-shape-0.10-edge
2026-10-05_0800_ddr5-4800_threads-1-2-3-4-5-6-8-10-12-14-16-24_r5,entasis,6,2,1,1,evaluated,0.10000000000000001,0,0,0,0,2,300,0,0,0,0,0.016666666666666666,0,0,0,0,0,upward_excursion,0.020739078521728516,8382,0,1,14,59.604300000000009,1190.9328,contact-islands-safety-and-shape,terminal-1s-shape-0.10-edge
2026-10-05_0800_ddr5-4800_threads-1-2-3-4-5-6-8-10-12-14-16-24_r5,entasis,6,2,1,1,evaluated,0.10000000000000001,0,0,0,0,2,300,0,0,0,0,0.016666666666666666,0,0,0,0,0,terminal_stack_shape_excess,0.01923029219186223,8399,0,2,251,59.604300000000009,1190.9328,contact-islands-safety-and-shape,terminal-1s-shape-0.10-edge
2026-10-05_0800_ddr5-4800_threads-1-2-3-4-5-6-8-10-12-14-16-24_r5,entasis,6,3,1,1,evaluated,0.10000000000000001,0,0,0,0,2,300,0,0,0,0,0.016666666666666666,0,0,0,0,0,rest_envelope,0.031402030185334162,8384,0,1,7,57.643399999999971,1190.5911000000001,contact-islands-safety-and-shape,terminal-1s-shape-0.10-edge
2026-10-05_0800_ddr5-4800_threads-1-2-3-4-5-6-8-10-12-14-16-24_r5,entasis,6,3,1,1,evaluated,0.10000000000000001,0,0,0,0,2,300,0,0,0,0,0.016666666666666666,0,0,0,0,0,upward_excursion,0.021284580230712891,8384,0,1,14,57.643399999999971,1190.5911000000001,contact-islands-safety-and-shape,terminal-1s-shape-0.10-edge
2026-10-05_0800_ddr5-4800_threads-1-2-3-4-5-6-8-10-12-14-16-24_r5,entasis,6,3,1,1,evaluated,0.10000000000000001,0,0,0,0,2,300,0,0,0,0,0.016666666666666666,0,0,0,0,0,terminal_stack_shape_excess,0.0192189010932452,6384,0,2,261,57.643399999999971,1190.5911000000001,contact-islands-safety-and-shape,terminal-1s-shape-0.10-edge
2026-10-05_0800_ddr5-4800_threads-1-2-3-4-5-6-8-10-12-14-16-24_r5,entasis,6,4,1,1,evaluated,0.10000000000000001,0,0,0,0,2,300,0,0,0,0,0.016666666666666666,0,0,0,0,0,rest_envelope,0.031403111292590324,8384,0,1,7,61.168200000000006,1190.0737999999999,contact-islands-safety-and-shape,terminal-1s-shape-0.10-edge
2026-10-05_0800_ddr5-4800_threads-1-2-3-4-5-6-8-10-12-14-16-24_r5,entasis,6,4,1,1,evaluated,0.10000000000000001,0,0,0,0,2,300,0,0,0,0,0.016666666666666666,0,0,0,0,0,upward_excursion,0.0212860107421875,8384,0,1,14,61.168200000000006,1190.0737999999999,contact-islands-safety-and-shape,terminal-1s-shape-0.10-edge
2026-10-05_0800_ddr5-4800_threads-1-2-3-4-5-6-8-10-12-14-16-24_r5,entasis,6,4,1,1,evaluated,0.10000000000000001,0,0,0,0,2,300,0,0,0,0,0.016666666666666666,0,0,0,0,0,terminal_stack_shape_excess,0.019169895368817191,4395,0,2,292,61.168200000000006,1190.0737999999999,contact-islands-safety-and-shape,terminal-1s-shape-0.10-edge
2026-10-05_0800_ddr5-4800_threads-1-2-3-4-5-6-8-10-12-14-16-24_r5,entasis,8,0,1,1,evaluated,0.10000000000000001,0,0,0,0,2,300,0,0,0,0,0.016666666666666666,0,0,0,0,0,rest_envelope,0.03111758133557796,6575,0,1,7,58.101500000000051,1188.9034999999999,contact-islands-safety-and-shape,terminal-1s-shape-0.10-edge
2026-10-05_0800_ddr5-4800_threads-1-2-3-4-5-6-8-10-12-14-16-24_r5,entasis,8,0,1,1,evaluated,0.10000000000000001,0,0,0,0,2,300,0,0,0,0,0.016666666666666666,0,0,0,0,0,upward_excursion,0.020989418029785156,6575,0,1,14,58.101500000000051,1188.9034999999999,contact-islands-safety-and-shape,terminal-1s-shape-0.10-edge
2026-10-05_0800_ddr5-4800_threads-1-2-3-4-5-6-8-10-12-14-16-24_r5,entasis,8,0,1,1,evaluated,0.10000000000000001,0,0,0,0,2,300,0,0,0,0,0.016666666666666666,0,0,0,0,0,terminal_stack_shape_excess,0.019531217786914246,6996,0,2,242,58.101500000000051,1188.9034999999999,contact-islands-safety-and-shape,terminal-1s-shape-0.10-edge
2026-10-05_0800_ddr5-4800_threads-1-2-3-4-5-6-8-10-12-14-16-24_r5,entasis,8,1,1,1,evaluated,0.10000000000000001,0,0,0,0,2,300,0,0,0,0,0.016666666666666666,0,0,0,0,0,rest_envelope,0.030986644487321691,3376,0,1,7,58.915700000000029,1189.3047999999999,contact-islands-safety-and-shape,terminal-1s-shape-0.10-edge
2026-10-05_0800_ddr5-4800_threads-1-2-3-4-5-6-8-10-12-14-16-24_r5,entasis,8,1,1,1,evaluated,0.10000000000000001,0,0,0,0,2,300,0,0,0,0,0.016666666666666666,0,0,0,0,0,upward_excursion,0.020819187164306641,3376,0,1,14,58.915700000000029,1189.3047999999999,contact-islands-safety-and-shape,terminal-1s-shape-0.10-edge
2026-10-05_0800_ddr5-4800_threads-1-2-3-4-5-6-8-10-12-14-16-24_r5,entasis,8,1,1,1,evaluated,0.10000000000000001,0,0,0,0,2,300,0,0,0,0,0.016666666666666666,0,0,0,0,0,terminal_stack_shape_excess,0.019262736193418672,8375,0,2,272,58.915700000000029,1189.3047999999999,contact-islands-safety-and-shape,terminal-1s-shape-0.10-edge
2026-10-05_0800_ddr5-4800_threads-1-2-3-4-5-6-8-10-12-14-16-24_r5,entasis,8,2,1,1,evaluated,0.10000000000000001,0,0,0,0,2,300,0,0,0,0,0.016666666666666666,0,0,0,0,0,rest_envelope,0.031161480865770308,3175,0,1,7,58.819000000000024,1191.1896999999999,contact-islands-safety-and-shape,terminal-1s-shape-0.10-edge
2026-10-05_0800_ddr5-4800_threads-1-2-3-4-5-6-8-10-12-14-16-24_r5,entasis,8,2,1,1,evaluated,0.10000000000000001,0,0,0,0,2,300,0,0,0,0,0.016666666666666666,0,0,0,0,0,upward_excursion,0.021225452423095703,6995,0,1,14,58.819000000000024,1191.1896999999999,contact-islands-safety-and-shape,terminal-1s-shape-0.10-edge
2026-10-05_0800_ddr5-4800_threads-1-2-3-4-5-6-8-10-12-14-16-24_r5,entasis,8,2,1,1,evaluated,0.10000000000000001,0,0,0,0,2,300,0,0,0,0,0.016666666666666666,0,0,0,0,0,terminal_stack_shape_excess,0.019123055555830493,7199,0,2,266,58.819000000000024,1191.1896999999999,contact-islands-safety-and-shape,terminal-1s-shape-0.10-edge
2026-10-05_0800_ddr5-4800_threads-1-2-3-4-5-6-8-10-12-14-16-24_r5,entasis,8,3,1,1,evaluated,0.10000000000000001,0,0,0,0,2,300,0,0,0,0,0.016666666666666666,0,0,0,0,0,rest_envelope,0.03118047535198798,5799,0,1,7,60.324599999999968,1189.3114,contact-islands-safety-and-shape,terminal-1s-shape-0.10-edge
2026-10-05_0800_ddr5-4800_threads-1-2-3-4-5-6-8-10-12-14-16-24_r5,entasis,8,3,1,1,evaluated,0.10000000000000001,0,0,0,0,2,300,0,0,0,0,0.016666666666666666,0,0,0,0,0,upward_excursion,0.020963668823242188,8398,0,1,14,60.324599999999968,1189.3114,contact-islands-safety-and-shape,terminal-1s-shape-0.10-edge
2026-10-05_0800_ddr5-4800_threads-1-2-3-4-5-6-8-10-12-14-16-24_r5,entasis,8,3,1,1,evaluated,0.10000000000000001,0,0,0,0,2,300,0,0,0,0,0.016666666666666666,0,0,0,0,0,terminal_stack_shape_excess,0.019311479843302948,8778,0,2,251,60.324599999999968,1189.3114,contact-islands-safety-and-shape,terminal-1s-shape-0.10-edge
2026-10-05_0800_ddr5-4800_threads-1-2-3-4-5-6-8-10-12-14-16-24_r5,entasis,8,4,1,1,evaluated,0.10000000000000001,0,0,0,0,2,300,0,0,0,0,0.016666666666666666,0,0,0,0,0,rest_envelope,0.031583788761274434,5575,0,1,7,60.797699999999985,1190.7167999999999,contact-islands-safety-and-shape,terminal-1s-shape-0.10-edge
2026-10-05_0800_ddr5-4800_threads-1-2-3-4-5-6-8-10-12-14-16-24_r5,entasis,8,4,1,1,evaluated,0.10000000000000001,0,0,0,0,2,300,0,0,0,0,0.016666666666666666,0,0,0,0,0,upward_excursion,0.021904468536376953,5575,0,1,14,60.797699999999985,1190.7167999999999,contact-islands-safety-and-shape,terminal-1s-shape-0.10-edge
2026-10-05_0800_ddr5-4800_threads-1-2-3-4-5-6-8-10-12-14-16-24_r5,entasis,8,4,1,1,evaluated,0.10000000000000001,0,0,0,0,2,300,0,0,0,0,0.016666666666666666,0,0,0,0,0,terminal_stack_shape_excess,0.019316699327477593,5979,0,2,280,60.797699999999985,1190.7167999999999,contact-islands-safety-and-shape,terminal-1s-shape-0.10-edge
2026-10-05_0800_ddr5-4800_threads-1-2-3-4-5-6-8-10-12-14-16-24_r5,entasis,10,0,1,1,evaluated,0.10000000000000001,0,0,0,0,2,300,0,0,0,0,0.016666666666666666,0,0,0,0,0,rest_envelope,0.031113694802209046,3579,0,1,7,83.489399999999947,1189.2655999999999,contact-islands-safety-and-shape,terminal-1s-shape-0.10-edge
2026-10-05_0800_ddr5-4800_threads-1-2-3-4-5-6-8-10-12-14-16-24_r5,entasis,10,0,1,1,evaluated,0.10000000000000001,0,0,0,0,2,300,0,0,0,0,0.016666666666666666,0,0,0,0,0,upward_excursion,0.020879745483398438,985,0,1,14,83.489399999999947,1189.2655999999999,contact-islands-safety-and-shape,terminal-1s-shape-0.10-edge
2026-10-05_0800_ddr5-4800_threads-1-2-3-4-5-6-8-10-12-14-16-24_r5,entasis,10,0,1,1,evaluated,0.10000000000000001,0,0,0,0,2,300,0,0,0,0,0.016666666666666666,0,0,0,0,0,terminal_stack_shape_excess,0.019221373714505718,7379,0,2,273,83.489399999999947,1189.2655999999999,contact-islands-safety-and-shape,terminal-1s-shape-0.10-edge
2026-10-05_0800_ddr5-4800_threads-1-2-3-4-5-6-8-10-12-14-16-24_r5,entasis,10,1,1,1,evaluated,0.10000000000000001,0,0,0,0,2,300,0,0,0,0,0.016666666666666666,0,0,0,0,0,rest_envelope,0.030986974673358425,1575,0,1,7,83.433300000000017,1190.1950999999999,contact-islands-safety-and-shape,terminal-1s-shape-0.10-edge
2026-10-05_0800_ddr5-4800_threads-1-2-3-4-5-6-8-10-12-14-16-24_r5,entasis,10,1,1,1,evaluated,0.10000000000000001,0,0,0,0,2,300,0,0,0,0,0.016666666666666666,0,0,0,0,0,upward_excursion,0.020670890808105469,2788,0,1,14,83.433300000000017,1190.1950999999999,contact-islands-safety-and-shape,terminal-1s-shape-0.10-edge
2026-10-05_0800_ddr5-4800_threads-1-2-3-4-5-6-8-10-12-14-16-24_r5,entasis,10,1,1,1,evaluated,0.10000000000000001,0,0,0,0,2,300,0,0,0,0,0.016666666666666666,0,0,0,0,0,terminal_stack_shape_excess,0.019133281333434393,177,0,2,240,83.433300000000017,1190.1950999999999,contact-islands-safety-and-shape,terminal-1s-shape-0.10-edge
2026-10-05_0800_ddr5-4800_threads-1-2-3-4-5-6-8-10-12-14-16-24_r5,entasis,10,2,1,1,evaluated,0.10000000000000001,0,0,0,0,2,300,0,0,0,0,0.016666666666666666,0,0,0,0,0,rest_envelope,0.031100192708500174,6176,0,1,7,83.828599999999895,1189.3906999999999,contact-islands-safety-and-shape,terminal-1s-shape-0.10-edge
2026-10-05_0800_ddr5-4800_threads-1-2-3-4-5-6-8-10-12-14-16-24_r5,entasis,10,2,1,1,evaluated,0.10000000000000001,0,0,0,0,2,300,0,0,0,0,0.016666666666666666,0,0,0,0,0,upward_excursion,0.020983219146728516,6176,0,1,14,83.828599999999895,1189.3906999999999,contact-islands-safety-and-shape,terminal-1s-shape-0.10-edge
2026-10-05_0800_ddr5-4800_threads-1-2-3-4-5-6-8-10-12-14-16-24_r5,entasis,10,2,1,1,evaluated,0.10000000000000001,0,0,0,0,2,300,0,0,0,0,0.016666666666666666,0,0,0,0,0,terminal_stack_shape_excess,0.019177690246953372,1996,0,2,275,83.828599999999895,1189.3906999999999,contact-islands-safety-and-shape,terminal-1s-shape-0.10-edge
2026-10-05_0800_ddr5-4800_threads-1-2-3-4-5-6-8-10-12-14-16-24_r5,entasis,10,3,1,1,evaluated,0.10000000000000001,0,0,0,0,2,300,0,0,0,0,0.016666666666666666,0,0,0,0,0,rest_envelope,0.031104001341674348,5596,0,1,7,85.322100000000006,1190.0011999999999,contact-islands-safety-and-shape,terminal-1s-shape-0.10-edge
2026-10-05_0800_ddr5-4800_threads-1-2-3-4-5-6-8-10-12-14-16-24_r5,entasis,10,3,1,1,evaluated,0.10000000000000001,0,0,0,0,2,300,0,0,0,0,0.016666666666666666,0,0,0,0,0,upward_excursion,0.020974636077880859,2375,0,1,14,85.322100000000006,1190.0011999999999,contact-islands-safety-and-shape,terminal-1s-shape-0.10-edge
2026-10-05_0800_ddr5-4800_threads-1-2-3-4-5-6-8-10-12-14-16-24_r5,entasis,10,3,1,1,evaluated,0.10000000000000001,0,0,0,0,2,300,0,0,0,0,0.016666666666666666,0,0,0,0,0,terminal_stack_shape_excess,0.019403192902477051,1799,0,2,286,85.322100000000006,1190.0011999999999,contact-islands-safety-and-shape,terminal-1s-shape-0.10-edge
2026-10-05_0800_ddr5-4800_threads-1-2-3-4-5-6-8-10-12-14-16-24_r5,entasis,10,4,1,1,evaluated,0.10000000000000001,0,0,0,0,2,300,0,0,0,0,0.016666666666666666,0,0,0,0,0,rest_envelope,0.031125941527831991,3581,0,1,7,86.67909999999992,1189.3309999999999,contact-islands-safety-and-shape,terminal-1s-shape-0.10-edge
2026-10-05_0800_ddr5-4800_threads-1-2-3-4-5-6-8-10-12-14-16-24_r5,entasis,10,4,1,1,evaluated,0.10000000000000001,0,0,0,0,2,300,0,0,0,0,0.016666666666666666,0,0,0,0,0,upward_excursion,0.020597934722900391,383,0,1,14,86.67909999999992,1189.3309999999999,contact-islands-safety-and-shape,terminal-1s-shape-0.10-edge
2026-10-05_0800_ddr5-4800_threads-1-2-3-4-5-6-8-10-12-14-16-24_r5,entasis,10,4,1,1,evaluated,0.10000000000000001,0,0,0,0,2,300,0,0,0,0,0.016666666666666666,0,0,0,0,0,terminal_stack_shape_excess,0.019557563624103658,1395,0,2,246,86.67909999999992,1189.3309999999999,contact-islands-safety-and-shape,terminal-1s-shape-0.10-edge
2026-10-05_0800_ddr5-4800_threads-1-2-3-4-5-6-8-10-12-14-16-24_r5,entasis,12,0,1,1,evaluated,0.10000000000000001,0,0,0,0,2,300,0,0,0,0,0.016666666666666666,0,0,0,0,0,rest_envelope,0.031054014202275937,3194,0,1,7,71.190799999999996,1188.0927999999999,contact-islands-safety-and-shape,terminal-1s-shape-0.10-edge
2026-10-05_0800_ddr5-4800_threads-1-2-3-4-5-6-8-10-12-14-16-24_r5,entasis,12,0,1,1,evaluated,0.10000000000000001,0,0,0,0,2,300,0,0,0,0,0.016666666666666666,0,0,0,0,0,upward_excursion,0.020938873291015625,3194,0,1,14,71.190799999999996,1188.0927999999999,contact-islands-safety-and-shape,terminal-1s-shape-0.10-edge
2026-10-05_0800_ddr5-4800_threads-1-2-3-4-5-6-8-10-12-14-16-24_r5,entasis,12,0,1,1,evaluated,0.10000000000000001,0,0,0,0,2,300,0,0,0,0,0.016666666666666666,0,0,0,0,0,terminal_stack_shape_excess,0.019162359293629527,4195,0,2,283,71.190799999999996,1188.0927999999999,contact-islands-safety-and-shape,terminal-1s-shape-0.10-edge
2026-10-05_0800_ddr5-4800_threads-1-2-3-4-5-6-8-10-12-14-16-24_r5,entasis,12,1,1,1,evaluated,0.10000000000000001,0,0,0,0,2,300,0,0,0,0,0.016666666666666666,0,0,0,0,0,rest_envelope,0.031239300305031747,4796,0,1,7,85.215699999999899,1192.3254999999999,contact-islands-safety-and-shape,terminal-1s-shape-0.10-edge
2026-10-05_0800_ddr5-4800_threads-1-2-3-4-5-6-8-10-12-14-16-24_r5,entasis,12,1,1,1,evaluated,0.10000000000000001,0,0,0,0,2,300,0,0,0,0,0.016666666666666666,0,0,0,0,0,upward_excursion,0.021430015563964844,4796,0,1,14,85.215699999999899,1192.3254999999999,contact-islands-safety-and-shape,terminal-1s-shape-0.10-edge
2026-10-05_0800_ddr5-4800_threads-1-2-3-4-5-6-8-10-12-14-16-24_r5,entasis,12,1,1,1,evaluated,0.10000000000000001,0,0,0,0,2,300,0,0,0,0,0.016666666666666666,0,0,0,0,0,terminal_stack_shape_excess,0.01930354381425059,979,0,2,259,85.215699999999899,1192.3254999999999,contact-islands-safety-and-shape,terminal-1s-shape-0.10-edge
2026-10-05_0800_ddr5-4800_threads-1-2-3-4-5-6-8-10-12-14-16-24_r5,entasis,12,2,1,1,evaluated,0.10000000000000001,0,0,0,0,2,300,0,0,0,0,0.016666666666666666,0,0,0,0,0,rest_envelope,0.03126107240721776,5984,0,1,7,77.335900000000024,1189.6063999999999,contact-islands-safety-and-shape,terminal-1s-shape-0.10-edge
2026-10-05_0800_ddr5-4800_threads-1-2-3-4-5-6-8-10-12-14-16-24_r5,entasis,12,2,1,1,evaluated,0.10000000000000001,0,0,0,0,2,300,0,0,0,0,0.016666666666666666,0,0,0,0,0,upward_excursion,0.021149158477783203,5984,0,1,14,77.335900000000024,1189.6063999999999,contact-islands-safety-and-shape,terminal-1s-shape-0.10-edge
2026-10-05_0800_ddr5-4800_threads-1-2-3-4-5-6-8-10-12-14-16-24_r5,entasis,12,2,1,1,evaluated,0.10000000000000001,0,0,0,0,2,300,0,0,0,0,0.016666666666666666,0,0,0,0,0,terminal_stack_shape_excess,0.019289947581714761,8999,0,2,276,77.335900000000024,1189.6063999999999,contact-islands-safety-and-shape,terminal-1s-shape-0.10-edge
2026-10-05_0800_ddr5-4800_threads-1-2-3-4-5-6-8-10-12-14-16-24_r5,entasis,12,3,1,1,evaluated,0.10000000000000001,0,0,0,0,2,300,0,0,0,0,0.016666666666666666,0,0,0,0,0,rest_envelope,0.031201390487635372,1797,0,1,7,76.883599999999987,1187.4802999999999,contact-islands-safety-and-shape,terminal-1s-shape-0.10-edge
2026-10-05_0800_ddr5-4800_threads-1-2-3-4-5-6-8-10-12-14-16-24_r5,entasis,12,3,1,1,evaluated,0.10000000000000001,0,0,0,0,2,300,0,0,0,0,0.016666666666666666,0,0,0,0,0,upward_excursion,0.020819664001464844,578,0,1,14,76.883599999999987,1187.4802999999999,contact-islands-safety-and-shape,terminal-1s-shape-0.10-edge
2026-10-05_0800_ddr5-4800_threads-1-2-3-4-5-6-8-10-12-14-16-24_r5,entasis,12,3,1,1,evaluated,0.10000000000000001,0,0,0,0,2,300,0,0,0,0,0.016666666666666666,0,0,0,0,0,terminal_stack_shape_excess,0.019427198884981789,7596,0,2,285,76.883599999999987,1187.4802999999999,contact-islands-safety-and-shape,terminal-1s-shape-0.10-edge
2026-10-05_0800_ddr5-4800_threads-1-2-3-4-5-6-8-10-12-14-16-24_r5,entasis,12,4,1,1,evaluated,0.10000000000000001,0,0,0,0,2,300,0,0,0,0,0.016666666666666666,0,0,0,0,0,rest_envelope,0.0310479266872834,6576,0,1,7,72.813399999999973,1187.6741,contact-islands-safety-and-shape,terminal-1s-shape-0.10-edge
2026-10-05_0800_ddr5-4800_threads-1-2-3-4-5-6-8-10-12-14-16-24_r5,entasis,12,4,1,1,evaluated,0.10000000000000001,0,0,0,0,2,300,0,0,0,0,0.016666666666666666,0,0,0,0,0,upward_excursion,0.021148204803466797,6576,0,1,14,72.813399999999973,1187.6741,contact-islands-safety-and-shape,terminal-1s-shape-0.10-edge
2026-10-05_0800_ddr5-4800_threads-1-2-3-4-5-6-8-10-12-14-16-24_r5,entasis,12,4,1,1,evaluated,0.10000000000000001,0,0,0,0,2,300,0,0,0,0,0.016666666666666666,0,0,0,0,0,terminal_stack_shape_excess,0.019212050259697966,4199,0,2,289,72.813399999999973,1187.6741,contact-islands-safety-and-shape,terminal-1s-shape-0.10-edge
2026-10-05_0800_ddr5-4800_threads-1-2-3-4-5-6-8-10-12-14-16-24_r5,entasis,14,0,1,1,evaluated,0.10000000000000001,0,0,0,0,2,300,0,0,0,0,0.016666666666666666,0,0,0,0,0,rest_envelope,0.030933822335004635,7597,0,1,7,75.454299999999989,1186.5156999999999,contact-islands-safety-and-shape,terminal-1s-shape-0.10-edge
2026-10-05_0800_ddr5-4800_threads-1-2-3-4-5-6-8-10-12-14-16-24_r5,entasis,14,0,1,1,evaluated,0.10000000000000001,0,0,0,0,2,300,0,0,0,0,0.016666666666666666,0,0,0,0,0,upward_excursion,0.020569324493408203,4998,0,1,14,75.454299999999989,1186.5156999999999,contact-islands-safety-and-shape,terminal-1s-shape-0.10-edge
2026-10-05_0800_ddr5-4800_threads-1-2-3-4-5-6-8-10-12-14-16-24_r5,entasis,14,0,1,1,evaluated,0.10000000000000001,0,0,0,0,2,300,0,0,0,0,0.016666666666666666,0,0,0,0,0,terminal_stack_shape_excess,0.019299902686235937,6399,0,2,291,75.454299999999989,1186.5156999999999,contact-islands-safety-and-shape,terminal-1s-shape-0.10-edge
2026-10-05_0800_ddr5-4800_threads-1-2-3-4-5-6-8-10-12-14-16-24_r5,entasis,14,1,1,1,evaluated,0.10000000000000001,0,0,0,0,2,300,0,0,0,0,0.016666666666666666,0,0,0,0,0,rest_envelope,0.031200739462390992,576,0,1,7,75.55160000000005,1186.1235999999999,contact-islands-safety-and-shape,terminal-1s-shape-0.10-edge
2026-10-05_0800_ddr5-4800_threads-1-2-3-4-5-6-8-10-12-14-16-24_r5,entasis,14,1,1,1,evaluated,0.10000000000000001,0,0,0,0,2,300,0,0,0,0,0.016666666666666666,0,0,0,0,0,upward_excursion,0.021459102630615234,576,0,1,14,75.55160000000005,1186.1235999999999,contact-islands-safety-and-shape,terminal-1s-shape-0.10-edge
2026-10-05_0800_ddr5-4800_threads-1-2-3-4-5-6-8-10-12-14-16-24_r5,entasis,14,1,1,1,evaluated,0.10000000000000001,0,0,0,0,2,300,0,0,0,0,0.016666666666666666,0,0,0,0,0,terminal_stack_shape_excess,0.019276261922555826,5794,0,2,285,75.55160000000005,1186.1235999999999,contact-islands-safety-and-shape,terminal-1s-shape-0.10-edge
2026-10-05_0800_ddr5-4800_threads-1-2-3-4-5-6-8-10-12-14-16-24_r5,entasis,14,2,1,1,evaluated,0.10000000000000001,0,0,0,0,2,300,0,0,0,0,0.016666666666666666,0,0,0,0,0,rest_envelope,0.0312096392243566,4580,0,1,7,71.762999999999991,1185.6286,contact-islands-safety-and-shape,terminal-1s-shape-0.10-edge
2026-10-05_0800_ddr5-4800_threads-1-2-3-4-5-6-8-10-12-14-16-24_r5,entasis,14,2,1,1,evaluated,0.10000000000000001,0,0,0,0,2,300,0,0,0,0,0.016666666666666666,0,0,0,0,0,upward_excursion,0.021296024322509766,4580,0,1,14,71.762999999999991,1185.6286,contact-islands-safety-and-shape,terminal-1s-shape-0.10-edge
2026-10-05_0800_ddr5-4800_threads-1-2-3-4-5-6-8-10-12-14-16-24_r5,entasis,14,2,1,1,evaluated,0.10000000000000001,0,0,0,0,2,300,0,0,0,0,0.016666666666666666,0,0,0,0,0,terminal_stack_shape_excess,0.019464744596318639,1375,0,2,251,71.762999999999991,1185.6286,contact-islands-safety-and-shape,terminal-1s-shape-0.10-edge
2026-10-05_0800_ddr5-4800_threads-1-2-3-4-5-6-8-10-12-14-16-24_r5,entasis,14,3,1,1,evaluated,0.10000000000000001,0,0,0,0,2,300,0,0,0,0,0.016666666666666666,0,0,0,0,0,rest_envelope,0.031096185439299262,1989,0,1,7,71.083900000000014,1185.1755000000001,contact-islands-safety-and-shape,terminal-1s-shape-0.10-edge
2026-10-05_0800_ddr5-4800_threads-1-2-3-4-5-6-8-10-12-14-16-24_r5,entasis,14,3,1,1,evaluated,0.10000000000000001,0,0,0,0,2,300,0,0,0,0,0.016666666666666666,0,0,0,0,0,upward_excursion,0.021242618560791016,1989,0,1,14,71.083900000000014,1185.1755000000001,contact-islands-safety-and-shape,terminal-1s-shape-0.10-edge
2026-10-05_0800_ddr5-4800_threads-1-2-3-4-5-6-8-10-12-14-16-24_r5,entasis,14,3,1,1,evaluated,0.10000000000000001,0,0,0,0,2,300,0,0,0,0,0.016666666666666666,0,0,0,0,0,terminal_stack_shape_excess,0.019282042958687184,379,0,2,294,71.083900000000014,1185.1755000000001,contact-islands-safety-and-shape,terminal-1s-shape-0.10-edge
2026-10-05_0800_ddr5-4800_threads-1-2-3-4-5-6-8-10-12-14-16-24_r5,entasis,14,4,1,1,evaluated,0.10000000000000001,0,0,0,0,2,300,0,0,0,0,0.016666666666666666,0,0,0,0,0,rest_envelope,0.031248022183095081,8793,0,1,7,72.265299999999982,1187.2539999999999,contact-islands-safety-and-shape,terminal-1s-shape-0.10-edge
2026-10-05_0800_ddr5-4800_threads-1-2-3-4-5-6-8-10-12-14-16-24_r5,entasis,14,4,1,1,evaluated,0.10000000000000001,0,0,0,0,2,300,0,0,0,0,0.016666666666666666,0,0,0,0,0,upward_excursion,0.021356582641601562,8793,0,1,14,72.265299999999982,1187.2539999999999,contact-islands-safety-and-shape,terminal-1s-shape-0.10-edge
2026-10-05_0800_ddr5-4800_threads-1-2-3-4-5-6-8-10-12-14-16-24_r5,entasis,14,4,1,1,evaluated,0.10000000000000001,0,0,0,0,2,300,0,0,0,0,0.016666666666666666,0,0,0,0,0,terminal_stack_shape_excess,0.01953736266017092,7779,0,2,261,72.265299999999982,1187.2539999999999,contact-islands-safety-and-shape,terminal-1s-shape-0.10-edge
2026-10-05_0800_ddr5-4800_threads-1-2-3-4-5-6-8-10-12-14-16-24_r5,entasis,16,0,1,1,evaluated,0.10000000000000001,0,0,0,0,2,300,0,0,0,0,0.016666666666666666,0,0,0,0,0,rest_envelope,0.031177816408559877,4177,0,1,8,71.609599999999972,1185.8479,contact-islands-safety-and-shape,terminal-1s-shape-0.10-edge
2026-10-05_0800_ddr5-4800_threads-1-2-3-4-5-6-8-10-12-14-16-24_r5,entasis,16,0,1,1,evaluated,0.10000000000000001,0,0,0,0,2,300,0,0,0,0,0.016666666666666666,0,0,0,0,0,upward_excursion,0.021146774291992188,6975,0,1,14,71.609599999999972,1185.8479,contact-islands-safety-and-shape,terminal-1s-shape-0.10-edge
2026-10-05_0800_ddr5-4800_threads-1-2-3-4-5-6-8-10-12-14-16-24_r5,entasis,16,0,1,1,evaluated,0.10000000000000001,0,0,0,0,2,300,0,0,0,0,0.016666666666666666,0,0,0,0,0,terminal_stack_shape_excess,0.019402623200172386,179,0,2,257,71.609599999999972,1185.8479,contact-islands-safety-and-shape,terminal-1s-shape-0.10-edge
2026-10-05_0800_ddr5-4800_threads-1-2-3-4-5-6-8-10-12-14-16-24_r5,entasis,16,1,1,1,evaluated,0.10000000000000001,0,0,0,0,2,300,0,0,0,0,0.016666666666666666,0,0,0,0,0,rest_envelope,0.031163116492395559,9789,0,1,7,69.438000000000059,1186.5817999999999,contact-islands-safety-and-shape,terminal-1s-shape-0.10-edge
2026-10-05_0800_ddr5-4800_threads-1-2-3-4-5-6-8-10-12-14-16-24_r5,entasis,16,1,1,1,evaluated,0.10000000000000001,0,0,0,0,2,300,0,0,0,0,0.016666666666666666,0,0,0,0,0,upward_excursion,0.021389484405517578,9789,0,1,14,69.438000000000059,1186.5817999999999,contact-islands-safety-and-shape,terminal-1s-shape-0.10-edge
2026-10-05_0800_ddr5-4800_threads-1-2-3-4-5-6-8-10-12-14-16-24_r5,entasis,16,1,1,1,evaluated,0.10000000000000001,0,0,0,0,2,300,0,0,0,0,0.016666666666666666,0,0,0,0,0,terminal_stack_shape_excess,0.019419161254896178,9995,0,2,268,69.438000000000059,1186.5817999999999,contact-islands-safety-and-shape,terminal-1s-shape-0.10-edge
2026-10-05_0800_ddr5-4800_threads-1-2-3-4-5-6-8-10-12-14-16-24_r5,entasis,16,2,1,1,evaluated,0.10000000000000001,0,0,0,0,2,300,0,0,0,0,0.016666666666666666,0,0,0,0,0,rest_envelope,0.031003945325974946,7794,0,1,7,71.484400000000022,1191.3497,contact-islands-safety-and-shape,terminal-1s-shape-0.10-edge
2026-10-05_0800_ddr5-4800_threads-1-2-3-4-5-6-8-10-12-14-16-24_r5,entasis,16,2,1,1,evaluated,0.10000000000000001,0,0,0,0,2,300,0,0,0,0,0.016666666666666666,0,0,0,0,0,upward_excursion,0.020923614501953125,1780,0,1,14,71.484400000000022,1191.3497,contact-islands-safety-and-shape,terminal-1s-shape-0.10-edge
2026-10-05_0800_ddr5-4800_threads-1-2-3-4-5-6-8-10-12-14-16-24_r5,entasis,16,2,1,1,evaluated,0.10000000000000001,0,0,0,0,2,300,0,0,0,0,0.016666666666666666,0,0,0,0,0,terminal_stack_shape_excess,0.019281388848337522,7575,0,2,283,71.484400000000022,1191.3497,contact-islands-safety-and-shape,terminal-1s-shape-0.10-edge
2026-10-05_0800_ddr5-4800_threads-1-2-3-4-5-6-8-10-12-14-16-24_r5,entasis,16,3,1,1,evaluated,0.10000000000000001,0,0,0,0,2,300,0,0,0,0,0.016666666666666666,0,0,0,0,0,rest_envelope,0.031055295477981915,8184,0,1,7,71.097899999999925,1186.7281,contact-islands-safety-and-shape,terminal-1s-shape-0.10-edge
2026-10-05_0800_ddr5-4800_threads-1-2-3-4-5-6-8-10-12-14-16-24_r5,entasis,16,3,1,1,evaluated,0.10000000000000001,0,0,0,0,2,300,0,0,0,0,0.016666666666666666,0,0,0,0,0,upward_excursion,0.020860195159912109,1175,0,1,14,71.097899999999925,1186.7281,contact-islands-safety-and-shape,terminal-1s-shape-0.10-edge
2026-10-05_0800_ddr5-4800_threads-1-2-3-4-5-6-8-10-12-14-16-24_r5,entasis,16,3,1,1,evaluated,0.10000000000000001,0,0,0,0,2,300,0,0,0,0,0.016666666666666666,0,0,0,0,0,terminal_stack_shape_excess,0.020410539694141194,8987,0,2,300,71.097899999999925,1186.7281,contact-islands-safety-and-shape,terminal-1s-shape-0.10-edge
2026-10-05_0800_ddr5-4800_threads-1-2-3-4-5-6-8-10-12-14-16-24_r5,entasis,16,4,1,1,evaluated,0.10000000000000001,0,0,0,0,2,300,0,0,0,0,0.016666666666666666,0,0,0,0,0,rest_envelope,0.03098139436910774,8975,0,1,7,70.64060000000002,1186.3903,contact-islands-safety-and-shape,terminal-1s-shape-0.10-edge
2026-10-05_0800_ddr5-4800_threads-1-2-3-4-5-6-8-10-12-14-16-24_r5,entasis,16,4,1,1,evaluated,0.10000000000000001,0,0,0,0,2,300,0,0,0,0,0.016666666666666666,0,0,0,0,0,upward_excursion,0.020785331726074219,2575,0,1,14,70.64060000000002,1186.3903,contact-islands-safety-and-shape,terminal-1s-shape-0.10-edge
2026-10-05_0800_ddr5-4800_threads-1-2-3-4-5-6-8-10-12-14-16-24_r5,entasis,16,4,1,1,evaluated,0.10000000000000001,0,0,0,0,2,300,0,0,0,0,0.016666666666666666,0,0,0,0,0,terminal_stack_shape_excess,0.019136453519342234,2184,0,2,249,70.64060000000002,1186.3903,contact-islands-safety-and-shape,terminal-1s-shape-0.10-edge
2026-10-05_0800_ddr5-4800_threads-1-2-3-4-5-6-8-10-12-14-16-24_r5,entasis,24,0,1,1,evaluated,0.10000000000000001,0,0,0,0,2,300,0,0,0,0,0.016666666666666666,0,0,0,0,0,rest_envelope,0.031005791779692871,4590,0,1,7,70.454300000000018,1188.9229,contact-islands-safety-and-shape,terminal-1s-shape-0.10-edge
2026-10-05_0800_ddr5-4800_threads-1-2-3-4-5-6-8-10-12-14-16-24_r5,entasis,24,0,1,1,evaluated,0.10000000000000001,0,0,0,0,2,300,0,0,0,0,0.016666666666666666,0,0,0,0,0,upward_excursion,0.021054744720458984,4590,0,1,14,70.454300000000018,1188.9229,contact-islands-safety-and-shape,terminal-1s-shape-0.10-edge
2026-10-05_0800_ddr5-4800_threads-1-2-3-4-5-6-8-10-12-14-16-24_r5,entasis,24,0,1,1,evaluated,0.10000000000000001,0,0,0,0,2,300,0,0,0,0,0.016666666666666666,0,0,0,0,0,terminal_stack_shape_excess,0.019274665751250364,1199,0,2,255,70.454300000000018,1188.9229,contact-islands-safety-and-shape,terminal-1s-shape-0.10-edge
2026-10-05_0800_ddr5-4800_threads-1-2-3-4-5-6-8-10-12-14-16-24_r5,entasis,24,1,1,1,evaluated,0.10000000000000001,0,0,0,0,2,300,0,0,0,0,0.016666666666666666,0,0,0,0,0,rest_envelope,0.031094121301626032,4796,0,1,7,69.860300000000024,1189.3717999999999,contact-islands-safety-and-shape,terminal-1s-shape-0.10-edge
2026-10-05_0800_ddr5-4800_threads-1-2-3-4-5-6-8-10-12-14-16-24_r5,entasis,24,1,1,1,evaluated,0.10000000000000001,0,0,0,0,2,300,0,0,0,0,0.016666666666666666,0,0,0,0,0,upward_excursion,0.020896434783935547,5995,0,1,14,69.860300000000024,1189.3717999999999,contact-islands-safety-and-shape,terminal-1s-shape-0.10-edge
2026-10-05_0800_ddr5-4800_threads-1-2-3-4-5-6-8-10-12-14-16-24_r5,entasis,24,1,1,1,evaluated,0.10000000000000001,0,0,0,0,2,300,0,0,0,0,0.016666666666666666,0,0,0,0,0,terminal_stack_shape_excess,0.019652965201451988,6390,0,2,288,69.860300000000024,1189.3717999999999,contact-islands-safety-and-shape,terminal-1s-shape-0.10-edge
2026-10-05_0800_ddr5-4800_threads-1-2-3-4-5-6-8-10-12-14-16-24_r5,entasis,24,2,1,1,evaluated,0.10000000000000001,0,0,0,0,2,300,0,0,0,0,0.016666666666666666,0,0,0,0,0,rest_envelope,0.031137342453096295,4799,0,1,7,71.440700000000035,1192.2959000000001,contact-islands-safety-and-shape,terminal-1s-shape-0.10-edge
2026-10-05_0800_ddr5-4800_threads-1-2-3-4-5-6-8-10-12-14-16-24_r5,entasis,24,2,1,1,evaluated,0.10000000000000001,0,0,0,0,2,300,0,0,0,0,0.016666666666666666,0,0,0,0,0,upward_excursion,0.021049022674560547,4799,0,1,15,71.440700000000035,1192.2959000000001,contact-islands-safety-and-shape,terminal-1s-shape-0.10-edge
2026-10-05_0800_ddr5-4800_threads-1-2-3-4-5-6-8-10-12-14-16-24_r5,entasis,24,2,1,1,evaluated,0.10000000000000001,0,0,0,0,2,300,0,0,0,0,0.016666666666666666,0,0,0,0,0,terminal_stack_shape_excess,0.019330123070698924,1175,0,2,288,71.440700000000035,1192.2959000000001,contact-islands-safety-and-shape,terminal-1s-shape-0.10-edge
2026-10-05_0800_ddr5-4800_threads-1-2-3-4-5-6-8-10-12-14-16-24_r5,entasis,24,3,1,1,evaluated,0.10000000000000001,0,0,0,0,2,300,0,0,0,0,0.016666666666666666,0,0,0,0,0,rest_envelope,0.031302209811533643,4778,0,1,7,71.120999999999995,1194.5981999999999,contact-islands-safety-and-shape,terminal-1s-shape-0.10-edge
2026-10-05_0800_ddr5-4800_threads-1-2-3-4-5-6-8-10-12-14-16-24_r5,entasis,24,3,1,1,evaluated,0.10000000000000001,0,0,0,0,2,300,0,0,0,0,0.016666666666666666,0,0,0,0,0,upward_excursion,0.021439552307128906,4778,0,1,14,71.120999999999995,1194.5981999999999,contact-islands-safety-and-shape,terminal-1s-shape-0.10-edge
2026-10-05_0800_ddr5-4800_threads-1-2-3-4-5-6-8-10-12-14-16-24_r5,entasis,24,3,1,1,evaluated,0.10000000000000001,0,0,0,0,2,300,0,0,0,0,0.016666666666666666,0,0,0,0,0,terminal_stack_shape_excess,0.019384160790351657,8777,0,2,270,71.120999999999995,1194.5981999999999,contact-islands-safety-and-shape,terminal-1s-shape-0.10-edge
2026-10-05_0800_ddr5-4800_threads-1-2-3-4-5-6-8-10-12-14-16-24_r5,entasis,24,4,1,1,evaluated,0.10000000000000001,0,0,0,0,2,300,0,0,0,0,0.016666666666666666,0,0,0,0,0,rest_envelope,0.031037561288653315,2784,0,1,7,69.224300000000028,1195.894,contact-islands-safety-and-shape,terminal-1s-shape-0.10-edge
2026-10-05_0800_ddr5-4800_threads-1-2-3-4-5-6-8-10-12-14-16-24_r5,entasis,24,4,1,1,evaluated,0.10000000000000001,0,0,0,0,2,300,0,0,0,0,0.016666666666666666,0,0,0,0,0,upward_excursion,0.021603107452392578,5778,0,1,15,69.224300000000028,1195.894,contact-islands-safety-and-shape,terminal-1s-shape-0.10-edge
2026-10-05_0800_ddr5-4800_threads-1-2-3-4-5-6-8-10-12-14-16-24_r5,entasis,24,4,1,1,evaluated,0.10000000000000001,0,0,0,0,2,300,0,0,0,0,0.016666666666666666,0,0,0,0,0,terminal_stack_shape_excess,0.019291483881209603,1595,0,2,250,69.224300000000028,1195.894,contact-islands-safety-and-shape,terminal-1s-shape-0.10-edge
