run_id,engine_id,engine_ref,host_route,toolchain_id,case_id,benchmark_mode,thread_count,work_unit_id,measured_work_unit_count,warmup_work_unit_count,repeat_index,body_count,shape_count,query_count,constraint_count,primary_metric_id,primary_metric_value,primary_metric_unit,primary_metric_direction,mean_ms_per_work_unit,work_units_per_second,invalid_transform_count,case_status,metric_status,runtime_route,timing_scope,effective_thread_count,fixture_semantic,fixture_revision,physics_settings,build_settings,requested_thread_count,requested_worker_count,requested_taskgraph_worker_count,actual_taskgraph_worker_count,effective_worker_count,main_thread_participates,unity_editor_version,unity_physics_package_version,entities_package_version,burst_package_version,collections_package_version,build_target,backend,burst_enabled_state,safety_check_state,package_lock_sha256,completed_work_unit_count,workload_elapsed_ms,render_elapsed_ms,present_wait_ms,visual_validation_status,proof_path,raw_path
2026-10-05_0700_ddr5-4800_threads-1-2-3-4-5-6-8-10-12-14-16-24_r5,avian3d,47d5948b2a8ee829848fbc3d4ce5e44ad0fd863f,windows,rust_1_95_msvc_cargo_release,box_container_pile_10k,headless_api,1,step,300,30,0,10005,10005,0,0,median_ms_per_step,48.185071000,ms,lower_is_better,48.185071000,20.753315897,0,ok,ok,engine_runner_cli,work_unit_wall_sum_inline,1,open_container_falling_pile,1,substeps=4; sleep=disabled; ccd=disabled; solver_defaults=avian; worker_count=1,rust_1_95_msvc_cargo_release,1,1,,,1,yes,,,,,,,,,,,300,14455.521300000,,,,,results/box-container-pile-10k/intel-core-i7-13700k/2026-10-05_0700_ddr5-4800_threads-1-2-3-4-5-6-8-10-12-14-16-24_r5/raw/avian3d/t1/avian3d_t1_raw.csv
2026-10-05_0700_ddr5-4800_threads-1-2-3-4-5-6-8-10-12-14-16-24_r5,avian3d,47d5948b2a8ee829848fbc3d4ce5e44ad0fd863f,windows,rust_1_95_msvc_cargo_release,box_container_pile_10k,headless_api,1,step,300,30,1,10005,10005,0,0,median_ms_per_step,46.462296667,ms,lower_is_better,46.462296667,21.522827577,0,ok,ok,engine_runner_cli,work_unit_wall_sum_inline,1,open_container_falling_pile,1,substeps=4; sleep=disabled; ccd=disabled; solver_defaults=avian; worker_count=1,rust_1_95_msvc_cargo_release,1,1,,,1,yes,,,,,,,,,,,300,13938.689000000,,,,,results/box-container-pile-10k/intel-core-i7-13700k/2026-10-05_0700_ddr5-4800_threads-1-2-3-4-5-6-8-10-12-14-16-24_r5/raw/avian3d/t1/avian3d_t1_raw.csv
2026-10-05_0700_ddr5-4800_threads-1-2-3-4-5-6-8-10-12-14-16-24_r5,avian3d,47d5948b2a8ee829848fbc3d4ce5e44ad0fd863f,windows,rust_1_95_msvc_cargo_release,box_container_pile_10k,headless_api,1,step,300,30,2,10005,10005,0,0,median_ms_per_step,46.735811667,ms,lower_is_better,46.735811667,21.396868148,0,ok,ok,engine_runner_cli,work_unit_wall_sum_inline,1,open_container_falling_pile,1,substeps=4; sleep=disabled; ccd=disabled; solver_defaults=avian; worker_count=1,rust_1_95_msvc_cargo_release,1,1,,,1,yes,,,,,,,,,,,300,14020.743500000,,,,,results/box-container-pile-10k/intel-core-i7-13700k/2026-10-05_0700_ddr5-4800_threads-1-2-3-4-5-6-8-10-12-14-16-24_r5/raw/avian3d/t1/avian3d_t1_raw.csv
2026-10-05_0700_ddr5-4800_threads-1-2-3-4-5-6-8-10-12-14-16-24_r5,avian3d,47d5948b2a8ee829848fbc3d4ce5e44ad0fd863f,windows,rust_1_95_msvc_cargo_release,box_container_pile_10k,headless_api,1,step,300,30,3,10005,10005,0,0,median_ms_per_step,48.237073000,ms,lower_is_better,48.237073000,20.730942775,0,ok,ok,engine_runner_cli,work_unit_wall_sum_inline,1,open_container_falling_pile,1,substeps=4; sleep=disabled; ccd=disabled; solver_defaults=avian; worker_count=1,rust_1_95_msvc_cargo_release,1,1,,,1,yes,,,,,,,,,,,300,14471.121900000,,,,,results/box-container-pile-10k/intel-core-i7-13700k/2026-10-05_0700_ddr5-4800_threads-1-2-3-4-5-6-8-10-12-14-16-24_r5/raw/avian3d/t1/avian3d_t1_raw.csv
2026-10-05_0700_ddr5-4800_threads-1-2-3-4-5-6-8-10-12-14-16-24_r5,avian3d,47d5948b2a8ee829848fbc3d4ce5e44ad0fd863f,windows,rust_1_95_msvc_cargo_release,box_container_pile_10k,headless_api,1,step,300,30,4,10005,10005,0,0,median_ms_per_step,48.446070667,ms,lower_is_better,48.446070667,20.641508924,0,ok,ok,engine_runner_cli,work_unit_wall_sum_inline,1,open_container_falling_pile,1,substeps=4; sleep=disabled; ccd=disabled; solver_defaults=avian; worker_count=1,rust_1_95_msvc_cargo_release,1,1,,,1,yes,,,,,,,,,,,300,14533.821200000,,,,,results/box-container-pile-10k/intel-core-i7-13700k/2026-10-05_0700_ddr5-4800_threads-1-2-3-4-5-6-8-10-12-14-16-24_r5/raw/avian3d/t1/avian3d_t1_raw.csv
2026-10-05_0700_ddr5-4800_threads-1-2-3-4-5-6-8-10-12-14-16-24_r5,avian3d,47d5948b2a8ee829848fbc3d4ce5e44ad0fd863f,windows,rust_1_95_msvc_cargo_release,box_container_pile_10k,headless_api,2,step,300,30,0,10005,10005,0,0,median_ms_per_step,30.458575000,ms,lower_is_better,30.458575000,32.831476850,0,ok,ok,engine_runner_cli,work_unit_wall_sum_inline,2,open_container_falling_pile,1,substeps=4; sleep=disabled; ccd=disabled; solver_defaults=avian; worker_count=2,rust_1_95_msvc_cargo_release,2,2,,,2,yes,,,,,,,,,,,300,9137.572500000,,,,,results/box-container-pile-10k/intel-core-i7-13700k/2026-10-05_0700_ddr5-4800_threads-1-2-3-4-5-6-8-10-12-14-16-24_r5/raw/avian3d/t2/avian3d_t2_raw.csv
2026-10-05_0700_ddr5-4800_threads-1-2-3-4-5-6-8-10-12-14-16-24_r5,avian3d,47d5948b2a8ee829848fbc3d4ce5e44ad0fd863f,windows,rust_1_95_msvc_cargo_release,box_container_pile_10k,headless_api,2,step,300,30,1,10005,10005,0,0,median_ms_per_step,29.867825667,ms,lower_is_better,29.867825667,33.480843606,0,ok,ok,engine_runner_cli,work_unit_wall_sum_inline,2,open_container_falling_pile,1,substeps=4; sleep=disabled; ccd=disabled; solver_defaults=avian; worker_count=2,rust_1_95_msvc_cargo_release,2,2,,,2,yes,,,,,,,,,,,300,8960.347700000,,,,,results/box-container-pile-10k/intel-core-i7-13700k/2026-10-05_0700_ddr5-4800_threads-1-2-3-4-5-6-8-10-12-14-16-24_r5/raw/avian3d/t2/avian3d_t2_raw.csv
2026-10-05_0700_ddr5-4800_threads-1-2-3-4-5-6-8-10-12-14-16-24_r5,avian3d,47d5948b2a8ee829848fbc3d4ce5e44ad0fd863f,windows,rust_1_95_msvc_cargo_release,box_container_pile_10k,headless_api,2,step,300,30,2,10005,10005,0,0,median_ms_per_step,29.737506667,ms,lower_is_better,29.737506667,33.627567072,0,ok,ok,engine_runner_cli,work_unit_wall_sum_inline,2,open_container_falling_pile,1,substeps=4; sleep=disabled; ccd=disabled; solver_defaults=avian; worker_count=2,rust_1_95_msvc_cargo_release,2,2,,,2,yes,,,,,,,,,,,300,8921.252000000,,,,,results/box-container-pile-10k/intel-core-i7-13700k/2026-10-05_0700_ddr5-4800_threads-1-2-3-4-5-6-8-10-12-14-16-24_r5/raw/avian3d/t2/avian3d_t2_raw.csv
2026-10-05_0700_ddr5-4800_threads-1-2-3-4-5-6-8-10-12-14-16-24_r5,avian3d,47d5948b2a8ee829848fbc3d4ce5e44ad0fd863f,windows,rust_1_95_msvc_cargo_release,box_container_pile_10k,headless_api,2,step,300,30,3,10005,10005,0,0,median_ms_per_step,29.531788667,ms,lower_is_better,29.531788667,33.861816204,0,ok,ok,engine_runner_cli,work_unit_wall_sum_inline,2,open_container_falling_pile,1,substeps=4; sleep=disabled; ccd=disabled; solver_defaults=avian; worker_count=2,rust_1_95_msvc_cargo_release,2,2,,,2,yes,,,,,,,,,,,300,8859.536600000,,,,,results/box-container-pile-10k/intel-core-i7-13700k/2026-10-05_0700_ddr5-4800_threads-1-2-3-4-5-6-8-10-12-14-16-24_r5/raw/avian3d/t2/avian3d_t2_raw.csv
2026-10-05_0700_ddr5-4800_threads-1-2-3-4-5-6-8-10-12-14-16-24_r5,avian3d,47d5948b2a8ee829848fbc3d4ce5e44ad0fd863f,windows,rust_1_95_msvc_cargo_release,box_container_pile_10k,headless_api,2,step,300,30,4,10005,10005,0,0,median_ms_per_step,29.743593333,ms,lower_is_better,29.743593333,33.620685598,0,ok,ok,engine_runner_cli,work_unit_wall_sum_inline,2,open_container_falling_pile,1,substeps=4; sleep=disabled; ccd=disabled; solver_defaults=avian; worker_count=2,rust_1_95_msvc_cargo_release,2,2,,,2,yes,,,,,,,,,,,300,8923.078000000,,,,,results/box-container-pile-10k/intel-core-i7-13700k/2026-10-05_0700_ddr5-4800_threads-1-2-3-4-5-6-8-10-12-14-16-24_r5/raw/avian3d/t2/avian3d_t2_raw.csv
2026-10-05_0700_ddr5-4800_threads-1-2-3-4-5-6-8-10-12-14-16-24_r5,avian3d,47d5948b2a8ee829848fbc3d4ce5e44ad0fd863f,windows,rust_1_95_msvc_cargo_release,box_container_pile_10k,headless_api,3,step,300,30,0,10005,10005,0,0,median_ms_per_step,23.255280000,ms,lower_is_better,23.255280000,43.000987303,0,ok,ok,engine_runner_cli,work_unit_wall_sum_inline,3,open_container_falling_pile,1,substeps=4; sleep=disabled; ccd=disabled; solver_defaults=avian; worker_count=3,rust_1_95_msvc_cargo_release,3,3,,,3,yes,,,,,,,,,,,300,6976.584000000,,,,,results/box-container-pile-10k/intel-core-i7-13700k/2026-10-05_0700_ddr5-4800_threads-1-2-3-4-5-6-8-10-12-14-16-24_r5/raw/avian3d/t3/avian3d_t3_raw.csv
2026-10-05_0700_ddr5-4800_threads-1-2-3-4-5-6-8-10-12-14-16-24_r5,avian3d,47d5948b2a8ee829848fbc3d4ce5e44ad0fd863f,windows,rust_1_95_msvc_cargo_release,box_container_pile_10k,headless_api,3,step,300,30,1,10005,10005,0,0,median_ms_per_step,23.613574000,ms,lower_is_better,23.613574000,42.348523777,0,ok,ok,engine_runner_cli,work_unit_wall_sum_inline,3,open_container_falling_pile,1,substeps=4; sleep=disabled; ccd=disabled; solver_defaults=avian; worker_count=3,rust_1_95_msvc_cargo_release,3,3,,,3,yes,,,,,,,,,,,300,7084.072200000,,,,,results/box-container-pile-10k/intel-core-i7-13700k/2026-10-05_0700_ddr5-4800_threads-1-2-3-4-5-6-8-10-12-14-16-24_r5/raw/avian3d/t3/avian3d_t3_raw.csv
2026-10-05_0700_ddr5-4800_threads-1-2-3-4-5-6-8-10-12-14-16-24_r5,avian3d,47d5948b2a8ee829848fbc3d4ce5e44ad0fd863f,windows,rust_1_95_msvc_cargo_release,box_container_pile_10k,headless_api,3,step,300,30,2,10005,10005,0,0,median_ms_per_step,23.420251333,ms,lower_is_better,23.420251333,42.698090032,0,ok,ok,engine_runner_cli,work_unit_wall_sum_inline,3,open_container_falling_pile,1,substeps=4; sleep=disabled; ccd=disabled; solver_defaults=avian; worker_count=3,rust_1_95_msvc_cargo_release,3,3,,,3,yes,,,,,,,,,,,300,7026.075400000,,,,,results/box-container-pile-10k/intel-core-i7-13700k/2026-10-05_0700_ddr5-4800_threads-1-2-3-4-5-6-8-10-12-14-16-24_r5/raw/avian3d/t3/avian3d_t3_raw.csv
2026-10-05_0700_ddr5-4800_threads-1-2-3-4-5-6-8-10-12-14-16-24_r5,avian3d,47d5948b2a8ee829848fbc3d4ce5e44ad0fd863f,windows,rust_1_95_msvc_cargo_release,box_container_pile_10k,headless_api,3,step,300,30,3,10005,10005,0,0,median_ms_per_step,23.331841333,ms,lower_is_better,23.331841333,42.859883441,0,ok,ok,engine_runner_cli,work_unit_wall_sum_inline,3,open_container_falling_pile,1,substeps=4; sleep=disabled; ccd=disabled; solver_defaults=avian; worker_count=3,rust_1_95_msvc_cargo_release,3,3,,,3,yes,,,,,,,,,,,300,6999.552400000,,,,,results/box-container-pile-10k/intel-core-i7-13700k/2026-10-05_0700_ddr5-4800_threads-1-2-3-4-5-6-8-10-12-14-16-24_r5/raw/avian3d/t3/avian3d_t3_raw.csv
2026-10-05_0700_ddr5-4800_threads-1-2-3-4-5-6-8-10-12-14-16-24_r5,avian3d,47d5948b2a8ee829848fbc3d4ce5e44ad0fd863f,windows,rust_1_95_msvc_cargo_release,box_container_pile_10k,headless_api,3,step,300,30,4,10005,10005,0,0,median_ms_per_step,23.452820333,ms,lower_is_better,23.452820333,42.638795070,0,ok,ok,engine_runner_cli,work_unit_wall_sum_inline,3,open_container_falling_pile,1,substeps=4; sleep=disabled; ccd=disabled; solver_defaults=avian; worker_count=3,rust_1_95_msvc_cargo_release,3,3,,,3,yes,,,,,,,,,,,300,7035.846100000,,,,,results/box-container-pile-10k/intel-core-i7-13700k/2026-10-05_0700_ddr5-4800_threads-1-2-3-4-5-6-8-10-12-14-16-24_r5/raw/avian3d/t3/avian3d_t3_raw.csv
2026-10-05_0700_ddr5-4800_threads-1-2-3-4-5-6-8-10-12-14-16-24_r5,avian3d,47d5948b2a8ee829848fbc3d4ce5e44ad0fd863f,windows,rust_1_95_msvc_cargo_release,box_container_pile_10k,headless_api,4,step,300,30,0,10005,10005,0,0,median_ms_per_step,19.696321000,ms,lower_is_better,19.696321000,50.770902850,0,ok,ok,engine_runner_cli,work_unit_wall_sum_inline,4,open_container_falling_pile,1,substeps=4; sleep=disabled; ccd=disabled; solver_defaults=avian; worker_count=4,rust_1_95_msvc_cargo_release,4,4,,,4,yes,,,,,,,,,,,300,5908.896300000,,,,,results/box-container-pile-10k/intel-core-i7-13700k/2026-10-05_0700_ddr5-4800_threads-1-2-3-4-5-6-8-10-12-14-16-24_r5/raw/avian3d/t4/avian3d_t4_raw.csv
2026-10-05_0700_ddr5-4800_threads-1-2-3-4-5-6-8-10-12-14-16-24_r5,avian3d,47d5948b2a8ee829848fbc3d4ce5e44ad0fd863f,windows,rust_1_95_msvc_cargo_release,box_container_pile_10k,headless_api,4,step,300,30,1,10005,10005,0,0,median_ms_per_step,19.679227667,ms,lower_is_better,19.679227667,50.815002344,0,ok,ok,engine_runner_cli,work_unit_wall_sum_inline,4,open_container_falling_pile,1,substeps=4; sleep=disabled; ccd=disabled; solver_defaults=avian; worker_count=4,rust_1_95_msvc_cargo_release,4,4,,,4,yes,,,,,,,,,,,300,5903.768300000,,,,,results/box-container-pile-10k/intel-core-i7-13700k/2026-10-05_0700_ddr5-4800_threads-1-2-3-4-5-6-8-10-12-14-16-24_r5/raw/avian3d/t4/avian3d_t4_raw.csv
2026-10-05_0700_ddr5-4800_threads-1-2-3-4-5-6-8-10-12-14-16-24_r5,avian3d,47d5948b2a8ee829848fbc3d4ce5e44ad0fd863f,windows,rust_1_95_msvc_cargo_release,box_container_pile_10k,headless_api,4,step,300,30,2,10005,10005,0,0,median_ms_per_step,19.654713333,ms,lower_is_better,19.654713333,50.878381335,0,ok,ok,engine_runner_cli,work_unit_wall_sum_inline,4,open_container_falling_pile,1,substeps=4; sleep=disabled; ccd=disabled; solver_defaults=avian; worker_count=4,rust_1_95_msvc_cargo_release,4,4,,,4,yes,,,,,,,,,,,300,5896.414000000,,,,,results/box-container-pile-10k/intel-core-i7-13700k/2026-10-05_0700_ddr5-4800_threads-1-2-3-4-5-6-8-10-12-14-16-24_r5/raw/avian3d/t4/avian3d_t4_raw.csv
2026-10-05_0700_ddr5-4800_threads-1-2-3-4-5-6-8-10-12-14-16-24_r5,avian3d,47d5948b2a8ee829848fbc3d4ce5e44ad0fd863f,windows,rust_1_95_msvc_cargo_release,box_container_pile_10k,headless_api,4,step,300,30,3,10005,10005,0,0,median_ms_per_step,19.626350000,ms,lower_is_better,19.626350000,50.951909041,0,ok,ok,engine_runner_cli,work_unit_wall_sum_inline,4,open_container_falling_pile,1,substeps=4; sleep=disabled; ccd=disabled; solver_defaults=avian; worker_count=4,rust_1_95_msvc_cargo_release,4,4,,,4,yes,,,,,,,,,,,300,5887.905000000,,,,,results/box-container-pile-10k/intel-core-i7-13700k/2026-10-05_0700_ddr5-4800_threads-1-2-3-4-5-6-8-10-12-14-16-24_r5/raw/avian3d/t4/avian3d_t4_raw.csv
2026-10-05_0700_ddr5-4800_threads-1-2-3-4-5-6-8-10-12-14-16-24_r5,avian3d,47d5948b2a8ee829848fbc3d4ce5e44ad0fd863f,windows,rust_1_95_msvc_cargo_release,box_container_pile_10k,headless_api,4,step,300,30,4,10005,10005,0,0,median_ms_per_step,19.630710667,ms,lower_is_better,19.630710667,50.940590842,0,ok,ok,engine_runner_cli,work_unit_wall_sum_inline,4,open_container_falling_pile,1,substeps=4; sleep=disabled; ccd=disabled; solver_defaults=avian; worker_count=4,rust_1_95_msvc_cargo_release,4,4,,,4,yes,,,,,,,,,,,300,5889.213200000,,,,,results/box-container-pile-10k/intel-core-i7-13700k/2026-10-05_0700_ddr5-4800_threads-1-2-3-4-5-6-8-10-12-14-16-24_r5/raw/avian3d/t4/avian3d_t4_raw.csv
2026-10-05_0700_ddr5-4800_threads-1-2-3-4-5-6-8-10-12-14-16-24_r5,avian3d,47d5948b2a8ee829848fbc3d4ce5e44ad0fd863f,windows,rust_1_95_msvc_cargo_release,box_container_pile_10k,headless_api,5,step,300,30,0,10005,10005,0,0,median_ms_per_step,18.010359333,ms,lower_is_better,18.010359333,55.523600695,0,ok,ok,engine_runner_cli,work_unit_wall_sum_inline,5,open_container_falling_pile,1,substeps=4; sleep=disabled; ccd=disabled; solver_defaults=avian; worker_count=5,rust_1_95_msvc_cargo_release,5,5,,,5,yes,,,,,,,,,,,300,5403.107800000,,,,,results/box-container-pile-10k/intel-core-i7-13700k/2026-10-05_0700_ddr5-4800_threads-1-2-3-4-5-6-8-10-12-14-16-24_r5/raw/avian3d/t5/avian3d_t5_raw.csv
2026-10-05_0700_ddr5-4800_threads-1-2-3-4-5-6-8-10-12-14-16-24_r5,avian3d,47d5948b2a8ee829848fbc3d4ce5e44ad0fd863f,windows,rust_1_95_msvc_cargo_release,box_container_pile_10k,headless_api,5,step,300,30,1,10005,10005,0,0,median_ms_per_step,17.870538667,ms,lower_is_better,17.870538667,55.958022232,0,ok,ok,engine_runner_cli,work_unit_wall_sum_inline,5,open_container_falling_pile,1,substeps=4; sleep=disabled; ccd=disabled; solver_defaults=avian; worker_count=5,rust_1_95_msvc_cargo_release,5,5,,,5,yes,,,,,,,,,,,300,5361.161600000,,,,,results/box-container-pile-10k/intel-core-i7-13700k/2026-10-05_0700_ddr5-4800_threads-1-2-3-4-5-6-8-10-12-14-16-24_r5/raw/avian3d/t5/avian3d_t5_raw.csv
2026-10-05_0700_ddr5-4800_threads-1-2-3-4-5-6-8-10-12-14-16-24_r5,avian3d,47d5948b2a8ee829848fbc3d4ce5e44ad0fd863f,windows,rust_1_95_msvc_cargo_release,box_container_pile_10k,headless_api,5,step,300,30,2,10005,10005,0,0,median_ms_per_step,18.672916333,ms,lower_is_better,18.672916333,53.553498669,0,ok,ok,engine_runner_cli,work_unit_wall_sum_inline,5,open_container_falling_pile,1,substeps=4; sleep=disabled; ccd=disabled; solver_defaults=avian; worker_count=5,rust_1_95_msvc_cargo_release,5,5,,,5,yes,,,,,,,,,,,300,5601.874900000,,,,,results/box-container-pile-10k/intel-core-i7-13700k/2026-10-05_0700_ddr5-4800_threads-1-2-3-4-5-6-8-10-12-14-16-24_r5/raw/avian3d/t5/avian3d_t5_raw.csv
2026-10-05_0700_ddr5-4800_threads-1-2-3-4-5-6-8-10-12-14-16-24_r5,avian3d,47d5948b2a8ee829848fbc3d4ce5e44ad0fd863f,windows,rust_1_95_msvc_cargo_release,box_container_pile_10k,headless_api,5,step,300,30,3,10005,10005,0,0,median_ms_per_step,18.320656333,ms,lower_is_better,18.320656333,54.583197338,0,ok,ok,engine_runner_cli,work_unit_wall_sum_inline,5,open_container_falling_pile,1,substeps=4; sleep=disabled; ccd=disabled; solver_defaults=avian; worker_count=5,rust_1_95_msvc_cargo_release,5,5,,,5,yes,,,,,,,,,,,300,5496.196900000,,,,,results/box-container-pile-10k/intel-core-i7-13700k/2026-10-05_0700_ddr5-4800_threads-1-2-3-4-5-6-8-10-12-14-16-24_r5/raw/avian3d/t5/avian3d_t5_raw.csv
2026-10-05_0700_ddr5-4800_threads-1-2-3-4-5-6-8-10-12-14-16-24_r5,avian3d,47d5948b2a8ee829848fbc3d4ce5e44ad0fd863f,windows,rust_1_95_msvc_cargo_release,box_container_pile_10k,headless_api,5,step,300,30,4,10005,10005,0,0,median_ms_per_step,17.870103667,ms,lower_is_better,17.870103667,55.959384380,0,ok,ok,engine_runner_cli,work_unit_wall_sum_inline,5,open_container_falling_pile,1,substeps=4; sleep=disabled; ccd=disabled; solver_defaults=avian; worker_count=5,rust_1_95_msvc_cargo_release,5,5,,,5,yes,,,,,,,,,,,300,5361.031100000,,,,,results/box-container-pile-10k/intel-core-i7-13700k/2026-10-05_0700_ddr5-4800_threads-1-2-3-4-5-6-8-10-12-14-16-24_r5/raw/avian3d/t5/avian3d_t5_raw.csv
2026-10-05_0700_ddr5-4800_threads-1-2-3-4-5-6-8-10-12-14-16-24_r5,avian3d,47d5948b2a8ee829848fbc3d4ce5e44ad0fd863f,windows,rust_1_95_msvc_cargo_release,box_container_pile_10k,headless_api,6,step,300,30,0,10005,10005,0,0,median_ms_per_step,17.015455333,ms,lower_is_better,17.015455333,58.770099325,0,ok,ok,engine_runner_cli,work_unit_wall_sum_inline,6,open_container_falling_pile,1,substeps=4; sleep=disabled; ccd=disabled; solver_defaults=avian; worker_count=6,rust_1_95_msvc_cargo_release,6,6,,,6,yes,,,,,,,,,,,300,5104.636600000,,,,,results/box-container-pile-10k/intel-core-i7-13700k/2026-10-05_0700_ddr5-4800_threads-1-2-3-4-5-6-8-10-12-14-16-24_r5/raw/avian3d/t6/avian3d_t6_raw.csv
2026-10-05_0700_ddr5-4800_threads-1-2-3-4-5-6-8-10-12-14-16-24_r5,avian3d,47d5948b2a8ee829848fbc3d4ce5e44ad0fd863f,windows,rust_1_95_msvc_cargo_release,box_container_pile_10k,headless_api,6,step,300,30,1,10005,10005,0,0,median_ms_per_step,16.549867000,ms,lower_is_better,16.549867000,60.423446303,0,ok,ok,engine_runner_cli,work_unit_wall_sum_inline,6,open_container_falling_pile,1,substeps=4; sleep=disabled; ccd=disabled; solver_defaults=avian; worker_count=6,rust_1_95_msvc_cargo_release,6,6,,,6,yes,,,,,,,,,,,300,4964.960100000,,,,,results/box-container-pile-10k/intel-core-i7-13700k/2026-10-05_0700_ddr5-4800_threads-1-2-3-4-5-6-8-10-12-14-16-24_r5/raw/avian3d/t6/avian3d_t6_raw.csv
2026-10-05_0700_ddr5-4800_threads-1-2-3-4-5-6-8-10-12-14-16-24_r5,avian3d,47d5948b2a8ee829848fbc3d4ce5e44ad0fd863f,windows,rust_1_95_msvc_cargo_release,box_container_pile_10k,headless_api,6,step,300,30,2,10005,10005,0,0,median_ms_per_step,16.824963000,ms,lower_is_better,16.824963000,59.435494747,0,ok,ok,engine_runner_cli,work_unit_wall_sum_inline,6,open_container_falling_pile,1,substeps=4; sleep=disabled; ccd=disabled; solver_defaults=avian; worker_count=6,rust_1_95_msvc_cargo_release,6,6,,,6,yes,,,,,,,,,,,300,5047.488900000,,,,,results/box-container-pile-10k/intel-core-i7-13700k/2026-10-05_0700_ddr5-4800_threads-1-2-3-4-5-6-8-10-12-14-16-24_r5/raw/avian3d/t6/avian3d_t6_raw.csv
2026-10-05_0700_ddr5-4800_threads-1-2-3-4-5-6-8-10-12-14-16-24_r5,avian3d,47d5948b2a8ee829848fbc3d4ce5e44ad0fd863f,windows,rust_1_95_msvc_cargo_release,box_container_pile_10k,headless_api,6,step,300,30,3,10005,10005,0,0,median_ms_per_step,16.982298667,ms,lower_is_better,16.982298667,58.884843544,0,ok,ok,engine_runner_cli,work_unit_wall_sum_inline,6,open_container_falling_pile,1,substeps=4; sleep=disabled; ccd=disabled; solver_defaults=avian; worker_count=6,rust_1_95_msvc_cargo_release,6,6,,,6,yes,,,,,,,,,,,300,5094.689600000,,,,,results/box-container-pile-10k/intel-core-i7-13700k/2026-10-05_0700_ddr5-4800_threads-1-2-3-4-5-6-8-10-12-14-16-24_r5/raw/avian3d/t6/avian3d_t6_raw.csv
2026-10-05_0700_ddr5-4800_threads-1-2-3-4-5-6-8-10-12-14-16-24_r5,avian3d,47d5948b2a8ee829848fbc3d4ce5e44ad0fd863f,windows,rust_1_95_msvc_cargo_release,box_container_pile_10k,headless_api,6,step,300,30,4,10005,10005,0,0,median_ms_per_step,16.880086000,ms,lower_is_better,16.880086000,59.241404339,0,ok,ok,engine_runner_cli,work_unit_wall_sum_inline,6,open_container_falling_pile,1,substeps=4; sleep=disabled; ccd=disabled; solver_defaults=avian; worker_count=6,rust_1_95_msvc_cargo_release,6,6,,,6,yes,,,,,,,,,,,300,5064.025800000,,,,,results/box-container-pile-10k/intel-core-i7-13700k/2026-10-05_0700_ddr5-4800_threads-1-2-3-4-5-6-8-10-12-14-16-24_r5/raw/avian3d/t6/avian3d_t6_raw.csv
2026-10-05_0700_ddr5-4800_threads-1-2-3-4-5-6-8-10-12-14-16-24_r5,avian3d,47d5948b2a8ee829848fbc3d4ce5e44ad0fd863f,windows,rust_1_95_msvc_cargo_release,box_container_pile_10k,headless_api,8,step,300,30,0,10005,10005,0,0,median_ms_per_step,15.627305000,ms,lower_is_better,15.627305000,63.990560113,0,ok,ok,engine_runner_cli,work_unit_wall_sum_inline,8,open_container_falling_pile,1,substeps=4; sleep=disabled; ccd=disabled; solver_defaults=avian; worker_count=8,rust_1_95_msvc_cargo_release,8,8,,,8,yes,,,,,,,,,,,300,4688.191500000,,,,,results/box-container-pile-10k/intel-core-i7-13700k/2026-10-05_0700_ddr5-4800_threads-1-2-3-4-5-6-8-10-12-14-16-24_r5/raw/avian3d/t8/avian3d_t8_raw.csv
2026-10-05_0700_ddr5-4800_threads-1-2-3-4-5-6-8-10-12-14-16-24_r5,avian3d,47d5948b2a8ee829848fbc3d4ce5e44ad0fd863f,windows,rust_1_95_msvc_cargo_release,box_container_pile_10k,headless_api,8,step,300,30,1,10005,10005,0,0,median_ms_per_step,15.256503333,ms,lower_is_better,15.256503333,65.545818603,0,ok,ok,engine_runner_cli,work_unit_wall_sum_inline,8,open_container_falling_pile,1,substeps=4; sleep=disabled; ccd=disabled; solver_defaults=avian; worker_count=8,rust_1_95_msvc_cargo_release,8,8,,,8,yes,,,,,,,,,,,300,4576.951000000,,,,,results/box-container-pile-10k/intel-core-i7-13700k/2026-10-05_0700_ddr5-4800_threads-1-2-3-4-5-6-8-10-12-14-16-24_r5/raw/avian3d/t8/avian3d_t8_raw.csv
2026-10-05_0700_ddr5-4800_threads-1-2-3-4-5-6-8-10-12-14-16-24_r5,avian3d,47d5948b2a8ee829848fbc3d4ce5e44ad0fd863f,windows,rust_1_95_msvc_cargo_release,box_container_pile_10k,headless_api,8,step,300,30,2,10005,10005,0,0,median_ms_per_step,15.264380000,ms,lower_is_better,15.264380000,65.511995902,0,ok,ok,engine_runner_cli,work_unit_wall_sum_inline,8,open_container_falling_pile,1,substeps=4; sleep=disabled; ccd=disabled; solver_defaults=avian; worker_count=8,rust_1_95_msvc_cargo_release,8,8,,,8,yes,,,,,,,,,,,300,4579.314000000,,,,,results/box-container-pile-10k/intel-core-i7-13700k/2026-10-05_0700_ddr5-4800_threads-1-2-3-4-5-6-8-10-12-14-16-24_r5/raw/avian3d/t8/avian3d_t8_raw.csv
2026-10-05_0700_ddr5-4800_threads-1-2-3-4-5-6-8-10-12-14-16-24_r5,avian3d,47d5948b2a8ee829848fbc3d4ce5e44ad0fd863f,windows,rust_1_95_msvc_cargo_release,box_container_pile_10k,headless_api,8,step,300,30,3,10005,10005,0,0,median_ms_per_step,14.898230000,ms,lower_is_better,14.898230000,67.122067521,0,ok,ok,engine_runner_cli,work_unit_wall_sum_inline,8,open_container_falling_pile,1,substeps=4; sleep=disabled; ccd=disabled; solver_defaults=avian; worker_count=8,rust_1_95_msvc_cargo_release,8,8,,,8,yes,,,,,,,,,,,300,4469.469000000,,,,,results/box-container-pile-10k/intel-core-i7-13700k/2026-10-05_0700_ddr5-4800_threads-1-2-3-4-5-6-8-10-12-14-16-24_r5/raw/avian3d/t8/avian3d_t8_raw.csv
2026-10-05_0700_ddr5-4800_threads-1-2-3-4-5-6-8-10-12-14-16-24_r5,avian3d,47d5948b2a8ee829848fbc3d4ce5e44ad0fd863f,windows,rust_1_95_msvc_cargo_release,box_container_pile_10k,headless_api,8,step,300,30,4,10005,10005,0,0,median_ms_per_step,15.461258000,ms,lower_is_better,15.461258000,64.677790125,0,ok,ok,engine_runner_cli,work_unit_wall_sum_inline,8,open_container_falling_pile,1,substeps=4; sleep=disabled; ccd=disabled; solver_defaults=avian; worker_count=8,rust_1_95_msvc_cargo_release,8,8,,,8,yes,,,,,,,,,,,300,4638.377400000,,,,,results/box-container-pile-10k/intel-core-i7-13700k/2026-10-05_0700_ddr5-4800_threads-1-2-3-4-5-6-8-10-12-14-16-24_r5/raw/avian3d/t8/avian3d_t8_raw.csv
2026-10-05_0700_ddr5-4800_threads-1-2-3-4-5-6-8-10-12-14-16-24_r5,avian3d,47d5948b2a8ee829848fbc3d4ce5e44ad0fd863f,windows,rust_1_95_msvc_cargo_release,box_container_pile_10k,headless_api,10,step,300,30,0,10005,10005,0,0,median_ms_per_step,15.402831667,ms,lower_is_better,15.402831667,64.923127230,0,ok,ok,engine_runner_cli,work_unit_wall_sum_inline,10,open_container_falling_pile,1,substeps=4; sleep=disabled; ccd=disabled; solver_defaults=avian; worker_count=10,rust_1_95_msvc_cargo_release,10,10,,,10,yes,,,,,,,,,,,300,4620.849500000,,,,,results/box-container-pile-10k/intel-core-i7-13700k/2026-10-05_0700_ddr5-4800_threads-1-2-3-4-5-6-8-10-12-14-16-24_r5/raw/avian3d/t10/avian3d_t10_raw.csv
2026-10-05_0700_ddr5-4800_threads-1-2-3-4-5-6-8-10-12-14-16-24_r5,avian3d,47d5948b2a8ee829848fbc3d4ce5e44ad0fd863f,windows,rust_1_95_msvc_cargo_release,box_container_pile_10k,headless_api,10,step,300,30,1,10005,10005,0,0,median_ms_per_step,15.191269333,ms,lower_is_better,15.191269333,65.827283952,0,ok,ok,engine_runner_cli,work_unit_wall_sum_inline,10,open_container_falling_pile,1,substeps=4; sleep=disabled; ccd=disabled; solver_defaults=avian; worker_count=10,rust_1_95_msvc_cargo_release,10,10,,,10,yes,,,,,,,,,,,300,4557.380800000,,,,,results/box-container-pile-10k/intel-core-i7-13700k/2026-10-05_0700_ddr5-4800_threads-1-2-3-4-5-6-8-10-12-14-16-24_r5/raw/avian3d/t10/avian3d_t10_raw.csv
2026-10-05_0700_ddr5-4800_threads-1-2-3-4-5-6-8-10-12-14-16-24_r5,avian3d,47d5948b2a8ee829848fbc3d4ce5e44ad0fd863f,windows,rust_1_95_msvc_cargo_release,box_container_pile_10k,headless_api,10,step,300,30,2,10005,10005,0,0,median_ms_per_step,15.191189667,ms,lower_is_better,15.191189667,65.827629168,0,ok,ok,engine_runner_cli,work_unit_wall_sum_inline,10,open_container_falling_pile,1,substeps=4; sleep=disabled; ccd=disabled; solver_defaults=avian; worker_count=10,rust_1_95_msvc_cargo_release,10,10,,,10,yes,,,,,,,,,,,300,4557.356900000,,,,,results/box-container-pile-10k/intel-core-i7-13700k/2026-10-05_0700_ddr5-4800_threads-1-2-3-4-5-6-8-10-12-14-16-24_r5/raw/avian3d/t10/avian3d_t10_raw.csv
2026-10-05_0700_ddr5-4800_threads-1-2-3-4-5-6-8-10-12-14-16-24_r5,avian3d,47d5948b2a8ee829848fbc3d4ce5e44ad0fd863f,windows,rust_1_95_msvc_cargo_release,box_container_pile_10k,headless_api,10,step,300,30,3,10005,10005,0,0,median_ms_per_step,15.374548000,ms,lower_is_better,15.374548000,65.042562552,0,ok,ok,engine_runner_cli,work_unit_wall_sum_inline,10,open_container_falling_pile,1,substeps=4; sleep=disabled; ccd=disabled; solver_defaults=avian; worker_count=10,rust_1_95_msvc_cargo_release,10,10,,,10,yes,,,,,,,,,,,300,4612.364400000,,,,,results/box-container-pile-10k/intel-core-i7-13700k/2026-10-05_0700_ddr5-4800_threads-1-2-3-4-5-6-8-10-12-14-16-24_r5/raw/avian3d/t10/avian3d_t10_raw.csv
2026-10-05_0700_ddr5-4800_threads-1-2-3-4-5-6-8-10-12-14-16-24_r5,avian3d,47d5948b2a8ee829848fbc3d4ce5e44ad0fd863f,windows,rust_1_95_msvc_cargo_release,box_container_pile_10k,headless_api,10,step,300,30,4,10005,10005,0,0,median_ms_per_step,15.274501667,ms,lower_is_better,15.274501667,65.468584300,0,ok,ok,engine_runner_cli,work_unit_wall_sum_inline,10,open_container_falling_pile,1,substeps=4; sleep=disabled; ccd=disabled; solver_defaults=avian; worker_count=10,rust_1_95_msvc_cargo_release,10,10,,,10,yes,,,,,,,,,,,300,4582.350500000,,,,,results/box-container-pile-10k/intel-core-i7-13700k/2026-10-05_0700_ddr5-4800_threads-1-2-3-4-5-6-8-10-12-14-16-24_r5/raw/avian3d/t10/avian3d_t10_raw.csv
2026-10-05_0700_ddr5-4800_threads-1-2-3-4-5-6-8-10-12-14-16-24_r5,avian3d,47d5948b2a8ee829848fbc3d4ce5e44ad0fd863f,windows,rust_1_95_msvc_cargo_release,box_container_pile_10k,headless_api,12,step,300,30,0,10005,10005,0,0,median_ms_per_step,14.650714667,ms,lower_is_better,14.650714667,68.256055950,0,ok,ok,engine_runner_cli,work_unit_wall_sum_inline,12,open_container_falling_pile,1,substeps=4; sleep=disabled; ccd=disabled; solver_defaults=avian; worker_count=12,rust_1_95_msvc_cargo_release,12,12,,,12,yes,,,,,,,,,,,300,4395.214400000,,,,,results/box-container-pile-10k/intel-core-i7-13700k/2026-10-05_0700_ddr5-4800_threads-1-2-3-4-5-6-8-10-12-14-16-24_r5/raw/avian3d/t12/avian3d_t12_raw.csv
2026-10-05_0700_ddr5-4800_threads-1-2-3-4-5-6-8-10-12-14-16-24_r5,avian3d,47d5948b2a8ee829848fbc3d4ce5e44ad0fd863f,windows,rust_1_95_msvc_cargo_release,box_container_pile_10k,headless_api,12,step,300,30,1,10005,10005,0,0,median_ms_per_step,14.728208333,ms,lower_is_better,14.728208333,67.896921158,0,ok,ok,engine_runner_cli,work_unit_wall_sum_inline,12,open_container_falling_pile,1,substeps=4; sleep=disabled; ccd=disabled; solver_defaults=avian; worker_count=12,rust_1_95_msvc_cargo_release,12,12,,,12,yes,,,,,,,,,,,300,4418.462500000,,,,,results/box-container-pile-10k/intel-core-i7-13700k/2026-10-05_0700_ddr5-4800_threads-1-2-3-4-5-6-8-10-12-14-16-24_r5/raw/avian3d/t12/avian3d_t12_raw.csv
2026-10-05_0700_ddr5-4800_threads-1-2-3-4-5-6-8-10-12-14-16-24_r5,avian3d,47d5948b2a8ee829848fbc3d4ce5e44ad0fd863f,windows,rust_1_95_msvc_cargo_release,box_container_pile_10k,headless_api,12,step,300,30,2,10005,10005,0,0,median_ms_per_step,14.569099000,ms,lower_is_better,14.569099000,68.638424380,0,ok,ok,engine_runner_cli,work_unit_wall_sum_inline,12,open_container_falling_pile,1,substeps=4; sleep=disabled; ccd=disabled; solver_defaults=avian; worker_count=12,rust_1_95_msvc_cargo_release,12,12,,,12,yes,,,,,,,,,,,300,4370.729700000,,,,,results/box-container-pile-10k/intel-core-i7-13700k/2026-10-05_0700_ddr5-4800_threads-1-2-3-4-5-6-8-10-12-14-16-24_r5/raw/avian3d/t12/avian3d_t12_raw.csv
2026-10-05_0700_ddr5-4800_threads-1-2-3-4-5-6-8-10-12-14-16-24_r5,avian3d,47d5948b2a8ee829848fbc3d4ce5e44ad0fd863f,windows,rust_1_95_msvc_cargo_release,box_container_pile_10k,headless_api,12,step,300,30,3,10005,10005,0,0,median_ms_per_step,14.567109333,ms,lower_is_better,14.567109333,68.647799444,0,ok,ok,engine_runner_cli,work_unit_wall_sum_inline,12,open_container_falling_pile,1,substeps=4; sleep=disabled; ccd=disabled; solver_defaults=avian; worker_count=12,rust_1_95_msvc_cargo_release,12,12,,,12,yes,,,,,,,,,,,300,4370.132800000,,,,,results/box-container-pile-10k/intel-core-i7-13700k/2026-10-05_0700_ddr5-4800_threads-1-2-3-4-5-6-8-10-12-14-16-24_r5/raw/avian3d/t12/avian3d_t12_raw.csv
2026-10-05_0700_ddr5-4800_threads-1-2-3-4-5-6-8-10-12-14-16-24_r5,avian3d,47d5948b2a8ee829848fbc3d4ce5e44ad0fd863f,windows,rust_1_95_msvc_cargo_release,box_container_pile_10k,headless_api,12,step,300,30,4,10005,10005,0,0,median_ms_per_step,14.439048333,ms,lower_is_better,14.439048333,69.256641914,0,ok,ok,engine_runner_cli,work_unit_wall_sum_inline,12,open_container_falling_pile,1,substeps=4; sleep=disabled; ccd=disabled; solver_defaults=avian; worker_count=12,rust_1_95_msvc_cargo_release,12,12,,,12,yes,,,,,,,,,,,300,4331.714500000,,,,,results/box-container-pile-10k/intel-core-i7-13700k/2026-10-05_0700_ddr5-4800_threads-1-2-3-4-5-6-8-10-12-14-16-24_r5/raw/avian3d/t12/avian3d_t12_raw.csv
2026-10-05_0700_ddr5-4800_threads-1-2-3-4-5-6-8-10-12-14-16-24_r5,avian3d,47d5948b2a8ee829848fbc3d4ce5e44ad0fd863f,windows,rust_1_95_msvc_cargo_release,box_container_pile_10k,headless_api,14,step,300,30,0,10005,10005,0,0,median_ms_per_step,14.346364667,ms,lower_is_better,14.346364667,69.704069514,0,ok,ok,engine_runner_cli,work_unit_wall_sum_inline,14,open_container_falling_pile,1,substeps=4; sleep=disabled; ccd=disabled; solver_defaults=avian; worker_count=14,rust_1_95_msvc_cargo_release,14,14,,,14,yes,,,,,,,,,,,300,4303.909400000,,,,,results/box-container-pile-10k/intel-core-i7-13700k/2026-10-05_0700_ddr5-4800_threads-1-2-3-4-5-6-8-10-12-14-16-24_r5/raw/avian3d/t14/avian3d_t14_raw.csv
2026-10-05_0700_ddr5-4800_threads-1-2-3-4-5-6-8-10-12-14-16-24_r5,avian3d,47d5948b2a8ee829848fbc3d4ce5e44ad0fd863f,windows,rust_1_95_msvc_cargo_release,box_container_pile_10k,headless_api,14,step,300,30,1,10005,10005,0,0,median_ms_per_step,14.273511000,ms,lower_is_better,14.273511000,70.059847223,0,ok,ok,engine_runner_cli,work_unit_wall_sum_inline,14,open_container_falling_pile,1,substeps=4; sleep=disabled; ccd=disabled; solver_defaults=avian; worker_count=14,rust_1_95_msvc_cargo_release,14,14,,,14,yes,,,,,,,,,,,300,4282.053300000,,,,,results/box-container-pile-10k/intel-core-i7-13700k/2026-10-05_0700_ddr5-4800_threads-1-2-3-4-5-6-8-10-12-14-16-24_r5/raw/avian3d/t14/avian3d_t14_raw.csv
2026-10-05_0700_ddr5-4800_threads-1-2-3-4-5-6-8-10-12-14-16-24_r5,avian3d,47d5948b2a8ee829848fbc3d4ce5e44ad0fd863f,windows,rust_1_95_msvc_cargo_release,box_container_pile_10k,headless_api,14,step,300,30,2,10005,10005,0,0,median_ms_per_step,14.317819333,ms,lower_is_better,14.317819333,69.843038016,0,ok,ok,engine_runner_cli,work_unit_wall_sum_inline,14,open_container_falling_pile,1,substeps=4; sleep=disabled; ccd=disabled; solver_defaults=avian; worker_count=14,rust_1_95_msvc_cargo_release,14,14,,,14,yes,,,,,,,,,,,300,4295.345800000,,,,,results/box-container-pile-10k/intel-core-i7-13700k/2026-10-05_0700_ddr5-4800_threads-1-2-3-4-5-6-8-10-12-14-16-24_r5/raw/avian3d/t14/avian3d_t14_raw.csv
2026-10-05_0700_ddr5-4800_threads-1-2-3-4-5-6-8-10-12-14-16-24_r5,avian3d,47d5948b2a8ee829848fbc3d4ce5e44ad0fd863f,windows,rust_1_95_msvc_cargo_release,box_container_pile_10k,headless_api,14,step,300,30,3,10005,10005,0,0,median_ms_per_step,14.402448333,ms,lower_is_better,14.402448333,69.432639289,0,ok,ok,engine_runner_cli,work_unit_wall_sum_inline,14,open_container_falling_pile,1,substeps=4; sleep=disabled; ccd=disabled; solver_defaults=avian; worker_count=14,rust_1_95_msvc_cargo_release,14,14,,,14,yes,,,,,,,,,,,300,4320.734500000,,,,,results/box-container-pile-10k/intel-core-i7-13700k/2026-10-05_0700_ddr5-4800_threads-1-2-3-4-5-6-8-10-12-14-16-24_r5/raw/avian3d/t14/avian3d_t14_raw.csv
2026-10-05_0700_ddr5-4800_threads-1-2-3-4-5-6-8-10-12-14-16-24_r5,avian3d,47d5948b2a8ee829848fbc3d4ce5e44ad0fd863f,windows,rust_1_95_msvc_cargo_release,box_container_pile_10k,headless_api,14,step,300,30,4,10005,10005,0,0,median_ms_per_step,14.204563667,ms,lower_is_better,14.204563667,70.399909738,0,ok,ok,engine_runner_cli,work_unit_wall_sum_inline,14,open_container_falling_pile,1,substeps=4; sleep=disabled; ccd=disabled; solver_defaults=avian; worker_count=14,rust_1_95_msvc_cargo_release,14,14,,,14,yes,,,,,,,,,,,300,4261.369100000,,,,,results/box-container-pile-10k/intel-core-i7-13700k/2026-10-05_0700_ddr5-4800_threads-1-2-3-4-5-6-8-10-12-14-16-24_r5/raw/avian3d/t14/avian3d_t14_raw.csv
2026-10-05_0700_ddr5-4800_threads-1-2-3-4-5-6-8-10-12-14-16-24_r5,avian3d,47d5948b2a8ee829848fbc3d4ce5e44ad0fd863f,windows,rust_1_95_msvc_cargo_release,box_container_pile_10k,headless_api,16,step,300,30,0,10005,10005,0,0,median_ms_per_step,13.988996333,ms,lower_is_better,13.988996333,71.484756745,0,ok,ok,engine_runner_cli,work_unit_wall_sum_inline,16,open_container_falling_pile,1,substeps=4; sleep=disabled; ccd=disabled; solver_defaults=avian; worker_count=16,rust_1_95_msvc_cargo_release,16,16,,,16,yes,,,,,,,,,,,300,4196.698900000,,,,,results/box-container-pile-10k/intel-core-i7-13700k/2026-10-05_0700_ddr5-4800_threads-1-2-3-4-5-6-8-10-12-14-16-24_r5/raw/avian3d/t16/avian3d_t16_raw.csv
2026-10-05_0700_ddr5-4800_threads-1-2-3-4-5-6-8-10-12-14-16-24_r5,avian3d,47d5948b2a8ee829848fbc3d4ce5e44ad0fd863f,windows,rust_1_95_msvc_cargo_release,box_container_pile_10k,headless_api,16,step,300,30,1,10005,10005,0,0,median_ms_per_step,13.841007333,ms,lower_is_better,13.841007333,72.249076669,0,ok,ok,engine_runner_cli,work_unit_wall_sum_inline,16,open_container_falling_pile,1,substeps=4; sleep=disabled; ccd=disabled; solver_defaults=avian; worker_count=16,rust_1_95_msvc_cargo_release,16,16,,,16,yes,,,,,,,,,,,300,4152.302200000,,,,,results/box-container-pile-10k/intel-core-i7-13700k/2026-10-05_0700_ddr5-4800_threads-1-2-3-4-5-6-8-10-12-14-16-24_r5/raw/avian3d/t16/avian3d_t16_raw.csv
2026-10-05_0700_ddr5-4800_threads-1-2-3-4-5-6-8-10-12-14-16-24_r5,avian3d,47d5948b2a8ee829848fbc3d4ce5e44ad0fd863f,windows,rust_1_95_msvc_cargo_release,box_container_pile_10k,headless_api,16,step,300,30,2,10005,10005,0,0,median_ms_per_step,14.294283667,ms,lower_is_better,14.294283667,69.958035206,0,ok,ok,engine_runner_cli,work_unit_wall_sum_inline,16,open_container_falling_pile,1,substeps=4; sleep=disabled; ccd=disabled; solver_defaults=avian; worker_count=16,rust_1_95_msvc_cargo_release,16,16,,,16,yes,,,,,,,,,,,300,4288.285100000,,,,,results/box-container-pile-10k/intel-core-i7-13700k/2026-10-05_0700_ddr5-4800_threads-1-2-3-4-5-6-8-10-12-14-16-24_r5/raw/avian3d/t16/avian3d_t16_raw.csv
2026-10-05_0700_ddr5-4800_threads-1-2-3-4-5-6-8-10-12-14-16-24_r5,avian3d,47d5948b2a8ee829848fbc3d4ce5e44ad0fd863f,windows,rust_1_95_msvc_cargo_release,box_container_pile_10k,headless_api,16,step,300,30,3,10005,10005,0,0,median_ms_per_step,14.282369000,ms,lower_is_better,14.282369000,70.016395739,0,ok,ok,engine_runner_cli,work_unit_wall_sum_inline,16,open_container_falling_pile,1,substeps=4; sleep=disabled; ccd=disabled; solver_defaults=avian; worker_count=16,rust_1_95_msvc_cargo_release,16,16,,,16,yes,,,,,,,,,,,300,4284.710700000,,,,,results/box-container-pile-10k/intel-core-i7-13700k/2026-10-05_0700_ddr5-4800_threads-1-2-3-4-5-6-8-10-12-14-16-24_r5/raw/avian3d/t16/avian3d_t16_raw.csv
2026-10-05_0700_ddr5-4800_threads-1-2-3-4-5-6-8-10-12-14-16-24_r5,avian3d,47d5948b2a8ee829848fbc3d4ce5e44ad0fd863f,windows,rust_1_95_msvc_cargo_release,box_container_pile_10k,headless_api,16,step,300,30,4,10005,10005,0,0,median_ms_per_step,13.778121667,ms,lower_is_better,13.778121667,72.578833617,0,ok,ok,engine_runner_cli,work_unit_wall_sum_inline,16,open_container_falling_pile,1,substeps=4; sleep=disabled; ccd=disabled; solver_defaults=avian; worker_count=16,rust_1_95_msvc_cargo_release,16,16,,,16,yes,,,,,,,,,,,300,4133.436500000,,,,,results/box-container-pile-10k/intel-core-i7-13700k/2026-10-05_0700_ddr5-4800_threads-1-2-3-4-5-6-8-10-12-14-16-24_r5/raw/avian3d/t16/avian3d_t16_raw.csv
2026-10-05_0700_ddr5-4800_threads-1-2-3-4-5-6-8-10-12-14-16-24_r5,avian3d,47d5948b2a8ee829848fbc3d4ce5e44ad0fd863f,windows,rust_1_95_msvc_cargo_release,box_container_pile_10k,headless_api,24,step,300,30,0,10005,10005,0,0,median_ms_per_step,13.627419667,ms,lower_is_better,13.627419667,73.381463583,0,ok,ok,engine_runner_cli,work_unit_wall_sum_inline,24,open_container_falling_pile,1,substeps=4; sleep=disabled; ccd=disabled; solver_defaults=avian; worker_count=24,rust_1_95_msvc_cargo_release,24,24,,,24,yes,,,,,,,,,,,300,4088.225900000,,,,,results/box-container-pile-10k/intel-core-i7-13700k/2026-10-05_0700_ddr5-4800_threads-1-2-3-4-5-6-8-10-12-14-16-24_r5/raw/avian3d/t24/avian3d_t24_raw.csv
2026-10-05_0700_ddr5-4800_threads-1-2-3-4-5-6-8-10-12-14-16-24_r5,avian3d,47d5948b2a8ee829848fbc3d4ce5e44ad0fd863f,windows,rust_1_95_msvc_cargo_release,box_container_pile_10k,headless_api,24,step,300,30,1,10005,10005,0,0,median_ms_per_step,13.790164000,ms,lower_is_better,13.790164000,72.515453768,0,ok,ok,engine_runner_cli,work_unit_wall_sum_inline,24,open_container_falling_pile,1,substeps=4; sleep=disabled; ccd=disabled; solver_defaults=avian; worker_count=24,rust_1_95_msvc_cargo_release,24,24,,,24,yes,,,,,,,,,,,300,4137.049200000,,,,,results/box-container-pile-10k/intel-core-i7-13700k/2026-10-05_0700_ddr5-4800_threads-1-2-3-4-5-6-8-10-12-14-16-24_r5/raw/avian3d/t24/avian3d_t24_raw.csv
2026-10-05_0700_ddr5-4800_threads-1-2-3-4-5-6-8-10-12-14-16-24_r5,avian3d,47d5948b2a8ee829848fbc3d4ce5e44ad0fd863f,windows,rust_1_95_msvc_cargo_release,box_container_pile_10k,headless_api,24,step,300,30,2,10005,10005,0,0,median_ms_per_step,13.894563000,ms,lower_is_better,13.894563000,71.970597420,0,ok,ok,engine_runner_cli,work_unit_wall_sum_inline,24,open_container_falling_pile,1,substeps=4; sleep=disabled; ccd=disabled; solver_defaults=avian; worker_count=24,rust_1_95_msvc_cargo_release,24,24,,,24,yes,,,,,,,,,,,300,4168.368900000,,,,,results/box-container-pile-10k/intel-core-i7-13700k/2026-10-05_0700_ddr5-4800_threads-1-2-3-4-5-6-8-10-12-14-16-24_r5/raw/avian3d/t24/avian3d_t24_raw.csv
2026-10-05_0700_ddr5-4800_threads-1-2-3-4-5-6-8-10-12-14-16-24_r5,avian3d,47d5948b2a8ee829848fbc3d4ce5e44ad0fd863f,windows,rust_1_95_msvc_cargo_release,box_container_pile_10k,headless_api,24,step,300,30,3,10005,10005,0,0,median_ms_per_step,13.777112000,ms,lower_is_better,13.777112000,72.584152615,0,ok,ok,engine_runner_cli,work_unit_wall_sum_inline,24,open_container_falling_pile,1,substeps=4; sleep=disabled; ccd=disabled; solver_defaults=avian; worker_count=24,rust_1_95_msvc_cargo_release,24,24,,,24,yes,,,,,,,,,,,300,4133.133600000,,,,,results/box-container-pile-10k/intel-core-i7-13700k/2026-10-05_0700_ddr5-4800_threads-1-2-3-4-5-6-8-10-12-14-16-24_r5/raw/avian3d/t24/avian3d_t24_raw.csv
2026-10-05_0700_ddr5-4800_threads-1-2-3-4-5-6-8-10-12-14-16-24_r5,avian3d,47d5948b2a8ee829848fbc3d4ce5e44ad0fd863f,windows,rust_1_95_msvc_cargo_release,box_container_pile_10k,headless_api,24,step,300,30,4,10005,10005,0,0,median_ms_per_step,13.951142667,ms,lower_is_better,13.951142667,71.678716496,0,ok,ok,engine_runner_cli,work_unit_wall_sum_inline,24,open_container_falling_pile,1,substeps=4; sleep=disabled; ccd=disabled; solver_defaults=avian; worker_count=24,rust_1_95_msvc_cargo_release,24,24,,,24,yes,,,,,,,,,,,300,4185.342800000,,,,,results/box-container-pile-10k/intel-core-i7-13700k/2026-10-05_0700_ddr5-4800_threads-1-2-3-4-5-6-8-10-12-14-16-24_r5/raw/avian3d/t24/avian3d_t24_raw.csv
2026-10-05_0700_ddr5-4800_threads-1-2-3-4-5-6-8-10-12-14-16-24_r5,bepuphysics2,c230dd1178d6f481d8b3f03c0f595f8ad910b725,windows,dotnet10_release_no_profiling_self_contained,box_container_pile_10k,headless_api,1,step,300,30,0,10005,10005,0,0,median_ms_per_step,17.049521667,ms,lower_is_better,17.049521667,58.652671878,0,ok,ok,engine_runner_cli,work_unit_wall_sum_inline,1,open_container_falling_pile,1,velocity_iterations=1; substeps=4; linear_damping=0; angular_damping=0; sleep=disabled; ccd=disabled; deterministic=yes; worker_count=1,dotnet10_release_no_profiling_self_contained,1,1,,,1,yes,,,,,,,,,,,300,5114.856500000,,,,,results/box-container-pile-10k/intel-core-i7-13700k/2026-10-05_0700_ddr5-4800_threads-1-2-3-4-5-6-8-10-12-14-16-24_r5/raw/bepuphysics2/t1/bepuphysics2_t1_raw.csv
2026-10-05_0700_ddr5-4800_threads-1-2-3-4-5-6-8-10-12-14-16-24_r5,bepuphysics2,c230dd1178d6f481d8b3f03c0f595f8ad910b725,windows,dotnet10_release_no_profiling_self_contained,box_container_pile_10k,headless_api,1,step,300,30,1,10005,10005,0,0,median_ms_per_step,17.220764667,ms,lower_is_better,17.220764667,58.069430676,0,ok,ok,engine_runner_cli,work_unit_wall_sum_inline,1,open_container_falling_pile,1,velocity_iterations=1; substeps=4; linear_damping=0; angular_damping=0; sleep=disabled; ccd=disabled; deterministic=yes; worker_count=1,dotnet10_release_no_profiling_self_contained,1,1,,,1,yes,,,,,,,,,,,300,5166.229400000,,,,,results/box-container-pile-10k/intel-core-i7-13700k/2026-10-05_0700_ddr5-4800_threads-1-2-3-4-5-6-8-10-12-14-16-24_r5/raw/bepuphysics2/t1/bepuphysics2_t1_raw.csv
2026-10-05_0700_ddr5-4800_threads-1-2-3-4-5-6-8-10-12-14-16-24_r5,bepuphysics2,c230dd1178d6f481d8b3f03c0f595f8ad910b725,windows,dotnet10_release_no_profiling_self_contained,box_container_pile_10k,headless_api,1,step,300,30,2,10005,10005,0,0,median_ms_per_step,16.867581333,ms,lower_is_better,16.867581333,59.285322551,0,ok,ok,engine_runner_cli,work_unit_wall_sum_inline,1,open_container_falling_pile,1,velocity_iterations=1; substeps=4; linear_damping=0; angular_damping=0; sleep=disabled; ccd=disabled; deterministic=yes; worker_count=1,dotnet10_release_no_profiling_self_contained,1,1,,,1,yes,,,,,,,,,,,300,5060.274400000,,,,,results/box-container-pile-10k/intel-core-i7-13700k/2026-10-05_0700_ddr5-4800_threads-1-2-3-4-5-6-8-10-12-14-16-24_r5/raw/bepuphysics2/t1/bepuphysics2_t1_raw.csv
2026-10-05_0700_ddr5-4800_threads-1-2-3-4-5-6-8-10-12-14-16-24_r5,bepuphysics2,c230dd1178d6f481d8b3f03c0f595f8ad910b725,windows,dotnet10_release_no_profiling_self_contained,box_container_pile_10k,headless_api,1,step,300,30,3,10005,10005,0,0,median_ms_per_step,16.916709000,ms,lower_is_better,16.916709000,59.113152564,0,ok,ok,engine_runner_cli,work_unit_wall_sum_inline,1,open_container_falling_pile,1,velocity_iterations=1; substeps=4; linear_damping=0; angular_damping=0; sleep=disabled; ccd=disabled; deterministic=yes; worker_count=1,dotnet10_release_no_profiling_self_contained,1,1,,,1,yes,,,,,,,,,,,300,5075.012700000,,,,,results/box-container-pile-10k/intel-core-i7-13700k/2026-10-05_0700_ddr5-4800_threads-1-2-3-4-5-6-8-10-12-14-16-24_r5/raw/bepuphysics2/t1/bepuphysics2_t1_raw.csv
2026-10-05_0700_ddr5-4800_threads-1-2-3-4-5-6-8-10-12-14-16-24_r5,bepuphysics2,c230dd1178d6f481d8b3f03c0f595f8ad910b725,windows,dotnet10_release_no_profiling_self_contained,box_container_pile_10k,headless_api,1,step,300,30,4,10005,10005,0,0,median_ms_per_step,17.824579667,ms,lower_is_better,17.824579667,56.102304722,0,ok,ok,engine_runner_cli,work_unit_wall_sum_inline,1,open_container_falling_pile,1,velocity_iterations=1; substeps=4; linear_damping=0; angular_damping=0; sleep=disabled; ccd=disabled; deterministic=yes; worker_count=1,dotnet10_release_no_profiling_self_contained,1,1,,,1,yes,,,,,,,,,,,300,5347.373900000,,,,,results/box-container-pile-10k/intel-core-i7-13700k/2026-10-05_0700_ddr5-4800_threads-1-2-3-4-5-6-8-10-12-14-16-24_r5/raw/bepuphysics2/t1/bepuphysics2_t1_raw.csv
2026-10-05_0700_ddr5-4800_threads-1-2-3-4-5-6-8-10-12-14-16-24_r5,bepuphysics2,c230dd1178d6f481d8b3f03c0f595f8ad910b725,windows,dotnet10_release_no_profiling_self_contained,box_container_pile_10k,headless_api,2,step,300,30,0,10005,10005,0,0,median_ms_per_step,11.422751000,ms,lower_is_better,11.422751000,87.544585363,0,ok,ok,engine_runner_cli,work_unit_wall_sum_inline,2,open_container_falling_pile,1,velocity_iterations=1; substeps=4; linear_damping=0; angular_damping=0; sleep=disabled; ccd=disabled; deterministic=yes; worker_count=2,dotnet10_release_no_profiling_self_contained,2,2,,,2,yes,,,,,,,,,,,300,3426.825300000,,,,,results/box-container-pile-10k/intel-core-i7-13700k/2026-10-05_0700_ddr5-4800_threads-1-2-3-4-5-6-8-10-12-14-16-24_r5/raw/bepuphysics2/t2/bepuphysics2_t2_raw.csv
2026-10-05_0700_ddr5-4800_threads-1-2-3-4-5-6-8-10-12-14-16-24_r5,bepuphysics2,c230dd1178d6f481d8b3f03c0f595f8ad910b725,windows,dotnet10_release_no_profiling_self_contained,box_container_pile_10k,headless_api,2,step,300,30,1,10005,10005,0,0,median_ms_per_step,11.560744667,ms,lower_is_better,11.560744667,86.499618220,0,ok,ok,engine_runner_cli,work_unit_wall_sum_inline,2,open_container_falling_pile,1,velocity_iterations=1; substeps=4; linear_damping=0; angular_damping=0; sleep=disabled; ccd=disabled; deterministic=yes; worker_count=2,dotnet10_release_no_profiling_self_contained,2,2,,,2,yes,,,,,,,,,,,300,3468.223400000,,,,,results/box-container-pile-10k/intel-core-i7-13700k/2026-10-05_0700_ddr5-4800_threads-1-2-3-4-5-6-8-10-12-14-16-24_r5/raw/bepuphysics2/t2/bepuphysics2_t2_raw.csv
2026-10-05_0700_ddr5-4800_threads-1-2-3-4-5-6-8-10-12-14-16-24_r5,bepuphysics2,c230dd1178d6f481d8b3f03c0f595f8ad910b725,windows,dotnet10_release_no_profiling_self_contained,box_container_pile_10k,headless_api,2,step,300,30,2,10005,10005,0,0,median_ms_per_step,11.272169333,ms,lower_is_better,11.272169333,88.714068289,0,ok,ok,engine_runner_cli,work_unit_wall_sum_inline,2,open_container_falling_pile,1,velocity_iterations=1; substeps=4; linear_damping=0; angular_damping=0; sleep=disabled; ccd=disabled; deterministic=yes; worker_count=2,dotnet10_release_no_profiling_self_contained,2,2,,,2,yes,,,,,,,,,,,300,3381.650800000,,,,,results/box-container-pile-10k/intel-core-i7-13700k/2026-10-05_0700_ddr5-4800_threads-1-2-3-4-5-6-8-10-12-14-16-24_r5/raw/bepuphysics2/t2/bepuphysics2_t2_raw.csv
2026-10-05_0700_ddr5-4800_threads-1-2-3-4-5-6-8-10-12-14-16-24_r5,bepuphysics2,c230dd1178d6f481d8b3f03c0f595f8ad910b725,windows,dotnet10_release_no_profiling_self_contained,box_container_pile_10k,headless_api,2,step,300,30,3,10005,10005,0,0,median_ms_per_step,11.313587667,ms,lower_is_better,11.313587667,88.389291661,0,ok,ok,engine_runner_cli,work_unit_wall_sum_inline,2,open_container_falling_pile,1,velocity_iterations=1; substeps=4; linear_damping=0; angular_damping=0; sleep=disabled; ccd=disabled; deterministic=yes; worker_count=2,dotnet10_release_no_profiling_self_contained,2,2,,,2,yes,,,,,,,,,,,300,3394.076300000,,,,,results/box-container-pile-10k/intel-core-i7-13700k/2026-10-05_0700_ddr5-4800_threads-1-2-3-4-5-6-8-10-12-14-16-24_r5/raw/bepuphysics2/t2/bepuphysics2_t2_raw.csv
2026-10-05_0700_ddr5-4800_threads-1-2-3-4-5-6-8-10-12-14-16-24_r5,bepuphysics2,c230dd1178d6f481d8b3f03c0f595f8ad910b725,windows,dotnet10_release_no_profiling_self_contained,box_container_pile_10k,headless_api,2,step,300,30,4,10005,10005,0,0,median_ms_per_step,11.262559000,ms,lower_is_better,11.262559000,88.789767938,0,ok,ok,engine_runner_cli,work_unit_wall_sum_inline,2,open_container_falling_pile,1,velocity_iterations=1; substeps=4; linear_damping=0; angular_damping=0; sleep=disabled; ccd=disabled; deterministic=yes; worker_count=2,dotnet10_release_no_profiling_self_contained,2,2,,,2,yes,,,,,,,,,,,300,3378.767700000,,,,,results/box-container-pile-10k/intel-core-i7-13700k/2026-10-05_0700_ddr5-4800_threads-1-2-3-4-5-6-8-10-12-14-16-24_r5/raw/bepuphysics2/t2/bepuphysics2_t2_raw.csv
2026-10-05_0700_ddr5-4800_threads-1-2-3-4-5-6-8-10-12-14-16-24_r5,bepuphysics2,c230dd1178d6f481d8b3f03c0f595f8ad910b725,windows,dotnet10_release_no_profiling_self_contained,box_container_pile_10k,headless_api,3,step,300,30,0,10005,10005,0,0,median_ms_per_step,9.233824667,ms,lower_is_better,9.233824667,108.297486264,0,ok,ok,engine_runner_cli,work_unit_wall_sum_inline,3,open_container_falling_pile,1,velocity_iterations=1; substeps=4; linear_damping=0; angular_damping=0; sleep=disabled; ccd=disabled; deterministic=yes; worker_count=3,dotnet10_release_no_profiling_self_contained,3,3,,,3,yes,,,,,,,,,,,300,2770.147400000,,,,,results/box-container-pile-10k/intel-core-i7-13700k/2026-10-05_0700_ddr5-4800_threads-1-2-3-4-5-6-8-10-12-14-16-24_r5/raw/bepuphysics2/t3/bepuphysics2_t3_raw.csv
2026-10-05_0700_ddr5-4800_threads-1-2-3-4-5-6-8-10-12-14-16-24_r5,bepuphysics2,c230dd1178d6f481d8b3f03c0f595f8ad910b725,windows,dotnet10_release_no_profiling_self_contained,box_container_pile_10k,headless_api,3,step,300,30,1,10005,10005,0,0,median_ms_per_step,9.501817667,ms,lower_is_better,9.501817667,105.243021397,0,ok,ok,engine_runner_cli,work_unit_wall_sum_inline,3,open_container_falling_pile,1,velocity_iterations=1; substeps=4; linear_damping=0; angular_damping=0; sleep=disabled; ccd=disabled; deterministic=yes; worker_count=3,dotnet10_release_no_profiling_self_contained,3,3,,,3,yes,,,,,,,,,,,300,2850.545300000,,,,,results/box-container-pile-10k/intel-core-i7-13700k/2026-10-05_0700_ddr5-4800_threads-1-2-3-4-5-6-8-10-12-14-16-24_r5/raw/bepuphysics2/t3/bepuphysics2_t3_raw.csv
2026-10-05_0700_ddr5-4800_threads-1-2-3-4-5-6-8-10-12-14-16-24_r5,bepuphysics2,c230dd1178d6f481d8b3f03c0f595f8ad910b725,windows,dotnet10_release_no_profiling_self_contained,box_container_pile_10k,headless_api,3,step,300,30,2,10005,10005,0,0,median_ms_per_step,9.519243000,ms,lower_is_better,9.519243000,105.050370077,0,ok,ok,engine_runner_cli,work_unit_wall_sum_inline,3,open_container_falling_pile,1,velocity_iterations=1; substeps=4; linear_damping=0; angular_damping=0; sleep=disabled; ccd=disabled; deterministic=yes; worker_count=3,dotnet10_release_no_profiling_self_contained,3,3,,,3,yes,,,,,,,,,,,300,2855.772900000,,,,,results/box-container-pile-10k/intel-core-i7-13700k/2026-10-05_0700_ddr5-4800_threads-1-2-3-4-5-6-8-10-12-14-16-24_r5/raw/bepuphysics2/t3/bepuphysics2_t3_raw.csv
2026-10-05_0700_ddr5-4800_threads-1-2-3-4-5-6-8-10-12-14-16-24_r5,bepuphysics2,c230dd1178d6f481d8b3f03c0f595f8ad910b725,windows,dotnet10_release_no_profiling_self_contained,box_container_pile_10k,headless_api,3,step,300,30,3,10005,10005,0,0,median_ms_per_step,9.703373667,ms,lower_is_better,9.703373667,103.056940231,0,ok,ok,engine_runner_cli,work_unit_wall_sum_inline,3,open_container_falling_pile,1,velocity_iterations=1; substeps=4; linear_damping=0; angular_damping=0; sleep=disabled; ccd=disabled; deterministic=yes; worker_count=3,dotnet10_release_no_profiling_self_contained,3,3,,,3,yes,,,,,,,,,,,300,2911.012100000,,,,,results/box-container-pile-10k/intel-core-i7-13700k/2026-10-05_0700_ddr5-4800_threads-1-2-3-4-5-6-8-10-12-14-16-24_r5/raw/bepuphysics2/t3/bepuphysics2_t3_raw.csv
2026-10-05_0700_ddr5-4800_threads-1-2-3-4-5-6-8-10-12-14-16-24_r5,bepuphysics2,c230dd1178d6f481d8b3f03c0f595f8ad910b725,windows,dotnet10_release_no_profiling_self_contained,box_container_pile_10k,headless_api,3,step,300,30,4,10005,10005,0,0,median_ms_per_step,9.496411667,ms,lower_is_better,9.496411667,105.302932845,0,ok,ok,engine_runner_cli,work_unit_wall_sum_inline,3,open_container_falling_pile,1,velocity_iterations=1; substeps=4; linear_damping=0; angular_damping=0; sleep=disabled; ccd=disabled; deterministic=yes; worker_count=3,dotnet10_release_no_profiling_self_contained,3,3,,,3,yes,,,,,,,,,,,300,2848.923500000,,,,,results/box-container-pile-10k/intel-core-i7-13700k/2026-10-05_0700_ddr5-4800_threads-1-2-3-4-5-6-8-10-12-14-16-24_r5/raw/bepuphysics2/t3/bepuphysics2_t3_raw.csv
2026-10-05_0700_ddr5-4800_threads-1-2-3-4-5-6-8-10-12-14-16-24_r5,bepuphysics2,c230dd1178d6f481d8b3f03c0f595f8ad910b725,windows,dotnet10_release_no_profiling_self_contained,box_container_pile_10k,headless_api,4,step,300,30,0,10005,10005,0,0,median_ms_per_step,8.296457333,ms,lower_is_better,8.296457333,120.533374647,0,ok,ok,engine_runner_cli,work_unit_wall_sum_inline,4,open_container_falling_pile,1,velocity_iterations=1; substeps=4; linear_damping=0; angular_damping=0; sleep=disabled; ccd=disabled; deterministic=yes; worker_count=4,dotnet10_release_no_profiling_self_contained,4,4,,,4,yes,,,,,,,,,,,300,2488.937200000,,,,,results/box-container-pile-10k/intel-core-i7-13700k/2026-10-05_0700_ddr5-4800_threads-1-2-3-4-5-6-8-10-12-14-16-24_r5/raw/bepuphysics2/t4/bepuphysics2_t4_raw.csv
2026-10-05_0700_ddr5-4800_threads-1-2-3-4-5-6-8-10-12-14-16-24_r5,bepuphysics2,c230dd1178d6f481d8b3f03c0f595f8ad910b725,windows,dotnet10_release_no_profiling_self_contained,box_container_pile_10k,headless_api,4,step,300,30,1,10005,10005,0,0,median_ms_per_step,7.804213667,ms,lower_is_better,7.804213667,128.135907436,0,ok,ok,engine_runner_cli,work_unit_wall_sum_inline,4,open_container_falling_pile,1,velocity_iterations=1; substeps=4; linear_damping=0; angular_damping=0; sleep=disabled; ccd=disabled; deterministic=yes; worker_count=4,dotnet10_release_no_profiling_self_contained,4,4,,,4,yes,,,,,,,,,,,300,2341.264100000,,,,,results/box-container-pile-10k/intel-core-i7-13700k/2026-10-05_0700_ddr5-4800_threads-1-2-3-4-5-6-8-10-12-14-16-24_r5/raw/bepuphysics2/t4/bepuphysics2_t4_raw.csv
2026-10-05_0700_ddr5-4800_threads-1-2-3-4-5-6-8-10-12-14-16-24_r5,bepuphysics2,c230dd1178d6f481d8b3f03c0f595f8ad910b725,windows,dotnet10_release_no_profiling_self_contained,box_container_pile_10k,headless_api,4,step,300,30,2,10005,10005,0,0,median_ms_per_step,8.109554333,ms,lower_is_better,8.109554333,123.311338564,0,ok,ok,engine_runner_cli,work_unit_wall_sum_inline,4,open_container_falling_pile,1,velocity_iterations=1; substeps=4; linear_damping=0; angular_damping=0; sleep=disabled; ccd=disabled; deterministic=yes; worker_count=4,dotnet10_release_no_profiling_self_contained,4,4,,,4,yes,,,,,,,,,,,300,2432.866300000,,,,,results/box-container-pile-10k/intel-core-i7-13700k/2026-10-05_0700_ddr5-4800_threads-1-2-3-4-5-6-8-10-12-14-16-24_r5/raw/bepuphysics2/t4/bepuphysics2_t4_raw.csv
2026-10-05_0700_ddr5-4800_threads-1-2-3-4-5-6-8-10-12-14-16-24_r5,bepuphysics2,c230dd1178d6f481d8b3f03c0f595f8ad910b725,windows,dotnet10_release_no_profiling_self_contained,box_container_pile_10k,headless_api,4,step,300,30,3,10005,10005,0,0,median_ms_per_step,7.830014333,ms,lower_is_better,7.830014333,127.713687029,0,ok,ok,engine_runner_cli,work_unit_wall_sum_inline,4,open_container_falling_pile,1,velocity_iterations=1; substeps=4; linear_damping=0; angular_damping=0; sleep=disabled; ccd=disabled; deterministic=yes; worker_count=4,dotnet10_release_no_profiling_self_contained,4,4,,,4,yes,,,,,,,,,,,300,2349.004300000,,,,,results/box-container-pile-10k/intel-core-i7-13700k/2026-10-05_0700_ddr5-4800_threads-1-2-3-4-5-6-8-10-12-14-16-24_r5/raw/bepuphysics2/t4/bepuphysics2_t4_raw.csv
2026-10-05_0700_ddr5-4800_threads-1-2-3-4-5-6-8-10-12-14-16-24_r5,bepuphysics2,c230dd1178d6f481d8b3f03c0f595f8ad910b725,windows,dotnet10_release_no_profiling_self_contained,box_container_pile_10k,headless_api,4,step,300,30,4,10005,10005,0,0,median_ms_per_step,8.116374333,ms,lower_is_better,8.116374333,123.207722923,0,ok,ok,engine_runner_cli,work_unit_wall_sum_inline,4,open_container_falling_pile,1,velocity_iterations=1; substeps=4; linear_damping=0; angular_damping=0; sleep=disabled; ccd=disabled; deterministic=yes; worker_count=4,dotnet10_release_no_profiling_self_contained,4,4,,,4,yes,,,,,,,,,,,300,2434.912300000,,,,,results/box-container-pile-10k/intel-core-i7-13700k/2026-10-05_0700_ddr5-4800_threads-1-2-3-4-5-6-8-10-12-14-16-24_r5/raw/bepuphysics2/t4/bepuphysics2_t4_raw.csv
2026-10-05_0700_ddr5-4800_threads-1-2-3-4-5-6-8-10-12-14-16-24_r5,bepuphysics2,c230dd1178d6f481d8b3f03c0f595f8ad910b725,windows,dotnet10_release_no_profiling_self_contained,box_container_pile_10k,headless_api,5,step,300,30,0,10005,10005,0,0,median_ms_per_step,7.308287667,ms,lower_is_better,7.308287667,136.830957621,0,ok,ok,engine_runner_cli,work_unit_wall_sum_inline,5,open_container_falling_pile,1,velocity_iterations=1; substeps=4; linear_damping=0; angular_damping=0; sleep=disabled; ccd=disabled; deterministic=yes; worker_count=5,dotnet10_release_no_profiling_self_contained,5,5,,,5,yes,,,,,,,,,,,300,2192.486300000,,,,,results/box-container-pile-10k/intel-core-i7-13700k/2026-10-05_0700_ddr5-4800_threads-1-2-3-4-5-6-8-10-12-14-16-24_r5/raw/bepuphysics2/t5/bepuphysics2_t5_raw.csv
2026-10-05_0700_ddr5-4800_threads-1-2-3-4-5-6-8-10-12-14-16-24_r5,bepuphysics2,c230dd1178d6f481d8b3f03c0f595f8ad910b725,windows,dotnet10_release_no_profiling_self_contained,box_container_pile_10k,headless_api,5,step,300,30,1,10005,10005,0,0,median_ms_per_step,7.337918333,ms,lower_is_better,7.337918333,136.278431372,0,ok,ok,engine_runner_cli,work_unit_wall_sum_inline,5,open_container_falling_pile,1,velocity_iterations=1; substeps=4; linear_damping=0; angular_damping=0; sleep=disabled; ccd=disabled; deterministic=yes; worker_count=5,dotnet10_release_no_profiling_self_contained,5,5,,,5,yes,,,,,,,,,,,300,2201.375500000,,,,,results/box-container-pile-10k/intel-core-i7-13700k/2026-10-05_0700_ddr5-4800_threads-1-2-3-4-5-6-8-10-12-14-16-24_r5/raw/bepuphysics2/t5/bepuphysics2_t5_raw.csv
2026-10-05_0700_ddr5-4800_threads-1-2-3-4-5-6-8-10-12-14-16-24_r5,bepuphysics2,c230dd1178d6f481d8b3f03c0f595f8ad910b725,windows,dotnet10_release_no_profiling_self_contained,box_container_pile_10k,headless_api,5,step,300,30,2,10005,10005,0,0,median_ms_per_step,7.382717333,ms,lower_is_better,7.382717333,135.451481460,0,ok,ok,engine_runner_cli,work_unit_wall_sum_inline,5,open_container_falling_pile,1,velocity_iterations=1; substeps=4; linear_damping=0; angular_damping=0; sleep=disabled; ccd=disabled; deterministic=yes; worker_count=5,dotnet10_release_no_profiling_self_contained,5,5,,,5,yes,,,,,,,,,,,300,2214.815200000,,,,,results/box-container-pile-10k/intel-core-i7-13700k/2026-10-05_0700_ddr5-4800_threads-1-2-3-4-5-6-8-10-12-14-16-24_r5/raw/bepuphysics2/t5/bepuphysics2_t5_raw.csv
2026-10-05_0700_ddr5-4800_threads-1-2-3-4-5-6-8-10-12-14-16-24_r5,bepuphysics2,c230dd1178d6f481d8b3f03c0f595f8ad910b725,windows,dotnet10_release_no_profiling_self_contained,box_container_pile_10k,headless_api,5,step,300,30,3,10005,10005,0,0,median_ms_per_step,7.079304667,ms,lower_is_better,7.079304667,141.256810815,0,ok,ok,engine_runner_cli,work_unit_wall_sum_inline,5,open_container_falling_pile,1,velocity_iterations=1; substeps=4; linear_damping=0; angular_damping=0; sleep=disabled; ccd=disabled; deterministic=yes; worker_count=5,dotnet10_release_no_profiling_self_contained,5,5,,,5,yes,,,,,,,,,,,300,2123.791400000,,,,,results/box-container-pile-10k/intel-core-i7-13700k/2026-10-05_0700_ddr5-4800_threads-1-2-3-4-5-6-8-10-12-14-16-24_r5/raw/bepuphysics2/t5/bepuphysics2_t5_raw.csv
2026-10-05_0700_ddr5-4800_threads-1-2-3-4-5-6-8-10-12-14-16-24_r5,bepuphysics2,c230dd1178d6f481d8b3f03c0f595f8ad910b725,windows,dotnet10_release_no_profiling_self_contained,box_container_pile_10k,headless_api,5,step,300,30,4,10005,10005,0,0,median_ms_per_step,7.227540000,ms,lower_is_better,7.227540000,138.359663177,0,ok,ok,engine_runner_cli,work_unit_wall_sum_inline,5,open_container_falling_pile,1,velocity_iterations=1; substeps=4; linear_damping=0; angular_damping=0; sleep=disabled; ccd=disabled; deterministic=yes; worker_count=5,dotnet10_release_no_profiling_self_contained,5,5,,,5,yes,,,,,,,,,,,300,2168.262000000,,,,,results/box-container-pile-10k/intel-core-i7-13700k/2026-10-05_0700_ddr5-4800_threads-1-2-3-4-5-6-8-10-12-14-16-24_r5/raw/bepuphysics2/t5/bepuphysics2_t5_raw.csv
2026-10-05_0700_ddr5-4800_threads-1-2-3-4-5-6-8-10-12-14-16-24_r5,bepuphysics2,c230dd1178d6f481d8b3f03c0f595f8ad910b725,windows,dotnet10_release_no_profiling_self_contained,box_container_pile_10k,headless_api,6,step,300,30,0,10005,10005,0,0,median_ms_per_step,6.771670667,ms,lower_is_better,6.771670667,147.674045184,0,ok,ok,engine_runner_cli,work_unit_wall_sum_inline,6,open_container_falling_pile,1,velocity_iterations=1; substeps=4; linear_damping=0; angular_damping=0; sleep=disabled; ccd=disabled; deterministic=yes; worker_count=6,dotnet10_release_no_profiling_self_contained,6,6,,,6,yes,,,,,,,,,,,300,2031.501200000,,,,,results/box-container-pile-10k/intel-core-i7-13700k/2026-10-05_0700_ddr5-4800_threads-1-2-3-4-5-6-8-10-12-14-16-24_r5/raw/bepuphysics2/t6/bepuphysics2_t6_raw.csv
2026-10-05_0700_ddr5-4800_threads-1-2-3-4-5-6-8-10-12-14-16-24_r5,bepuphysics2,c230dd1178d6f481d8b3f03c0f595f8ad910b725,windows,dotnet10_release_no_profiling_self_contained,box_container_pile_10k,headless_api,6,step,300,30,1,10005,10005,0,0,median_ms_per_step,6.650371333,ms,lower_is_better,6.650371333,150.367543386,0,ok,ok,engine_runner_cli,work_unit_wall_sum_inline,6,open_container_falling_pile,1,velocity_iterations=1; substeps=4; linear_damping=0; angular_damping=0; sleep=disabled; ccd=disabled; deterministic=yes; worker_count=6,dotnet10_release_no_profiling_self_contained,6,6,,,6,yes,,,,,,,,,,,300,1995.111400000,,,,,results/box-container-pile-10k/intel-core-i7-13700k/2026-10-05_0700_ddr5-4800_threads-1-2-3-4-5-6-8-10-12-14-16-24_r5/raw/bepuphysics2/t6/bepuphysics2_t6_raw.csv
2026-10-05_0700_ddr5-4800_threads-1-2-3-4-5-6-8-10-12-14-16-24_r5,bepuphysics2,c230dd1178d6f481d8b3f03c0f595f8ad910b725,windows,dotnet10_release_no_profiling_self_contained,box_container_pile_10k,headless_api,6,step,300,30,2,10005,10005,0,0,median_ms_per_step,6.728313000,ms,lower_is_better,6.728313000,148.625665899,0,ok,ok,engine_runner_cli,work_unit_wall_sum_inline,6,open_container_falling_pile,1,velocity_iterations=1; substeps=4; linear_damping=0; angular_damping=0; sleep=disabled; ccd=disabled; deterministic=yes; worker_count=6,dotnet10_release_no_profiling_self_contained,6,6,,,6,yes,,,,,,,,,,,300,2018.493900000,,,,,results/box-container-pile-10k/intel-core-i7-13700k/2026-10-05_0700_ddr5-4800_threads-1-2-3-4-5-6-8-10-12-14-16-24_r5/raw/bepuphysics2/t6/bepuphysics2_t6_raw.csv
2026-10-05_0700_ddr5-4800_threads-1-2-3-4-5-6-8-10-12-14-16-24_r5,bepuphysics2,c230dd1178d6f481d8b3f03c0f595f8ad910b725,windows,dotnet10_release_no_profiling_self_contained,box_container_pile_10k,headless_api,6,step,300,30,3,10005,10005,0,0,median_ms_per_step,6.787187667,ms,lower_is_better,6.787187667,147.336429919,0,ok,ok,engine_runner_cli,work_unit_wall_sum_inline,6,open_container_falling_pile,1,velocity_iterations=1; substeps=4; linear_damping=0; angular_damping=0; sleep=disabled; ccd=disabled; deterministic=yes; worker_count=6,dotnet10_release_no_profiling_self_contained,6,6,,,6,yes,,,,,,,,,,,300,2036.156300000,,,,,results/box-container-pile-10k/intel-core-i7-13700k/2026-10-05_0700_ddr5-4800_threads-1-2-3-4-5-6-8-10-12-14-16-24_r5/raw/bepuphysics2/t6/bepuphysics2_t6_raw.csv
2026-10-05_0700_ddr5-4800_threads-1-2-3-4-5-6-8-10-12-14-16-24_r5,bepuphysics2,c230dd1178d6f481d8b3f03c0f595f8ad910b725,windows,dotnet10_release_no_profiling_self_contained,box_container_pile_10k,headless_api,6,step,300,30,4,10005,10005,0,0,median_ms_per_step,6.768679000,ms,lower_is_better,6.768679000,147.739315160,0,ok,ok,engine_runner_cli,work_unit_wall_sum_inline,6,open_container_falling_pile,1,velocity_iterations=1; substeps=4; linear_damping=0; angular_damping=0; sleep=disabled; ccd=disabled; deterministic=yes; worker_count=6,dotnet10_release_no_profiling_self_contained,6,6,,,6,yes,,,,,,,,,,,300,2030.603700000,,,,,results/box-container-pile-10k/intel-core-i7-13700k/2026-10-05_0700_ddr5-4800_threads-1-2-3-4-5-6-8-10-12-14-16-24_r5/raw/bepuphysics2/t6/bepuphysics2_t6_raw.csv
2026-10-05_0700_ddr5-4800_threads-1-2-3-4-5-6-8-10-12-14-16-24_r5,bepuphysics2,c230dd1178d6f481d8b3f03c0f595f8ad910b725,windows,dotnet10_release_no_profiling_self_contained,box_container_pile_10k,headless_api,8,step,300,30,0,10005,10005,0,0,median_ms_per_step,6.488634333,ms,lower_is_better,6.488634333,154.115634913,0,ok,ok,engine_runner_cli,work_unit_wall_sum_inline,8,open_container_falling_pile,1,velocity_iterations=1; substeps=4; linear_damping=0; angular_damping=0; sleep=disabled; ccd=disabled; deterministic=yes; worker_count=8,dotnet10_release_no_profiling_self_contained,8,8,,,8,yes,,,,,,,,,,,300,1946.590300000,,,,,results/box-container-pile-10k/intel-core-i7-13700k/2026-10-05_0700_ddr5-4800_threads-1-2-3-4-5-6-8-10-12-14-16-24_r5/raw/bepuphysics2/t8/bepuphysics2_t8_raw.csv
2026-10-05_0700_ddr5-4800_threads-1-2-3-4-5-6-8-10-12-14-16-24_r5,bepuphysics2,c230dd1178d6f481d8b3f03c0f595f8ad910b725,windows,dotnet10_release_no_profiling_self_contained,box_container_pile_10k,headless_api,8,step,300,30,1,10005,10005,0,0,median_ms_per_step,6.233432000,ms,lower_is_better,6.233432000,160.425268135,0,ok,ok,engine_runner_cli,work_unit_wall_sum_inline,8,open_container_falling_pile,1,velocity_iterations=1; substeps=4; linear_damping=0; angular_damping=0; sleep=disabled; ccd=disabled; deterministic=yes; worker_count=8,dotnet10_release_no_profiling_self_contained,8,8,,,8,yes,,,,,,,,,,,300,1870.029600000,,,,,results/box-container-pile-10k/intel-core-i7-13700k/2026-10-05_0700_ddr5-4800_threads-1-2-3-4-5-6-8-10-12-14-16-24_r5/raw/bepuphysics2/t8/bepuphysics2_t8_raw.csv
2026-10-05_0700_ddr5-4800_threads-1-2-3-4-5-6-8-10-12-14-16-24_r5,bepuphysics2,c230dd1178d6f481d8b3f03c0f595f8ad910b725,windows,dotnet10_release_no_profiling_self_contained,box_container_pile_10k,headless_api,8,step,300,30,2,10005,10005,0,0,median_ms_per_step,6.219816667,ms,lower_is_better,6.219816667,160.776443036,0,ok,ok,engine_runner_cli,work_unit_wall_sum_inline,8,open_container_falling_pile,1,velocity_iterations=1; substeps=4; linear_damping=0; angular_damping=0; sleep=disabled; ccd=disabled; deterministic=yes; worker_count=8,dotnet10_release_no_profiling_self_contained,8,8,,,8,yes,,,,,,,,,,,300,1865.945000000,,,,,results/box-container-pile-10k/intel-core-i7-13700k/2026-10-05_0700_ddr5-4800_threads-1-2-3-4-5-6-8-10-12-14-16-24_r5/raw/bepuphysics2/t8/bepuphysics2_t8_raw.csv
2026-10-05_0700_ddr5-4800_threads-1-2-3-4-5-6-8-10-12-14-16-24_r5,bepuphysics2,c230dd1178d6f481d8b3f03c0f595f8ad910b725,windows,dotnet10_release_no_profiling_self_contained,box_container_pile_10k,headless_api,8,step,300,30,3,10005,10005,0,0,median_ms_per_step,6.192812667,ms,lower_is_better,6.192812667,161.477514956,0,ok,ok,engine_runner_cli,work_unit_wall_sum_inline,8,open_container_falling_pile,1,velocity_iterations=1; substeps=4; linear_damping=0; angular_damping=0; sleep=disabled; ccd=disabled; deterministic=yes; worker_count=8,dotnet10_release_no_profiling_self_contained,8,8,,,8,yes,,,,,,,,,,,300,1857.843800000,,,,,results/box-container-pile-10k/intel-core-i7-13700k/2026-10-05_0700_ddr5-4800_threads-1-2-3-4-5-6-8-10-12-14-16-24_r5/raw/bepuphysics2/t8/bepuphysics2_t8_raw.csv
2026-10-05_0700_ddr5-4800_threads-1-2-3-4-5-6-8-10-12-14-16-24_r5,bepuphysics2,c230dd1178d6f481d8b3f03c0f595f8ad910b725,windows,dotnet10_release_no_profiling_self_contained,box_container_pile_10k,headless_api,8,step,300,30,4,10005,10005,0,0,median_ms_per_step,6.434175667,ms,lower_is_better,6.434175667,155.420064948,0,ok,ok,engine_runner_cli,work_unit_wall_sum_inline,8,open_container_falling_pile,1,velocity_iterations=1; substeps=4; linear_damping=0; angular_damping=0; sleep=disabled; ccd=disabled; deterministic=yes; worker_count=8,dotnet10_release_no_profiling_self_contained,8,8,,,8,yes,,,,,,,,,,,300,1930.252700000,,,,,results/box-container-pile-10k/intel-core-i7-13700k/2026-10-05_0700_ddr5-4800_threads-1-2-3-4-5-6-8-10-12-14-16-24_r5/raw/bepuphysics2/t8/bepuphysics2_t8_raw.csv
2026-10-05_0700_ddr5-4800_threads-1-2-3-4-5-6-8-10-12-14-16-24_r5,bepuphysics2,c230dd1178d6f481d8b3f03c0f595f8ad910b725,windows,dotnet10_release_no_profiling_self_contained,box_container_pile_10k,headless_api,10,step,300,30,0,10005,10005,0,0,median_ms_per_step,6.626169667,ms,lower_is_better,6.626169667,150.916751352,0,ok,ok,engine_runner_cli,work_unit_wall_sum_inline,10,open_container_falling_pile,1,velocity_iterations=1; substeps=4; linear_damping=0; angular_damping=0; sleep=disabled; ccd=disabled; deterministic=yes; worker_count=10,dotnet10_release_no_profiling_self_contained,10,10,,,10,yes,,,,,,,,,,,300,1987.850900000,,,,,results/box-container-pile-10k/intel-core-i7-13700k/2026-10-05_0700_ddr5-4800_threads-1-2-3-4-5-6-8-10-12-14-16-24_r5/raw/bepuphysics2/t10/bepuphysics2_t10_raw.csv
2026-10-05_0700_ddr5-4800_threads-1-2-3-4-5-6-8-10-12-14-16-24_r5,bepuphysics2,c230dd1178d6f481d8b3f03c0f595f8ad910b725,windows,dotnet10_release_no_profiling_self_contained,box_container_pile_10k,headless_api,10,step,300,30,1,10005,10005,0,0,median_ms_per_step,6.661157000,ms,lower_is_better,6.661157000,150.124070038,0,ok,ok,engine_runner_cli,work_unit_wall_sum_inline,10,open_container_falling_pile,1,velocity_iterations=1; substeps=4; linear_damping=0; angular_damping=0; sleep=disabled; ccd=disabled; deterministic=yes; worker_count=10,dotnet10_release_no_profiling_self_contained,10,10,,,10,yes,,,,,,,,,,,300,1998.347100000,,,,,results/box-container-pile-10k/intel-core-i7-13700k/2026-10-05_0700_ddr5-4800_threads-1-2-3-4-5-6-8-10-12-14-16-24_r5/raw/bepuphysics2/t10/bepuphysics2_t10_raw.csv
2026-10-05_0700_ddr5-4800_threads-1-2-3-4-5-6-8-10-12-14-16-24_r5,bepuphysics2,c230dd1178d6f481d8b3f03c0f595f8ad910b725,windows,dotnet10_release_no_profiling_self_contained,box_container_pile_10k,headless_api,10,step,300,30,2,10005,10005,0,0,median_ms_per_step,6.723220667,ms,lower_is_better,6.723220667,148.738238648,0,ok,ok,engine_runner_cli,work_unit_wall_sum_inline,10,open_container_falling_pile,1,velocity_iterations=1; substeps=4; linear_damping=0; angular_damping=0; sleep=disabled; ccd=disabled; deterministic=yes; worker_count=10,dotnet10_release_no_profiling_self_contained,10,10,,,10,yes,,,,,,,,,,,300,2016.966200000,,,,,results/box-container-pile-10k/intel-core-i7-13700k/2026-10-05_0700_ddr5-4800_threads-1-2-3-4-5-6-8-10-12-14-16-24_r5/raw/bepuphysics2/t10/bepuphysics2_t10_raw.csv
2026-10-05_0700_ddr5-4800_threads-1-2-3-4-5-6-8-10-12-14-16-24_r5,bepuphysics2,c230dd1178d6f481d8b3f03c0f595f8ad910b725,windows,dotnet10_release_no_profiling_self_contained,box_container_pile_10k,headless_api,10,step,300,30,3,10005,10005,0,0,median_ms_per_step,6.512266667,ms,lower_is_better,6.512266667,153.556365423,0,ok,ok,engine_runner_cli,work_unit_wall_sum_inline,10,open_container_falling_pile,1,velocity_iterations=1; substeps=4; linear_damping=0; angular_damping=0; sleep=disabled; ccd=disabled; deterministic=yes; worker_count=10,dotnet10_release_no_profiling_self_contained,10,10,,,10,yes,,,,,,,,,,,300,1953.680000000,,,,,results/box-container-pile-10k/intel-core-i7-13700k/2026-10-05_0700_ddr5-4800_threads-1-2-3-4-5-6-8-10-12-14-16-24_r5/raw/bepuphysics2/t10/bepuphysics2_t10_raw.csv
2026-10-05_0700_ddr5-4800_threads-1-2-3-4-5-6-8-10-12-14-16-24_r5,bepuphysics2,c230dd1178d6f481d8b3f03c0f595f8ad910b725,windows,dotnet10_release_no_profiling_self_contained,box_container_pile_10k,headless_api,10,step,300,30,4,10005,10005,0,0,median_ms_per_step,6.738230333,ms,lower_is_better,6.738230333,148.406918513,0,ok,ok,engine_runner_cli,work_unit_wall_sum_inline,10,open_container_falling_pile,1,velocity_iterations=1; substeps=4; linear_damping=0; angular_damping=0; sleep=disabled; ccd=disabled; deterministic=yes; worker_count=10,dotnet10_release_no_profiling_self_contained,10,10,,,10,yes,,,,,,,,,,,300,2021.469100000,,,,,results/box-container-pile-10k/intel-core-i7-13700k/2026-10-05_0700_ddr5-4800_threads-1-2-3-4-5-6-8-10-12-14-16-24_r5/raw/bepuphysics2/t10/bepuphysics2_t10_raw.csv
2026-10-05_0700_ddr5-4800_threads-1-2-3-4-5-6-8-10-12-14-16-24_r5,bepuphysics2,c230dd1178d6f481d8b3f03c0f595f8ad910b725,windows,dotnet10_release_no_profiling_self_contained,box_container_pile_10k,headless_api,12,step,300,30,0,10005,10005,0,0,median_ms_per_step,7.265965667,ms,lower_is_better,7.265965667,137.627955578,0,ok,ok,engine_runner_cli,work_unit_wall_sum_inline,12,open_container_falling_pile,1,velocity_iterations=1; substeps=4; linear_damping=0; angular_damping=0; sleep=disabled; ccd=disabled; deterministic=yes; worker_count=12,dotnet10_release_no_profiling_self_contained,12,12,,,12,yes,,,,,,,,,,,300,2179.789700000,,,,,results/box-container-pile-10k/intel-core-i7-13700k/2026-10-05_0700_ddr5-4800_threads-1-2-3-4-5-6-8-10-12-14-16-24_r5/raw/bepuphysics2/t12/bepuphysics2_t12_raw.csv
2026-10-05_0700_ddr5-4800_threads-1-2-3-4-5-6-8-10-12-14-16-24_r5,bepuphysics2,c230dd1178d6f481d8b3f03c0f595f8ad910b725,windows,dotnet10_release_no_profiling_self_contained,box_container_pile_10k,headless_api,12,step,300,30,1,10005,10005,0,0,median_ms_per_step,7.361596333,ms,lower_is_better,7.361596333,135.840102434,0,ok,ok,engine_runner_cli,work_unit_wall_sum_inline,12,open_container_falling_pile,1,velocity_iterations=1; substeps=4; linear_damping=0; angular_damping=0; sleep=disabled; ccd=disabled; deterministic=yes; worker_count=12,dotnet10_release_no_profiling_self_contained,12,12,,,12,yes,,,,,,,,,,,300,2208.478900000,,,,,results/box-container-pile-10k/intel-core-i7-13700k/2026-10-05_0700_ddr5-4800_threads-1-2-3-4-5-6-8-10-12-14-16-24_r5/raw/bepuphysics2/t12/bepuphysics2_t12_raw.csv
2026-10-05_0700_ddr5-4800_threads-1-2-3-4-5-6-8-10-12-14-16-24_r5,bepuphysics2,c230dd1178d6f481d8b3f03c0f595f8ad910b725,windows,dotnet10_release_no_profiling_self_contained,box_container_pile_10k,headless_api,12,step,300,30,2,10005,10005,0,0,median_ms_per_step,6.823243333,ms,lower_is_better,6.823243333,146.557868619,0,ok,ok,engine_runner_cli,work_unit_wall_sum_inline,12,open_container_falling_pile,1,velocity_iterations=1; substeps=4; linear_damping=0; angular_damping=0; sleep=disabled; ccd=disabled; deterministic=yes; worker_count=12,dotnet10_release_no_profiling_self_contained,12,12,,,12,yes,,,,,,,,,,,300,2046.973000000,,,,,results/box-container-pile-10k/intel-core-i7-13700k/2026-10-05_0700_ddr5-4800_threads-1-2-3-4-5-6-8-10-12-14-16-24_r5/raw/bepuphysics2/t12/bepuphysics2_t12_raw.csv
2026-10-05_0700_ddr5-4800_threads-1-2-3-4-5-6-8-10-12-14-16-24_r5,bepuphysics2,c230dd1178d6f481d8b3f03c0f595f8ad910b725,windows,dotnet10_release_no_profiling_self_contained,box_container_pile_10k,headless_api,12,step,300,30,3,10005,10005,0,0,median_ms_per_step,7.298762667,ms,lower_is_better,7.298762667,137.009524171,0,ok,ok,engine_runner_cli,work_unit_wall_sum_inline,12,open_container_falling_pile,1,velocity_iterations=1; substeps=4; linear_damping=0; angular_damping=0; sleep=disabled; ccd=disabled; deterministic=yes; worker_count=12,dotnet10_release_no_profiling_self_contained,12,12,,,12,yes,,,,,,,,,,,300,2189.628800000,,,,,results/box-container-pile-10k/intel-core-i7-13700k/2026-10-05_0700_ddr5-4800_threads-1-2-3-4-5-6-8-10-12-14-16-24_r5/raw/bepuphysics2/t12/bepuphysics2_t12_raw.csv
2026-10-05_0700_ddr5-4800_threads-1-2-3-4-5-6-8-10-12-14-16-24_r5,bepuphysics2,c230dd1178d6f481d8b3f03c0f595f8ad910b725,windows,dotnet10_release_no_profiling_self_contained,box_container_pile_10k,headless_api,12,step,300,30,4,10005,10005,0,0,median_ms_per_step,7.088836667,ms,lower_is_better,7.088836667,141.066869928,0,ok,ok,engine_runner_cli,work_unit_wall_sum_inline,12,open_container_falling_pile,1,velocity_iterations=1; substeps=4; linear_damping=0; angular_damping=0; sleep=disabled; ccd=disabled; deterministic=yes; worker_count=12,dotnet10_release_no_profiling_self_contained,12,12,,,12,yes,,,,,,,,,,,300,2126.651000000,,,,,results/box-container-pile-10k/intel-core-i7-13700k/2026-10-05_0700_ddr5-4800_threads-1-2-3-4-5-6-8-10-12-14-16-24_r5/raw/bepuphysics2/t12/bepuphysics2_t12_raw.csv
2026-10-05_0700_ddr5-4800_threads-1-2-3-4-5-6-8-10-12-14-16-24_r5,bepuphysics2,c230dd1178d6f481d8b3f03c0f595f8ad910b725,windows,dotnet10_release_no_profiling_self_contained,box_container_pile_10k,headless_api,14,step,300,30,0,10005,10005,0,0,median_ms_per_step,6.683497667,ms,lower_is_better,6.683497667,149.622256171,0,ok,ok,engine_runner_cli,work_unit_wall_sum_inline,14,open_container_falling_pile,1,velocity_iterations=1; substeps=4; linear_damping=0; angular_damping=0; sleep=disabled; ccd=disabled; deterministic=yes; worker_count=14,dotnet10_release_no_profiling_self_contained,14,14,,,14,yes,,,,,,,,,,,300,2005.049300000,,,,,results/box-container-pile-10k/intel-core-i7-13700k/2026-10-05_0700_ddr5-4800_threads-1-2-3-4-5-6-8-10-12-14-16-24_r5/raw/bepuphysics2/t14/bepuphysics2_t14_raw.csv
2026-10-05_0700_ddr5-4800_threads-1-2-3-4-5-6-8-10-12-14-16-24_r5,bepuphysics2,c230dd1178d6f481d8b3f03c0f595f8ad910b725,windows,dotnet10_release_no_profiling_self_contained,box_container_pile_10k,headless_api,14,step,300,30,1,10005,10005,0,0,median_ms_per_step,6.835537667,ms,lower_is_better,6.835537667,146.294271024,0,ok,ok,engine_runner_cli,work_unit_wall_sum_inline,14,open_container_falling_pile,1,velocity_iterations=1; substeps=4; linear_damping=0; angular_damping=0; sleep=disabled; ccd=disabled; deterministic=yes; worker_count=14,dotnet10_release_no_profiling_self_contained,14,14,,,14,yes,,,,,,,,,,,300,2050.661300000,,,,,results/box-container-pile-10k/intel-core-i7-13700k/2026-10-05_0700_ddr5-4800_threads-1-2-3-4-5-6-8-10-12-14-16-24_r5/raw/bepuphysics2/t14/bepuphysics2_t14_raw.csv
2026-10-05_0700_ddr5-4800_threads-1-2-3-4-5-6-8-10-12-14-16-24_r5,bepuphysics2,c230dd1178d6f481d8b3f03c0f595f8ad910b725,windows,dotnet10_release_no_profiling_self_contained,box_container_pile_10k,headless_api,14,step,300,30,2,10005,10005,0,0,median_ms_per_step,7.021421667,ms,lower_is_better,7.021421667,142.421299770,0,ok,ok,engine_runner_cli,work_unit_wall_sum_inline,14,open_container_falling_pile,1,velocity_iterations=1; substeps=4; linear_damping=0; angular_damping=0; sleep=disabled; ccd=disabled; deterministic=yes; worker_count=14,dotnet10_release_no_profiling_self_contained,14,14,,,14,yes,,,,,,,,,,,300,2106.426500000,,,,,results/box-container-pile-10k/intel-core-i7-13700k/2026-10-05_0700_ddr5-4800_threads-1-2-3-4-5-6-8-10-12-14-16-24_r5/raw/bepuphysics2/t14/bepuphysics2_t14_raw.csv
2026-10-05_0700_ddr5-4800_threads-1-2-3-4-5-6-8-10-12-14-16-24_r5,bepuphysics2,c230dd1178d6f481d8b3f03c0f595f8ad910b725,windows,dotnet10_release_no_profiling_self_contained,box_container_pile_10k,headless_api,14,step,300,30,3,10005,10005,0,0,median_ms_per_step,6.783235667,ms,lower_is_better,6.783235667,147.422270011,0,ok,ok,engine_runner_cli,work_unit_wall_sum_inline,14,open_container_falling_pile,1,velocity_iterations=1; substeps=4; linear_damping=0; angular_damping=0; sleep=disabled; ccd=disabled; deterministic=yes; worker_count=14,dotnet10_release_no_profiling_self_contained,14,14,,,14,yes,,,,,,,,,,,300,2034.970700000,,,,,results/box-container-pile-10k/intel-core-i7-13700k/2026-10-05_0700_ddr5-4800_threads-1-2-3-4-5-6-8-10-12-14-16-24_r5/raw/bepuphysics2/t14/bepuphysics2_t14_raw.csv
2026-10-05_0700_ddr5-4800_threads-1-2-3-4-5-6-8-10-12-14-16-24_r5,bepuphysics2,c230dd1178d6f481d8b3f03c0f595f8ad910b725,windows,dotnet10_release_no_profiling_self_contained,box_container_pile_10k,headless_api,14,step,300,30,4,10005,10005,0,0,median_ms_per_step,7.150235667,ms,lower_is_better,7.150235667,139.855530170,0,ok,ok,engine_runner_cli,work_unit_wall_sum_inline,14,open_container_falling_pile,1,velocity_iterations=1; substeps=4; linear_damping=0; angular_damping=0; sleep=disabled; ccd=disabled; deterministic=yes; worker_count=14,dotnet10_release_no_profiling_self_contained,14,14,,,14,yes,,,,,,,,,,,300,2145.070700000,,,,,results/box-container-pile-10k/intel-core-i7-13700k/2026-10-05_0700_ddr5-4800_threads-1-2-3-4-5-6-8-10-12-14-16-24_r5/raw/bepuphysics2/t14/bepuphysics2_t14_raw.csv
2026-10-05_0700_ddr5-4800_threads-1-2-3-4-5-6-8-10-12-14-16-24_r5,bepuphysics2,c230dd1178d6f481d8b3f03c0f595f8ad910b725,windows,dotnet10_release_no_profiling_self_contained,box_container_pile_10k,headless_api,16,step,300,30,0,10005,10005,0,0,median_ms_per_step,6.899009667,ms,lower_is_better,6.899009667,144.948340170,0,ok,ok,engine_runner_cli,work_unit_wall_sum_inline,16,open_container_falling_pile,1,velocity_iterations=1; substeps=4; linear_damping=0; angular_damping=0; sleep=disabled; ccd=disabled; deterministic=yes; worker_count=16,dotnet10_release_no_profiling_self_contained,16,16,,,16,yes,,,,,,,,,,,300,2069.702900000,,,,,results/box-container-pile-10k/intel-core-i7-13700k/2026-10-05_0700_ddr5-4800_threads-1-2-3-4-5-6-8-10-12-14-16-24_r5/raw/bepuphysics2/t16/bepuphysics2_t16_raw.csv
2026-10-05_0700_ddr5-4800_threads-1-2-3-4-5-6-8-10-12-14-16-24_r5,bepuphysics2,c230dd1178d6f481d8b3f03c0f595f8ad910b725,windows,dotnet10_release_no_profiling_self_contained,box_container_pile_10k,headless_api,16,step,300,30,1,10005,10005,0,0,median_ms_per_step,6.867723333,ms,lower_is_better,6.867723333,145.608661191,0,ok,ok,engine_runner_cli,work_unit_wall_sum_inline,16,open_container_falling_pile,1,velocity_iterations=1; substeps=4; linear_damping=0; angular_damping=0; sleep=disabled; ccd=disabled; deterministic=yes; worker_count=16,dotnet10_release_no_profiling_self_contained,16,16,,,16,yes,,,,,,,,,,,300,2060.317000000,,,,,results/box-container-pile-10k/intel-core-i7-13700k/2026-10-05_0700_ddr5-4800_threads-1-2-3-4-5-6-8-10-12-14-16-24_r5/raw/bepuphysics2/t16/bepuphysics2_t16_raw.csv
2026-10-05_0700_ddr5-4800_threads-1-2-3-4-5-6-8-10-12-14-16-24_r5,bepuphysics2,c230dd1178d6f481d8b3f03c0f595f8ad910b725,windows,dotnet10_release_no_profiling_self_contained,box_container_pile_10k,headless_api,16,step,300,30,2,10005,10005,0,0,median_ms_per_step,6.637346000,ms,lower_is_better,6.637346000,150.662629310,0,ok,ok,engine_runner_cli,work_unit_wall_sum_inline,16,open_container_falling_pile,1,velocity_iterations=1; substeps=4; linear_damping=0; angular_damping=0; sleep=disabled; ccd=disabled; deterministic=yes; worker_count=16,dotnet10_release_no_profiling_self_contained,16,16,,,16,yes,,,,,,,,,,,300,1991.203800000,,,,,results/box-container-pile-10k/intel-core-i7-13700k/2026-10-05_0700_ddr5-4800_threads-1-2-3-4-5-6-8-10-12-14-16-24_r5/raw/bepuphysics2/t16/bepuphysics2_t16_raw.csv
2026-10-05_0700_ddr5-4800_threads-1-2-3-4-5-6-8-10-12-14-16-24_r5,bepuphysics2,c230dd1178d6f481d8b3f03c0f595f8ad910b725,windows,dotnet10_release_no_profiling_self_contained,box_container_pile_10k,headless_api,16,step,300,30,3,10005,10005,0,0,median_ms_per_step,6.813047333,ms,lower_is_better,6.813047333,146.777198378,0,ok,ok,engine_runner_cli,work_unit_wall_sum_inline,16,open_container_falling_pile,1,velocity_iterations=1; substeps=4; linear_damping=0; angular_damping=0; sleep=disabled; ccd=disabled; deterministic=yes; worker_count=16,dotnet10_release_no_profiling_self_contained,16,16,,,16,yes,,,,,,,,,,,300,2043.914200000,,,,,results/box-container-pile-10k/intel-core-i7-13700k/2026-10-05_0700_ddr5-4800_threads-1-2-3-4-5-6-8-10-12-14-16-24_r5/raw/bepuphysics2/t16/bepuphysics2_t16_raw.csv
2026-10-05_0700_ddr5-4800_threads-1-2-3-4-5-6-8-10-12-14-16-24_r5,bepuphysics2,c230dd1178d6f481d8b3f03c0f595f8ad910b725,windows,dotnet10_release_no_profiling_self_contained,box_container_pile_10k,headless_api,16,step,300,30,4,10005,10005,0,0,median_ms_per_step,6.831822000,ms,lower_is_better,6.831822000,146.373837023,0,ok,ok,engine_runner_cli,work_unit_wall_sum_inline,16,open_container_falling_pile,1,velocity_iterations=1; substeps=4; linear_damping=0; angular_damping=0; sleep=disabled; ccd=disabled; deterministic=yes; worker_count=16,dotnet10_release_no_profiling_self_contained,16,16,,,16,yes,,,,,,,,,,,300,2049.546600000,,,,,results/box-container-pile-10k/intel-core-i7-13700k/2026-10-05_0700_ddr5-4800_threads-1-2-3-4-5-6-8-10-12-14-16-24_r5/raw/bepuphysics2/t16/bepuphysics2_t16_raw.csv
2026-10-05_0700_ddr5-4800_threads-1-2-3-4-5-6-8-10-12-14-16-24_r5,bepuphysics2,c230dd1178d6f481d8b3f03c0f595f8ad910b725,windows,dotnet10_release_no_profiling_self_contained,box_container_pile_10k,headless_api,24,step,300,30,0,10005,10005,0,0,median_ms_per_step,6.473141000,ms,lower_is_better,6.473141000,154.484507598,0,ok,ok,engine_runner_cli,work_unit_wall_sum_inline,24,open_container_falling_pile,1,velocity_iterations=1; substeps=4; linear_damping=0; angular_damping=0; sleep=disabled; ccd=disabled; deterministic=yes; worker_count=24,dotnet10_release_no_profiling_self_contained,24,24,,,24,yes,,,,,,,,,,,300,1941.942300000,,,,,results/box-container-pile-10k/intel-core-i7-13700k/2026-10-05_0700_ddr5-4800_threads-1-2-3-4-5-6-8-10-12-14-16-24_r5/raw/bepuphysics2/t24/bepuphysics2_t24_raw.csv
2026-10-05_0700_ddr5-4800_threads-1-2-3-4-5-6-8-10-12-14-16-24_r5,bepuphysics2,c230dd1178d6f481d8b3f03c0f595f8ad910b725,windows,dotnet10_release_no_profiling_self_contained,box_container_pile_10k,headless_api,24,step,300,30,1,10005,10005,0,0,median_ms_per_step,6.567682000,ms,lower_is_better,6.567682000,152.260721515,0,ok,ok,engine_runner_cli,work_unit_wall_sum_inline,24,open_container_falling_pile,1,velocity_iterations=1; substeps=4; linear_damping=0; angular_damping=0; sleep=disabled; ccd=disabled; deterministic=yes; worker_count=24,dotnet10_release_no_profiling_self_contained,24,24,,,24,yes,,,,,,,,,,,300,1970.304600000,,,,,results/box-container-pile-10k/intel-core-i7-13700k/2026-10-05_0700_ddr5-4800_threads-1-2-3-4-5-6-8-10-12-14-16-24_r5/raw/bepuphysics2/t24/bepuphysics2_t24_raw.csv
2026-10-05_0700_ddr5-4800_threads-1-2-3-4-5-6-8-10-12-14-16-24_r5,bepuphysics2,c230dd1178d6f481d8b3f03c0f595f8ad910b725,windows,dotnet10_release_no_profiling_self_contained,box_container_pile_10k,headless_api,24,step,300,30,2,10005,10005,0,0,median_ms_per_step,6.667376667,ms,lower_is_better,6.667376667,149.984026701,0,ok,ok,engine_runner_cli,work_unit_wall_sum_inline,24,open_container_falling_pile,1,velocity_iterations=1; substeps=4; linear_damping=0; angular_damping=0; sleep=disabled; ccd=disabled; deterministic=yes; worker_count=24,dotnet10_release_no_profiling_self_contained,24,24,,,24,yes,,,,,,,,,,,300,2000.213000000,,,,,results/box-container-pile-10k/intel-core-i7-13700k/2026-10-05_0700_ddr5-4800_threads-1-2-3-4-5-6-8-10-12-14-16-24_r5/raw/bepuphysics2/t24/bepuphysics2_t24_raw.csv
2026-10-05_0700_ddr5-4800_threads-1-2-3-4-5-6-8-10-12-14-16-24_r5,bepuphysics2,c230dd1178d6f481d8b3f03c0f595f8ad910b725,windows,dotnet10_release_no_profiling_self_contained,box_container_pile_10k,headless_api,24,step,300,30,3,10005,10005,0,0,median_ms_per_step,6.441797000,ms,lower_is_better,6.441797000,155.236186424,0,ok,ok,engine_runner_cli,work_unit_wall_sum_inline,24,open_container_falling_pile,1,velocity_iterations=1; substeps=4; linear_damping=0; angular_damping=0; sleep=disabled; ccd=disabled; deterministic=yes; worker_count=24,dotnet10_release_no_profiling_self_contained,24,24,,,24,yes,,,,,,,,,,,300,1932.539100000,,,,,results/box-container-pile-10k/intel-core-i7-13700k/2026-10-05_0700_ddr5-4800_threads-1-2-3-4-5-6-8-10-12-14-16-24_r5/raw/bepuphysics2/t24/bepuphysics2_t24_raw.csv
2026-10-05_0700_ddr5-4800_threads-1-2-3-4-5-6-8-10-12-14-16-24_r5,bepuphysics2,c230dd1178d6f481d8b3f03c0f595f8ad910b725,windows,dotnet10_release_no_profiling_self_contained,box_container_pile_10k,headless_api,24,step,300,30,4,10005,10005,0,0,median_ms_per_step,6.390043667,ms,lower_is_better,6.390043667,156.493453279,0,ok,ok,engine_runner_cli,work_unit_wall_sum_inline,24,open_container_falling_pile,1,velocity_iterations=1; substeps=4; linear_damping=0; angular_damping=0; sleep=disabled; ccd=disabled; deterministic=yes; worker_count=24,dotnet10_release_no_profiling_self_contained,24,24,,,24,yes,,,,,,,,,,,300,1917.013100000,,,,,results/box-container-pile-10k/intel-core-i7-13700k/2026-10-05_0700_ddr5-4800_threads-1-2-3-4-5-6-8-10-12-14-16-24_r5/raw/bepuphysics2/t24/bepuphysics2_t24_raw.csv
2026-10-05_0700_ddr5-4800_threads-1-2-3-4-5-6-8-10-12-14-16-24_r5,box3d,9e5a4cde862fba95ff19f096b79567f3ea6c01fd,windows,windows_clang_cl_release,box_container_pile_10k,headless_api,1,step,300,30,0,10005,10005,0,0,median_ms_per_step,23.845719000,ms,lower_is_better,23.845719000,41.936248599,0,ok,ok,engine_runner_cli,work_unit_wall_sum_inline,1,open_container_falling_pile,1,substeps=4; sleep=disabled; ccd=disabled; worker_count=0,windows_clang_cl_release,1,0,,,0,yes,,,,,,,,,,,300,7153.715700000,,,,,results/box-container-pile-10k/intel-core-i7-13700k/2026-10-05_0700_ddr5-4800_threads-1-2-3-4-5-6-8-10-12-14-16-24_r5/raw/box3d/t1/box3d_t1_raw.csv
2026-10-05_0700_ddr5-4800_threads-1-2-3-4-5-6-8-10-12-14-16-24_r5,box3d,9e5a4cde862fba95ff19f096b79567f3ea6c01fd,windows,windows_clang_cl_release,box_container_pile_10k,headless_api,1,step,300,30,1,10005,10005,0,0,median_ms_per_step,23.561573333,ms,lower_is_better,23.561573333,42.441987462,0,ok,ok,engine_runner_cli,work_unit_wall_sum_inline,1,open_container_falling_pile,1,substeps=4; sleep=disabled; ccd=disabled; worker_count=0,windows_clang_cl_release,1,0,,,0,yes,,,,,,,,,,,300,7068.472000000,,,,,results/box-container-pile-10k/intel-core-i7-13700k/2026-10-05_0700_ddr5-4800_threads-1-2-3-4-5-6-8-10-12-14-16-24_r5/raw/box3d/t1/box3d_t1_raw.csv
2026-10-05_0700_ddr5-4800_threads-1-2-3-4-5-6-8-10-12-14-16-24_r5,box3d,9e5a4cde862fba95ff19f096b79567f3ea6c01fd,windows,windows_clang_cl_release,box_container_pile_10k,headless_api,1,step,300,30,2,10005,10005,0,0,median_ms_per_step,23.710377000,ms,lower_is_better,23.710377000,42.175626309,0,ok,ok,engine_runner_cli,work_unit_wall_sum_inline,1,open_container_falling_pile,1,substeps=4; sleep=disabled; ccd=disabled; worker_count=0,windows_clang_cl_release,1,0,,,0,yes,,,,,,,,,,,300,7113.113100000,,,,,results/box-container-pile-10k/intel-core-i7-13700k/2026-10-05_0700_ddr5-4800_threads-1-2-3-4-5-6-8-10-12-14-16-24_r5/raw/box3d/t1/box3d_t1_raw.csv
2026-10-05_0700_ddr5-4800_threads-1-2-3-4-5-6-8-10-12-14-16-24_r5,box3d,9e5a4cde862fba95ff19f096b79567f3ea6c01fd,windows,windows_clang_cl_release,box_container_pile_10k,headless_api,1,step,300,30,3,10005,10005,0,0,median_ms_per_step,24.625680667,ms,lower_is_better,24.625680667,40.608014598,0,ok,ok,engine_runner_cli,work_unit_wall_sum_inline,1,open_container_falling_pile,1,substeps=4; sleep=disabled; ccd=disabled; worker_count=0,windows_clang_cl_release,1,0,,,0,yes,,,,,,,,,,,300,7387.704200000,,,,,results/box-container-pile-10k/intel-core-i7-13700k/2026-10-05_0700_ddr5-4800_threads-1-2-3-4-5-6-8-10-12-14-16-24_r5/raw/box3d/t1/box3d_t1_raw.csv
2026-10-05_0700_ddr5-4800_threads-1-2-3-4-5-6-8-10-12-14-16-24_r5,box3d,9e5a4cde862fba95ff19f096b79567f3ea6c01fd,windows,windows_clang_cl_release,box_container_pile_10k,headless_api,1,step,300,30,4,10005,10005,0,0,median_ms_per_step,23.583171667,ms,lower_is_better,23.583171667,42.403117534,0,ok,ok,engine_runner_cli,work_unit_wall_sum_inline,1,open_container_falling_pile,1,substeps=4; sleep=disabled; ccd=disabled; worker_count=0,windows_clang_cl_release,1,0,,,0,yes,,,,,,,,,,,300,7074.951500000,,,,,results/box-container-pile-10k/intel-core-i7-13700k/2026-10-05_0700_ddr5-4800_threads-1-2-3-4-5-6-8-10-12-14-16-24_r5/raw/box3d/t1/box3d_t1_raw.csv
2026-10-05_0700_ddr5-4800_threads-1-2-3-4-5-6-8-10-12-14-16-24_r5,box3d,9e5a4cde862fba95ff19f096b79567f3ea6c01fd,windows,windows_clang_cl_release,box_container_pile_10k,headless_api,2,step,300,30,0,10005,10005,0,0,median_ms_per_step,12.884826667,ms,lower_is_better,12.884826667,77.610667638,0,ok,ok,engine_runner_cli,work_unit_wall_sum_inline,2,open_container_falling_pile,1,substeps=4; sleep=disabled; ccd=disabled; worker_count=1,windows_clang_cl_release,2,1,,,1,yes,,,,,,,,,,,300,3865.448000000,,,,,results/box-container-pile-10k/intel-core-i7-13700k/2026-10-05_0700_ddr5-4800_threads-1-2-3-4-5-6-8-10-12-14-16-24_r5/raw/box3d/t2/box3d_t2_raw.csv
2026-10-05_0700_ddr5-4800_threads-1-2-3-4-5-6-8-10-12-14-16-24_r5,box3d,9e5a4cde862fba95ff19f096b79567f3ea6c01fd,windows,windows_clang_cl_release,box_container_pile_10k,headless_api,2,step,300,30,1,10005,10005,0,0,median_ms_per_step,12.875436667,ms,lower_is_better,12.875436667,77.667268761,0,ok,ok,engine_runner_cli,work_unit_wall_sum_inline,2,open_container_falling_pile,1,substeps=4; sleep=disabled; ccd=disabled; worker_count=1,windows_clang_cl_release,2,1,,,1,yes,,,,,,,,,,,300,3862.631000000,,,,,results/box-container-pile-10k/intel-core-i7-13700k/2026-10-05_0700_ddr5-4800_threads-1-2-3-4-5-6-8-10-12-14-16-24_r5/raw/box3d/t2/box3d_t2_raw.csv
2026-10-05_0700_ddr5-4800_threads-1-2-3-4-5-6-8-10-12-14-16-24_r5,box3d,9e5a4cde862fba95ff19f096b79567f3ea6c01fd,windows,windows_clang_cl_release,box_container_pile_10k,headless_api,2,step,300,30,2,10005,10005,0,0,median_ms_per_step,12.861331333,ms,lower_is_better,12.861331333,77.752448334,0,ok,ok,engine_runner_cli,work_unit_wall_sum_inline,2,open_container_falling_pile,1,substeps=4; sleep=disabled; ccd=disabled; worker_count=1,windows_clang_cl_release,2,1,,,1,yes,,,,,,,,,,,300,3858.399400000,,,,,results/box-container-pile-10k/intel-core-i7-13700k/2026-10-05_0700_ddr5-4800_threads-1-2-3-4-5-6-8-10-12-14-16-24_r5/raw/box3d/t2/box3d_t2_raw.csv
2026-10-05_0700_ddr5-4800_threads-1-2-3-4-5-6-8-10-12-14-16-24_r5,box3d,9e5a4cde862fba95ff19f096b79567f3ea6c01fd,windows,windows_clang_cl_release,box_container_pile_10k,headless_api,2,step,300,30,3,10005,10005,0,0,median_ms_per_step,12.977498333,ms,lower_is_better,12.977498333,77.056453741,0,ok,ok,engine_runner_cli,work_unit_wall_sum_inline,2,open_container_falling_pile,1,substeps=4; sleep=disabled; ccd=disabled; worker_count=1,windows_clang_cl_release,2,1,,,1,yes,,,,,,,,,,,300,3893.249500000,,,,,results/box-container-pile-10k/intel-core-i7-13700k/2026-10-05_0700_ddr5-4800_threads-1-2-3-4-5-6-8-10-12-14-16-24_r5/raw/box3d/t2/box3d_t2_raw.csv
2026-10-05_0700_ddr5-4800_threads-1-2-3-4-5-6-8-10-12-14-16-24_r5,box3d,9e5a4cde862fba95ff19f096b79567f3ea6c01fd,windows,windows_clang_cl_release,box_container_pile_10k,headless_api,2,step,300,30,4,10005,10005,0,0,median_ms_per_step,12.847030667,ms,lower_is_better,12.847030667,77.838998438,0,ok,ok,engine_runner_cli,work_unit_wall_sum_inline,2,open_container_falling_pile,1,substeps=4; sleep=disabled; ccd=disabled; worker_count=1,windows_clang_cl_release,2,1,,,1,yes,,,,,,,,,,,300,3854.109200000,,,,,results/box-container-pile-10k/intel-core-i7-13700k/2026-10-05_0700_ddr5-4800_threads-1-2-3-4-5-6-8-10-12-14-16-24_r5/raw/box3d/t2/box3d_t2_raw.csv
2026-10-05_0700_ddr5-4800_threads-1-2-3-4-5-6-8-10-12-14-16-24_r5,box3d,9e5a4cde862fba95ff19f096b79567f3ea6c01fd,windows,windows_clang_cl_release,box_container_pile_10k,headless_api,3,step,300,30,0,10005,10005,0,0,median_ms_per_step,9.263442333,ms,lower_is_better,9.263442333,107.951230657,0,ok,ok,engine_runner_cli,work_unit_wall_sum_inline,3,open_container_falling_pile,1,substeps=4; sleep=disabled; ccd=disabled; worker_count=2,windows_clang_cl_release,3,2,,,2,yes,,,,,,,,,,,300,2779.032700000,,,,,results/box-container-pile-10k/intel-core-i7-13700k/2026-10-05_0700_ddr5-4800_threads-1-2-3-4-5-6-8-10-12-14-16-24_r5/raw/box3d/t3/box3d_t3_raw.csv
2026-10-05_0700_ddr5-4800_threads-1-2-3-4-5-6-8-10-12-14-16-24_r5,box3d,9e5a4cde862fba95ff19f096b79567f3ea6c01fd,windows,windows_clang_cl_release,box_container_pile_10k,headless_api,3,step,300,30,1,10005,10005,0,0,median_ms_per_step,9.337396667,ms,lower_is_better,9.337396667,107.096232033,0,ok,ok,engine_runner_cli,work_unit_wall_sum_inline,3,open_container_falling_pile,1,substeps=4; sleep=disabled; ccd=disabled; worker_count=2,windows_clang_cl_release,3,2,,,2,yes,,,,,,,,,,,300,2801.219000000,,,,,results/box-container-pile-10k/intel-core-i7-13700k/2026-10-05_0700_ddr5-4800_threads-1-2-3-4-5-6-8-10-12-14-16-24_r5/raw/box3d/t3/box3d_t3_raw.csv
2026-10-05_0700_ddr5-4800_threads-1-2-3-4-5-6-8-10-12-14-16-24_r5,box3d,9e5a4cde862fba95ff19f096b79567f3ea6c01fd,windows,windows_clang_cl_release,box_container_pile_10k,headless_api,3,step,300,30,2,10005,10005,0,0,median_ms_per_step,9.348810000,ms,lower_is_better,9.348810000,106.965485447,0,ok,ok,engine_runner_cli,work_unit_wall_sum_inline,3,open_container_falling_pile,1,substeps=4; sleep=disabled; ccd=disabled; worker_count=2,windows_clang_cl_release,3,2,,,2,yes,,,,,,,,,,,300,2804.643000000,,,,,results/box-container-pile-10k/intel-core-i7-13700k/2026-10-05_0700_ddr5-4800_threads-1-2-3-4-5-6-8-10-12-14-16-24_r5/raw/box3d/t3/box3d_t3_raw.csv
2026-10-05_0700_ddr5-4800_threads-1-2-3-4-5-6-8-10-12-14-16-24_r5,box3d,9e5a4cde862fba95ff19f096b79567f3ea6c01fd,windows,windows_clang_cl_release,box_container_pile_10k,headless_api,3,step,300,30,3,10005,10005,0,0,median_ms_per_step,9.379221333,ms,lower_is_better,9.379221333,106.618658891,0,ok,ok,engine_runner_cli,work_unit_wall_sum_inline,3,open_container_falling_pile,1,substeps=4; sleep=disabled; ccd=disabled; worker_count=2,windows_clang_cl_release,3,2,,,2,yes,,,,,,,,,,,300,2813.766400000,,,,,results/box-container-pile-10k/intel-core-i7-13700k/2026-10-05_0700_ddr5-4800_threads-1-2-3-4-5-6-8-10-12-14-16-24_r5/raw/box3d/t3/box3d_t3_raw.csv
2026-10-05_0700_ddr5-4800_threads-1-2-3-4-5-6-8-10-12-14-16-24_r5,box3d,9e5a4cde862fba95ff19f096b79567f3ea6c01fd,windows,windows_clang_cl_release,box_container_pile_10k,headless_api,3,step,300,30,4,10005,10005,0,0,median_ms_per_step,9.409119333,ms,lower_is_better,9.409119333,106.279872172,0,ok,ok,engine_runner_cli,work_unit_wall_sum_inline,3,open_container_falling_pile,1,substeps=4; sleep=disabled; ccd=disabled; worker_count=2,windows_clang_cl_release,3,2,,,2,yes,,,,,,,,,,,300,2822.735800000,,,,,results/box-container-pile-10k/intel-core-i7-13700k/2026-10-05_0700_ddr5-4800_threads-1-2-3-4-5-6-8-10-12-14-16-24_r5/raw/box3d/t3/box3d_t3_raw.csv
2026-10-05_0700_ddr5-4800_threads-1-2-3-4-5-6-8-10-12-14-16-24_r5,box3d,9e5a4cde862fba95ff19f096b79567f3ea6c01fd,windows,windows_clang_cl_release,box_container_pile_10k,headless_api,4,step,300,30,0,10005,10005,0,0,median_ms_per_step,7.472945000,ms,lower_is_better,7.472945000,133.816052440,0,ok,ok,engine_runner_cli,work_unit_wall_sum_inline,4,open_container_falling_pile,1,substeps=4; sleep=disabled; ccd=disabled; worker_count=3,windows_clang_cl_release,4,3,,,3,yes,,,,,,,,,,,300,2241.883500000,,,,,results/box-container-pile-10k/intel-core-i7-13700k/2026-10-05_0700_ddr5-4800_threads-1-2-3-4-5-6-8-10-12-14-16-24_r5/raw/box3d/t4/box3d_t4_raw.csv
2026-10-05_0700_ddr5-4800_threads-1-2-3-4-5-6-8-10-12-14-16-24_r5,box3d,9e5a4cde862fba95ff19f096b79567f3ea6c01fd,windows,windows_clang_cl_release,box_container_pile_10k,headless_api,4,step,300,30,1,10005,10005,0,0,median_ms_per_step,7.409264667,ms,lower_is_better,7.409264667,134.966159935,0,ok,ok,engine_runner_cli,work_unit_wall_sum_inline,4,open_container_falling_pile,1,substeps=4; sleep=disabled; ccd=disabled; worker_count=3,windows_clang_cl_release,4,3,,,3,yes,,,,,,,,,,,300,2222.779400000,,,,,results/box-container-pile-10k/intel-core-i7-13700k/2026-10-05_0700_ddr5-4800_threads-1-2-3-4-5-6-8-10-12-14-16-24_r5/raw/box3d/t4/box3d_t4_raw.csv
2026-10-05_0700_ddr5-4800_threads-1-2-3-4-5-6-8-10-12-14-16-24_r5,box3d,9e5a4cde862fba95ff19f096b79567f3ea6c01fd,windows,windows_clang_cl_release,box_container_pile_10k,headless_api,4,step,300,30,2,10005,10005,0,0,median_ms_per_step,7.471960667,ms,lower_is_better,7.471960667,133.833680959,0,ok,ok,engine_runner_cli,work_unit_wall_sum_inline,4,open_container_falling_pile,1,substeps=4; sleep=disabled; ccd=disabled; worker_count=3,windows_clang_cl_release,4,3,,,3,yes,,,,,,,,,,,300,2241.588200000,,,,,results/box-container-pile-10k/intel-core-i7-13700k/2026-10-05_0700_ddr5-4800_threads-1-2-3-4-5-6-8-10-12-14-16-24_r5/raw/box3d/t4/box3d_t4_raw.csv
2026-10-05_0700_ddr5-4800_threads-1-2-3-4-5-6-8-10-12-14-16-24_r5,box3d,9e5a4cde862fba95ff19f096b79567f3ea6c01fd,windows,windows_clang_cl_release,box_container_pile_10k,headless_api,4,step,300,30,3,10005,10005,0,0,median_ms_per_step,7.482111667,ms,lower_is_better,7.482111667,133.652108462,0,ok,ok,engine_runner_cli,work_unit_wall_sum_inline,4,open_container_falling_pile,1,substeps=4; sleep=disabled; ccd=disabled; worker_count=3,windows_clang_cl_release,4,3,,,3,yes,,,,,,,,,,,300,2244.633500000,,,,,results/box-container-pile-10k/intel-core-i7-13700k/2026-10-05_0700_ddr5-4800_threads-1-2-3-4-5-6-8-10-12-14-16-24_r5/raw/box3d/t4/box3d_t4_raw.csv
2026-10-05_0700_ddr5-4800_threads-1-2-3-4-5-6-8-10-12-14-16-24_r5,box3d,9e5a4cde862fba95ff19f096b79567f3ea6c01fd,windows,windows_clang_cl_release,box_container_pile_10k,headless_api,4,step,300,30,4,10005,10005,0,0,median_ms_per_step,7.456577333,ms,lower_is_better,7.456577333,134.109787279,0,ok,ok,engine_runner_cli,work_unit_wall_sum_inline,4,open_container_falling_pile,1,substeps=4; sleep=disabled; ccd=disabled; worker_count=3,windows_clang_cl_release,4,3,,,3,yes,,,,,,,,,,,300,2236.973200000,,,,,results/box-container-pile-10k/intel-core-i7-13700k/2026-10-05_0700_ddr5-4800_threads-1-2-3-4-5-6-8-10-12-14-16-24_r5/raw/box3d/t4/box3d_t4_raw.csv
2026-10-05_0700_ddr5-4800_threads-1-2-3-4-5-6-8-10-12-14-16-24_r5,box3d,9e5a4cde862fba95ff19f096b79567f3ea6c01fd,windows,windows_clang_cl_release,box_container_pile_10k,headless_api,5,step,300,30,0,10005,10005,0,0,median_ms_per_step,6.209414667,ms,lower_is_better,6.209414667,161.045775436,0,ok,ok,engine_runner_cli,work_unit_wall_sum_inline,5,open_container_falling_pile,1,substeps=4; sleep=disabled; ccd=disabled; worker_count=4,windows_clang_cl_release,5,4,,,4,yes,,,,,,,,,,,300,1862.824400000,,,,,results/box-container-pile-10k/intel-core-i7-13700k/2026-10-05_0700_ddr5-4800_threads-1-2-3-4-5-6-8-10-12-14-16-24_r5/raw/box3d/t5/box3d_t5_raw.csv
2026-10-05_0700_ddr5-4800_threads-1-2-3-4-5-6-8-10-12-14-16-24_r5,box3d,9e5a4cde862fba95ff19f096b79567f3ea6c01fd,windows,windows_clang_cl_release,box_container_pile_10k,headless_api,5,step,300,30,1,10005,10005,0,0,median_ms_per_step,6.253361000,ms,lower_is_better,6.253361000,159.914004645,0,ok,ok,engine_runner_cli,work_unit_wall_sum_inline,5,open_container_falling_pile,1,substeps=4; sleep=disabled; ccd=disabled; worker_count=4,windows_clang_cl_release,5,4,,,4,yes,,,,,,,,,,,300,1876.008300000,,,,,results/box-container-pile-10k/intel-core-i7-13700k/2026-10-05_0700_ddr5-4800_threads-1-2-3-4-5-6-8-10-12-14-16-24_r5/raw/box3d/t5/box3d_t5_raw.csv
2026-10-05_0700_ddr5-4800_threads-1-2-3-4-5-6-8-10-12-14-16-24_r5,box3d,9e5a4cde862fba95ff19f096b79567f3ea6c01fd,windows,windows_clang_cl_release,box_container_pile_10k,headless_api,5,step,300,30,2,10005,10005,0,0,median_ms_per_step,6.146941000,ms,lower_is_better,6.146941000,162.682544049,0,ok,ok,engine_runner_cli,work_unit_wall_sum_inline,5,open_container_falling_pile,1,substeps=4; sleep=disabled; ccd=disabled; worker_count=4,windows_clang_cl_release,5,4,,,4,yes,,,,,,,,,,,300,1844.082300000,,,,,results/box-container-pile-10k/intel-core-i7-13700k/2026-10-05_0700_ddr5-4800_threads-1-2-3-4-5-6-8-10-12-14-16-24_r5/raw/box3d/t5/box3d_t5_raw.csv
2026-10-05_0700_ddr5-4800_threads-1-2-3-4-5-6-8-10-12-14-16-24_r5,box3d,9e5a4cde862fba95ff19f096b79567f3ea6c01fd,windows,windows_clang_cl_release,box_container_pile_10k,headless_api,5,step,300,30,3,10005,10005,0,0,median_ms_per_step,6.200696667,ms,lower_is_better,6.200696667,161.272201134,0,ok,ok,engine_runner_cli,work_unit_wall_sum_inline,5,open_container_falling_pile,1,substeps=4; sleep=disabled; ccd=disabled; worker_count=4,windows_clang_cl_release,5,4,,,4,yes,,,,,,,,,,,300,1860.209000000,,,,,results/box-container-pile-10k/intel-core-i7-13700k/2026-10-05_0700_ddr5-4800_threads-1-2-3-4-5-6-8-10-12-14-16-24_r5/raw/box3d/t5/box3d_t5_raw.csv
2026-10-05_0700_ddr5-4800_threads-1-2-3-4-5-6-8-10-12-14-16-24_r5,box3d,9e5a4cde862fba95ff19f096b79567f3ea6c01fd,windows,windows_clang_cl_release,box_container_pile_10k,headless_api,5,step,300,30,4,10005,10005,0,0,median_ms_per_step,6.217157667,ms,lower_is_better,6.217157667,160.845205095,0,ok,ok,engine_runner_cli,work_unit_wall_sum_inline,5,open_container_falling_pile,1,substeps=4; sleep=disabled; ccd=disabled; worker_count=4,windows_clang_cl_release,5,4,,,4,yes,,,,,,,,,,,300,1865.147300000,,,,,results/box-container-pile-10k/intel-core-i7-13700k/2026-10-05_0700_ddr5-4800_threads-1-2-3-4-5-6-8-10-12-14-16-24_r5/raw/box3d/t5/box3d_t5_raw.csv
2026-10-05_0700_ddr5-4800_threads-1-2-3-4-5-6-8-10-12-14-16-24_r5,box3d,9e5a4cde862fba95ff19f096b79567f3ea6c01fd,windows,windows_clang_cl_release,box_container_pile_10k,headless_api,6,step,300,30,0,10005,10005,0,0,median_ms_per_step,5.337340333,ms,lower_is_better,5.337340333,187.359234665,0,ok,ok,engine_runner_cli,work_unit_wall_sum_inline,6,open_container_falling_pile,1,substeps=4; sleep=disabled; ccd=disabled; worker_count=5,windows_clang_cl_release,6,5,,,5,yes,,,,,,,,,,,300,1601.202100000,,,,,results/box-container-pile-10k/intel-core-i7-13700k/2026-10-05_0700_ddr5-4800_threads-1-2-3-4-5-6-8-10-12-14-16-24_r5/raw/box3d/t6/box3d_t6_raw.csv
2026-10-05_0700_ddr5-4800_threads-1-2-3-4-5-6-8-10-12-14-16-24_r5,box3d,9e5a4cde862fba95ff19f096b79567f3ea6c01fd,windows,windows_clang_cl_release,box_container_pile_10k,headless_api,6,step,300,30,1,10005,10005,0,0,median_ms_per_step,5.379503000,ms,lower_is_better,5.379503000,185.890778386,0,ok,ok,engine_runner_cli,work_unit_wall_sum_inline,6,open_container_falling_pile,1,substeps=4; sleep=disabled; ccd=disabled; worker_count=5,windows_clang_cl_release,6,5,,,5,yes,,,,,,,,,,,300,1613.850900000,,,,,results/box-container-pile-10k/intel-core-i7-13700k/2026-10-05_0700_ddr5-4800_threads-1-2-3-4-5-6-8-10-12-14-16-24_r5/raw/box3d/t6/box3d_t6_raw.csv
2026-10-05_0700_ddr5-4800_threads-1-2-3-4-5-6-8-10-12-14-16-24_r5,box3d,9e5a4cde862fba95ff19f096b79567f3ea6c01fd,windows,windows_clang_cl_release,box_container_pile_10k,headless_api,6,step,300,30,2,10005,10005,0,0,median_ms_per_step,5.356943000,ms,lower_is_better,5.356943000,186.673630838,0,ok,ok,engine_runner_cli,work_unit_wall_sum_inline,6,open_container_falling_pile,1,substeps=4; sleep=disabled; ccd=disabled; worker_count=5,windows_clang_cl_release,6,5,,,5,yes,,,,,,,,,,,300,1607.082900000,,,,,results/box-container-pile-10k/intel-core-i7-13700k/2026-10-05_0700_ddr5-4800_threads-1-2-3-4-5-6-8-10-12-14-16-24_r5/raw/box3d/t6/box3d_t6_raw.csv
2026-10-05_0700_ddr5-4800_threads-1-2-3-4-5-6-8-10-12-14-16-24_r5,box3d,9e5a4cde862fba95ff19f096b79567f3ea6c01fd,windows,windows_clang_cl_release,box_container_pile_10k,headless_api,6,step,300,30,3,10005,10005,0,0,median_ms_per_step,5.327098333,ms,lower_is_better,5.327098333,187.719455776,0,ok,ok,engine_runner_cli,work_unit_wall_sum_inline,6,open_container_falling_pile,1,substeps=4; sleep=disabled; ccd=disabled; worker_count=5,windows_clang_cl_release,6,5,,,5,yes,,,,,,,,,,,300,1598.129500000,,,,,results/box-container-pile-10k/intel-core-i7-13700k/2026-10-05_0700_ddr5-4800_threads-1-2-3-4-5-6-8-10-12-14-16-24_r5/raw/box3d/t6/box3d_t6_raw.csv
2026-10-05_0700_ddr5-4800_threads-1-2-3-4-5-6-8-10-12-14-16-24_r5,box3d,9e5a4cde862fba95ff19f096b79567f3ea6c01fd,windows,windows_clang_cl_release,box_container_pile_10k,headless_api,6,step,300,30,4,10005,10005,0,0,median_ms_per_step,5.374259000,ms,lower_is_better,5.374259000,186.072163623,0,ok,ok,engine_runner_cli,work_unit_wall_sum_inline,6,open_container_falling_pile,1,substeps=4; sleep=disabled; ccd=disabled; worker_count=5,windows_clang_cl_release,6,5,,,5,yes,,,,,,,,,,,300,1612.277700000,,,,,results/box-container-pile-10k/intel-core-i7-13700k/2026-10-05_0700_ddr5-4800_threads-1-2-3-4-5-6-8-10-12-14-16-24_r5/raw/box3d/t6/box3d_t6_raw.csv
2026-10-05_0700_ddr5-4800_threads-1-2-3-4-5-6-8-10-12-14-16-24_r5,box3d,9e5a4cde862fba95ff19f096b79567f3ea6c01fd,windows,windows_clang_cl_release,box_container_pile_10k,headless_api,8,step,300,30,0,10005,10005,0,0,median_ms_per_step,4.267612000,ms,lower_is_better,4.267612000,234.323082792,0,ok,ok,engine_runner_cli,work_unit_wall_sum_inline,8,open_container_falling_pile,1,substeps=4; sleep=disabled; ccd=disabled; worker_count=7,windows_clang_cl_release,8,7,,,7,yes,,,,,,,,,,,300,1280.283600000,,,,,results/box-container-pile-10k/intel-core-i7-13700k/2026-10-05_0700_ddr5-4800_threads-1-2-3-4-5-6-8-10-12-14-16-24_r5/raw/box3d/t8/box3d_t8_raw.csv
2026-10-05_0700_ddr5-4800_threads-1-2-3-4-5-6-8-10-12-14-16-24_r5,box3d,9e5a4cde862fba95ff19f096b79567f3ea6c01fd,windows,windows_clang_cl_release,box_container_pile_10k,headless_api,8,step,300,30,1,10005,10005,0,0,median_ms_per_step,4.266716333,ms,lower_is_better,4.266716333,234.372271760,0,ok,ok,engine_runner_cli,work_unit_wall_sum_inline,8,open_container_falling_pile,1,substeps=4; sleep=disabled; ccd=disabled; worker_count=7,windows_clang_cl_release,8,7,,,7,yes,,,,,,,,,,,300,1280.014900000,,,,,results/box-container-pile-10k/intel-core-i7-13700k/2026-10-05_0700_ddr5-4800_threads-1-2-3-4-5-6-8-10-12-14-16-24_r5/raw/box3d/t8/box3d_t8_raw.csv
2026-10-05_0700_ddr5-4800_threads-1-2-3-4-5-6-8-10-12-14-16-24_r5,box3d,9e5a4cde862fba95ff19f096b79567f3ea6c01fd,windows,windows_clang_cl_release,box_container_pile_10k,headless_api,8,step,300,30,2,10005,10005,0,0,median_ms_per_step,4.382881000,ms,lower_is_better,4.382881000,228.160426897,0,ok,ok,engine_runner_cli,work_unit_wall_sum_inline,8,open_container_falling_pile,1,substeps=4; sleep=disabled; ccd=disabled; worker_count=7,windows_clang_cl_release,8,7,,,7,yes,,,,,,,,,,,300,1314.864300000,,,,,results/box-container-pile-10k/intel-core-i7-13700k/2026-10-05_0700_ddr5-4800_threads-1-2-3-4-5-6-8-10-12-14-16-24_r5/raw/box3d/t8/box3d_t8_raw.csv
2026-10-05_0700_ddr5-4800_threads-1-2-3-4-5-6-8-10-12-14-16-24_r5,box3d,9e5a4cde862fba95ff19f096b79567f3ea6c01fd,windows,windows_clang_cl_release,box_container_pile_10k,headless_api,8,step,300,30,3,10005,10005,0,0,median_ms_per_step,4.191412000,ms,lower_is_better,4.191412000,238.583083696,0,ok,ok,engine_runner_cli,work_unit_wall_sum_inline,8,open_container_falling_pile,1,substeps=4; sleep=disabled; ccd=disabled; worker_count=7,windows_clang_cl_release,8,7,,,7,yes,,,,,,,,,,,300,1257.423600000,,,,,results/box-container-pile-10k/intel-core-i7-13700k/2026-10-05_0700_ddr5-4800_threads-1-2-3-4-5-6-8-10-12-14-16-24_r5/raw/box3d/t8/box3d_t8_raw.csv
2026-10-05_0700_ddr5-4800_threads-1-2-3-4-5-6-8-10-12-14-16-24_r5,box3d,9e5a4cde862fba95ff19f096b79567f3ea6c01fd,windows,windows_clang_cl_release,box_container_pile_10k,headless_api,8,step,300,30,4,10005,10005,0,0,median_ms_per_step,4.229973333,ms,lower_is_better,4.229973333,236.408109744,0,ok,ok,engine_runner_cli,work_unit_wall_sum_inline,8,open_container_falling_pile,1,substeps=4; sleep=disabled; ccd=disabled; worker_count=7,windows_clang_cl_release,8,7,,,7,yes,,,,,,,,,,,300,1268.992000000,,,,,results/box-container-pile-10k/intel-core-i7-13700k/2026-10-05_0700_ddr5-4800_threads-1-2-3-4-5-6-8-10-12-14-16-24_r5/raw/box3d/t8/box3d_t8_raw.csv
2026-10-05_0700_ddr5-4800_threads-1-2-3-4-5-6-8-10-12-14-16-24_r5,box3d,9e5a4cde862fba95ff19f096b79567f3ea6c01fd,windows,windows_clang_cl_release,box_container_pile_10k,headless_api,10,step,300,30,0,10005,10005,0,0,median_ms_per_step,4.150679333,ms,lower_is_better,4.150679333,240.924417352,0,ok,ok,engine_runner_cli,work_unit_wall_sum_inline,10,open_container_falling_pile,1,substeps=4; sleep=disabled; ccd=disabled; worker_count=9,windows_clang_cl_release,10,9,,,9,yes,,,,,,,,,,,300,1245.203800000,,,,,results/box-container-pile-10k/intel-core-i7-13700k/2026-10-05_0700_ddr5-4800_threads-1-2-3-4-5-6-8-10-12-14-16-24_r5/raw/box3d/t10/box3d_t10_raw.csv
2026-10-05_0700_ddr5-4800_threads-1-2-3-4-5-6-8-10-12-14-16-24_r5,box3d,9e5a4cde862fba95ff19f096b79567f3ea6c01fd,windows,windows_clang_cl_release,box_container_pile_10k,headless_api,10,step,300,30,1,10005,10005,0,0,median_ms_per_step,4.132430667,ms,lower_is_better,4.132430667,241.988331000,0,ok,ok,engine_runner_cli,work_unit_wall_sum_inline,10,open_container_falling_pile,1,substeps=4; sleep=disabled; ccd=disabled; worker_count=9,windows_clang_cl_release,10,9,,,9,yes,,,,,,,,,,,300,1239.729200000,,,,,results/box-container-pile-10k/intel-core-i7-13700k/2026-10-05_0700_ddr5-4800_threads-1-2-3-4-5-6-8-10-12-14-16-24_r5/raw/box3d/t10/box3d_t10_raw.csv
2026-10-05_0700_ddr5-4800_threads-1-2-3-4-5-6-8-10-12-14-16-24_r5,box3d,9e5a4cde862fba95ff19f096b79567f3ea6c01fd,windows,windows_clang_cl_release,box_container_pile_10k,headless_api,10,step,300,30,2,10005,10005,0,0,median_ms_per_step,4.128932333,ms,lower_is_better,4.128932333,242.193361205,0,ok,ok,engine_runner_cli,work_unit_wall_sum_inline,10,open_container_falling_pile,1,substeps=4; sleep=disabled; ccd=disabled; worker_count=9,windows_clang_cl_release,10,9,,,9,yes,,,,,,,,,,,300,1238.679700000,,,,,results/box-container-pile-10k/intel-core-i7-13700k/2026-10-05_0700_ddr5-4800_threads-1-2-3-4-5-6-8-10-12-14-16-24_r5/raw/box3d/t10/box3d_t10_raw.csv
2026-10-05_0700_ddr5-4800_threads-1-2-3-4-5-6-8-10-12-14-16-24_r5,box3d,9e5a4cde862fba95ff19f096b79567f3ea6c01fd,windows,windows_clang_cl_release,box_container_pile_10k,headless_api,10,step,300,30,3,10005,10005,0,0,median_ms_per_step,4.107832667,ms,lower_is_better,4.107832667,243.437374680,0,ok,ok,engine_runner_cli,work_unit_wall_sum_inline,10,open_container_falling_pile,1,substeps=4; sleep=disabled; ccd=disabled; worker_count=9,windows_clang_cl_release,10,9,,,9,yes,,,,,,,,,,,300,1232.349800000,,,,,results/box-container-pile-10k/intel-core-i7-13700k/2026-10-05_0700_ddr5-4800_threads-1-2-3-4-5-6-8-10-12-14-16-24_r5/raw/box3d/t10/box3d_t10_raw.csv
2026-10-05_0700_ddr5-4800_threads-1-2-3-4-5-6-8-10-12-14-16-24_r5,box3d,9e5a4cde862fba95ff19f096b79567f3ea6c01fd,windows,windows_clang_cl_release,box_container_pile_10k,headless_api,10,step,300,30,4,10005,10005,0,0,median_ms_per_step,4.120847667,ms,lower_is_better,4.120847667,242.668518929,0,ok,ok,engine_runner_cli,work_unit_wall_sum_inline,10,open_container_falling_pile,1,substeps=4; sleep=disabled; ccd=disabled; worker_count=9,windows_clang_cl_release,10,9,,,9,yes,,,,,,,,,,,300,1236.254300000,,,,,results/box-container-pile-10k/intel-core-i7-13700k/2026-10-05_0700_ddr5-4800_threads-1-2-3-4-5-6-8-10-12-14-16-24_r5/raw/box3d/t10/box3d_t10_raw.csv
2026-10-05_0700_ddr5-4800_threads-1-2-3-4-5-6-8-10-12-14-16-24_r5,box3d,9e5a4cde862fba95ff19f096b79567f3ea6c01fd,windows,windows_clang_cl_release,box_container_pile_10k,headless_api,12,step,300,30,0,10005,10005,0,0,median_ms_per_step,3.879344333,ms,lower_is_better,3.879344333,257.775519282,0,ok,ok,engine_runner_cli,work_unit_wall_sum_inline,12,open_container_falling_pile,1,substeps=4; sleep=disabled; ccd=disabled; worker_count=11,windows_clang_cl_release,12,11,,,11,yes,,,,,,,,,,,300,1163.803300000,,,,,results/box-container-pile-10k/intel-core-i7-13700k/2026-10-05_0700_ddr5-4800_threads-1-2-3-4-5-6-8-10-12-14-16-24_r5/raw/box3d/t12/box3d_t12_raw.csv
2026-10-05_0700_ddr5-4800_threads-1-2-3-4-5-6-8-10-12-14-16-24_r5,box3d,9e5a4cde862fba95ff19f096b79567f3ea6c01fd,windows,windows_clang_cl_release,box_container_pile_10k,headless_api,12,step,300,30,1,10005,10005,0,0,median_ms_per_step,3.859327667,ms,lower_is_better,3.859327667,259.112489628,0,ok,ok,engine_runner_cli,work_unit_wall_sum_inline,12,open_container_falling_pile,1,substeps=4; sleep=disabled; ccd=disabled; worker_count=11,windows_clang_cl_release,12,11,,,11,yes,,,,,,,,,,,300,1157.798300000,,,,,results/box-container-pile-10k/intel-core-i7-13700k/2026-10-05_0700_ddr5-4800_threads-1-2-3-4-5-6-8-10-12-14-16-24_r5/raw/box3d/t12/box3d_t12_raw.csv
2026-10-05_0700_ddr5-4800_threads-1-2-3-4-5-6-8-10-12-14-16-24_r5,box3d,9e5a4cde862fba95ff19f096b79567f3ea6c01fd,windows,windows_clang_cl_release,box_container_pile_10k,headless_api,12,step,300,30,2,10005,10005,0,0,median_ms_per_step,3.873390000,ms,lower_is_better,3.873390000,258.171782341,0,ok,ok,engine_runner_cli,work_unit_wall_sum_inline,12,open_container_falling_pile,1,substeps=4; sleep=disabled; ccd=disabled; worker_count=11,windows_clang_cl_release,12,11,,,11,yes,,,,,,,,,,,300,1162.017000000,,,,,results/box-container-pile-10k/intel-core-i7-13700k/2026-10-05_0700_ddr5-4800_threads-1-2-3-4-5-6-8-10-12-14-16-24_r5/raw/box3d/t12/box3d_t12_raw.csv
2026-10-05_0700_ddr5-4800_threads-1-2-3-4-5-6-8-10-12-14-16-24_r5,box3d,9e5a4cde862fba95ff19f096b79567f3ea6c01fd,windows,windows_clang_cl_release,box_container_pile_10k,headless_api,12,step,300,30,3,10005,10005,0,0,median_ms_per_step,3.874018333,ms,lower_is_better,3.874018333,258.129909039,0,ok,ok,engine_runner_cli,work_unit_wall_sum_inline,12,open_container_falling_pile,1,substeps=4; sleep=disabled; ccd=disabled; worker_count=11,windows_clang_cl_release,12,11,,,11,yes,,,,,,,,,,,300,1162.205500000,,,,,results/box-container-pile-10k/intel-core-i7-13700k/2026-10-05_0700_ddr5-4800_threads-1-2-3-4-5-6-8-10-12-14-16-24_r5/raw/box3d/t12/box3d_t12_raw.csv
2026-10-05_0700_ddr5-4800_threads-1-2-3-4-5-6-8-10-12-14-16-24_r5,box3d,9e5a4cde862fba95ff19f096b79567f3ea6c01fd,windows,windows_clang_cl_release,box_container_pile_10k,headless_api,12,step,300,30,4,10005,10005,0,0,median_ms_per_step,3.892598333,ms,lower_is_better,3.892598333,256.897813329,0,ok,ok,engine_runner_cli,work_unit_wall_sum_inline,12,open_container_falling_pile,1,substeps=4; sleep=disabled; ccd=disabled; worker_count=11,windows_clang_cl_release,12,11,,,11,yes,,,,,,,,,,,300,1167.779500000,,,,,results/box-container-pile-10k/intel-core-i7-13700k/2026-10-05_0700_ddr5-4800_threads-1-2-3-4-5-6-8-10-12-14-16-24_r5/raw/box3d/t12/box3d_t12_raw.csv
2026-10-05_0700_ddr5-4800_threads-1-2-3-4-5-6-8-10-12-14-16-24_r5,box3d,9e5a4cde862fba95ff19f096b79567f3ea6c01fd,windows,windows_clang_cl_release,box_container_pile_10k,headless_api,14,step,300,30,0,10005,10005,0,0,median_ms_per_step,3.679718333,ms,lower_is_better,3.679718333,271.759930901,0,ok,ok,engine_runner_cli,work_unit_wall_sum_inline,14,open_container_falling_pile,1,substeps=4; sleep=disabled; ccd=disabled; worker_count=13,windows_clang_cl_release,14,13,,,13,yes,,,,,,,,,,,300,1103.915500000,,,,,results/box-container-pile-10k/intel-core-i7-13700k/2026-10-05_0700_ddr5-4800_threads-1-2-3-4-5-6-8-10-12-14-16-24_r5/raw/box3d/t14/box3d_t14_raw.csv
2026-10-05_0700_ddr5-4800_threads-1-2-3-4-5-6-8-10-12-14-16-24_r5,box3d,9e5a4cde862fba95ff19f096b79567f3ea6c01fd,windows,windows_clang_cl_release,box_container_pile_10k,headless_api,14,step,300,30,1,10005,10005,0,0,median_ms_per_step,3.690631000,ms,lower_is_better,3.690631000,270.956375753,0,ok,ok,engine_runner_cli,work_unit_wall_sum_inline,14,open_container_falling_pile,1,substeps=4; sleep=disabled; ccd=disabled; worker_count=13,windows_clang_cl_release,14,13,,,13,yes,,,,,,,,,,,300,1107.189300000,,,,,results/box-container-pile-10k/intel-core-i7-13700k/2026-10-05_0700_ddr5-4800_threads-1-2-3-4-5-6-8-10-12-14-16-24_r5/raw/box3d/t14/box3d_t14_raw.csv
2026-10-05_0700_ddr5-4800_threads-1-2-3-4-5-6-8-10-12-14-16-24_r5,box3d,9e5a4cde862fba95ff19f096b79567f3ea6c01fd,windows,windows_clang_cl_release,box_container_pile_10k,headless_api,14,step,300,30,2,10005,10005,0,0,median_ms_per_step,3.669272667,ms,lower_is_better,3.669272667,272.533575682,0,ok,ok,engine_runner_cli,work_unit_wall_sum_inline,14,open_container_falling_pile,1,substeps=4; sleep=disabled; ccd=disabled; worker_count=13,windows_clang_cl_release,14,13,,,13,yes,,,,,,,,,,,300,1100.781800000,,,,,results/box-container-pile-10k/intel-core-i7-13700k/2026-10-05_0700_ddr5-4800_threads-1-2-3-4-5-6-8-10-12-14-16-24_r5/raw/box3d/t14/box3d_t14_raw.csv
2026-10-05_0700_ddr5-4800_threads-1-2-3-4-5-6-8-10-12-14-16-24_r5,box3d,9e5a4cde862fba95ff19f096b79567f3ea6c01fd,windows,windows_clang_cl_release,box_container_pile_10k,headless_api,14,step,300,30,3,10005,10005,0,0,median_ms_per_step,3.711244333,ms,lower_is_better,3.711244333,269.451405023,0,ok,ok,engine_runner_cli,work_unit_wall_sum_inline,14,open_container_falling_pile,1,substeps=4; sleep=disabled; ccd=disabled; worker_count=13,windows_clang_cl_release,14,13,,,13,yes,,,,,,,,,,,300,1113.373300000,,,,,results/box-container-pile-10k/intel-core-i7-13700k/2026-10-05_0700_ddr5-4800_threads-1-2-3-4-5-6-8-10-12-14-16-24_r5/raw/box3d/t14/box3d_t14_raw.csv
2026-10-05_0700_ddr5-4800_threads-1-2-3-4-5-6-8-10-12-14-16-24_r5,box3d,9e5a4cde862fba95ff19f096b79567f3ea6c01fd,windows,windows_clang_cl_release,box_container_pile_10k,headless_api,14,step,300,30,4,10005,10005,0,0,median_ms_per_step,3.686997000,ms,lower_is_better,3.686997000,271.223437394,0,ok,ok,engine_runner_cli,work_unit_wall_sum_inline,14,open_container_falling_pile,1,substeps=4; sleep=disabled; ccd=disabled; worker_count=13,windows_clang_cl_release,14,13,,,13,yes,,,,,,,,,,,300,1106.099100000,,,,,results/box-container-pile-10k/intel-core-i7-13700k/2026-10-05_0700_ddr5-4800_threads-1-2-3-4-5-6-8-10-12-14-16-24_r5/raw/box3d/t14/box3d_t14_raw.csv
2026-10-05_0700_ddr5-4800_threads-1-2-3-4-5-6-8-10-12-14-16-24_r5,box3d,9e5a4cde862fba95ff19f096b79567f3ea6c01fd,windows,windows_clang_cl_release,box_container_pile_10k,headless_api,16,step,300,30,0,10005,10005,0,0,median_ms_per_step,3.596808000,ms,lower_is_better,3.596808000,278.024292651,0,ok,ok,engine_runner_cli,work_unit_wall_sum_inline,16,open_container_falling_pile,1,substeps=4; sleep=disabled; ccd=disabled; worker_count=15,windows_clang_cl_release,16,15,,,15,yes,,,,,,,,,,,300,1079.042400000,,,,,results/box-container-pile-10k/intel-core-i7-13700k/2026-10-05_0700_ddr5-4800_threads-1-2-3-4-5-6-8-10-12-14-16-24_r5/raw/box3d/t16/box3d_t16_raw.csv
2026-10-05_0700_ddr5-4800_threads-1-2-3-4-5-6-8-10-12-14-16-24_r5,box3d,9e5a4cde862fba95ff19f096b79567f3ea6c01fd,windows,windows_clang_cl_release,box_container_pile_10k,headless_api,16,step,300,30,1,10005,10005,0,0,median_ms_per_step,3.572454333,ms,lower_is_better,3.572454333,279.919603358,0,ok,ok,engine_runner_cli,work_unit_wall_sum_inline,16,open_container_falling_pile,1,substeps=4; sleep=disabled; ccd=disabled; worker_count=15,windows_clang_cl_release,16,15,,,15,yes,,,,,,,,,,,300,1071.736300000,,,,,results/box-container-pile-10k/intel-core-i7-13700k/2026-10-05_0700_ddr5-4800_threads-1-2-3-4-5-6-8-10-12-14-16-24_r5/raw/box3d/t16/box3d_t16_raw.csv
2026-10-05_0700_ddr5-4800_threads-1-2-3-4-5-6-8-10-12-14-16-24_r5,box3d,9e5a4cde862fba95ff19f096b79567f3ea6c01fd,windows,windows_clang_cl_release,box_container_pile_10k,headless_api,16,step,300,30,2,10005,10005,0,0,median_ms_per_step,3.616196667,ms,lower_is_better,3.616196667,276.533632481,0,ok,ok,engine_runner_cli,work_unit_wall_sum_inline,16,open_container_falling_pile,1,substeps=4; sleep=disabled; ccd=disabled; worker_count=15,windows_clang_cl_release,16,15,,,15,yes,,,,,,,,,,,300,1084.859000000,,,,,results/box-container-pile-10k/intel-core-i7-13700k/2026-10-05_0700_ddr5-4800_threads-1-2-3-4-5-6-8-10-12-14-16-24_r5/raw/box3d/t16/box3d_t16_raw.csv
2026-10-05_0700_ddr5-4800_threads-1-2-3-4-5-6-8-10-12-14-16-24_r5,box3d,9e5a4cde862fba95ff19f096b79567f3ea6c01fd,windows,windows_clang_cl_release,box_container_pile_10k,headless_api,16,step,300,30,3,10005,10005,0,0,median_ms_per_step,3.578077667,ms,lower_is_better,3.578077667,279.479679638,0,ok,ok,engine_runner_cli,work_unit_wall_sum_inline,16,open_container_falling_pile,1,substeps=4; sleep=disabled; ccd=disabled; worker_count=15,windows_clang_cl_release,16,15,,,15,yes,,,,,,,,,,,300,1073.423300000,,,,,results/box-container-pile-10k/intel-core-i7-13700k/2026-10-05_0700_ddr5-4800_threads-1-2-3-4-5-6-8-10-12-14-16-24_r5/raw/box3d/t16/box3d_t16_raw.csv
2026-10-05_0700_ddr5-4800_threads-1-2-3-4-5-6-8-10-12-14-16-24_r5,box3d,9e5a4cde862fba95ff19f096b79567f3ea6c01fd,windows,windows_clang_cl_release,box_container_pile_10k,headless_api,16,step,300,30,4,10005,10005,0,0,median_ms_per_step,3.571793000,ms,lower_is_better,3.571793000,279.971431715,0,ok,ok,engine_runner_cli,work_unit_wall_sum_inline,16,open_container_falling_pile,1,substeps=4; sleep=disabled; ccd=disabled; worker_count=15,windows_clang_cl_release,16,15,,,15,yes,,,,,,,,,,,300,1071.537900000,,,,,results/box-container-pile-10k/intel-core-i7-13700k/2026-10-05_0700_ddr5-4800_threads-1-2-3-4-5-6-8-10-12-14-16-24_r5/raw/box3d/t16/box3d_t16_raw.csv
2026-10-05_0700_ddr5-4800_threads-1-2-3-4-5-6-8-10-12-14-16-24_r5,box3d,9e5a4cde862fba95ff19f096b79567f3ea6c01fd,windows,windows_clang_cl_release,box_container_pile_10k,headless_api,24,step,300,30,0,10005,10005,0,0,median_ms_per_step,3.735828000,ms,lower_is_better,3.735828000,267.678276409,0,ok,ok,engine_runner_cli,work_unit_wall_sum_inline,24,open_container_falling_pile,1,substeps=4; sleep=disabled; ccd=disabled; worker_count=23,windows_clang_cl_release,24,23,,,23,yes,,,,,,,,,,,300,1120.748400000,,,,,results/box-container-pile-10k/intel-core-i7-13700k/2026-10-05_0700_ddr5-4800_threads-1-2-3-4-5-6-8-10-12-14-16-24_r5/raw/box3d/t24/box3d_t24_raw.csv
2026-10-05_0700_ddr5-4800_threads-1-2-3-4-5-6-8-10-12-14-16-24_r5,box3d,9e5a4cde862fba95ff19f096b79567f3ea6c01fd,windows,windows_clang_cl_release,box_container_pile_10k,headless_api,24,step,300,30,1,10005,10005,0,0,median_ms_per_step,3.747475000,ms,lower_is_better,3.747475000,266.846343204,0,ok,ok,engine_runner_cli,work_unit_wall_sum_inline,24,open_container_falling_pile,1,substeps=4; sleep=disabled; ccd=disabled; worker_count=23,windows_clang_cl_release,24,23,,,23,yes,,,,,,,,,,,300,1124.242500000,,,,,results/box-container-pile-10k/intel-core-i7-13700k/2026-10-05_0700_ddr5-4800_threads-1-2-3-4-5-6-8-10-12-14-16-24_r5/raw/box3d/t24/box3d_t24_raw.csv
2026-10-05_0700_ddr5-4800_threads-1-2-3-4-5-6-8-10-12-14-16-24_r5,box3d,9e5a4cde862fba95ff19f096b79567f3ea6c01fd,windows,windows_clang_cl_release,box_container_pile_10k,headless_api,24,step,300,30,2,10005,10005,0,0,median_ms_per_step,3.752632333,ms,lower_is_better,3.752632333,266.479609824,0,ok,ok,engine_runner_cli,work_unit_wall_sum_inline,24,open_container_falling_pile,1,substeps=4; sleep=disabled; ccd=disabled; worker_count=23,windows_clang_cl_release,24,23,,,23,yes,,,,,,,,,,,300,1125.789700000,,,,,results/box-container-pile-10k/intel-core-i7-13700k/2026-10-05_0700_ddr5-4800_threads-1-2-3-4-5-6-8-10-12-14-16-24_r5/raw/box3d/t24/box3d_t24_raw.csv
2026-10-05_0700_ddr5-4800_threads-1-2-3-4-5-6-8-10-12-14-16-24_r5,box3d,9e5a4cde862fba95ff19f096b79567f3ea6c01fd,windows,windows_clang_cl_release,box_container_pile_10k,headless_api,24,step,300,30,3,10005,10005,0,0,median_ms_per_step,3.781102333,ms,lower_is_better,3.781102333,264.473138213,0,ok,ok,engine_runner_cli,work_unit_wall_sum_inline,24,open_container_falling_pile,1,substeps=4; sleep=disabled; ccd=disabled; worker_count=23,windows_clang_cl_release,24,23,,,23,yes,,,,,,,,,,,300,1134.330700000,,,,,results/box-container-pile-10k/intel-core-i7-13700k/2026-10-05_0700_ddr5-4800_threads-1-2-3-4-5-6-8-10-12-14-16-24_r5/raw/box3d/t24/box3d_t24_raw.csv
2026-10-05_0700_ddr5-4800_threads-1-2-3-4-5-6-8-10-12-14-16-24_r5,box3d,9e5a4cde862fba95ff19f096b79567f3ea6c01fd,windows,windows_clang_cl_release,box_container_pile_10k,headless_api,24,step,300,30,4,10005,10005,0,0,median_ms_per_step,3.744075333,ms,lower_is_better,3.744075333,267.088642981,0,ok,ok,engine_runner_cli,work_unit_wall_sum_inline,24,open_container_falling_pile,1,substeps=4; sleep=disabled; ccd=disabled; worker_count=23,windows_clang_cl_release,24,23,,,23,yes,,,,,,,,,,,300,1123.222600000,,,,,results/box-container-pile-10k/intel-core-i7-13700k/2026-10-05_0700_ddr5-4800_threads-1-2-3-4-5-6-8-10-12-14-16-24_r5/raw/box3d/t24/box3d_t24_raw.csv
2026-10-05_0700_ddr5-4800_threads-1-2-3-4-5-6-8-10-12-14-16-24_r5,entasis,c380d34c57cf83e1cb481d712de4460d16c08774,windows,odin_dev_2026_09_windows_amd64_v3,box_container_pile_10k,headless_api,1,step,300,30,0,10005,10005,0,0,median_ms_per_step,12.623355333,ms,lower_is_better,12.623355333,79.218240602,0,ok,ok,engine_runner_cli,work_unit_wall_sum_inline,1,open_container_falling_pile,1,velocity_iterations=1; substeps=4; linear_damping=0; angular_damping=0; sleep=disabled; ccd=discrete; friction=0.5; restitution=0; worker_count=0,odin_dev_2026_09_windows_amd64_v3,1,0,,,0,yes,,,,,,,,,,,300,3787.006600000,,,,,results/box-container-pile-10k/intel-core-i7-13700k/2026-10-05_0700_ddr5-4800_threads-1-2-3-4-5-6-8-10-12-14-16-24_r5/raw/entasis/t1/entasis_t1_raw.csv
2026-10-05_0700_ddr5-4800_threads-1-2-3-4-5-6-8-10-12-14-16-24_r5,entasis,c380d34c57cf83e1cb481d712de4460d16c08774,windows,odin_dev_2026_09_windows_amd64_v3,box_container_pile_10k,headless_api,1,step,300,30,1,10005,10005,0,0,median_ms_per_step,12.486872667,ms,lower_is_better,12.486872667,80.084103257,0,ok,ok,engine_runner_cli,work_unit_wall_sum_inline,1,open_container_falling_pile,1,velocity_iterations=1; substeps=4; linear_damping=0; angular_damping=0; sleep=disabled; ccd=discrete; friction=0.5; restitution=0; worker_count=0,odin_dev_2026_09_windows_amd64_v3,1,0,,,0,yes,,,,,,,,,,,300,3746.061800000,,,,,results/box-container-pile-10k/intel-core-i7-13700k/2026-10-05_0700_ddr5-4800_threads-1-2-3-4-5-6-8-10-12-14-16-24_r5/raw/entasis/t1/entasis_t1_raw.csv
2026-10-05_0700_ddr5-4800_threads-1-2-3-4-5-6-8-10-12-14-16-24_r5,entasis,c380d34c57cf83e1cb481d712de4460d16c08774,windows,odin_dev_2026_09_windows_amd64_v3,box_container_pile_10k,headless_api,1,step,300,30,2,10005,10005,0,0,median_ms_per_step,12.689612000,ms,lower_is_better,12.689612000,78.804615933,0,ok,ok,engine_runner_cli,work_unit_wall_sum_inline,1,open_container_falling_pile,1,velocity_iterations=1; substeps=4; linear_damping=0; angular_damping=0; sleep=disabled; ccd=discrete; friction=0.5; restitution=0; worker_count=0,odin_dev_2026_09_windows_amd64_v3,1,0,,,0,yes,,,,,,,,,,,300,3806.883600000,,,,,results/box-container-pile-10k/intel-core-i7-13700k/2026-10-05_0700_ddr5-4800_threads-1-2-3-4-5-6-8-10-12-14-16-24_r5/raw/entasis/t1/entasis_t1_raw.csv
2026-10-05_0700_ddr5-4800_threads-1-2-3-4-5-6-8-10-12-14-16-24_r5,entasis,c380d34c57cf83e1cb481d712de4460d16c08774,windows,odin_dev_2026_09_windows_amd64_v3,box_container_pile_10k,headless_api,1,step,300,30,3,10005,10005,0,0,median_ms_per_step,12.565888333,ms,lower_is_better,12.565888333,79.580525743,0,ok,ok,engine_runner_cli,work_unit_wall_sum_inline,1,open_container_falling_pile,1,velocity_iterations=1; substeps=4; linear_damping=0; angular_damping=0; sleep=disabled; ccd=discrete; friction=0.5; restitution=0; worker_count=0,odin_dev_2026_09_windows_amd64_v3,1,0,,,0,yes,,,,,,,,,,,300,3769.766500000,,,,,results/box-container-pile-10k/intel-core-i7-13700k/2026-10-05_0700_ddr5-4800_threads-1-2-3-4-5-6-8-10-12-14-16-24_r5/raw/entasis/t1/entasis_t1_raw.csv
2026-10-05_0700_ddr5-4800_threads-1-2-3-4-5-6-8-10-12-14-16-24_r5,entasis,c380d34c57cf83e1cb481d712de4460d16c08774,windows,odin_dev_2026_09_windows_amd64_v3,box_container_pile_10k,headless_api,1,step,300,30,4,10005,10005,0,0,median_ms_per_step,12.213608333,ms,lower_is_better,12.213608333,81.875885709,0,ok,ok,engine_runner_cli,work_unit_wall_sum_inline,1,open_container_falling_pile,1,velocity_iterations=1; substeps=4; linear_damping=0; angular_damping=0; sleep=disabled; ccd=discrete; friction=0.5; restitution=0; worker_count=0,odin_dev_2026_09_windows_amd64_v3,1,0,,,0,yes,,,,,,,,,,,300,3664.082500000,,,,,results/box-container-pile-10k/intel-core-i7-13700k/2026-10-05_0700_ddr5-4800_threads-1-2-3-4-5-6-8-10-12-14-16-24_r5/raw/entasis/t1/entasis_t1_raw.csv
2026-10-05_0700_ddr5-4800_threads-1-2-3-4-5-6-8-10-12-14-16-24_r5,entasis,c380d34c57cf83e1cb481d712de4460d16c08774,windows,odin_dev_2026_09_windows_amd64_v3,box_container_pile_10k,headless_api,2,step,300,30,0,10005,10005,0,0,median_ms_per_step,7.944149000,ms,lower_is_better,7.944149000,125.878807157,0,ok,ok,engine_runner_cli,work_unit_wall_sum_inline,2,open_container_falling_pile,1,velocity_iterations=1; substeps=4; linear_damping=0; angular_damping=0; sleep=disabled; ccd=discrete; friction=0.5; restitution=0; worker_count=1,odin_dev_2026_09_windows_amd64_v3,2,1,,,1,yes,,,,,,,,,,,300,2383.244700000,,,,,results/box-container-pile-10k/intel-core-i7-13700k/2026-10-05_0700_ddr5-4800_threads-1-2-3-4-5-6-8-10-12-14-16-24_r5/raw/entasis/t2/entasis_t2_raw.csv
2026-10-05_0700_ddr5-4800_threads-1-2-3-4-5-6-8-10-12-14-16-24_r5,entasis,c380d34c57cf83e1cb481d712de4460d16c08774,windows,odin_dev_2026_09_windows_amd64_v3,box_container_pile_10k,headless_api,2,step,300,30,1,10005,10005,0,0,median_ms_per_step,7.887546667,ms,lower_is_better,7.887546667,126.782134200,0,ok,ok,engine_runner_cli,work_unit_wall_sum_inline,2,open_container_falling_pile,1,velocity_iterations=1; substeps=4; linear_damping=0; angular_damping=0; sleep=disabled; ccd=discrete; friction=0.5; restitution=0; worker_count=1,odin_dev_2026_09_windows_amd64_v3,2,1,,,1,yes,,,,,,,,,,,300,2366.264000000,,,,,results/box-container-pile-10k/intel-core-i7-13700k/2026-10-05_0700_ddr5-4800_threads-1-2-3-4-5-6-8-10-12-14-16-24_r5/raw/entasis/t2/entasis_t2_raw.csv
2026-10-05_0700_ddr5-4800_threads-1-2-3-4-5-6-8-10-12-14-16-24_r5,entasis,c380d34c57cf83e1cb481d712de4460d16c08774,windows,odin_dev_2026_09_windows_amd64_v3,box_container_pile_10k,headless_api,2,step,300,30,2,10005,10005,0,0,median_ms_per_step,7.729925667,ms,lower_is_better,7.729925667,129.367350104,0,ok,ok,engine_runner_cli,work_unit_wall_sum_inline,2,open_container_falling_pile,1,velocity_iterations=1; substeps=4; linear_damping=0; angular_damping=0; sleep=disabled; ccd=discrete; friction=0.5; restitution=0; worker_count=1,odin_dev_2026_09_windows_amd64_v3,2,1,,,1,yes,,,,,,,,,,,300,2318.977700000,,,,,results/box-container-pile-10k/intel-core-i7-13700k/2026-10-05_0700_ddr5-4800_threads-1-2-3-4-5-6-8-10-12-14-16-24_r5/raw/entasis/t2/entasis_t2_raw.csv
2026-10-05_0700_ddr5-4800_threads-1-2-3-4-5-6-8-10-12-14-16-24_r5,entasis,c380d34c57cf83e1cb481d712de4460d16c08774,windows,odin_dev_2026_09_windows_amd64_v3,box_container_pile_10k,headless_api,2,step,300,30,3,10005,10005,0,0,median_ms_per_step,7.612146333,ms,lower_is_better,7.612146333,131.368993213,0,ok,ok,engine_runner_cli,work_unit_wall_sum_inline,2,open_container_falling_pile,1,velocity_iterations=1; substeps=4; linear_damping=0; angular_damping=0; sleep=disabled; ccd=discrete; friction=0.5; restitution=0; worker_count=1,odin_dev_2026_09_windows_amd64_v3,2,1,,,1,yes,,,,,,,,,,,300,2283.643900000,,,,,results/box-container-pile-10k/intel-core-i7-13700k/2026-10-05_0700_ddr5-4800_threads-1-2-3-4-5-6-8-10-12-14-16-24_r5/raw/entasis/t2/entasis_t2_raw.csv
2026-10-05_0700_ddr5-4800_threads-1-2-3-4-5-6-8-10-12-14-16-24_r5,entasis,c380d34c57cf83e1cb481d712de4460d16c08774,windows,odin_dev_2026_09_windows_amd64_v3,box_container_pile_10k,headless_api,2,step,300,30,4,10005,10005,0,0,median_ms_per_step,7.760803000,ms,lower_is_better,7.760803000,128.852645789,0,ok,ok,engine_runner_cli,work_unit_wall_sum_inline,2,open_container_falling_pile,1,velocity_iterations=1; substeps=4; linear_damping=0; angular_damping=0; sleep=disabled; ccd=discrete; friction=0.5; restitution=0; worker_count=1,odin_dev_2026_09_windows_amd64_v3,2,1,,,1,yes,,,,,,,,,,,300,2328.240900000,,,,,results/box-container-pile-10k/intel-core-i7-13700k/2026-10-05_0700_ddr5-4800_threads-1-2-3-4-5-6-8-10-12-14-16-24_r5/raw/entasis/t2/entasis_t2_raw.csv
2026-10-05_0700_ddr5-4800_threads-1-2-3-4-5-6-8-10-12-14-16-24_r5,entasis,c380d34c57cf83e1cb481d712de4460d16c08774,windows,odin_dev_2026_09_windows_amd64_v3,box_container_pile_10k,headless_api,3,step,300,30,0,10005,10005,0,0,median_ms_per_step,5.868936333,ms,lower_is_better,5.868936333,170.388626355,0,ok,ok,engine_runner_cli,work_unit_wall_sum_inline,3,open_container_falling_pile,1,velocity_iterations=1; substeps=4; linear_damping=0; angular_damping=0; sleep=disabled; ccd=discrete; friction=0.5; restitution=0; worker_count=2,odin_dev_2026_09_windows_amd64_v3,3,2,,,2,yes,,,,,,,,,,,300,1760.680900000,,,,,results/box-container-pile-10k/intel-core-i7-13700k/2026-10-05_0700_ddr5-4800_threads-1-2-3-4-5-6-8-10-12-14-16-24_r5/raw/entasis/t3/entasis_t3_raw.csv
2026-10-05_0700_ddr5-4800_threads-1-2-3-4-5-6-8-10-12-14-16-24_r5,entasis,c380d34c57cf83e1cb481d712de4460d16c08774,windows,odin_dev_2026_09_windows_amd64_v3,box_container_pile_10k,headless_api,3,step,300,30,1,10005,10005,0,0,median_ms_per_step,5.911453333,ms,lower_is_better,5.911453333,169.163138675,0,ok,ok,engine_runner_cli,work_unit_wall_sum_inline,3,open_container_falling_pile,1,velocity_iterations=1; substeps=4; linear_damping=0; angular_damping=0; sleep=disabled; ccd=discrete; friction=0.5; restitution=0; worker_count=2,odin_dev_2026_09_windows_amd64_v3,3,2,,,2,yes,,,,,,,,,,,300,1773.436000000,,,,,results/box-container-pile-10k/intel-core-i7-13700k/2026-10-05_0700_ddr5-4800_threads-1-2-3-4-5-6-8-10-12-14-16-24_r5/raw/entasis/t3/entasis_t3_raw.csv
2026-10-05_0700_ddr5-4800_threads-1-2-3-4-5-6-8-10-12-14-16-24_r5,entasis,c380d34c57cf83e1cb481d712de4460d16c08774,windows,odin_dev_2026_09_windows_amd64_v3,box_container_pile_10k,headless_api,3,step,300,30,2,10005,10005,0,0,median_ms_per_step,5.867622000,ms,lower_is_better,5.867622000,170.426793001,0,ok,ok,engine_runner_cli,work_unit_wall_sum_inline,3,open_container_falling_pile,1,velocity_iterations=1; substeps=4; linear_damping=0; angular_damping=0; sleep=disabled; ccd=discrete; friction=0.5; restitution=0; worker_count=2,odin_dev_2026_09_windows_amd64_v3,3,2,,,2,yes,,,,,,,,,,,300,1760.286600000,,,,,results/box-container-pile-10k/intel-core-i7-13700k/2026-10-05_0700_ddr5-4800_threads-1-2-3-4-5-6-8-10-12-14-16-24_r5/raw/entasis/t3/entasis_t3_raw.csv
2026-10-05_0700_ddr5-4800_threads-1-2-3-4-5-6-8-10-12-14-16-24_r5,entasis,c380d34c57cf83e1cb481d712de4460d16c08774,windows,odin_dev_2026_09_windows_amd64_v3,box_container_pile_10k,headless_api,3,step,300,30,3,10005,10005,0,0,median_ms_per_step,5.944120000,ms,lower_is_better,5.944120000,168.233481154,0,ok,ok,engine_runner_cli,work_unit_wall_sum_inline,3,open_container_falling_pile,1,velocity_iterations=1; substeps=4; linear_damping=0; angular_damping=0; sleep=disabled; ccd=discrete; friction=0.5; restitution=0; worker_count=2,odin_dev_2026_09_windows_amd64_v3,3,2,,,2,yes,,,,,,,,,,,300,1783.236000000,,,,,results/box-container-pile-10k/intel-core-i7-13700k/2026-10-05_0700_ddr5-4800_threads-1-2-3-4-5-6-8-10-12-14-16-24_r5/raw/entasis/t3/entasis_t3_raw.csv
2026-10-05_0700_ddr5-4800_threads-1-2-3-4-5-6-8-10-12-14-16-24_r5,entasis,c380d34c57cf83e1cb481d712de4460d16c08774,windows,odin_dev_2026_09_windows_amd64_v3,box_container_pile_10k,headless_api,3,step,300,30,4,10005,10005,0,0,median_ms_per_step,5.766570333,ms,lower_is_better,5.766570333,173.413301529,0,ok,ok,engine_runner_cli,work_unit_wall_sum_inline,3,open_container_falling_pile,1,velocity_iterations=1; substeps=4; linear_damping=0; angular_damping=0; sleep=disabled; ccd=discrete; friction=0.5; restitution=0; worker_count=2,odin_dev_2026_09_windows_amd64_v3,3,2,,,2,yes,,,,,,,,,,,300,1729.971100000,,,,,results/box-container-pile-10k/intel-core-i7-13700k/2026-10-05_0700_ddr5-4800_threads-1-2-3-4-5-6-8-10-12-14-16-24_r5/raw/entasis/t3/entasis_t3_raw.csv
2026-10-05_0700_ddr5-4800_threads-1-2-3-4-5-6-8-10-12-14-16-24_r5,entasis,c380d34c57cf83e1cb481d712de4460d16c08774,windows,odin_dev_2026_09_windows_amd64_v3,box_container_pile_10k,headless_api,4,step,300,30,0,10005,10005,0,0,median_ms_per_step,4.964347000,ms,lower_is_better,4.964347000,201.436362124,0,ok,ok,engine_runner_cli,work_unit_wall_sum_inline,4,open_container_falling_pile,1,velocity_iterations=1; substeps=4; linear_damping=0; angular_damping=0; sleep=disabled; ccd=discrete; friction=0.5; restitution=0; worker_count=3,odin_dev_2026_09_windows_amd64_v3,4,3,,,3,yes,,,,,,,,,,,300,1489.304100000,,,,,results/box-container-pile-10k/intel-core-i7-13700k/2026-10-05_0700_ddr5-4800_threads-1-2-3-4-5-6-8-10-12-14-16-24_r5/raw/entasis/t4/entasis_t4_raw.csv
2026-10-05_0700_ddr5-4800_threads-1-2-3-4-5-6-8-10-12-14-16-24_r5,entasis,c380d34c57cf83e1cb481d712de4460d16c08774,windows,odin_dev_2026_09_windows_amd64_v3,box_container_pile_10k,headless_api,4,step,300,30,1,10005,10005,0,0,median_ms_per_step,5.007769000,ms,lower_is_better,5.007769000,199.689722110,0,ok,ok,engine_runner_cli,work_unit_wall_sum_inline,4,open_container_falling_pile,1,velocity_iterations=1; substeps=4; linear_damping=0; angular_damping=0; sleep=disabled; ccd=discrete; friction=0.5; restitution=0; worker_count=3,odin_dev_2026_09_windows_amd64_v3,4,3,,,3,yes,,,,,,,,,,,300,1502.330700000,,,,,results/box-container-pile-10k/intel-core-i7-13700k/2026-10-05_0700_ddr5-4800_threads-1-2-3-4-5-6-8-10-12-14-16-24_r5/raw/entasis/t4/entasis_t4_raw.csv
2026-10-05_0700_ddr5-4800_threads-1-2-3-4-5-6-8-10-12-14-16-24_r5,entasis,c380d34c57cf83e1cb481d712de4460d16c08774,windows,odin_dev_2026_09_windows_amd64_v3,box_container_pile_10k,headless_api,4,step,300,30,2,10005,10005,0,0,median_ms_per_step,5.106356333,ms,lower_is_better,5.106356333,195.834355208,0,ok,ok,engine_runner_cli,work_unit_wall_sum_inline,4,open_container_falling_pile,1,velocity_iterations=1; substeps=4; linear_damping=0; angular_damping=0; sleep=disabled; ccd=discrete; friction=0.5; restitution=0; worker_count=3,odin_dev_2026_09_windows_amd64_v3,4,3,,,3,yes,,,,,,,,,,,300,1531.906900000,,,,,results/box-container-pile-10k/intel-core-i7-13700k/2026-10-05_0700_ddr5-4800_threads-1-2-3-4-5-6-8-10-12-14-16-24_r5/raw/entasis/t4/entasis_t4_raw.csv
2026-10-05_0700_ddr5-4800_threads-1-2-3-4-5-6-8-10-12-14-16-24_r5,entasis,c380d34c57cf83e1cb481d712de4460d16c08774,windows,odin_dev_2026_09_windows_amd64_v3,box_container_pile_10k,headless_api,4,step,300,30,3,10005,10005,0,0,median_ms_per_step,5.159186333,ms,lower_is_better,5.159186333,193.829013994,0,ok,ok,engine_runner_cli,work_unit_wall_sum_inline,4,open_container_falling_pile,1,velocity_iterations=1; substeps=4; linear_damping=0; angular_damping=0; sleep=disabled; ccd=discrete; friction=0.5; restitution=0; worker_count=3,odin_dev_2026_09_windows_amd64_v3,4,3,,,3,yes,,,,,,,,,,,300,1547.755900000,,,,,results/box-container-pile-10k/intel-core-i7-13700k/2026-10-05_0700_ddr5-4800_threads-1-2-3-4-5-6-8-10-12-14-16-24_r5/raw/entasis/t4/entasis_t4_raw.csv
2026-10-05_0700_ddr5-4800_threads-1-2-3-4-5-6-8-10-12-14-16-24_r5,entasis,c380d34c57cf83e1cb481d712de4460d16c08774,windows,odin_dev_2026_09_windows_amd64_v3,box_container_pile_10k,headless_api,4,step,300,30,4,10005,10005,0,0,median_ms_per_step,5.174293333,ms,lower_is_better,5.174293333,193.263105815,0,ok,ok,engine_runner_cli,work_unit_wall_sum_inline,4,open_container_falling_pile,1,velocity_iterations=1; substeps=4; linear_damping=0; angular_damping=0; sleep=disabled; ccd=discrete; friction=0.5; restitution=0; worker_count=3,odin_dev_2026_09_windows_amd64_v3,4,3,,,3,yes,,,,,,,,,,,300,1552.288000000,,,,,results/box-container-pile-10k/intel-core-i7-13700k/2026-10-05_0700_ddr5-4800_threads-1-2-3-4-5-6-8-10-12-14-16-24_r5/raw/entasis/t4/entasis_t4_raw.csv
2026-10-05_0700_ddr5-4800_threads-1-2-3-4-5-6-8-10-12-14-16-24_r5,entasis,c380d34c57cf83e1cb481d712de4460d16c08774,windows,odin_dev_2026_09_windows_amd64_v3,box_container_pile_10k,headless_api,5,step,300,30,0,10005,10005,0,0,median_ms_per_step,4.588509000,ms,lower_is_better,4.588509000,217.935717245,0,ok,ok,engine_runner_cli,work_unit_wall_sum_inline,5,open_container_falling_pile,1,velocity_iterations=1; substeps=4; linear_damping=0; angular_damping=0; sleep=disabled; ccd=discrete; friction=0.5; restitution=0; worker_count=4,odin_dev_2026_09_windows_amd64_v3,5,4,,,4,yes,,,,,,,,,,,300,1376.552700000,,,,,results/box-container-pile-10k/intel-core-i7-13700k/2026-10-05_0700_ddr5-4800_threads-1-2-3-4-5-6-8-10-12-14-16-24_r5/raw/entasis/t5/entasis_t5_raw.csv
2026-10-05_0700_ddr5-4800_threads-1-2-3-4-5-6-8-10-12-14-16-24_r5,entasis,c380d34c57cf83e1cb481d712de4460d16c08774,windows,odin_dev_2026_09_windows_amd64_v3,box_container_pile_10k,headless_api,5,step,300,30,1,10005,10005,0,0,median_ms_per_step,4.482690333,ms,lower_is_better,4.482690333,223.080321334,0,ok,ok,engine_runner_cli,work_unit_wall_sum_inline,5,open_container_falling_pile,1,velocity_iterations=1; substeps=4; linear_damping=0; angular_damping=0; sleep=disabled; ccd=discrete; friction=0.5; restitution=0; worker_count=4,odin_dev_2026_09_windows_amd64_v3,5,4,,,4,yes,,,,,,,,,,,300,1344.807100000,,,,,results/box-container-pile-10k/intel-core-i7-13700k/2026-10-05_0700_ddr5-4800_threads-1-2-3-4-5-6-8-10-12-14-16-24_r5/raw/entasis/t5/entasis_t5_raw.csv
2026-10-05_0700_ddr5-4800_threads-1-2-3-4-5-6-8-10-12-14-16-24_r5,entasis,c380d34c57cf83e1cb481d712de4460d16c08774,windows,odin_dev_2026_09_windows_amd64_v3,box_container_pile_10k,headless_api,5,step,300,30,2,10005,10005,0,0,median_ms_per_step,4.607085667,ms,lower_is_better,4.607085667,217.056957989,0,ok,ok,engine_runner_cli,work_unit_wall_sum_inline,5,open_container_falling_pile,1,velocity_iterations=1; substeps=4; linear_damping=0; angular_damping=0; sleep=disabled; ccd=discrete; friction=0.5; restitution=0; worker_count=4,odin_dev_2026_09_windows_amd64_v3,5,4,,,4,yes,,,,,,,,,,,300,1382.125700000,,,,,results/box-container-pile-10k/intel-core-i7-13700k/2026-10-05_0700_ddr5-4800_threads-1-2-3-4-5-6-8-10-12-14-16-24_r5/raw/entasis/t5/entasis_t5_raw.csv
2026-10-05_0700_ddr5-4800_threads-1-2-3-4-5-6-8-10-12-14-16-24_r5,entasis,c380d34c57cf83e1cb481d712de4460d16c08774,windows,odin_dev_2026_09_windows_amd64_v3,box_container_pile_10k,headless_api,5,step,300,30,3,10005,10005,0,0,median_ms_per_step,4.442260000,ms,lower_is_better,4.442260000,225.110641880,0,ok,ok,engine_runner_cli,work_unit_wall_sum_inline,5,open_container_falling_pile,1,velocity_iterations=1; substeps=4; linear_damping=0; angular_damping=0; sleep=disabled; ccd=discrete; friction=0.5; restitution=0; worker_count=4,odin_dev_2026_09_windows_amd64_v3,5,4,,,4,yes,,,,,,,,,,,300,1332.678000000,,,,,results/box-container-pile-10k/intel-core-i7-13700k/2026-10-05_0700_ddr5-4800_threads-1-2-3-4-5-6-8-10-12-14-16-24_r5/raw/entasis/t5/entasis_t5_raw.csv
2026-10-05_0700_ddr5-4800_threads-1-2-3-4-5-6-8-10-12-14-16-24_r5,entasis,c380d34c57cf83e1cb481d712de4460d16c08774,windows,odin_dev_2026_09_windows_amd64_v3,box_container_pile_10k,headless_api,5,step,300,30,4,10005,10005,0,0,median_ms_per_step,4.514816000,ms,lower_is_better,4.514816000,221.492968927,0,ok,ok,engine_runner_cli,work_unit_wall_sum_inline,5,open_container_falling_pile,1,velocity_iterations=1; substeps=4; linear_damping=0; angular_damping=0; sleep=disabled; ccd=discrete; friction=0.5; restitution=0; worker_count=4,odin_dev_2026_09_windows_amd64_v3,5,4,,,4,yes,,,,,,,,,,,300,1354.444800000,,,,,results/box-container-pile-10k/intel-core-i7-13700k/2026-10-05_0700_ddr5-4800_threads-1-2-3-4-5-6-8-10-12-14-16-24_r5/raw/entasis/t5/entasis_t5_raw.csv
2026-10-05_0700_ddr5-4800_threads-1-2-3-4-5-6-8-10-12-14-16-24_r5,entasis,c380d34c57cf83e1cb481d712de4460d16c08774,windows,odin_dev_2026_09_windows_amd64_v3,box_container_pile_10k,headless_api,6,step,300,30,0,10005,10005,0,0,median_ms_per_step,4.125479000,ms,lower_is_better,4.125479000,242.396095096,0,ok,ok,engine_runner_cli,work_unit_wall_sum_inline,6,open_container_falling_pile,1,velocity_iterations=1; substeps=4; linear_damping=0; angular_damping=0; sleep=disabled; ccd=discrete; friction=0.5; restitution=0; worker_count=5,odin_dev_2026_09_windows_amd64_v3,6,5,,,5,yes,,,,,,,,,,,300,1237.643700000,,,,,results/box-container-pile-10k/intel-core-i7-13700k/2026-10-05_0700_ddr5-4800_threads-1-2-3-4-5-6-8-10-12-14-16-24_r5/raw/entasis/t6/entasis_t6_raw.csv
2026-10-05_0700_ddr5-4800_threads-1-2-3-4-5-6-8-10-12-14-16-24_r5,entasis,c380d34c57cf83e1cb481d712de4460d16c08774,windows,odin_dev_2026_09_windows_amd64_v3,box_container_pile_10k,headless_api,6,step,300,30,1,10005,10005,0,0,median_ms_per_step,4.154914333,ms,lower_is_better,4.154914333,240.678849135,0,ok,ok,engine_runner_cli,work_unit_wall_sum_inline,6,open_container_falling_pile,1,velocity_iterations=1; substeps=4; linear_damping=0; angular_damping=0; sleep=disabled; ccd=discrete; friction=0.5; restitution=0; worker_count=5,odin_dev_2026_09_windows_amd64_v3,6,5,,,5,yes,,,,,,,,,,,300,1246.474300000,,,,,results/box-container-pile-10k/intel-core-i7-13700k/2026-10-05_0700_ddr5-4800_threads-1-2-3-4-5-6-8-10-12-14-16-24_r5/raw/entasis/t6/entasis_t6_raw.csv
2026-10-05_0700_ddr5-4800_threads-1-2-3-4-5-6-8-10-12-14-16-24_r5,entasis,c380d34c57cf83e1cb481d712de4460d16c08774,windows,odin_dev_2026_09_windows_amd64_v3,box_container_pile_10k,headless_api,6,step,300,30,2,10005,10005,0,0,median_ms_per_step,4.041433000,ms,lower_is_better,4.041433000,247.436985841,0,ok,ok,engine_runner_cli,work_unit_wall_sum_inline,6,open_container_falling_pile,1,velocity_iterations=1; substeps=4; linear_damping=0; angular_damping=0; sleep=disabled; ccd=discrete; friction=0.5; restitution=0; worker_count=5,odin_dev_2026_09_windows_amd64_v3,6,5,,,5,yes,,,,,,,,,,,300,1212.429900000,,,,,results/box-container-pile-10k/intel-core-i7-13700k/2026-10-05_0700_ddr5-4800_threads-1-2-3-4-5-6-8-10-12-14-16-24_r5/raw/entasis/t6/entasis_t6_raw.csv
2026-10-05_0700_ddr5-4800_threads-1-2-3-4-5-6-8-10-12-14-16-24_r5,entasis,c380d34c57cf83e1cb481d712de4460d16c08774,windows,odin_dev_2026_09_windows_amd64_v3,box_container_pile_10k,headless_api,6,step,300,30,3,10005,10005,0,0,median_ms_per_step,3.934940667,ms,lower_is_better,3.934940667,254.133438014,0,ok,ok,engine_runner_cli,work_unit_wall_sum_inline,6,open_container_falling_pile,1,velocity_iterations=1; substeps=4; linear_damping=0; angular_damping=0; sleep=disabled; ccd=discrete; friction=0.5; restitution=0; worker_count=5,odin_dev_2026_09_windows_amd64_v3,6,5,,,5,yes,,,,,,,,,,,300,1180.482200000,,,,,results/box-container-pile-10k/intel-core-i7-13700k/2026-10-05_0700_ddr5-4800_threads-1-2-3-4-5-6-8-10-12-14-16-24_r5/raw/entasis/t6/entasis_t6_raw.csv
2026-10-05_0700_ddr5-4800_threads-1-2-3-4-5-6-8-10-12-14-16-24_r5,entasis,c380d34c57cf83e1cb481d712de4460d16c08774,windows,odin_dev_2026_09_windows_amd64_v3,box_container_pile_10k,headless_api,6,step,300,30,4,10005,10005,0,0,median_ms_per_step,4.057482000,ms,lower_is_better,4.057482000,246.458271411,0,ok,ok,engine_runner_cli,work_unit_wall_sum_inline,6,open_container_falling_pile,1,velocity_iterations=1; substeps=4; linear_damping=0; angular_damping=0; sleep=disabled; ccd=discrete; friction=0.5; restitution=0; worker_count=5,odin_dev_2026_09_windows_amd64_v3,6,5,,,5,yes,,,,,,,,,,,300,1217.244600000,,,,,results/box-container-pile-10k/intel-core-i7-13700k/2026-10-05_0700_ddr5-4800_threads-1-2-3-4-5-6-8-10-12-14-16-24_r5/raw/entasis/t6/entasis_t6_raw.csv
2026-10-05_0700_ddr5-4800_threads-1-2-3-4-5-6-8-10-12-14-16-24_r5,entasis,c380d34c57cf83e1cb481d712de4460d16c08774,windows,odin_dev_2026_09_windows_amd64_v3,box_container_pile_10k,headless_api,8,step,300,30,0,10005,10005,0,0,median_ms_per_step,3.398911000,ms,lower_is_better,3.398911000,294.211881394,0,ok,ok,engine_runner_cli,work_unit_wall_sum_inline,8,open_container_falling_pile,1,velocity_iterations=1; substeps=4; linear_damping=0; angular_damping=0; sleep=disabled; ccd=discrete; friction=0.5; restitution=0; worker_count=7,odin_dev_2026_09_windows_amd64_v3,8,7,,,7,yes,,,,,,,,,,,300,1019.673300000,,,,,results/box-container-pile-10k/intel-core-i7-13700k/2026-10-05_0700_ddr5-4800_threads-1-2-3-4-5-6-8-10-12-14-16-24_r5/raw/entasis/t8/entasis_t8_raw.csv
2026-10-05_0700_ddr5-4800_threads-1-2-3-4-5-6-8-10-12-14-16-24_r5,entasis,c380d34c57cf83e1cb481d712de4460d16c08774,windows,odin_dev_2026_09_windows_amd64_v3,box_container_pile_10k,headless_api,8,step,300,30,1,10005,10005,0,0,median_ms_per_step,3.431412333,ms,lower_is_better,3.431412333,291.425192562,0,ok,ok,engine_runner_cli,work_unit_wall_sum_inline,8,open_container_falling_pile,1,velocity_iterations=1; substeps=4; linear_damping=0; angular_damping=0; sleep=disabled; ccd=discrete; friction=0.5; restitution=0; worker_count=7,odin_dev_2026_09_windows_amd64_v3,8,7,,,7,yes,,,,,,,,,,,300,1029.423700000,,,,,results/box-container-pile-10k/intel-core-i7-13700k/2026-10-05_0700_ddr5-4800_threads-1-2-3-4-5-6-8-10-12-14-16-24_r5/raw/entasis/t8/entasis_t8_raw.csv
2026-10-05_0700_ddr5-4800_threads-1-2-3-4-5-6-8-10-12-14-16-24_r5,entasis,c380d34c57cf83e1cb481d712de4460d16c08774,windows,odin_dev_2026_09_windows_amd64_v3,box_container_pile_10k,headless_api,8,step,300,30,2,10005,10005,0,0,median_ms_per_step,3.354117667,ms,lower_is_better,3.354117667,298.141001414,0,ok,ok,engine_runner_cli,work_unit_wall_sum_inline,8,open_container_falling_pile,1,velocity_iterations=1; substeps=4; linear_damping=0; angular_damping=0; sleep=disabled; ccd=discrete; friction=0.5; restitution=0; worker_count=7,odin_dev_2026_09_windows_amd64_v3,8,7,,,7,yes,,,,,,,,,,,300,1006.235300000,,,,,results/box-container-pile-10k/intel-core-i7-13700k/2026-10-05_0700_ddr5-4800_threads-1-2-3-4-5-6-8-10-12-14-16-24_r5/raw/entasis/t8/entasis_t8_raw.csv
2026-10-05_0700_ddr5-4800_threads-1-2-3-4-5-6-8-10-12-14-16-24_r5,entasis,c380d34c57cf83e1cb481d712de4460d16c08774,windows,odin_dev_2026_09_windows_amd64_v3,box_container_pile_10k,headless_api,8,step,300,30,3,10005,10005,0,0,median_ms_per_step,3.328419667,ms,lower_is_better,3.328419667,300.442882854,0,ok,ok,engine_runner_cli,work_unit_wall_sum_inline,8,open_container_falling_pile,1,velocity_iterations=1; substeps=4; linear_damping=0; angular_damping=0; sleep=disabled; ccd=discrete; friction=0.5; restitution=0; worker_count=7,odin_dev_2026_09_windows_amd64_v3,8,7,,,7,yes,,,,,,,,,,,300,998.525900000,,,,,results/box-container-pile-10k/intel-core-i7-13700k/2026-10-05_0700_ddr5-4800_threads-1-2-3-4-5-6-8-10-12-14-16-24_r5/raw/entasis/t8/entasis_t8_raw.csv
2026-10-05_0700_ddr5-4800_threads-1-2-3-4-5-6-8-10-12-14-16-24_r5,entasis,c380d34c57cf83e1cb481d712de4460d16c08774,windows,odin_dev_2026_09_windows_amd64_v3,box_container_pile_10k,headless_api,8,step,300,30,4,10005,10005,0,0,median_ms_per_step,3.375821667,ms,lower_is_better,3.375821667,296.224178509,0,ok,ok,engine_runner_cli,work_unit_wall_sum_inline,8,open_container_falling_pile,1,velocity_iterations=1; substeps=4; linear_damping=0; angular_damping=0; sleep=disabled; ccd=discrete; friction=0.5; restitution=0; worker_count=7,odin_dev_2026_09_windows_amd64_v3,8,7,,,7,yes,,,,,,,,,,,300,1012.746500000,,,,,results/box-container-pile-10k/intel-core-i7-13700k/2026-10-05_0700_ddr5-4800_threads-1-2-3-4-5-6-8-10-12-14-16-24_r5/raw/entasis/t8/entasis_t8_raw.csv
2026-10-05_0700_ddr5-4800_threads-1-2-3-4-5-6-8-10-12-14-16-24_r5,entasis,c380d34c57cf83e1cb481d712de4460d16c08774,windows,odin_dev_2026_09_windows_amd64_v3,box_container_pile_10k,headless_api,10,step,300,30,0,10005,10005,0,0,median_ms_per_step,3.704721000,ms,lower_is_better,3.704721000,269.925859464,0,ok,ok,engine_runner_cli,work_unit_wall_sum_inline,10,open_container_falling_pile,1,velocity_iterations=1; substeps=4; linear_damping=0; angular_damping=0; sleep=disabled; ccd=discrete; friction=0.5; restitution=0; worker_count=9,odin_dev_2026_09_windows_amd64_v3,10,9,,,9,yes,,,,,,,,,,,300,1111.416300000,,,,,results/box-container-pile-10k/intel-core-i7-13700k/2026-10-05_0700_ddr5-4800_threads-1-2-3-4-5-6-8-10-12-14-16-24_r5/raw/entasis/t10/entasis_t10_raw.csv
2026-10-05_0700_ddr5-4800_threads-1-2-3-4-5-6-8-10-12-14-16-24_r5,entasis,c380d34c57cf83e1cb481d712de4460d16c08774,windows,odin_dev_2026_09_windows_amd64_v3,box_container_pile_10k,headless_api,10,step,300,30,1,10005,10005,0,0,median_ms_per_step,3.694893000,ms,lower_is_better,3.694893000,270.643831905,0,ok,ok,engine_runner_cli,work_unit_wall_sum_inline,10,open_container_falling_pile,1,velocity_iterations=1; substeps=4; linear_damping=0; angular_damping=0; sleep=disabled; ccd=discrete; friction=0.5; restitution=0; worker_count=9,odin_dev_2026_09_windows_amd64_v3,10,9,,,9,yes,,,,,,,,,,,300,1108.467900000,,,,,results/box-container-pile-10k/intel-core-i7-13700k/2026-10-05_0700_ddr5-4800_threads-1-2-3-4-5-6-8-10-12-14-16-24_r5/raw/entasis/t10/entasis_t10_raw.csv
2026-10-05_0700_ddr5-4800_threads-1-2-3-4-5-6-8-10-12-14-16-24_r5,entasis,c380d34c57cf83e1cb481d712de4460d16c08774,windows,odin_dev_2026_09_windows_amd64_v3,box_container_pile_10k,headless_api,10,step,300,30,2,10005,10005,0,0,median_ms_per_step,3.728379000,ms,lower_is_better,3.728379000,268.213075978,0,ok,ok,engine_runner_cli,work_unit_wall_sum_inline,10,open_container_falling_pile,1,velocity_iterations=1; substeps=4; linear_damping=0; angular_damping=0; sleep=disabled; ccd=discrete; friction=0.5; restitution=0; worker_count=9,odin_dev_2026_09_windows_amd64_v3,10,9,,,9,yes,,,,,,,,,,,300,1118.513700000,,,,,results/box-container-pile-10k/intel-core-i7-13700k/2026-10-05_0700_ddr5-4800_threads-1-2-3-4-5-6-8-10-12-14-16-24_r5/raw/entasis/t10/entasis_t10_raw.csv
2026-10-05_0700_ddr5-4800_threads-1-2-3-4-5-6-8-10-12-14-16-24_r5,entasis,c380d34c57cf83e1cb481d712de4460d16c08774,windows,odin_dev_2026_09_windows_amd64_v3,box_container_pile_10k,headless_api,10,step,300,30,3,10005,10005,0,0,median_ms_per_step,3.766012667,ms,lower_is_better,3.766012667,265.532829682,0,ok,ok,engine_runner_cli,work_unit_wall_sum_inline,10,open_container_falling_pile,1,velocity_iterations=1; substeps=4; linear_damping=0; angular_damping=0; sleep=disabled; ccd=discrete; friction=0.5; restitution=0; worker_count=9,odin_dev_2026_09_windows_amd64_v3,10,9,,,9,yes,,,,,,,,,,,300,1129.803800000,,,,,results/box-container-pile-10k/intel-core-i7-13700k/2026-10-05_0700_ddr5-4800_threads-1-2-3-4-5-6-8-10-12-14-16-24_r5/raw/entasis/t10/entasis_t10_raw.csv
2026-10-05_0700_ddr5-4800_threads-1-2-3-4-5-6-8-10-12-14-16-24_r5,entasis,c380d34c57cf83e1cb481d712de4460d16c08774,windows,odin_dev_2026_09_windows_amd64_v3,box_container_pile_10k,headless_api,10,step,300,30,4,10005,10005,0,0,median_ms_per_step,3.806865000,ms,lower_is_better,3.806865000,262.683336551,0,ok,ok,engine_runner_cli,work_unit_wall_sum_inline,10,open_container_falling_pile,1,velocity_iterations=1; substeps=4; linear_damping=0; angular_damping=0; sleep=disabled; ccd=discrete; friction=0.5; restitution=0; worker_count=9,odin_dev_2026_09_windows_amd64_v3,10,9,,,9,yes,,,,,,,,,,,300,1142.059500000,,,,,results/box-container-pile-10k/intel-core-i7-13700k/2026-10-05_0700_ddr5-4800_threads-1-2-3-4-5-6-8-10-12-14-16-24_r5/raw/entasis/t10/entasis_t10_raw.csv
2026-10-05_0700_ddr5-4800_threads-1-2-3-4-5-6-8-10-12-14-16-24_r5,entasis,c380d34c57cf83e1cb481d712de4460d16c08774,windows,odin_dev_2026_09_windows_amd64_v3,box_container_pile_10k,headless_api,12,step,300,30,0,10005,10005,0,0,median_ms_per_step,3.900632333,ms,lower_is_better,3.900632333,256.368689624,0,ok,ok,engine_runner_cli,work_unit_wall_sum_inline,12,open_container_falling_pile,1,velocity_iterations=1; substeps=4; linear_damping=0; angular_damping=0; sleep=disabled; ccd=discrete; friction=0.5; restitution=0; worker_count=11,odin_dev_2026_09_windows_amd64_v3,12,11,,,11,yes,,,,,,,,,,,300,1170.189700000,,,,,results/box-container-pile-10k/intel-core-i7-13700k/2026-10-05_0700_ddr5-4800_threads-1-2-3-4-5-6-8-10-12-14-16-24_r5/raw/entasis/t12/entasis_t12_raw.csv
2026-10-05_0700_ddr5-4800_threads-1-2-3-4-5-6-8-10-12-14-16-24_r5,entasis,c380d34c57cf83e1cb481d712de4460d16c08774,windows,odin_dev_2026_09_windows_amd64_v3,box_container_pile_10k,headless_api,12,step,300,30,1,10005,10005,0,0,median_ms_per_step,3.958867000,ms,lower_is_better,3.958867000,252.597523483,0,ok,ok,engine_runner_cli,work_unit_wall_sum_inline,12,open_container_falling_pile,1,velocity_iterations=1; substeps=4; linear_damping=0; angular_damping=0; sleep=disabled; ccd=discrete; friction=0.5; restitution=0; worker_count=11,odin_dev_2026_09_windows_amd64_v3,12,11,,,11,yes,,,,,,,,,,,300,1187.660100000,,,,,results/box-container-pile-10k/intel-core-i7-13700k/2026-10-05_0700_ddr5-4800_threads-1-2-3-4-5-6-8-10-12-14-16-24_r5/raw/entasis/t12/entasis_t12_raw.csv
2026-10-05_0700_ddr5-4800_threads-1-2-3-4-5-6-8-10-12-14-16-24_r5,entasis,c380d34c57cf83e1cb481d712de4460d16c08774,windows,odin_dev_2026_09_windows_amd64_v3,box_container_pile_10k,headless_api,12,step,300,30,2,10005,10005,0,0,median_ms_per_step,3.979622333,ms,lower_is_better,3.979622333,251.280125660,0,ok,ok,engine_runner_cli,work_unit_wall_sum_inline,12,open_container_falling_pile,1,velocity_iterations=1; substeps=4; linear_damping=0; angular_damping=0; sleep=disabled; ccd=discrete; friction=0.5; restitution=0; worker_count=11,odin_dev_2026_09_windows_amd64_v3,12,11,,,11,yes,,,,,,,,,,,300,1193.886700000,,,,,results/box-container-pile-10k/intel-core-i7-13700k/2026-10-05_0700_ddr5-4800_threads-1-2-3-4-5-6-8-10-12-14-16-24_r5/raw/entasis/t12/entasis_t12_raw.csv
2026-10-05_0700_ddr5-4800_threads-1-2-3-4-5-6-8-10-12-14-16-24_r5,entasis,c380d34c57cf83e1cb481d712de4460d16c08774,windows,odin_dev_2026_09_windows_amd64_v3,box_container_pile_10k,headless_api,12,step,300,30,3,10005,10005,0,0,median_ms_per_step,3.859139667,ms,lower_is_better,3.859139667,259.125112428,0,ok,ok,engine_runner_cli,work_unit_wall_sum_inline,12,open_container_falling_pile,1,velocity_iterations=1; substeps=4; linear_damping=0; angular_damping=0; sleep=disabled; ccd=discrete; friction=0.5; restitution=0; worker_count=11,odin_dev_2026_09_windows_amd64_v3,12,11,,,11,yes,,,,,,,,,,,300,1157.741900000,,,,,results/box-container-pile-10k/intel-core-i7-13700k/2026-10-05_0700_ddr5-4800_threads-1-2-3-4-5-6-8-10-12-14-16-24_r5/raw/entasis/t12/entasis_t12_raw.csv
2026-10-05_0700_ddr5-4800_threads-1-2-3-4-5-6-8-10-12-14-16-24_r5,entasis,c380d34c57cf83e1cb481d712de4460d16c08774,windows,odin_dev_2026_09_windows_amd64_v3,box_container_pile_10k,headless_api,12,step,300,30,4,10005,10005,0,0,median_ms_per_step,3.926904667,ms,lower_is_better,3.926904667,254.653495535,0,ok,ok,engine_runner_cli,work_unit_wall_sum_inline,12,open_container_falling_pile,1,velocity_iterations=1; substeps=4; linear_damping=0; angular_damping=0; sleep=disabled; ccd=discrete; friction=0.5; restitution=0; worker_count=11,odin_dev_2026_09_windows_amd64_v3,12,11,,,11,yes,,,,,,,,,,,300,1178.071400000,,,,,results/box-container-pile-10k/intel-core-i7-13700k/2026-10-05_0700_ddr5-4800_threads-1-2-3-4-5-6-8-10-12-14-16-24_r5/raw/entasis/t12/entasis_t12_raw.csv
2026-10-05_0700_ddr5-4800_threads-1-2-3-4-5-6-8-10-12-14-16-24_r5,entasis,c380d34c57cf83e1cb481d712de4460d16c08774,windows,odin_dev_2026_09_windows_amd64_v3,box_container_pile_10k,headless_api,14,step,300,30,0,10005,10005,0,0,median_ms_per_step,3.871387000,ms,lower_is_better,3.871387000,258.305356711,0,ok,ok,engine_runner_cli,work_unit_wall_sum_inline,14,open_container_falling_pile,1,velocity_iterations=1; substeps=4; linear_damping=0; angular_damping=0; sleep=disabled; ccd=discrete; friction=0.5; restitution=0; worker_count=13,odin_dev_2026_09_windows_amd64_v3,14,13,,,13,yes,,,,,,,,,,,300,1161.416100000,,,,,results/box-container-pile-10k/intel-core-i7-13700k/2026-10-05_0700_ddr5-4800_threads-1-2-3-4-5-6-8-10-12-14-16-24_r5/raw/entasis/t14/entasis_t14_raw.csv
2026-10-05_0700_ddr5-4800_threads-1-2-3-4-5-6-8-10-12-14-16-24_r5,entasis,c380d34c57cf83e1cb481d712de4460d16c08774,windows,odin_dev_2026_09_windows_amd64_v3,box_container_pile_10k,headless_api,14,step,300,30,1,10005,10005,0,0,median_ms_per_step,3.835966000,ms,lower_is_better,3.835966000,260.690527497,0,ok,ok,engine_runner_cli,work_unit_wall_sum_inline,14,open_container_falling_pile,1,velocity_iterations=1; substeps=4; linear_damping=0; angular_damping=0; sleep=disabled; ccd=discrete; friction=0.5; restitution=0; worker_count=13,odin_dev_2026_09_windows_amd64_v3,14,13,,,13,yes,,,,,,,,,,,300,1150.789800000,,,,,results/box-container-pile-10k/intel-core-i7-13700k/2026-10-05_0700_ddr5-4800_threads-1-2-3-4-5-6-8-10-12-14-16-24_r5/raw/entasis/t14/entasis_t14_raw.csv
2026-10-05_0700_ddr5-4800_threads-1-2-3-4-5-6-8-10-12-14-16-24_r5,entasis,c380d34c57cf83e1cb481d712de4460d16c08774,windows,odin_dev_2026_09_windows_amd64_v3,box_container_pile_10k,headless_api,14,step,300,30,2,10005,10005,0,0,median_ms_per_step,3.838035667,ms,lower_is_better,3.838035667,260.549949727,0,ok,ok,engine_runner_cli,work_unit_wall_sum_inline,14,open_container_falling_pile,1,velocity_iterations=1; substeps=4; linear_damping=0; angular_damping=0; sleep=disabled; ccd=discrete; friction=0.5; restitution=0; worker_count=13,odin_dev_2026_09_windows_amd64_v3,14,13,,,13,yes,,,,,,,,,,,300,1151.410700000,,,,,results/box-container-pile-10k/intel-core-i7-13700k/2026-10-05_0700_ddr5-4800_threads-1-2-3-4-5-6-8-10-12-14-16-24_r5/raw/entasis/t14/entasis_t14_raw.csv
2026-10-05_0700_ddr5-4800_threads-1-2-3-4-5-6-8-10-12-14-16-24_r5,entasis,c380d34c57cf83e1cb481d712de4460d16c08774,windows,odin_dev_2026_09_windows_amd64_v3,box_container_pile_10k,headless_api,14,step,300,30,3,10005,10005,0,0,median_ms_per_step,3.872332333,ms,lower_is_better,3.872332333,258.242297902,0,ok,ok,engine_runner_cli,work_unit_wall_sum_inline,14,open_container_falling_pile,1,velocity_iterations=1; substeps=4; linear_damping=0; angular_damping=0; sleep=disabled; ccd=discrete; friction=0.5; restitution=0; worker_count=13,odin_dev_2026_09_windows_amd64_v3,14,13,,,13,yes,,,,,,,,,,,300,1161.699700000,,,,,results/box-container-pile-10k/intel-core-i7-13700k/2026-10-05_0700_ddr5-4800_threads-1-2-3-4-5-6-8-10-12-14-16-24_r5/raw/entasis/t14/entasis_t14_raw.csv
2026-10-05_0700_ddr5-4800_threads-1-2-3-4-5-6-8-10-12-14-16-24_r5,entasis,c380d34c57cf83e1cb481d712de4460d16c08774,windows,odin_dev_2026_09_windows_amd64_v3,box_container_pile_10k,headless_api,14,step,300,30,4,10005,10005,0,0,median_ms_per_step,3.858453333,ms,lower_is_better,3.858453333,259.171205042,0,ok,ok,engine_runner_cli,work_unit_wall_sum_inline,14,open_container_falling_pile,1,velocity_iterations=1; substeps=4; linear_damping=0; angular_damping=0; sleep=disabled; ccd=discrete; friction=0.5; restitution=0; worker_count=13,odin_dev_2026_09_windows_amd64_v3,14,13,,,13,yes,,,,,,,,,,,300,1157.536000000,,,,,results/box-container-pile-10k/intel-core-i7-13700k/2026-10-05_0700_ddr5-4800_threads-1-2-3-4-5-6-8-10-12-14-16-24_r5/raw/entasis/t14/entasis_t14_raw.csv
2026-10-05_0700_ddr5-4800_threads-1-2-3-4-5-6-8-10-12-14-16-24_r5,entasis,c380d34c57cf83e1cb481d712de4460d16c08774,windows,odin_dev_2026_09_windows_amd64_v3,box_container_pile_10k,headless_api,16,step,300,30,0,10005,10005,0,0,median_ms_per_step,3.707455333,ms,lower_is_better,3.707455333,269.726782952,0,ok,ok,engine_runner_cli,work_unit_wall_sum_inline,16,open_container_falling_pile,1,velocity_iterations=1; substeps=4; linear_damping=0; angular_damping=0; sleep=disabled; ccd=discrete; friction=0.5; restitution=0; worker_count=15,odin_dev_2026_09_windows_amd64_v3,16,15,,,15,yes,,,,,,,,,,,300,1112.236600000,,,,,results/box-container-pile-10k/intel-core-i7-13700k/2026-10-05_0700_ddr5-4800_threads-1-2-3-4-5-6-8-10-12-14-16-24_r5/raw/entasis/t16/entasis_t16_raw.csv
2026-10-05_0700_ddr5-4800_threads-1-2-3-4-5-6-8-10-12-14-16-24_r5,entasis,c380d34c57cf83e1cb481d712de4460d16c08774,windows,odin_dev_2026_09_windows_amd64_v3,box_container_pile_10k,headless_api,16,step,300,30,1,10005,10005,0,0,median_ms_per_step,3.678005333,ms,lower_is_better,3.678005333,271.886500799,0,ok,ok,engine_runner_cli,work_unit_wall_sum_inline,16,open_container_falling_pile,1,velocity_iterations=1; substeps=4; linear_damping=0; angular_damping=0; sleep=disabled; ccd=discrete; friction=0.5; restitution=0; worker_count=15,odin_dev_2026_09_windows_amd64_v3,16,15,,,15,yes,,,,,,,,,,,300,1103.401600000,,,,,results/box-container-pile-10k/intel-core-i7-13700k/2026-10-05_0700_ddr5-4800_threads-1-2-3-4-5-6-8-10-12-14-16-24_r5/raw/entasis/t16/entasis_t16_raw.csv
2026-10-05_0700_ddr5-4800_threads-1-2-3-4-5-6-8-10-12-14-16-24_r5,entasis,c380d34c57cf83e1cb481d712de4460d16c08774,windows,odin_dev_2026_09_windows_amd64_v3,box_container_pile_10k,headless_api,16,step,300,30,2,10005,10005,0,0,median_ms_per_step,3.694443333,ms,lower_is_better,3.694443333,270.676773136,0,ok,ok,engine_runner_cli,work_unit_wall_sum_inline,16,open_container_falling_pile,1,velocity_iterations=1; substeps=4; linear_damping=0; angular_damping=0; sleep=disabled; ccd=discrete; friction=0.5; restitution=0; worker_count=15,odin_dev_2026_09_windows_amd64_v3,16,15,,,15,yes,,,,,,,,,,,300,1108.333000000,,,,,results/box-container-pile-10k/intel-core-i7-13700k/2026-10-05_0700_ddr5-4800_threads-1-2-3-4-5-6-8-10-12-14-16-24_r5/raw/entasis/t16/entasis_t16_raw.csv
2026-10-05_0700_ddr5-4800_threads-1-2-3-4-5-6-8-10-12-14-16-24_r5,entasis,c380d34c57cf83e1cb481d712de4460d16c08774,windows,odin_dev_2026_09_windows_amd64_v3,box_container_pile_10k,headless_api,16,step,300,30,3,10005,10005,0,0,median_ms_per_step,3.808573667,ms,lower_is_better,3.808573667,262.565487115,0,ok,ok,engine_runner_cli,work_unit_wall_sum_inline,16,open_container_falling_pile,1,velocity_iterations=1; substeps=4; linear_damping=0; angular_damping=0; sleep=disabled; ccd=discrete; friction=0.5; restitution=0; worker_count=15,odin_dev_2026_09_windows_amd64_v3,16,15,,,15,yes,,,,,,,,,,,300,1142.572100000,,,,,results/box-container-pile-10k/intel-core-i7-13700k/2026-10-05_0700_ddr5-4800_threads-1-2-3-4-5-6-8-10-12-14-16-24_r5/raw/entasis/t16/entasis_t16_raw.csv
2026-10-05_0700_ddr5-4800_threads-1-2-3-4-5-6-8-10-12-14-16-24_r5,entasis,c380d34c57cf83e1cb481d712de4460d16c08774,windows,odin_dev_2026_09_windows_amd64_v3,box_container_pile_10k,headless_api,16,step,300,30,4,10005,10005,0,0,median_ms_per_step,3.719683000,ms,lower_is_better,3.719683000,268.840113526,0,ok,ok,engine_runner_cli,work_unit_wall_sum_inline,16,open_container_falling_pile,1,velocity_iterations=1; substeps=4; linear_damping=0; angular_damping=0; sleep=disabled; ccd=discrete; friction=0.5; restitution=0; worker_count=15,odin_dev_2026_09_windows_amd64_v3,16,15,,,15,yes,,,,,,,,,,,300,1115.904900000,,,,,results/box-container-pile-10k/intel-core-i7-13700k/2026-10-05_0700_ddr5-4800_threads-1-2-3-4-5-6-8-10-12-14-16-24_r5/raw/entasis/t16/entasis_t16_raw.csv
2026-10-05_0700_ddr5-4800_threads-1-2-3-4-5-6-8-10-12-14-16-24_r5,entasis,c380d34c57cf83e1cb481d712de4460d16c08774,windows,odin_dev_2026_09_windows_amd64_v3,box_container_pile_10k,headless_api,24,step,300,30,0,10005,10005,0,0,median_ms_per_step,3.313113333,ms,lower_is_better,3.313113333,301.830906277,0,ok,ok,engine_runner_cli,work_unit_wall_sum_inline,24,open_container_falling_pile,1,velocity_iterations=1; substeps=4; linear_damping=0; angular_damping=0; sleep=disabled; ccd=discrete; friction=0.5; restitution=0; worker_count=23,odin_dev_2026_09_windows_amd64_v3,24,23,,,23,yes,,,,,,,,,,,300,993.934000000,,,,,results/box-container-pile-10k/intel-core-i7-13700k/2026-10-05_0700_ddr5-4800_threads-1-2-3-4-5-6-8-10-12-14-16-24_r5/raw/entasis/t24/entasis_t24_raw.csv
2026-10-05_0700_ddr5-4800_threads-1-2-3-4-5-6-8-10-12-14-16-24_r5,entasis,c380d34c57cf83e1cb481d712de4460d16c08774,windows,odin_dev_2026_09_windows_amd64_v3,box_container_pile_10k,headless_api,24,step,300,30,1,10005,10005,0,0,median_ms_per_step,3.284662000,ms,lower_is_better,3.284662000,304.445328012,0,ok,ok,engine_runner_cli,work_unit_wall_sum_inline,24,open_container_falling_pile,1,velocity_iterations=1; substeps=4; linear_damping=0; angular_damping=0; sleep=disabled; ccd=discrete; friction=0.5; restitution=0; worker_count=23,odin_dev_2026_09_windows_amd64_v3,24,23,,,23,yes,,,,,,,,,,,300,985.398600000,,,,,results/box-container-pile-10k/intel-core-i7-13700k/2026-10-05_0700_ddr5-4800_threads-1-2-3-4-5-6-8-10-12-14-16-24_r5/raw/entasis/t24/entasis_t24_raw.csv
2026-10-05_0700_ddr5-4800_threads-1-2-3-4-5-6-8-10-12-14-16-24_r5,entasis,c380d34c57cf83e1cb481d712de4460d16c08774,windows,odin_dev_2026_09_windows_amd64_v3,box_container_pile_10k,headless_api,24,step,300,30,2,10005,10005,0,0,median_ms_per_step,3.299330667,ms,lower_is_better,3.299330667,303.091778615,0,ok,ok,engine_runner_cli,work_unit_wall_sum_inline,24,open_container_falling_pile,1,velocity_iterations=1; substeps=4; linear_damping=0; angular_damping=0; sleep=disabled; ccd=discrete; friction=0.5; restitution=0; worker_count=23,odin_dev_2026_09_windows_amd64_v3,24,23,,,23,yes,,,,,,,,,,,300,989.799200000,,,,,results/box-container-pile-10k/intel-core-i7-13700k/2026-10-05_0700_ddr5-4800_threads-1-2-3-4-5-6-8-10-12-14-16-24_r5/raw/entasis/t24/entasis_t24_raw.csv
2026-10-05_0700_ddr5-4800_threads-1-2-3-4-5-6-8-10-12-14-16-24_r5,entasis,c380d34c57cf83e1cb481d712de4460d16c08774,windows,odin_dev_2026_09_windows_amd64_v3,box_container_pile_10k,headless_api,24,step,300,30,3,10005,10005,0,0,median_ms_per_step,3.302652667,ms,lower_is_better,3.302652667,302.786911289,0,ok,ok,engine_runner_cli,work_unit_wall_sum_inline,24,open_container_falling_pile,1,velocity_iterations=1; substeps=4; linear_damping=0; angular_damping=0; sleep=disabled; ccd=discrete; friction=0.5; restitution=0; worker_count=23,odin_dev_2026_09_windows_amd64_v3,24,23,,,23,yes,,,,,,,,,,,300,990.795800000,,,,,results/box-container-pile-10k/intel-core-i7-13700k/2026-10-05_0700_ddr5-4800_threads-1-2-3-4-5-6-8-10-12-14-16-24_r5/raw/entasis/t24/entasis_t24_raw.csv
2026-10-05_0700_ddr5-4800_threads-1-2-3-4-5-6-8-10-12-14-16-24_r5,entasis,c380d34c57cf83e1cb481d712de4460d16c08774,windows,odin_dev_2026_09_windows_amd64_v3,box_container_pile_10k,headless_api,24,step,300,30,4,10005,10005,0,0,median_ms_per_step,3.307941000,ms,lower_is_better,3.307941000,302.302852439,0,ok,ok,engine_runner_cli,work_unit_wall_sum_inline,24,open_container_falling_pile,1,velocity_iterations=1; substeps=4; linear_damping=0; angular_damping=0; sleep=disabled; ccd=discrete; friction=0.5; restitution=0; worker_count=23,odin_dev_2026_09_windows_amd64_v3,24,23,,,23,yes,,,,,,,,,,,300,992.382300000,,,,,results/box-container-pile-10k/intel-core-i7-13700k/2026-10-05_0700_ddr5-4800_threads-1-2-3-4-5-6-8-10-12-14-16-24_r5/raw/entasis/t24/entasis_t24_raw.csv
2026-10-05_0700_ddr5-4800_threads-1-2-3-4-5-6-8-10-12-14-16-24_r5,joltphysics,82b24442917ba8d9ced3582c2f2d8a49f4c969f6,windows,windows_clang_cl_distribution,box_container_pile_10k,headless_api,1,step,300,30,0,10005,10005,0,0,median_ms_per_step,53.065755667,ms,lower_is_better,53.065755667,18.844544611,0,ok,ok,engine_runner_cli,work_unit_wall_sum_inline,1,open_container_falling_pile,1,velocity_iterations=4; position_iterations=1; collision_steps=1; sleep=disabled; ccd=disabled; linear_damping=0.05; angular_damping=0.05; worker_count=0,windows_clang_cl_distribution,1,0,,,0,yes,,,,,,,,,,,300,15919.726700000,,,,,results/box-container-pile-10k/intel-core-i7-13700k/2026-10-05_0700_ddr5-4800_threads-1-2-3-4-5-6-8-10-12-14-16-24_r5/raw/joltphysics/t1/joltphysics_t1_raw.csv
2026-10-05_0700_ddr5-4800_threads-1-2-3-4-5-6-8-10-12-14-16-24_r5,joltphysics,82b24442917ba8d9ced3582c2f2d8a49f4c969f6,windows,windows_clang_cl_distribution,box_container_pile_10k,headless_api,1,step,300,30,1,10005,10005,0,0,median_ms_per_step,52.189467333,ms,lower_is_better,52.189467333,19.160954328,0,ok,ok,engine_runner_cli,work_unit_wall_sum_inline,1,open_container_falling_pile,1,velocity_iterations=4; position_iterations=1; collision_steps=1; sleep=disabled; ccd=disabled; linear_damping=0.05; angular_damping=0.05; worker_count=0,windows_clang_cl_distribution,1,0,,,0,yes,,,,,,,,,,,300,15656.840200000,,,,,results/box-container-pile-10k/intel-core-i7-13700k/2026-10-05_0700_ddr5-4800_threads-1-2-3-4-5-6-8-10-12-14-16-24_r5/raw/joltphysics/t1/joltphysics_t1_raw.csv
2026-10-05_0700_ddr5-4800_threads-1-2-3-4-5-6-8-10-12-14-16-24_r5,joltphysics,82b24442917ba8d9ced3582c2f2d8a49f4c969f6,windows,windows_clang_cl_distribution,box_container_pile_10k,headless_api,1,step,300,30,2,10005,10005,0,0,median_ms_per_step,52.147598000,ms,lower_is_better,52.147598000,19.176338669,0,ok,ok,engine_runner_cli,work_unit_wall_sum_inline,1,open_container_falling_pile,1,velocity_iterations=4; position_iterations=1; collision_steps=1; sleep=disabled; ccd=disabled; linear_damping=0.05; angular_damping=0.05; worker_count=0,windows_clang_cl_distribution,1,0,,,0,yes,,,,,,,,,,,300,15644.279400000,,,,,results/box-container-pile-10k/intel-core-i7-13700k/2026-10-05_0700_ddr5-4800_threads-1-2-3-4-5-6-8-10-12-14-16-24_r5/raw/joltphysics/t1/joltphysics_t1_raw.csv
2026-10-05_0700_ddr5-4800_threads-1-2-3-4-5-6-8-10-12-14-16-24_r5,joltphysics,82b24442917ba8d9ced3582c2f2d8a49f4c969f6,windows,windows_clang_cl_distribution,box_container_pile_10k,headless_api,1,step,300,30,3,10005,10005,0,0,median_ms_per_step,54.395586667,ms,lower_is_better,54.395586667,18.383844376,0,ok,ok,engine_runner_cli,work_unit_wall_sum_inline,1,open_container_falling_pile,1,velocity_iterations=4; position_iterations=1; collision_steps=1; sleep=disabled; ccd=disabled; linear_damping=0.05; angular_damping=0.05; worker_count=0,windows_clang_cl_distribution,1,0,,,0,yes,,,,,,,,,,,300,16318.676000000,,,,,results/box-container-pile-10k/intel-core-i7-13700k/2026-10-05_0700_ddr5-4800_threads-1-2-3-4-5-6-8-10-12-14-16-24_r5/raw/joltphysics/t1/joltphysics_t1_raw.csv
2026-10-05_0700_ddr5-4800_threads-1-2-3-4-5-6-8-10-12-14-16-24_r5,joltphysics,82b24442917ba8d9ced3582c2f2d8a49f4c969f6,windows,windows_clang_cl_distribution,box_container_pile_10k,headless_api,1,step,300,30,4,10005,10005,0,0,median_ms_per_step,52.452115000,ms,lower_is_better,52.452115000,19.065008151,0,ok,ok,engine_runner_cli,work_unit_wall_sum_inline,1,open_container_falling_pile,1,velocity_iterations=4; position_iterations=1; collision_steps=1; sleep=disabled; ccd=disabled; linear_damping=0.05; angular_damping=0.05; worker_count=0,windows_clang_cl_distribution,1,0,,,0,yes,,,,,,,,,,,300,15735.634500000,,,,,results/box-container-pile-10k/intel-core-i7-13700k/2026-10-05_0700_ddr5-4800_threads-1-2-3-4-5-6-8-10-12-14-16-24_r5/raw/joltphysics/t1/joltphysics_t1_raw.csv
2026-10-05_0700_ddr5-4800_threads-1-2-3-4-5-6-8-10-12-14-16-24_r5,joltphysics,82b24442917ba8d9ced3582c2f2d8a49f4c969f6,windows,windows_clang_cl_distribution,box_container_pile_10k,headless_api,2,step,300,30,0,10005,10005,0,0,median_ms_per_step,29.385551333,ms,lower_is_better,29.385551333,34.030329690,0,ok,ok,engine_runner_cli,work_unit_wall_sum_inline,2,open_container_falling_pile,1,velocity_iterations=4; position_iterations=1; collision_steps=1; sleep=disabled; ccd=disabled; linear_damping=0.05; angular_damping=0.05; worker_count=1,windows_clang_cl_distribution,2,1,,,1,yes,,,,,,,,,,,300,8815.665400000,,,,,results/box-container-pile-10k/intel-core-i7-13700k/2026-10-05_0700_ddr5-4800_threads-1-2-3-4-5-6-8-10-12-14-16-24_r5/raw/joltphysics/t2/joltphysics_t2_raw.csv
2026-10-05_0700_ddr5-4800_threads-1-2-3-4-5-6-8-10-12-14-16-24_r5,joltphysics,82b24442917ba8d9ced3582c2f2d8a49f4c969f6,windows,windows_clang_cl_distribution,box_container_pile_10k,headless_api,2,step,300,30,1,10005,10005,0,0,median_ms_per_step,28.752463333,ms,lower_is_better,28.752463333,34.779628737,0,ok,ok,engine_runner_cli,work_unit_wall_sum_inline,2,open_container_falling_pile,1,velocity_iterations=4; position_iterations=1; collision_steps=1; sleep=disabled; ccd=disabled; linear_damping=0.05; angular_damping=0.05; worker_count=1,windows_clang_cl_distribution,2,1,,,1,yes,,,,,,,,,,,300,8625.739000000,,,,,results/box-container-pile-10k/intel-core-i7-13700k/2026-10-05_0700_ddr5-4800_threads-1-2-3-4-5-6-8-10-12-14-16-24_r5/raw/joltphysics/t2/joltphysics_t2_raw.csv
2026-10-05_0700_ddr5-4800_threads-1-2-3-4-5-6-8-10-12-14-16-24_r5,joltphysics,82b24442917ba8d9ced3582c2f2d8a49f4c969f6,windows,windows_clang_cl_distribution,box_container_pile_10k,headless_api,2,step,300,30,2,10005,10005,0,0,median_ms_per_step,28.859809333,ms,lower_is_better,28.859809333,34.650263571,0,ok,ok,engine_runner_cli,work_unit_wall_sum_inline,2,open_container_falling_pile,1,velocity_iterations=4; position_iterations=1; collision_steps=1; sleep=disabled; ccd=disabled; linear_damping=0.05; angular_damping=0.05; worker_count=1,windows_clang_cl_distribution,2,1,,,1,yes,,,,,,,,,,,300,8657.942800000,,,,,results/box-container-pile-10k/intel-core-i7-13700k/2026-10-05_0700_ddr5-4800_threads-1-2-3-4-5-6-8-10-12-14-16-24_r5/raw/joltphysics/t2/joltphysics_t2_raw.csv
2026-10-05_0700_ddr5-4800_threads-1-2-3-4-5-6-8-10-12-14-16-24_r5,joltphysics,82b24442917ba8d9ced3582c2f2d8a49f4c969f6,windows,windows_clang_cl_distribution,box_container_pile_10k,headless_api,2,step,300,30,3,10005,10005,0,0,median_ms_per_step,29.095053000,ms,lower_is_better,29.095053000,34.370104086,0,ok,ok,engine_runner_cli,work_unit_wall_sum_inline,2,open_container_falling_pile,1,velocity_iterations=4; position_iterations=1; collision_steps=1; sleep=disabled; ccd=disabled; linear_damping=0.05; angular_damping=0.05; worker_count=1,windows_clang_cl_distribution,2,1,,,1,yes,,,,,,,,,,,300,8728.515900000,,,,,results/box-container-pile-10k/intel-core-i7-13700k/2026-10-05_0700_ddr5-4800_threads-1-2-3-4-5-6-8-10-12-14-16-24_r5/raw/joltphysics/t2/joltphysics_t2_raw.csv
2026-10-05_0700_ddr5-4800_threads-1-2-3-4-5-6-8-10-12-14-16-24_r5,joltphysics,82b24442917ba8d9ced3582c2f2d8a49f4c969f6,windows,windows_clang_cl_distribution,box_container_pile_10k,headless_api,2,step,300,30,4,10005,10005,0,0,median_ms_per_step,28.830844667,ms,lower_is_better,28.830844667,34.685074668,0,ok,ok,engine_runner_cli,work_unit_wall_sum_inline,2,open_container_falling_pile,1,velocity_iterations=4; position_iterations=1; collision_steps=1; sleep=disabled; ccd=disabled; linear_damping=0.05; angular_damping=0.05; worker_count=1,windows_clang_cl_distribution,2,1,,,1,yes,,,,,,,,,,,300,8649.253400000,,,,,results/box-container-pile-10k/intel-core-i7-13700k/2026-10-05_0700_ddr5-4800_threads-1-2-3-4-5-6-8-10-12-14-16-24_r5/raw/joltphysics/t2/joltphysics_t2_raw.csv
2026-10-05_0700_ddr5-4800_threads-1-2-3-4-5-6-8-10-12-14-16-24_r5,joltphysics,82b24442917ba8d9ced3582c2f2d8a49f4c969f6,windows,windows_clang_cl_distribution,box_container_pile_10k,headless_api,3,step,300,30,0,10005,10005,0,0,median_ms_per_step,20.931598333,ms,lower_is_better,20.931598333,47.774660304,0,ok,ok,engine_runner_cli,work_unit_wall_sum_inline,3,open_container_falling_pile,1,velocity_iterations=4; position_iterations=1; collision_steps=1; sleep=disabled; ccd=disabled; linear_damping=0.05; angular_damping=0.05; worker_count=2,windows_clang_cl_distribution,3,2,,,2,yes,,,,,,,,,,,300,6279.479500000,,,,,results/box-container-pile-10k/intel-core-i7-13700k/2026-10-05_0700_ddr5-4800_threads-1-2-3-4-5-6-8-10-12-14-16-24_r5/raw/joltphysics/t3/joltphysics_t3_raw.csv
2026-10-05_0700_ddr5-4800_threads-1-2-3-4-5-6-8-10-12-14-16-24_r5,joltphysics,82b24442917ba8d9ced3582c2f2d8a49f4c969f6,windows,windows_clang_cl_distribution,box_container_pile_10k,headless_api,3,step,300,30,1,10005,10005,0,0,median_ms_per_step,20.851281667,ms,lower_is_better,20.851281667,47.958682636,0,ok,ok,engine_runner_cli,work_unit_wall_sum_inline,3,open_container_falling_pile,1,velocity_iterations=4; position_iterations=1; collision_steps=1; sleep=disabled; ccd=disabled; linear_damping=0.05; angular_damping=0.05; worker_count=2,windows_clang_cl_distribution,3,2,,,2,yes,,,,,,,,,,,300,6255.384500000,,,,,results/box-container-pile-10k/intel-core-i7-13700k/2026-10-05_0700_ddr5-4800_threads-1-2-3-4-5-6-8-10-12-14-16-24_r5/raw/joltphysics/t3/joltphysics_t3_raw.csv
2026-10-05_0700_ddr5-4800_threads-1-2-3-4-5-6-8-10-12-14-16-24_r5,joltphysics,82b24442917ba8d9ced3582c2f2d8a49f4c969f6,windows,windows_clang_cl_distribution,box_container_pile_10k,headless_api,3,step,300,30,2,10005,10005,0,0,median_ms_per_step,20.715180333,ms,lower_is_better,20.715180333,48.273777197,0,ok,ok,engine_runner_cli,work_unit_wall_sum_inline,3,open_container_falling_pile,1,velocity_iterations=4; position_iterations=1; collision_steps=1; sleep=disabled; ccd=disabled; linear_damping=0.05; angular_damping=0.05; worker_count=2,windows_clang_cl_distribution,3,2,,,2,yes,,,,,,,,,,,300,6214.554100000,,,,,results/box-container-pile-10k/intel-core-i7-13700k/2026-10-05_0700_ddr5-4800_threads-1-2-3-4-5-6-8-10-12-14-16-24_r5/raw/joltphysics/t3/joltphysics_t3_raw.csv
2026-10-05_0700_ddr5-4800_threads-1-2-3-4-5-6-8-10-12-14-16-24_r5,joltphysics,82b24442917ba8d9ced3582c2f2d8a49f4c969f6,windows,windows_clang_cl_distribution,box_container_pile_10k,headless_api,3,step,300,30,3,10005,10005,0,0,median_ms_per_step,20.776158667,ms,lower_is_better,20.776158667,48.132092946,0,ok,ok,engine_runner_cli,work_unit_wall_sum_inline,3,open_container_falling_pile,1,velocity_iterations=4; position_iterations=1; collision_steps=1; sleep=disabled; ccd=disabled; linear_damping=0.05; angular_damping=0.05; worker_count=2,windows_clang_cl_distribution,3,2,,,2,yes,,,,,,,,,,,300,6232.847600000,,,,,results/box-container-pile-10k/intel-core-i7-13700k/2026-10-05_0700_ddr5-4800_threads-1-2-3-4-5-6-8-10-12-14-16-24_r5/raw/joltphysics/t3/joltphysics_t3_raw.csv
2026-10-05_0700_ddr5-4800_threads-1-2-3-4-5-6-8-10-12-14-16-24_r5,joltphysics,82b24442917ba8d9ced3582c2f2d8a49f4c969f6,windows,windows_clang_cl_distribution,box_container_pile_10k,headless_api,3,step,300,30,4,10005,10005,0,0,median_ms_per_step,21.184216000,ms,lower_is_better,21.184216000,47.204956747,0,ok,ok,engine_runner_cli,work_unit_wall_sum_inline,3,open_container_falling_pile,1,velocity_iterations=4; position_iterations=1; collision_steps=1; sleep=disabled; ccd=disabled; linear_damping=0.05; angular_damping=0.05; worker_count=2,windows_clang_cl_distribution,3,2,,,2,yes,,,,,,,,,,,300,6355.264800000,,,,,results/box-container-pile-10k/intel-core-i7-13700k/2026-10-05_0700_ddr5-4800_threads-1-2-3-4-5-6-8-10-12-14-16-24_r5/raw/joltphysics/t3/joltphysics_t3_raw.csv
2026-10-05_0700_ddr5-4800_threads-1-2-3-4-5-6-8-10-12-14-16-24_r5,joltphysics,82b24442917ba8d9ced3582c2f2d8a49f4c969f6,windows,windows_clang_cl_distribution,box_container_pile_10k,headless_api,4,step,300,30,0,10005,10005,0,0,median_ms_per_step,16.836255000,ms,lower_is_better,16.836255000,59.395631629,0,ok,ok,engine_runner_cli,work_unit_wall_sum_inline,4,open_container_falling_pile,1,velocity_iterations=4; position_iterations=1; collision_steps=1; sleep=disabled; ccd=disabled; linear_damping=0.05; angular_damping=0.05; worker_count=3,windows_clang_cl_distribution,4,3,,,3,yes,,,,,,,,,,,300,5050.876500000,,,,,results/box-container-pile-10k/intel-core-i7-13700k/2026-10-05_0700_ddr5-4800_threads-1-2-3-4-5-6-8-10-12-14-16-24_r5/raw/joltphysics/t4/joltphysics_t4_raw.csv
2026-10-05_0700_ddr5-4800_threads-1-2-3-4-5-6-8-10-12-14-16-24_r5,joltphysics,82b24442917ba8d9ced3582c2f2d8a49f4c969f6,windows,windows_clang_cl_distribution,box_container_pile_10k,headless_api,4,step,300,30,1,10005,10005,0,0,median_ms_per_step,16.984850333,ms,lower_is_better,16.984850333,58.875997161,0,ok,ok,engine_runner_cli,work_unit_wall_sum_inline,4,open_container_falling_pile,1,velocity_iterations=4; position_iterations=1; collision_steps=1; sleep=disabled; ccd=disabled; linear_damping=0.05; angular_damping=0.05; worker_count=3,windows_clang_cl_distribution,4,3,,,3,yes,,,,,,,,,,,300,5095.455100000,,,,,results/box-container-pile-10k/intel-core-i7-13700k/2026-10-05_0700_ddr5-4800_threads-1-2-3-4-5-6-8-10-12-14-16-24_r5/raw/joltphysics/t4/joltphysics_t4_raw.csv
2026-10-05_0700_ddr5-4800_threads-1-2-3-4-5-6-8-10-12-14-16-24_r5,joltphysics,82b24442917ba8d9ced3582c2f2d8a49f4c969f6,windows,windows_clang_cl_distribution,box_container_pile_10k,headless_api,4,step,300,30,2,10005,10005,0,0,median_ms_per_step,16.957775000,ms,lower_is_better,16.957775000,58.970000487,0,ok,ok,engine_runner_cli,work_unit_wall_sum_inline,4,open_container_falling_pile,1,velocity_iterations=4; position_iterations=1; collision_steps=1; sleep=disabled; ccd=disabled; linear_damping=0.05; angular_damping=0.05; worker_count=3,windows_clang_cl_distribution,4,3,,,3,yes,,,,,,,,,,,300,5087.332500000,,,,,results/box-container-pile-10k/intel-core-i7-13700k/2026-10-05_0700_ddr5-4800_threads-1-2-3-4-5-6-8-10-12-14-16-24_r5/raw/joltphysics/t4/joltphysics_t4_raw.csv
2026-10-05_0700_ddr5-4800_threads-1-2-3-4-5-6-8-10-12-14-16-24_r5,joltphysics,82b24442917ba8d9ced3582c2f2d8a49f4c969f6,windows,windows_clang_cl_distribution,box_container_pile_10k,headless_api,4,step,300,30,3,10005,10005,0,0,median_ms_per_step,16.930215667,ms,lower_is_better,16.930215667,59.065992997,0,ok,ok,engine_runner_cli,work_unit_wall_sum_inline,4,open_container_falling_pile,1,velocity_iterations=4; position_iterations=1; collision_steps=1; sleep=disabled; ccd=disabled; linear_damping=0.05; angular_damping=0.05; worker_count=3,windows_clang_cl_distribution,4,3,,,3,yes,,,,,,,,,,,300,5079.064700000,,,,,results/box-container-pile-10k/intel-core-i7-13700k/2026-10-05_0700_ddr5-4800_threads-1-2-3-4-5-6-8-10-12-14-16-24_r5/raw/joltphysics/t4/joltphysics_t4_raw.csv
2026-10-05_0700_ddr5-4800_threads-1-2-3-4-5-6-8-10-12-14-16-24_r5,joltphysics,82b24442917ba8d9ced3582c2f2d8a49f4c969f6,windows,windows_clang_cl_distribution,box_container_pile_10k,headless_api,4,step,300,30,4,10005,10005,0,0,median_ms_per_step,16.950950667,ms,lower_is_better,16.950950667,58.993741393,0,ok,ok,engine_runner_cli,work_unit_wall_sum_inline,4,open_container_falling_pile,1,velocity_iterations=4; position_iterations=1; collision_steps=1; sleep=disabled; ccd=disabled; linear_damping=0.05; angular_damping=0.05; worker_count=3,windows_clang_cl_distribution,4,3,,,3,yes,,,,,,,,,,,300,5085.285200000,,,,,results/box-container-pile-10k/intel-core-i7-13700k/2026-10-05_0700_ddr5-4800_threads-1-2-3-4-5-6-8-10-12-14-16-24_r5/raw/joltphysics/t4/joltphysics_t4_raw.csv
2026-10-05_0700_ddr5-4800_threads-1-2-3-4-5-6-8-10-12-14-16-24_r5,joltphysics,82b24442917ba8d9ced3582c2f2d8a49f4c969f6,windows,windows_clang_cl_distribution,box_container_pile_10k,headless_api,5,step,300,30,0,10005,10005,0,0,median_ms_per_step,14.470288000,ms,lower_is_better,14.470288000,69.107124889,0,ok,ok,engine_runner_cli,work_unit_wall_sum_inline,5,open_container_falling_pile,1,velocity_iterations=4; position_iterations=1; collision_steps=1; sleep=disabled; ccd=disabled; linear_damping=0.05; angular_damping=0.05; worker_count=4,windows_clang_cl_distribution,5,4,,,4,yes,,,,,,,,,,,300,4341.086400000,,,,,results/box-container-pile-10k/intel-core-i7-13700k/2026-10-05_0700_ddr5-4800_threads-1-2-3-4-5-6-8-10-12-14-16-24_r5/raw/joltphysics/t5/joltphysics_t5_raw.csv
2026-10-05_0700_ddr5-4800_threads-1-2-3-4-5-6-8-10-12-14-16-24_r5,joltphysics,82b24442917ba8d9ced3582c2f2d8a49f4c969f6,windows,windows_clang_cl_distribution,box_container_pile_10k,headless_api,5,step,300,30,1,10005,10005,0,0,median_ms_per_step,14.346478333,ms,lower_is_better,14.346478333,69.703517251,0,ok,ok,engine_runner_cli,work_unit_wall_sum_inline,5,open_container_falling_pile,1,velocity_iterations=4; position_iterations=1; collision_steps=1; sleep=disabled; ccd=disabled; linear_damping=0.05; angular_damping=0.05; worker_count=4,windows_clang_cl_distribution,5,4,,,4,yes,,,,,,,,,,,300,4303.943500000,,,,,results/box-container-pile-10k/intel-core-i7-13700k/2026-10-05_0700_ddr5-4800_threads-1-2-3-4-5-6-8-10-12-14-16-24_r5/raw/joltphysics/t5/joltphysics_t5_raw.csv
2026-10-05_0700_ddr5-4800_threads-1-2-3-4-5-6-8-10-12-14-16-24_r5,joltphysics,82b24442917ba8d9ced3582c2f2d8a49f4c969f6,windows,windows_clang_cl_distribution,box_container_pile_10k,headless_api,5,step,300,30,2,10005,10005,0,0,median_ms_per_step,14.562984000,ms,lower_is_better,14.562984000,68.667245669,0,ok,ok,engine_runner_cli,work_unit_wall_sum_inline,5,open_container_falling_pile,1,velocity_iterations=4; position_iterations=1; collision_steps=1; sleep=disabled; ccd=disabled; linear_damping=0.05; angular_damping=0.05; worker_count=4,windows_clang_cl_distribution,5,4,,,4,yes,,,,,,,,,,,300,4368.895200000,,,,,results/box-container-pile-10k/intel-core-i7-13700k/2026-10-05_0700_ddr5-4800_threads-1-2-3-4-5-6-8-10-12-14-16-24_r5/raw/joltphysics/t5/joltphysics_t5_raw.csv
2026-10-05_0700_ddr5-4800_threads-1-2-3-4-5-6-8-10-12-14-16-24_r5,joltphysics,82b24442917ba8d9ced3582c2f2d8a49f4c969f6,windows,windows_clang_cl_distribution,box_container_pile_10k,headless_api,5,step,300,30,3,10005,10005,0,0,median_ms_per_step,14.556956000,ms,lower_is_better,14.556956000,68.695680608,0,ok,ok,engine_runner_cli,work_unit_wall_sum_inline,5,open_container_falling_pile,1,velocity_iterations=4; position_iterations=1; collision_steps=1; sleep=disabled; ccd=disabled; linear_damping=0.05; angular_damping=0.05; worker_count=4,windows_clang_cl_distribution,5,4,,,4,yes,,,,,,,,,,,300,4367.086800000,,,,,results/box-container-pile-10k/intel-core-i7-13700k/2026-10-05_0700_ddr5-4800_threads-1-2-3-4-5-6-8-10-12-14-16-24_r5/raw/joltphysics/t5/joltphysics_t5_raw.csv
2026-10-05_0700_ddr5-4800_threads-1-2-3-4-5-6-8-10-12-14-16-24_r5,joltphysics,82b24442917ba8d9ced3582c2f2d8a49f4c969f6,windows,windows_clang_cl_distribution,box_container_pile_10k,headless_api,5,step,300,30,4,10005,10005,0,0,median_ms_per_step,14.570650000,ms,lower_is_better,14.570650000,68.631118035,0,ok,ok,engine_runner_cli,work_unit_wall_sum_inline,5,open_container_falling_pile,1,velocity_iterations=4; position_iterations=1; collision_steps=1; sleep=disabled; ccd=disabled; linear_damping=0.05; angular_damping=0.05; worker_count=4,windows_clang_cl_distribution,5,4,,,4,yes,,,,,,,,,,,300,4371.195000000,,,,,results/box-container-pile-10k/intel-core-i7-13700k/2026-10-05_0700_ddr5-4800_threads-1-2-3-4-5-6-8-10-12-14-16-24_r5/raw/joltphysics/t5/joltphysics_t5_raw.csv
2026-10-05_0700_ddr5-4800_threads-1-2-3-4-5-6-8-10-12-14-16-24_r5,joltphysics,82b24442917ba8d9ced3582c2f2d8a49f4c969f6,windows,windows_clang_cl_distribution,box_container_pile_10k,headless_api,6,step,300,30,0,10005,10005,0,0,median_ms_per_step,13.154174667,ms,lower_is_better,13.154174667,76.021493202,0,ok,ok,engine_runner_cli,work_unit_wall_sum_inline,6,open_container_falling_pile,1,velocity_iterations=4; position_iterations=1; collision_steps=1; sleep=disabled; ccd=disabled; linear_damping=0.05; angular_damping=0.05; worker_count=5,windows_clang_cl_distribution,6,5,,,5,yes,,,,,,,,,,,300,3946.252400000,,,,,results/box-container-pile-10k/intel-core-i7-13700k/2026-10-05_0700_ddr5-4800_threads-1-2-3-4-5-6-8-10-12-14-16-24_r5/raw/joltphysics/t6/joltphysics_t6_raw.csv
2026-10-05_0700_ddr5-4800_threads-1-2-3-4-5-6-8-10-12-14-16-24_r5,joltphysics,82b24442917ba8d9ced3582c2f2d8a49f4c969f6,windows,windows_clang_cl_distribution,box_container_pile_10k,headless_api,6,step,300,30,1,10005,10005,0,0,median_ms_per_step,12.636196333,ms,lower_is_better,12.636196333,79.137738416,0,ok,ok,engine_runner_cli,work_unit_wall_sum_inline,6,open_container_falling_pile,1,velocity_iterations=4; position_iterations=1; collision_steps=1; sleep=disabled; ccd=disabled; linear_damping=0.05; angular_damping=0.05; worker_count=5,windows_clang_cl_distribution,6,5,,,5,yes,,,,,,,,,,,300,3790.858900000,,,,,results/box-container-pile-10k/intel-core-i7-13700k/2026-10-05_0700_ddr5-4800_threads-1-2-3-4-5-6-8-10-12-14-16-24_r5/raw/joltphysics/t6/joltphysics_t6_raw.csv
2026-10-05_0700_ddr5-4800_threads-1-2-3-4-5-6-8-10-12-14-16-24_r5,joltphysics,82b24442917ba8d9ced3582c2f2d8a49f4c969f6,windows,windows_clang_cl_distribution,box_container_pile_10k,headless_api,6,step,300,30,2,10005,10005,0,0,median_ms_per_step,12.683228000,ms,lower_is_better,12.683228000,78.844281598,0,ok,ok,engine_runner_cli,work_unit_wall_sum_inline,6,open_container_falling_pile,1,velocity_iterations=4; position_iterations=1; collision_steps=1; sleep=disabled; ccd=disabled; linear_damping=0.05; angular_damping=0.05; worker_count=5,windows_clang_cl_distribution,6,5,,,5,yes,,,,,,,,,,,300,3804.968400000,,,,,results/box-container-pile-10k/intel-core-i7-13700k/2026-10-05_0700_ddr5-4800_threads-1-2-3-4-5-6-8-10-12-14-16-24_r5/raw/joltphysics/t6/joltphysics_t6_raw.csv
2026-10-05_0700_ddr5-4800_threads-1-2-3-4-5-6-8-10-12-14-16-24_r5,joltphysics,82b24442917ba8d9ced3582c2f2d8a49f4c969f6,windows,windows_clang_cl_distribution,box_container_pile_10k,headless_api,6,step,300,30,3,10005,10005,0,0,median_ms_per_step,12.773792000,ms,lower_is_better,12.773792000,78.285289129,0,ok,ok,engine_runner_cli,work_unit_wall_sum_inline,6,open_container_falling_pile,1,velocity_iterations=4; position_iterations=1; collision_steps=1; sleep=disabled; ccd=disabled; linear_damping=0.05; angular_damping=0.05; worker_count=5,windows_clang_cl_distribution,6,5,,,5,yes,,,,,,,,,,,300,3832.137600000,,,,,results/box-container-pile-10k/intel-core-i7-13700k/2026-10-05_0700_ddr5-4800_threads-1-2-3-4-5-6-8-10-12-14-16-24_r5/raw/joltphysics/t6/joltphysics_t6_raw.csv
2026-10-05_0700_ddr5-4800_threads-1-2-3-4-5-6-8-10-12-14-16-24_r5,joltphysics,82b24442917ba8d9ced3582c2f2d8a49f4c969f6,windows,windows_clang_cl_distribution,box_container_pile_10k,headless_api,6,step,300,30,4,10005,10005,0,0,median_ms_per_step,12.678390000,ms,lower_is_better,12.678390000,78.874368118,0,ok,ok,engine_runner_cli,work_unit_wall_sum_inline,6,open_container_falling_pile,1,velocity_iterations=4; position_iterations=1; collision_steps=1; sleep=disabled; ccd=disabled; linear_damping=0.05; angular_damping=0.05; worker_count=5,windows_clang_cl_distribution,6,5,,,5,yes,,,,,,,,,,,300,3803.517000000,,,,,results/box-container-pile-10k/intel-core-i7-13700k/2026-10-05_0700_ddr5-4800_threads-1-2-3-4-5-6-8-10-12-14-16-24_r5/raw/joltphysics/t6/joltphysics_t6_raw.csv
2026-10-05_0700_ddr5-4800_threads-1-2-3-4-5-6-8-10-12-14-16-24_r5,joltphysics,82b24442917ba8d9ced3582c2f2d8a49f4c969f6,windows,windows_clang_cl_distribution,box_container_pile_10k,headless_api,8,step,300,30,0,10005,10005,0,0,median_ms_per_step,10.591301333,ms,lower_is_better,10.591301333,94.417104049,0,ok,ok,engine_runner_cli,work_unit_wall_sum_inline,8,open_container_falling_pile,1,velocity_iterations=4; position_iterations=1; collision_steps=1; sleep=disabled; ccd=disabled; linear_damping=0.05; angular_damping=0.05; worker_count=7,windows_clang_cl_distribution,8,7,,,7,yes,,,,,,,,,,,300,3177.390400000,,,,,results/box-container-pile-10k/intel-core-i7-13700k/2026-10-05_0700_ddr5-4800_threads-1-2-3-4-5-6-8-10-12-14-16-24_r5/raw/joltphysics/t8/joltphysics_t8_raw.csv
2026-10-05_0700_ddr5-4800_threads-1-2-3-4-5-6-8-10-12-14-16-24_r5,joltphysics,82b24442917ba8d9ced3582c2f2d8a49f4c969f6,windows,windows_clang_cl_distribution,box_container_pile_10k,headless_api,8,step,300,30,1,10005,10005,0,0,median_ms_per_step,10.547124000,ms,lower_is_better,10.547124000,94.812576395,0,ok,ok,engine_runner_cli,work_unit_wall_sum_inline,8,open_container_falling_pile,1,velocity_iterations=4; position_iterations=1; collision_steps=1; sleep=disabled; ccd=disabled; linear_damping=0.05; angular_damping=0.05; worker_count=7,windows_clang_cl_distribution,8,7,,,7,yes,,,,,,,,,,,300,3164.137200000,,,,,results/box-container-pile-10k/intel-core-i7-13700k/2026-10-05_0700_ddr5-4800_threads-1-2-3-4-5-6-8-10-12-14-16-24_r5/raw/joltphysics/t8/joltphysics_t8_raw.csv
2026-10-05_0700_ddr5-4800_threads-1-2-3-4-5-6-8-10-12-14-16-24_r5,joltphysics,82b24442917ba8d9ced3582c2f2d8a49f4c969f6,windows,windows_clang_cl_distribution,box_container_pile_10k,headless_api,8,step,300,30,2,10005,10005,0,0,median_ms_per_step,10.911689333,ms,lower_is_better,10.911689333,91.644837885,0,ok,ok,engine_runner_cli,work_unit_wall_sum_inline,8,open_container_falling_pile,1,velocity_iterations=4; position_iterations=1; collision_steps=1; sleep=disabled; ccd=disabled; linear_damping=0.05; angular_damping=0.05; worker_count=7,windows_clang_cl_distribution,8,7,,,7,yes,,,,,,,,,,,300,3273.506800000,,,,,results/box-container-pile-10k/intel-core-i7-13700k/2026-10-05_0700_ddr5-4800_threads-1-2-3-4-5-6-8-10-12-14-16-24_r5/raw/joltphysics/t8/joltphysics_t8_raw.csv
2026-10-05_0700_ddr5-4800_threads-1-2-3-4-5-6-8-10-12-14-16-24_r5,joltphysics,82b24442917ba8d9ced3582c2f2d8a49f4c969f6,windows,windows_clang_cl_distribution,box_container_pile_10k,headless_api,8,step,300,30,3,10005,10005,0,0,median_ms_per_step,10.521031333,ms,lower_is_better,10.521031333,95.047716171,0,ok,ok,engine_runner_cli,work_unit_wall_sum_inline,8,open_container_falling_pile,1,velocity_iterations=4; position_iterations=1; collision_steps=1; sleep=disabled; ccd=disabled; linear_damping=0.05; angular_damping=0.05; worker_count=7,windows_clang_cl_distribution,8,7,,,7,yes,,,,,,,,,,,300,3156.309400000,,,,,results/box-container-pile-10k/intel-core-i7-13700k/2026-10-05_0700_ddr5-4800_threads-1-2-3-4-5-6-8-10-12-14-16-24_r5/raw/joltphysics/t8/joltphysics_t8_raw.csv
2026-10-05_0700_ddr5-4800_threads-1-2-3-4-5-6-8-10-12-14-16-24_r5,joltphysics,82b24442917ba8d9ced3582c2f2d8a49f4c969f6,windows,windows_clang_cl_distribution,box_container_pile_10k,headless_api,8,step,300,30,4,10005,10005,0,0,median_ms_per_step,11.031725000,ms,lower_is_better,11.031725000,90.647654832,0,ok,ok,engine_runner_cli,work_unit_wall_sum_inline,8,open_container_falling_pile,1,velocity_iterations=4; position_iterations=1; collision_steps=1; sleep=disabled; ccd=disabled; linear_damping=0.05; angular_damping=0.05; worker_count=7,windows_clang_cl_distribution,8,7,,,7,yes,,,,,,,,,,,300,3309.517500000,,,,,results/box-container-pile-10k/intel-core-i7-13700k/2026-10-05_0700_ddr5-4800_threads-1-2-3-4-5-6-8-10-12-14-16-24_r5/raw/joltphysics/t8/joltphysics_t8_raw.csv
2026-10-05_0700_ddr5-4800_threads-1-2-3-4-5-6-8-10-12-14-16-24_r5,joltphysics,82b24442917ba8d9ced3582c2f2d8a49f4c969f6,windows,windows_clang_cl_distribution,box_container_pile_10k,headless_api,10,step,300,30,0,10005,10005,0,0,median_ms_per_step,9.705754667,ms,lower_is_better,9.705754667,103.031658469,0,ok,ok,engine_runner_cli,work_unit_wall_sum_inline,10,open_container_falling_pile,1,velocity_iterations=4; position_iterations=1; collision_steps=1; sleep=disabled; ccd=disabled; linear_damping=0.05; angular_damping=0.05; worker_count=9,windows_clang_cl_distribution,10,9,,,9,yes,,,,,,,,,,,300,2911.726400000,,,,,results/box-container-pile-10k/intel-core-i7-13700k/2026-10-05_0700_ddr5-4800_threads-1-2-3-4-5-6-8-10-12-14-16-24_r5/raw/joltphysics/t10/joltphysics_t10_raw.csv
2026-10-05_0700_ddr5-4800_threads-1-2-3-4-5-6-8-10-12-14-16-24_r5,joltphysics,82b24442917ba8d9ced3582c2f2d8a49f4c969f6,windows,windows_clang_cl_distribution,box_container_pile_10k,headless_api,10,step,300,30,1,10005,10005,0,0,median_ms_per_step,10.322932333,ms,lower_is_better,10.322932333,96.871699601,0,ok,ok,engine_runner_cli,work_unit_wall_sum_inline,10,open_container_falling_pile,1,velocity_iterations=4; position_iterations=1; collision_steps=1; sleep=disabled; ccd=disabled; linear_damping=0.05; angular_damping=0.05; worker_count=9,windows_clang_cl_distribution,10,9,,,9,yes,,,,,,,,,,,300,3096.879700000,,,,,results/box-container-pile-10k/intel-core-i7-13700k/2026-10-05_0700_ddr5-4800_threads-1-2-3-4-5-6-8-10-12-14-16-24_r5/raw/joltphysics/t10/joltphysics_t10_raw.csv
2026-10-05_0700_ddr5-4800_threads-1-2-3-4-5-6-8-10-12-14-16-24_r5,joltphysics,82b24442917ba8d9ced3582c2f2d8a49f4c969f6,windows,windows_clang_cl_distribution,box_container_pile_10k,headless_api,10,step,300,30,2,10005,10005,0,0,median_ms_per_step,9.817212667,ms,lower_is_better,9.817212667,101.861906628,0,ok,ok,engine_runner_cli,work_unit_wall_sum_inline,10,open_container_falling_pile,1,velocity_iterations=4; position_iterations=1; collision_steps=1; sleep=disabled; ccd=disabled; linear_damping=0.05; angular_damping=0.05; worker_count=9,windows_clang_cl_distribution,10,9,,,9,yes,,,,,,,,,,,300,2945.163800000,,,,,results/box-container-pile-10k/intel-core-i7-13700k/2026-10-05_0700_ddr5-4800_threads-1-2-3-4-5-6-8-10-12-14-16-24_r5/raw/joltphysics/t10/joltphysics_t10_raw.csv
2026-10-05_0700_ddr5-4800_threads-1-2-3-4-5-6-8-10-12-14-16-24_r5,joltphysics,82b24442917ba8d9ced3582c2f2d8a49f4c969f6,windows,windows_clang_cl_distribution,box_container_pile_10k,headless_api,10,step,300,30,3,10005,10005,0,0,median_ms_per_step,10.510223667,ms,lower_is_better,10.510223667,95.145453771,0,ok,ok,engine_runner_cli,work_unit_wall_sum_inline,10,open_container_falling_pile,1,velocity_iterations=4; position_iterations=1; collision_steps=1; sleep=disabled; ccd=disabled; linear_damping=0.05; angular_damping=0.05; worker_count=9,windows_clang_cl_distribution,10,9,,,9,yes,,,,,,,,,,,300,3153.067100000,,,,,results/box-container-pile-10k/intel-core-i7-13700k/2026-10-05_0700_ddr5-4800_threads-1-2-3-4-5-6-8-10-12-14-16-24_r5/raw/joltphysics/t10/joltphysics_t10_raw.csv
2026-10-05_0700_ddr5-4800_threads-1-2-3-4-5-6-8-10-12-14-16-24_r5,joltphysics,82b24442917ba8d9ced3582c2f2d8a49f4c969f6,windows,windows_clang_cl_distribution,box_container_pile_10k,headless_api,10,step,300,30,4,10005,10005,0,0,median_ms_per_step,9.848548333,ms,lower_is_better,9.848548333,101.537807010,0,ok,ok,engine_runner_cli,work_unit_wall_sum_inline,10,open_container_falling_pile,1,velocity_iterations=4; position_iterations=1; collision_steps=1; sleep=disabled; ccd=disabled; linear_damping=0.05; angular_damping=0.05; worker_count=9,windows_clang_cl_distribution,10,9,,,9,yes,,,,,,,,,,,300,2954.564500000,,,,,results/box-container-pile-10k/intel-core-i7-13700k/2026-10-05_0700_ddr5-4800_threads-1-2-3-4-5-6-8-10-12-14-16-24_r5/raw/joltphysics/t10/joltphysics_t10_raw.csv
2026-10-05_0700_ddr5-4800_threads-1-2-3-4-5-6-8-10-12-14-16-24_r5,joltphysics,82b24442917ba8d9ced3582c2f2d8a49f4c969f6,windows,windows_clang_cl_distribution,box_container_pile_10k,headless_api,12,step,300,30,0,10005,10005,0,0,median_ms_per_step,9.153597000,ms,lower_is_better,9.153597000,109.246671008,0,ok,ok,engine_runner_cli,work_unit_wall_sum_inline,12,open_container_falling_pile,1,velocity_iterations=4; position_iterations=1; collision_steps=1; sleep=disabled; ccd=disabled; linear_damping=0.05; angular_damping=0.05; worker_count=11,windows_clang_cl_distribution,12,11,,,11,yes,,,,,,,,,,,300,2746.079100000,,,,,results/box-container-pile-10k/intel-core-i7-13700k/2026-10-05_0700_ddr5-4800_threads-1-2-3-4-5-6-8-10-12-14-16-24_r5/raw/joltphysics/t12/joltphysics_t12_raw.csv
2026-10-05_0700_ddr5-4800_threads-1-2-3-4-5-6-8-10-12-14-16-24_r5,joltphysics,82b24442917ba8d9ced3582c2f2d8a49f4c969f6,windows,windows_clang_cl_distribution,box_container_pile_10k,headless_api,12,step,300,30,1,10005,10005,0,0,median_ms_per_step,9.181247000,ms,lower_is_better,9.181247000,108.917666631,0,ok,ok,engine_runner_cli,work_unit_wall_sum_inline,12,open_container_falling_pile,1,velocity_iterations=4; position_iterations=1; collision_steps=1; sleep=disabled; ccd=disabled; linear_damping=0.05; angular_damping=0.05; worker_count=11,windows_clang_cl_distribution,12,11,,,11,yes,,,,,,,,,,,300,2754.374100000,,,,,results/box-container-pile-10k/intel-core-i7-13700k/2026-10-05_0700_ddr5-4800_threads-1-2-3-4-5-6-8-10-12-14-16-24_r5/raw/joltphysics/t12/joltphysics_t12_raw.csv
2026-10-05_0700_ddr5-4800_threads-1-2-3-4-5-6-8-10-12-14-16-24_r5,joltphysics,82b24442917ba8d9ced3582c2f2d8a49f4c969f6,windows,windows_clang_cl_distribution,box_container_pile_10k,headless_api,12,step,300,30,2,10005,10005,0,0,median_ms_per_step,9.099367667,ms,lower_is_better,9.099367667,109.897746375,0,ok,ok,engine_runner_cli,work_unit_wall_sum_inline,12,open_container_falling_pile,1,velocity_iterations=4; position_iterations=1; collision_steps=1; sleep=disabled; ccd=disabled; linear_damping=0.05; angular_damping=0.05; worker_count=11,windows_clang_cl_distribution,12,11,,,11,yes,,,,,,,,,,,300,2729.810300000,,,,,results/box-container-pile-10k/intel-core-i7-13700k/2026-10-05_0700_ddr5-4800_threads-1-2-3-4-5-6-8-10-12-14-16-24_r5/raw/joltphysics/t12/joltphysics_t12_raw.csv
2026-10-05_0700_ddr5-4800_threads-1-2-3-4-5-6-8-10-12-14-16-24_r5,joltphysics,82b24442917ba8d9ced3582c2f2d8a49f4c969f6,windows,windows_clang_cl_distribution,box_container_pile_10k,headless_api,12,step,300,30,3,10005,10005,0,0,median_ms_per_step,9.100888667,ms,lower_is_better,9.100888667,109.879379545,0,ok,ok,engine_runner_cli,work_unit_wall_sum_inline,12,open_container_falling_pile,1,velocity_iterations=4; position_iterations=1; collision_steps=1; sleep=disabled; ccd=disabled; linear_damping=0.05; angular_damping=0.05; worker_count=11,windows_clang_cl_distribution,12,11,,,11,yes,,,,,,,,,,,300,2730.266600000,,,,,results/box-container-pile-10k/intel-core-i7-13700k/2026-10-05_0700_ddr5-4800_threads-1-2-3-4-5-6-8-10-12-14-16-24_r5/raw/joltphysics/t12/joltphysics_t12_raw.csv
2026-10-05_0700_ddr5-4800_threads-1-2-3-4-5-6-8-10-12-14-16-24_r5,joltphysics,82b24442917ba8d9ced3582c2f2d8a49f4c969f6,windows,windows_clang_cl_distribution,box_container_pile_10k,headless_api,12,step,300,30,4,10005,10005,0,0,median_ms_per_step,9.105636333,ms,lower_is_better,9.105636333,109.822088583,0,ok,ok,engine_runner_cli,work_unit_wall_sum_inline,12,open_container_falling_pile,1,velocity_iterations=4; position_iterations=1; collision_steps=1; sleep=disabled; ccd=disabled; linear_damping=0.05; angular_damping=0.05; worker_count=11,windows_clang_cl_distribution,12,11,,,11,yes,,,,,,,,,,,300,2731.690900000,,,,,results/box-container-pile-10k/intel-core-i7-13700k/2026-10-05_0700_ddr5-4800_threads-1-2-3-4-5-6-8-10-12-14-16-24_r5/raw/joltphysics/t12/joltphysics_t12_raw.csv
2026-10-05_0700_ddr5-4800_threads-1-2-3-4-5-6-8-10-12-14-16-24_r5,joltphysics,82b24442917ba8d9ced3582c2f2d8a49f4c969f6,windows,windows_clang_cl_distribution,box_container_pile_10k,headless_api,14,step,300,30,0,10005,10005,0,0,median_ms_per_step,8.765391667,ms,lower_is_better,8.765391667,114.085033280,0,ok,ok,engine_runner_cli,work_unit_wall_sum_inline,14,open_container_falling_pile,1,velocity_iterations=4; position_iterations=1; collision_steps=1; sleep=disabled; ccd=disabled; linear_damping=0.05; angular_damping=0.05; worker_count=13,windows_clang_cl_distribution,14,13,,,13,yes,,,,,,,,,,,300,2629.617500000,,,,,results/box-container-pile-10k/intel-core-i7-13700k/2026-10-05_0700_ddr5-4800_threads-1-2-3-4-5-6-8-10-12-14-16-24_r5/raw/joltphysics/t14/joltphysics_t14_raw.csv
2026-10-05_0700_ddr5-4800_threads-1-2-3-4-5-6-8-10-12-14-16-24_r5,joltphysics,82b24442917ba8d9ced3582c2f2d8a49f4c969f6,windows,windows_clang_cl_distribution,box_container_pile_10k,headless_api,14,step,300,30,1,10005,10005,0,0,median_ms_per_step,8.723768000,ms,lower_is_better,8.723768000,114.629366576,0,ok,ok,engine_runner_cli,work_unit_wall_sum_inline,14,open_container_falling_pile,1,velocity_iterations=4; position_iterations=1; collision_steps=1; sleep=disabled; ccd=disabled; linear_damping=0.05; angular_damping=0.05; worker_count=13,windows_clang_cl_distribution,14,13,,,13,yes,,,,,,,,,,,300,2617.130400000,,,,,results/box-container-pile-10k/intel-core-i7-13700k/2026-10-05_0700_ddr5-4800_threads-1-2-3-4-5-6-8-10-12-14-16-24_r5/raw/joltphysics/t14/joltphysics_t14_raw.csv
2026-10-05_0700_ddr5-4800_threads-1-2-3-4-5-6-8-10-12-14-16-24_r5,joltphysics,82b24442917ba8d9ced3582c2f2d8a49f4c969f6,windows,windows_clang_cl_distribution,box_container_pile_10k,headless_api,14,step,300,30,2,10005,10005,0,0,median_ms_per_step,9.290189667,ms,lower_is_better,9.290189667,107.640428870,0,ok,ok,engine_runner_cli,work_unit_wall_sum_inline,14,open_container_falling_pile,1,velocity_iterations=4; position_iterations=1; collision_steps=1; sleep=disabled; ccd=disabled; linear_damping=0.05; angular_damping=0.05; worker_count=13,windows_clang_cl_distribution,14,13,,,13,yes,,,,,,,,,,,300,2787.056900000,,,,,results/box-container-pile-10k/intel-core-i7-13700k/2026-10-05_0700_ddr5-4800_threads-1-2-3-4-5-6-8-10-12-14-16-24_r5/raw/joltphysics/t14/joltphysics_t14_raw.csv
2026-10-05_0700_ddr5-4800_threads-1-2-3-4-5-6-8-10-12-14-16-24_r5,joltphysics,82b24442917ba8d9ced3582c2f2d8a49f4c969f6,windows,windows_clang_cl_distribution,box_container_pile_10k,headless_api,14,step,300,30,3,10005,10005,0,0,median_ms_per_step,8.692444000,ms,lower_is_better,8.692444000,115.042443759,0,ok,ok,engine_runner_cli,work_unit_wall_sum_inline,14,open_container_falling_pile,1,velocity_iterations=4; position_iterations=1; collision_steps=1; sleep=disabled; ccd=disabled; linear_damping=0.05; angular_damping=0.05; worker_count=13,windows_clang_cl_distribution,14,13,,,13,yes,,,,,,,,,,,300,2607.733200000,,,,,results/box-container-pile-10k/intel-core-i7-13700k/2026-10-05_0700_ddr5-4800_threads-1-2-3-4-5-6-8-10-12-14-16-24_r5/raw/joltphysics/t14/joltphysics_t14_raw.csv
2026-10-05_0700_ddr5-4800_threads-1-2-3-4-5-6-8-10-12-14-16-24_r5,joltphysics,82b24442917ba8d9ced3582c2f2d8a49f4c969f6,windows,windows_clang_cl_distribution,box_container_pile_10k,headless_api,14,step,300,30,4,10005,10005,0,0,median_ms_per_step,9.455205333,ms,lower_is_better,9.455205333,105.761849135,0,ok,ok,engine_runner_cli,work_unit_wall_sum_inline,14,open_container_falling_pile,1,velocity_iterations=4; position_iterations=1; collision_steps=1; sleep=disabled; ccd=disabled; linear_damping=0.05; angular_damping=0.05; worker_count=13,windows_clang_cl_distribution,14,13,,,13,yes,,,,,,,,,,,300,2836.561600000,,,,,results/box-container-pile-10k/intel-core-i7-13700k/2026-10-05_0700_ddr5-4800_threads-1-2-3-4-5-6-8-10-12-14-16-24_r5/raw/joltphysics/t14/joltphysics_t14_raw.csv
2026-10-05_0700_ddr5-4800_threads-1-2-3-4-5-6-8-10-12-14-16-24_r5,joltphysics,82b24442917ba8d9ced3582c2f2d8a49f4c969f6,windows,windows_clang_cl_distribution,box_container_pile_10k,headless_api,16,step,300,30,0,10005,10005,0,0,median_ms_per_step,8.418477000,ms,lower_is_better,8.418477000,118.786331542,0,ok,ok,engine_runner_cli,work_unit_wall_sum_inline,16,open_container_falling_pile,1,velocity_iterations=4; position_iterations=1; collision_steps=1; sleep=disabled; ccd=disabled; linear_damping=0.05; angular_damping=0.05; worker_count=15,windows_clang_cl_distribution,16,15,,,15,yes,,,,,,,,,,,300,2525.543100000,,,,,results/box-container-pile-10k/intel-core-i7-13700k/2026-10-05_0700_ddr5-4800_threads-1-2-3-4-5-6-8-10-12-14-16-24_r5/raw/joltphysics/t16/joltphysics_t16_raw.csv
2026-10-05_0700_ddr5-4800_threads-1-2-3-4-5-6-8-10-12-14-16-24_r5,joltphysics,82b24442917ba8d9ced3582c2f2d8a49f4c969f6,windows,windows_clang_cl_distribution,box_container_pile_10k,headless_api,16,step,300,30,1,10005,10005,0,0,median_ms_per_step,8.366153000,ms,lower_is_better,8.366153000,119.529250780,0,ok,ok,engine_runner_cli,work_unit_wall_sum_inline,16,open_container_falling_pile,1,velocity_iterations=4; position_iterations=1; collision_steps=1; sleep=disabled; ccd=disabled; linear_damping=0.05; angular_damping=0.05; worker_count=15,windows_clang_cl_distribution,16,15,,,15,yes,,,,,,,,,,,300,2509.845900000,,,,,results/box-container-pile-10k/intel-core-i7-13700k/2026-10-05_0700_ddr5-4800_threads-1-2-3-4-5-6-8-10-12-14-16-24_r5/raw/joltphysics/t16/joltphysics_t16_raw.csv
2026-10-05_0700_ddr5-4800_threads-1-2-3-4-5-6-8-10-12-14-16-24_r5,joltphysics,82b24442917ba8d9ced3582c2f2d8a49f4c969f6,windows,windows_clang_cl_distribution,box_container_pile_10k,headless_api,16,step,300,30,2,10005,10005,0,0,median_ms_per_step,8.996652667,ms,lower_is_better,8.996652667,111.152451590,0,ok,ok,engine_runner_cli,work_unit_wall_sum_inline,16,open_container_falling_pile,1,velocity_iterations=4; position_iterations=1; collision_steps=1; sleep=disabled; ccd=disabled; linear_damping=0.05; angular_damping=0.05; worker_count=15,windows_clang_cl_distribution,16,15,,,15,yes,,,,,,,,,,,300,2698.995800000,,,,,results/box-container-pile-10k/intel-core-i7-13700k/2026-10-05_0700_ddr5-4800_threads-1-2-3-4-5-6-8-10-12-14-16-24_r5/raw/joltphysics/t16/joltphysics_t16_raw.csv
2026-10-05_0700_ddr5-4800_threads-1-2-3-4-5-6-8-10-12-14-16-24_r5,joltphysics,82b24442917ba8d9ced3582c2f2d8a49f4c969f6,windows,windows_clang_cl_distribution,box_container_pile_10k,headless_api,16,step,300,30,3,10005,10005,0,0,median_ms_per_step,8.402474667,ms,lower_is_better,8.402474667,119.012557570,0,ok,ok,engine_runner_cli,work_unit_wall_sum_inline,16,open_container_falling_pile,1,velocity_iterations=4; position_iterations=1; collision_steps=1; sleep=disabled; ccd=disabled; linear_damping=0.05; angular_damping=0.05; worker_count=15,windows_clang_cl_distribution,16,15,,,15,yes,,,,,,,,,,,300,2520.742400000,,,,,results/box-container-pile-10k/intel-core-i7-13700k/2026-10-05_0700_ddr5-4800_threads-1-2-3-4-5-6-8-10-12-14-16-24_r5/raw/joltphysics/t16/joltphysics_t16_raw.csv
2026-10-05_0700_ddr5-4800_threads-1-2-3-4-5-6-8-10-12-14-16-24_r5,joltphysics,82b24442917ba8d9ced3582c2f2d8a49f4c969f6,windows,windows_clang_cl_distribution,box_container_pile_10k,headless_api,16,step,300,30,4,10005,10005,0,0,median_ms_per_step,8.411929000,ms,lower_is_better,8.411929000,118.878797004,0,ok,ok,engine_runner_cli,work_unit_wall_sum_inline,16,open_container_falling_pile,1,velocity_iterations=4; position_iterations=1; collision_steps=1; sleep=disabled; ccd=disabled; linear_damping=0.05; angular_damping=0.05; worker_count=15,windows_clang_cl_distribution,16,15,,,15,yes,,,,,,,,,,,300,2523.578700000,,,,,results/box-container-pile-10k/intel-core-i7-13700k/2026-10-05_0700_ddr5-4800_threads-1-2-3-4-5-6-8-10-12-14-16-24_r5/raw/joltphysics/t16/joltphysics_t16_raw.csv
2026-10-05_0700_ddr5-4800_threads-1-2-3-4-5-6-8-10-12-14-16-24_r5,joltphysics,82b24442917ba8d9ced3582c2f2d8a49f4c969f6,windows,windows_clang_cl_distribution,box_container_pile_10k,headless_api,24,step,300,30,0,10005,10005,0,0,median_ms_per_step,7.789916333,ms,lower_is_better,7.789916333,128.371083489,0,ok,ok,engine_runner_cli,work_unit_wall_sum_inline,24,open_container_falling_pile,1,velocity_iterations=4; position_iterations=1; collision_steps=1; sleep=disabled; ccd=disabled; linear_damping=0.05; angular_damping=0.05; worker_count=23,windows_clang_cl_distribution,24,23,,,23,yes,,,,,,,,,,,300,2336.974900000,,,,,results/box-container-pile-10k/intel-core-i7-13700k/2026-10-05_0700_ddr5-4800_threads-1-2-3-4-5-6-8-10-12-14-16-24_r5/raw/joltphysics/t24/joltphysics_t24_raw.csv
2026-10-05_0700_ddr5-4800_threads-1-2-3-4-5-6-8-10-12-14-16-24_r5,joltphysics,82b24442917ba8d9ced3582c2f2d8a49f4c969f6,windows,windows_clang_cl_distribution,box_container_pile_10k,headless_api,24,step,300,30,1,10005,10005,0,0,median_ms_per_step,7.733525333,ms,lower_is_better,7.733525333,129.307134444,0,ok,ok,engine_runner_cli,work_unit_wall_sum_inline,24,open_container_falling_pile,1,velocity_iterations=4; position_iterations=1; collision_steps=1; sleep=disabled; ccd=disabled; linear_damping=0.05; angular_damping=0.05; worker_count=23,windows_clang_cl_distribution,24,23,,,23,yes,,,,,,,,,,,300,2320.057600000,,,,,results/box-container-pile-10k/intel-core-i7-13700k/2026-10-05_0700_ddr5-4800_threads-1-2-3-4-5-6-8-10-12-14-16-24_r5/raw/joltphysics/t24/joltphysics_t24_raw.csv
2026-10-05_0700_ddr5-4800_threads-1-2-3-4-5-6-8-10-12-14-16-24_r5,joltphysics,82b24442917ba8d9ced3582c2f2d8a49f4c969f6,windows,windows_clang_cl_distribution,box_container_pile_10k,headless_api,24,step,300,30,2,10005,10005,0,0,median_ms_per_step,8.777954000,ms,lower_is_better,8.777954000,113.921763545,0,ok,ok,engine_runner_cli,work_unit_wall_sum_inline,24,open_container_falling_pile,1,velocity_iterations=4; position_iterations=1; collision_steps=1; sleep=disabled; ccd=disabled; linear_damping=0.05; angular_damping=0.05; worker_count=23,windows_clang_cl_distribution,24,23,,,23,yes,,,,,,,,,,,300,2633.386200000,,,,,results/box-container-pile-10k/intel-core-i7-13700k/2026-10-05_0700_ddr5-4800_threads-1-2-3-4-5-6-8-10-12-14-16-24_r5/raw/joltphysics/t24/joltphysics_t24_raw.csv
2026-10-05_0700_ddr5-4800_threads-1-2-3-4-5-6-8-10-12-14-16-24_r5,joltphysics,82b24442917ba8d9ced3582c2f2d8a49f4c969f6,windows,windows_clang_cl_distribution,box_container_pile_10k,headless_api,24,step,300,30,3,10005,10005,0,0,median_ms_per_step,7.982678000,ms,lower_is_better,7.982678000,125.271243560,0,ok,ok,engine_runner_cli,work_unit_wall_sum_inline,24,open_container_falling_pile,1,velocity_iterations=4; position_iterations=1; collision_steps=1; sleep=disabled; ccd=disabled; linear_damping=0.05; angular_damping=0.05; worker_count=23,windows_clang_cl_distribution,24,23,,,23,yes,,,,,,,,,,,300,2394.803400000,,,,,results/box-container-pile-10k/intel-core-i7-13700k/2026-10-05_0700_ddr5-4800_threads-1-2-3-4-5-6-8-10-12-14-16-24_r5/raw/joltphysics/t24/joltphysics_t24_raw.csv
2026-10-05_0700_ddr5-4800_threads-1-2-3-4-5-6-8-10-12-14-16-24_r5,joltphysics,82b24442917ba8d9ced3582c2f2d8a49f4c969f6,windows,windows_clang_cl_distribution,box_container_pile_10k,headless_api,24,step,300,30,4,10005,10005,0,0,median_ms_per_step,7.773950000,ms,lower_is_better,7.773950000,128.634735238,0,ok,ok,engine_runner_cli,work_unit_wall_sum_inline,24,open_container_falling_pile,1,velocity_iterations=4; position_iterations=1; collision_steps=1; sleep=disabled; ccd=disabled; linear_damping=0.05; angular_damping=0.05; worker_count=23,windows_clang_cl_distribution,24,23,,,23,yes,,,,,,,,,,,300,2332.185000000,,,,,results/box-container-pile-10k/intel-core-i7-13700k/2026-10-05_0700_ddr5-4800_threads-1-2-3-4-5-6-8-10-12-14-16-24_r5/raw/joltphysics/t24/joltphysics_t24_raw.csv
2026-10-05_0700_ddr5-4800_threads-1-2-3-4-5-6-8-10-12-14-16-24_r5,nvidia_physx34,3.4.2,windows,vs2026_msbuild_release,box_container_pile_10k,headless_api,1,step,300,30,0,10005,10005,0,0,median_ms_per_step,54.215875000,ms,lower_is_better,54.215875000,18.444782086,0,ok,ok,engine_runner_cli,work_unit_wall_sum_inline,1,open_container_falling_pile,1,position_iterations=5; velocity_iterations=1; sleep=disabled; ccd=disabled; worker_count=1,vs2026_msbuild_release,1,1,,,1,yes,,,,,,,,,,,300,16264.762500000,,,,,results/box-container-pile-10k/intel-core-i7-13700k/2026-10-05_0700_ddr5-4800_threads-1-2-3-4-5-6-8-10-12-14-16-24_r5/raw/nvidia_physx34/t1/nvidia_physx34_t1_raw.csv
2026-10-05_0700_ddr5-4800_threads-1-2-3-4-5-6-8-10-12-14-16-24_r5,nvidia_physx34,3.4.2,windows,vs2026_msbuild_release,box_container_pile_10k,headless_api,1,step,300,30,1,10005,10005,0,0,median_ms_per_step,49.737903667,ms,lower_is_better,49.737903667,20.105390985,0,ok,ok,engine_runner_cli,work_unit_wall_sum_inline,1,open_container_falling_pile,1,position_iterations=5; velocity_iterations=1; sleep=disabled; ccd=disabled; worker_count=1,vs2026_msbuild_release,1,1,,,1,yes,,,,,,,,,,,300,14921.371100000,,,,,results/box-container-pile-10k/intel-core-i7-13700k/2026-10-05_0700_ddr5-4800_threads-1-2-3-4-5-6-8-10-12-14-16-24_r5/raw/nvidia_physx34/t1/nvidia_physx34_t1_raw.csv
2026-10-05_0700_ddr5-4800_threads-1-2-3-4-5-6-8-10-12-14-16-24_r5,nvidia_physx34,3.4.2,windows,vs2026_msbuild_release,box_container_pile_10k,headless_api,1,step,300,30,2,10005,10005,0,0,median_ms_per_step,49.080295333,ms,lower_is_better,49.080295333,20.374775523,0,ok,ok,engine_runner_cli,work_unit_wall_sum_inline,1,open_container_falling_pile,1,position_iterations=5; velocity_iterations=1; sleep=disabled; ccd=disabled; worker_count=1,vs2026_msbuild_release,1,1,,,1,yes,,,,,,,,,,,300,14724.088600000,,,,,results/box-container-pile-10k/intel-core-i7-13700k/2026-10-05_0700_ddr5-4800_threads-1-2-3-4-5-6-8-10-12-14-16-24_r5/raw/nvidia_physx34/t1/nvidia_physx34_t1_raw.csv
2026-10-05_0700_ddr5-4800_threads-1-2-3-4-5-6-8-10-12-14-16-24_r5,nvidia_physx34,3.4.2,windows,vs2026_msbuild_release,box_container_pile_10k,headless_api,1,step,300,30,3,10005,10005,0,0,median_ms_per_step,51.651746667,ms,lower_is_better,51.651746667,19.360429502,0,ok,ok,engine_runner_cli,work_unit_wall_sum_inline,1,open_container_falling_pile,1,position_iterations=5; velocity_iterations=1; sleep=disabled; ccd=disabled; worker_count=1,vs2026_msbuild_release,1,1,,,1,yes,,,,,,,,,,,300,15495.524000000,,,,,results/box-container-pile-10k/intel-core-i7-13700k/2026-10-05_0700_ddr5-4800_threads-1-2-3-4-5-6-8-10-12-14-16-24_r5/raw/nvidia_physx34/t1/nvidia_physx34_t1_raw.csv
2026-10-05_0700_ddr5-4800_threads-1-2-3-4-5-6-8-10-12-14-16-24_r5,nvidia_physx34,3.4.2,windows,vs2026_msbuild_release,box_container_pile_10k,headless_api,1,step,300,30,4,10005,10005,0,0,median_ms_per_step,50.571476000,ms,lower_is_better,50.571476000,19.773992754,0,ok,ok,engine_runner_cli,work_unit_wall_sum_inline,1,open_container_falling_pile,1,position_iterations=5; velocity_iterations=1; sleep=disabled; ccd=disabled; worker_count=1,vs2026_msbuild_release,1,1,,,1,yes,,,,,,,,,,,300,15171.442800000,,,,,results/box-container-pile-10k/intel-core-i7-13700k/2026-10-05_0700_ddr5-4800_threads-1-2-3-4-5-6-8-10-12-14-16-24_r5/raw/nvidia_physx34/t1/nvidia_physx34_t1_raw.csv
2026-10-05_0700_ddr5-4800_threads-1-2-3-4-5-6-8-10-12-14-16-24_r5,nvidia_physx34,3.4.2,windows,vs2026_msbuild_release,box_container_pile_10k,headless_api,2,step,300,30,0,10005,10005,0,0,median_ms_per_step,30.669184667,ms,lower_is_better,30.669184667,32.606018415,0,ok,ok,engine_runner_cli,work_unit_wall_sum_inline,2,open_container_falling_pile,1,position_iterations=5; velocity_iterations=1; sleep=disabled; ccd=disabled; worker_count=2,vs2026_msbuild_release,2,2,,,2,yes,,,,,,,,,,,300,9200.755400000,,,,,results/box-container-pile-10k/intel-core-i7-13700k/2026-10-05_0700_ddr5-4800_threads-1-2-3-4-5-6-8-10-12-14-16-24_r5/raw/nvidia_physx34/t2/nvidia_physx34_t2_raw.csv
2026-10-05_0700_ddr5-4800_threads-1-2-3-4-5-6-8-10-12-14-16-24_r5,nvidia_physx34,3.4.2,windows,vs2026_msbuild_release,box_container_pile_10k,headless_api,2,step,300,30,1,10005,10005,0,0,median_ms_per_step,28.161407667,ms,lower_is_better,28.161407667,35.509588577,0,ok,ok,engine_runner_cli,work_unit_wall_sum_inline,2,open_container_falling_pile,1,position_iterations=5; velocity_iterations=1; sleep=disabled; ccd=disabled; worker_count=2,vs2026_msbuild_release,2,2,,,2,yes,,,,,,,,,,,300,8448.422300000,,,,,results/box-container-pile-10k/intel-core-i7-13700k/2026-10-05_0700_ddr5-4800_threads-1-2-3-4-5-6-8-10-12-14-16-24_r5/raw/nvidia_physx34/t2/nvidia_physx34_t2_raw.csv
2026-10-05_0700_ddr5-4800_threads-1-2-3-4-5-6-8-10-12-14-16-24_r5,nvidia_physx34,3.4.2,windows,vs2026_msbuild_release,box_container_pile_10k,headless_api,2,step,300,30,2,10005,10005,0,0,median_ms_per_step,29.913052333,ms,lower_is_better,29.913052333,33.430222662,0,ok,ok,engine_runner_cli,work_unit_wall_sum_inline,2,open_container_falling_pile,1,position_iterations=5; velocity_iterations=1; sleep=disabled; ccd=disabled; worker_count=2,vs2026_msbuild_release,2,2,,,2,yes,,,,,,,,,,,300,8973.915700000,,,,,results/box-container-pile-10k/intel-core-i7-13700k/2026-10-05_0700_ddr5-4800_threads-1-2-3-4-5-6-8-10-12-14-16-24_r5/raw/nvidia_physx34/t2/nvidia_physx34_t2_raw.csv
2026-10-05_0700_ddr5-4800_threads-1-2-3-4-5-6-8-10-12-14-16-24_r5,nvidia_physx34,3.4.2,windows,vs2026_msbuild_release,box_container_pile_10k,headless_api,2,step,300,30,3,10005,10005,0,0,median_ms_per_step,28.217777000,ms,lower_is_better,28.217777000,35.438652733,0,ok,ok,engine_runner_cli,work_unit_wall_sum_inline,2,open_container_falling_pile,1,position_iterations=5; velocity_iterations=1; sleep=disabled; ccd=disabled; worker_count=2,vs2026_msbuild_release,2,2,,,2,yes,,,,,,,,,,,300,8465.333100000,,,,,results/box-container-pile-10k/intel-core-i7-13700k/2026-10-05_0700_ddr5-4800_threads-1-2-3-4-5-6-8-10-12-14-16-24_r5/raw/nvidia_physx34/t2/nvidia_physx34_t2_raw.csv
2026-10-05_0700_ddr5-4800_threads-1-2-3-4-5-6-8-10-12-14-16-24_r5,nvidia_physx34,3.4.2,windows,vs2026_msbuild_release,box_container_pile_10k,headless_api,2,step,300,30,4,10005,10005,0,0,median_ms_per_step,28.173504000,ms,lower_is_better,28.173504000,35.494342486,0,ok,ok,engine_runner_cli,work_unit_wall_sum_inline,2,open_container_falling_pile,1,position_iterations=5; velocity_iterations=1; sleep=disabled; ccd=disabled; worker_count=2,vs2026_msbuild_release,2,2,,,2,yes,,,,,,,,,,,300,8452.051200000,,,,,results/box-container-pile-10k/intel-core-i7-13700k/2026-10-05_0700_ddr5-4800_threads-1-2-3-4-5-6-8-10-12-14-16-24_r5/raw/nvidia_physx34/t2/nvidia_physx34_t2_raw.csv
2026-10-05_0700_ddr5-4800_threads-1-2-3-4-5-6-8-10-12-14-16-24_r5,nvidia_physx34,3.4.2,windows,vs2026_msbuild_release,box_container_pile_10k,headless_api,3,step,300,30,0,10005,10005,0,0,median_ms_per_step,22.874422333,ms,lower_is_better,22.874422333,43.716950987,0,ok,ok,engine_runner_cli,work_unit_wall_sum_inline,3,open_container_falling_pile,1,position_iterations=5; velocity_iterations=1; sleep=disabled; ccd=disabled; worker_count=3,vs2026_msbuild_release,3,3,,,3,yes,,,,,,,,,,,300,6862.326700000,,,,,results/box-container-pile-10k/intel-core-i7-13700k/2026-10-05_0700_ddr5-4800_threads-1-2-3-4-5-6-8-10-12-14-16-24_r5/raw/nvidia_physx34/t3/nvidia_physx34_t3_raw.csv
2026-10-05_0700_ddr5-4800_threads-1-2-3-4-5-6-8-10-12-14-16-24_r5,nvidia_physx34,3.4.2,windows,vs2026_msbuild_release,box_container_pile_10k,headless_api,3,step,300,30,1,10005,10005,0,0,median_ms_per_step,23.578718667,ms,lower_is_better,23.578718667,42.411125648,0,ok,ok,engine_runner_cli,work_unit_wall_sum_inline,3,open_container_falling_pile,1,position_iterations=5; velocity_iterations=1; sleep=disabled; ccd=disabled; worker_count=3,vs2026_msbuild_release,3,3,,,3,yes,,,,,,,,,,,300,7073.615600000,,,,,results/box-container-pile-10k/intel-core-i7-13700k/2026-10-05_0700_ddr5-4800_threads-1-2-3-4-5-6-8-10-12-14-16-24_r5/raw/nvidia_physx34/t3/nvidia_physx34_t3_raw.csv
2026-10-05_0700_ddr5-4800_threads-1-2-3-4-5-6-8-10-12-14-16-24_r5,nvidia_physx34,3.4.2,windows,vs2026_msbuild_release,box_container_pile_10k,headless_api,3,step,300,30,2,10005,10005,0,0,median_ms_per_step,22.452244667,ms,lower_is_better,22.452244667,44.538976608,0,ok,ok,engine_runner_cli,work_unit_wall_sum_inline,3,open_container_falling_pile,1,position_iterations=5; velocity_iterations=1; sleep=disabled; ccd=disabled; worker_count=3,vs2026_msbuild_release,3,3,,,3,yes,,,,,,,,,,,300,6735.673400000,,,,,results/box-container-pile-10k/intel-core-i7-13700k/2026-10-05_0700_ddr5-4800_threads-1-2-3-4-5-6-8-10-12-14-16-24_r5/raw/nvidia_physx34/t3/nvidia_physx34_t3_raw.csv
2026-10-05_0700_ddr5-4800_threads-1-2-3-4-5-6-8-10-12-14-16-24_r5,nvidia_physx34,3.4.2,windows,vs2026_msbuild_release,box_container_pile_10k,headless_api,3,step,300,30,3,10005,10005,0,0,median_ms_per_step,22.362810333,ms,lower_is_better,22.362810333,44.717098839,0,ok,ok,engine_runner_cli,work_unit_wall_sum_inline,3,open_container_falling_pile,1,position_iterations=5; velocity_iterations=1; sleep=disabled; ccd=disabled; worker_count=3,vs2026_msbuild_release,3,3,,,3,yes,,,,,,,,,,,300,6708.843100000,,,,,results/box-container-pile-10k/intel-core-i7-13700k/2026-10-05_0700_ddr5-4800_threads-1-2-3-4-5-6-8-10-12-14-16-24_r5/raw/nvidia_physx34/t3/nvidia_physx34_t3_raw.csv
2026-10-05_0700_ddr5-4800_threads-1-2-3-4-5-6-8-10-12-14-16-24_r5,nvidia_physx34,3.4.2,windows,vs2026_msbuild_release,box_container_pile_10k,headless_api,3,step,300,30,4,10005,10005,0,0,median_ms_per_step,22.760770667,ms,lower_is_better,22.760770667,43.935243435,0,ok,ok,engine_runner_cli,work_unit_wall_sum_inline,3,open_container_falling_pile,1,position_iterations=5; velocity_iterations=1; sleep=disabled; ccd=disabled; worker_count=3,vs2026_msbuild_release,3,3,,,3,yes,,,,,,,,,,,300,6828.231200000,,,,,results/box-container-pile-10k/intel-core-i7-13700k/2026-10-05_0700_ddr5-4800_threads-1-2-3-4-5-6-8-10-12-14-16-24_r5/raw/nvidia_physx34/t3/nvidia_physx34_t3_raw.csv
2026-10-05_0700_ddr5-4800_threads-1-2-3-4-5-6-8-10-12-14-16-24_r5,nvidia_physx34,3.4.2,windows,vs2026_msbuild_release,box_container_pile_10k,headless_api,4,step,300,30,0,10005,10005,0,0,median_ms_per_step,20.483869333,ms,lower_is_better,20.483869333,48.818901533,0,ok,ok,engine_runner_cli,work_unit_wall_sum_inline,4,open_container_falling_pile,1,position_iterations=5; velocity_iterations=1; sleep=disabled; ccd=disabled; worker_count=4,vs2026_msbuild_release,4,4,,,4,yes,,,,,,,,,,,300,6145.160800000,,,,,results/box-container-pile-10k/intel-core-i7-13700k/2026-10-05_0700_ddr5-4800_threads-1-2-3-4-5-6-8-10-12-14-16-24_r5/raw/nvidia_physx34/t4/nvidia_physx34_t4_raw.csv
2026-10-05_0700_ddr5-4800_threads-1-2-3-4-5-6-8-10-12-14-16-24_r5,nvidia_physx34,3.4.2,windows,vs2026_msbuild_release,box_container_pile_10k,headless_api,4,step,300,30,1,10005,10005,0,0,median_ms_per_step,19.428812333,ms,lower_is_better,19.428812333,51.469950033,0,ok,ok,engine_runner_cli,work_unit_wall_sum_inline,4,open_container_falling_pile,1,position_iterations=5; velocity_iterations=1; sleep=disabled; ccd=disabled; worker_count=4,vs2026_msbuild_release,4,4,,,4,yes,,,,,,,,,,,300,5828.643700000,,,,,results/box-container-pile-10k/intel-core-i7-13700k/2026-10-05_0700_ddr5-4800_threads-1-2-3-4-5-6-8-10-12-14-16-24_r5/raw/nvidia_physx34/t4/nvidia_physx34_t4_raw.csv
2026-10-05_0700_ddr5-4800_threads-1-2-3-4-5-6-8-10-12-14-16-24_r5,nvidia_physx34,3.4.2,windows,vs2026_msbuild_release,box_container_pile_10k,headless_api,4,step,300,30,2,10005,10005,0,0,median_ms_per_step,19.623923667,ms,lower_is_better,19.623923667,50.958208816,0,ok,ok,engine_runner_cli,work_unit_wall_sum_inline,4,open_container_falling_pile,1,position_iterations=5; velocity_iterations=1; sleep=disabled; ccd=disabled; worker_count=4,vs2026_msbuild_release,4,4,,,4,yes,,,,,,,,,,,300,5887.177100000,,,,,results/box-container-pile-10k/intel-core-i7-13700k/2026-10-05_0700_ddr5-4800_threads-1-2-3-4-5-6-8-10-12-14-16-24_r5/raw/nvidia_physx34/t4/nvidia_physx34_t4_raw.csv
2026-10-05_0700_ddr5-4800_threads-1-2-3-4-5-6-8-10-12-14-16-24_r5,nvidia_physx34,3.4.2,windows,vs2026_msbuild_release,box_container_pile_10k,headless_api,4,step,300,30,3,10005,10005,0,0,median_ms_per_step,19.386908667,ms,lower_is_better,19.386908667,51.581199313,0,ok,ok,engine_runner_cli,work_unit_wall_sum_inline,4,open_container_falling_pile,1,position_iterations=5; velocity_iterations=1; sleep=disabled; ccd=disabled; worker_count=4,vs2026_msbuild_release,4,4,,,4,yes,,,,,,,,,,,300,5816.072600000,,,,,results/box-container-pile-10k/intel-core-i7-13700k/2026-10-05_0700_ddr5-4800_threads-1-2-3-4-5-6-8-10-12-14-16-24_r5/raw/nvidia_physx34/t4/nvidia_physx34_t4_raw.csv
2026-10-05_0700_ddr5-4800_threads-1-2-3-4-5-6-8-10-12-14-16-24_r5,nvidia_physx34,3.4.2,windows,vs2026_msbuild_release,box_container_pile_10k,headless_api,4,step,300,30,4,10005,10005,0,0,median_ms_per_step,19.314468333,ms,lower_is_better,19.314468333,51.774658393,0,ok,ok,engine_runner_cli,work_unit_wall_sum_inline,4,open_container_falling_pile,1,position_iterations=5; velocity_iterations=1; sleep=disabled; ccd=disabled; worker_count=4,vs2026_msbuild_release,4,4,,,4,yes,,,,,,,,,,,300,5794.340500000,,,,,results/box-container-pile-10k/intel-core-i7-13700k/2026-10-05_0700_ddr5-4800_threads-1-2-3-4-5-6-8-10-12-14-16-24_r5/raw/nvidia_physx34/t4/nvidia_physx34_t4_raw.csv
2026-10-05_0700_ddr5-4800_threads-1-2-3-4-5-6-8-10-12-14-16-24_r5,nvidia_physx34,3.4.2,windows,vs2026_msbuild_release,box_container_pile_10k,headless_api,5,step,300,30,0,10005,10005,0,0,median_ms_per_step,17.420605000,ms,lower_is_better,17.420605000,57.403287658,0,ok,ok,engine_runner_cli,work_unit_wall_sum_inline,5,open_container_falling_pile,1,position_iterations=5; velocity_iterations=1; sleep=disabled; ccd=disabled; worker_count=5,vs2026_msbuild_release,5,5,,,5,yes,,,,,,,,,,,300,5226.181500000,,,,,results/box-container-pile-10k/intel-core-i7-13700k/2026-10-05_0700_ddr5-4800_threads-1-2-3-4-5-6-8-10-12-14-16-24_r5/raw/nvidia_physx34/t5/nvidia_physx34_t5_raw.csv
2026-10-05_0700_ddr5-4800_threads-1-2-3-4-5-6-8-10-12-14-16-24_r5,nvidia_physx34,3.4.2,windows,vs2026_msbuild_release,box_container_pile_10k,headless_api,5,step,300,30,1,10005,10005,0,0,median_ms_per_step,17.819384000,ms,lower_is_better,17.819384000,56.118662688,0,ok,ok,engine_runner_cli,work_unit_wall_sum_inline,5,open_container_falling_pile,1,position_iterations=5; velocity_iterations=1; sleep=disabled; ccd=disabled; worker_count=5,vs2026_msbuild_release,5,5,,,5,yes,,,,,,,,,,,300,5345.815200000,,,,,results/box-container-pile-10k/intel-core-i7-13700k/2026-10-05_0700_ddr5-4800_threads-1-2-3-4-5-6-8-10-12-14-16-24_r5/raw/nvidia_physx34/t5/nvidia_physx34_t5_raw.csv
2026-10-05_0700_ddr5-4800_threads-1-2-3-4-5-6-8-10-12-14-16-24_r5,nvidia_physx34,3.4.2,windows,vs2026_msbuild_release,box_container_pile_10k,headless_api,5,step,300,30,2,10005,10005,0,0,median_ms_per_step,17.557393000,ms,lower_is_better,17.557393000,56.956064035,0,ok,ok,engine_runner_cli,work_unit_wall_sum_inline,5,open_container_falling_pile,1,position_iterations=5; velocity_iterations=1; sleep=disabled; ccd=disabled; worker_count=5,vs2026_msbuild_release,5,5,,,5,yes,,,,,,,,,,,300,5267.217900000,,,,,results/box-container-pile-10k/intel-core-i7-13700k/2026-10-05_0700_ddr5-4800_threads-1-2-3-4-5-6-8-10-12-14-16-24_r5/raw/nvidia_physx34/t5/nvidia_physx34_t5_raw.csv
2026-10-05_0700_ddr5-4800_threads-1-2-3-4-5-6-8-10-12-14-16-24_r5,nvidia_physx34,3.4.2,windows,vs2026_msbuild_release,box_container_pile_10k,headless_api,5,step,300,30,3,10005,10005,0,0,median_ms_per_step,17.578061333,ms,lower_is_better,17.578061333,56.889094937,0,ok,ok,engine_runner_cli,work_unit_wall_sum_inline,5,open_container_falling_pile,1,position_iterations=5; velocity_iterations=1; sleep=disabled; ccd=disabled; worker_count=5,vs2026_msbuild_release,5,5,,,5,yes,,,,,,,,,,,300,5273.418400000,,,,,results/box-container-pile-10k/intel-core-i7-13700k/2026-10-05_0700_ddr5-4800_threads-1-2-3-4-5-6-8-10-12-14-16-24_r5/raw/nvidia_physx34/t5/nvidia_physx34_t5_raw.csv
2026-10-05_0700_ddr5-4800_threads-1-2-3-4-5-6-8-10-12-14-16-24_r5,nvidia_physx34,3.4.2,windows,vs2026_msbuild_release,box_container_pile_10k,headless_api,5,step,300,30,4,10005,10005,0,0,median_ms_per_step,17.549200000,ms,lower_is_better,17.549200000,56.982654480,0,ok,ok,engine_runner_cli,work_unit_wall_sum_inline,5,open_container_falling_pile,1,position_iterations=5; velocity_iterations=1; sleep=disabled; ccd=disabled; worker_count=5,vs2026_msbuild_release,5,5,,,5,yes,,,,,,,,,,,300,5264.760000000,,,,,results/box-container-pile-10k/intel-core-i7-13700k/2026-10-05_0700_ddr5-4800_threads-1-2-3-4-5-6-8-10-12-14-16-24_r5/raw/nvidia_physx34/t5/nvidia_physx34_t5_raw.csv
2026-10-05_0700_ddr5-4800_threads-1-2-3-4-5-6-8-10-12-14-16-24_r5,nvidia_physx34,3.4.2,windows,vs2026_msbuild_release,box_container_pile_10k,headless_api,6,step,300,30,0,10005,10005,0,0,median_ms_per_step,16.232125000,ms,lower_is_better,16.232125000,61.606228390,0,ok,ok,engine_runner_cli,work_unit_wall_sum_inline,6,open_container_falling_pile,1,position_iterations=5; velocity_iterations=1; sleep=disabled; ccd=disabled; worker_count=6,vs2026_msbuild_release,6,6,,,6,yes,,,,,,,,,,,300,4869.637500000,,,,,results/box-container-pile-10k/intel-core-i7-13700k/2026-10-05_0700_ddr5-4800_threads-1-2-3-4-5-6-8-10-12-14-16-24_r5/raw/nvidia_physx34/t6/nvidia_physx34_t6_raw.csv
2026-10-05_0700_ddr5-4800_threads-1-2-3-4-5-6-8-10-12-14-16-24_r5,nvidia_physx34,3.4.2,windows,vs2026_msbuild_release,box_container_pile_10k,headless_api,6,step,300,30,1,10005,10005,0,0,median_ms_per_step,16.958552333,ms,lower_is_better,16.958552333,58.967297464,0,ok,ok,engine_runner_cli,work_unit_wall_sum_inline,6,open_container_falling_pile,1,position_iterations=5; velocity_iterations=1; sleep=disabled; ccd=disabled; worker_count=6,vs2026_msbuild_release,6,6,,,6,yes,,,,,,,,,,,300,5087.565700000,,,,,results/box-container-pile-10k/intel-core-i7-13700k/2026-10-05_0700_ddr5-4800_threads-1-2-3-4-5-6-8-10-12-14-16-24_r5/raw/nvidia_physx34/t6/nvidia_physx34_t6_raw.csv
2026-10-05_0700_ddr5-4800_threads-1-2-3-4-5-6-8-10-12-14-16-24_r5,nvidia_physx34,3.4.2,windows,vs2026_msbuild_release,box_container_pile_10k,headless_api,6,step,300,30,2,10005,10005,0,0,median_ms_per_step,16.613081000,ms,lower_is_better,16.613081000,60.193530628,0,ok,ok,engine_runner_cli,work_unit_wall_sum_inline,6,open_container_falling_pile,1,position_iterations=5; velocity_iterations=1; sleep=disabled; ccd=disabled; worker_count=6,vs2026_msbuild_release,6,6,,,6,yes,,,,,,,,,,,300,4983.924300000,,,,,results/box-container-pile-10k/intel-core-i7-13700k/2026-10-05_0700_ddr5-4800_threads-1-2-3-4-5-6-8-10-12-14-16-24_r5/raw/nvidia_physx34/t6/nvidia_physx34_t6_raw.csv
2026-10-05_0700_ddr5-4800_threads-1-2-3-4-5-6-8-10-12-14-16-24_r5,nvidia_physx34,3.4.2,windows,vs2026_msbuild_release,box_container_pile_10k,headless_api,6,step,300,30,3,10005,10005,0,0,median_ms_per_step,16.020199000,ms,lower_is_better,16.020199000,62.421197140,0,ok,ok,engine_runner_cli,work_unit_wall_sum_inline,6,open_container_falling_pile,1,position_iterations=5; velocity_iterations=1; sleep=disabled; ccd=disabled; worker_count=6,vs2026_msbuild_release,6,6,,,6,yes,,,,,,,,,,,300,4806.059700000,,,,,results/box-container-pile-10k/intel-core-i7-13700k/2026-10-05_0700_ddr5-4800_threads-1-2-3-4-5-6-8-10-12-14-16-24_r5/raw/nvidia_physx34/t6/nvidia_physx34_t6_raw.csv
2026-10-05_0700_ddr5-4800_threads-1-2-3-4-5-6-8-10-12-14-16-24_r5,nvidia_physx34,3.4.2,windows,vs2026_msbuild_release,box_container_pile_10k,headless_api,6,step,300,30,4,10005,10005,0,0,median_ms_per_step,16.895753000,ms,lower_is_better,16.895753000,59.186471298,0,ok,ok,engine_runner_cli,work_unit_wall_sum_inline,6,open_container_falling_pile,1,position_iterations=5; velocity_iterations=1; sleep=disabled; ccd=disabled; worker_count=6,vs2026_msbuild_release,6,6,,,6,yes,,,,,,,,,,,300,5068.725900000,,,,,results/box-container-pile-10k/intel-core-i7-13700k/2026-10-05_0700_ddr5-4800_threads-1-2-3-4-5-6-8-10-12-14-16-24_r5/raw/nvidia_physx34/t6/nvidia_physx34_t6_raw.csv
2026-10-05_0700_ddr5-4800_threads-1-2-3-4-5-6-8-10-12-14-16-24_r5,nvidia_physx34,3.4.2,windows,vs2026_msbuild_release,box_container_pile_10k,headless_api,8,step,300,30,0,10005,10005,0,0,median_ms_per_step,14.837593667,ms,lower_is_better,14.837593667,67.396373190,0,ok,ok,engine_runner_cli,work_unit_wall_sum_inline,8,open_container_falling_pile,1,position_iterations=5; velocity_iterations=1; sleep=disabled; ccd=disabled; worker_count=8,vs2026_msbuild_release,8,8,,,8,yes,,,,,,,,,,,300,4451.278100000,,,,,results/box-container-pile-10k/intel-core-i7-13700k/2026-10-05_0700_ddr5-4800_threads-1-2-3-4-5-6-8-10-12-14-16-24_r5/raw/nvidia_physx34/t8/nvidia_physx34_t8_raw.csv
2026-10-05_0700_ddr5-4800_threads-1-2-3-4-5-6-8-10-12-14-16-24_r5,nvidia_physx34,3.4.2,windows,vs2026_msbuild_release,box_container_pile_10k,headless_api,8,step,300,30,1,10005,10005,0,0,median_ms_per_step,15.397112667,ms,lower_is_better,15.397112667,64.947241840,0,ok,ok,engine_runner_cli,work_unit_wall_sum_inline,8,open_container_falling_pile,1,position_iterations=5; velocity_iterations=1; sleep=disabled; ccd=disabled; worker_count=8,vs2026_msbuild_release,8,8,,,8,yes,,,,,,,,,,,300,4619.133800000,,,,,results/box-container-pile-10k/intel-core-i7-13700k/2026-10-05_0700_ddr5-4800_threads-1-2-3-4-5-6-8-10-12-14-16-24_r5/raw/nvidia_physx34/t8/nvidia_physx34_t8_raw.csv
2026-10-05_0700_ddr5-4800_threads-1-2-3-4-5-6-8-10-12-14-16-24_r5,nvidia_physx34,3.4.2,windows,vs2026_msbuild_release,box_container_pile_10k,headless_api,8,step,300,30,2,10005,10005,0,0,median_ms_per_step,14.874409667,ms,lower_is_better,14.874409667,67.229558847,0,ok,ok,engine_runner_cli,work_unit_wall_sum_inline,8,open_container_falling_pile,1,position_iterations=5; velocity_iterations=1; sleep=disabled; ccd=disabled; worker_count=8,vs2026_msbuild_release,8,8,,,8,yes,,,,,,,,,,,300,4462.322900000,,,,,results/box-container-pile-10k/intel-core-i7-13700k/2026-10-05_0700_ddr5-4800_threads-1-2-3-4-5-6-8-10-12-14-16-24_r5/raw/nvidia_physx34/t8/nvidia_physx34_t8_raw.csv
2026-10-05_0700_ddr5-4800_threads-1-2-3-4-5-6-8-10-12-14-16-24_r5,nvidia_physx34,3.4.2,windows,vs2026_msbuild_release,box_container_pile_10k,headless_api,8,step,300,30,3,10005,10005,0,0,median_ms_per_step,15.171286000,ms,lower_is_better,15.171286000,65.913990416,0,ok,ok,engine_runner_cli,work_unit_wall_sum_inline,8,open_container_falling_pile,1,position_iterations=5; velocity_iterations=1; sleep=disabled; ccd=disabled; worker_count=8,vs2026_msbuild_release,8,8,,,8,yes,,,,,,,,,,,300,4551.385800000,,,,,results/box-container-pile-10k/intel-core-i7-13700k/2026-10-05_0700_ddr5-4800_threads-1-2-3-4-5-6-8-10-12-14-16-24_r5/raw/nvidia_physx34/t8/nvidia_physx34_t8_raw.csv
2026-10-05_0700_ddr5-4800_threads-1-2-3-4-5-6-8-10-12-14-16-24_r5,nvidia_physx34,3.4.2,windows,vs2026_msbuild_release,box_container_pile_10k,headless_api,8,step,300,30,4,10005,10005,0,0,median_ms_per_step,14.890117000,ms,lower_is_better,14.890117000,67.158639519,0,ok,ok,engine_runner_cli,work_unit_wall_sum_inline,8,open_container_falling_pile,1,position_iterations=5; velocity_iterations=1; sleep=disabled; ccd=disabled; worker_count=8,vs2026_msbuild_release,8,8,,,8,yes,,,,,,,,,,,300,4467.035100000,,,,,results/box-container-pile-10k/intel-core-i7-13700k/2026-10-05_0700_ddr5-4800_threads-1-2-3-4-5-6-8-10-12-14-16-24_r5/raw/nvidia_physx34/t8/nvidia_physx34_t8_raw.csv
2026-10-05_0700_ddr5-4800_threads-1-2-3-4-5-6-8-10-12-14-16-24_r5,nvidia_physx34,3.4.2,windows,vs2026_msbuild_release,box_container_pile_10k,headless_api,10,step,300,30,0,10005,10005,0,0,median_ms_per_step,15.095941667,ms,lower_is_better,15.095941667,66.242969275,0,ok,ok,engine_runner_cli,work_unit_wall_sum_inline,10,open_container_falling_pile,1,position_iterations=5; velocity_iterations=1; sleep=disabled; ccd=disabled; worker_count=10,vs2026_msbuild_release,10,10,,,10,yes,,,,,,,,,,,300,4528.782500000,,,,,results/box-container-pile-10k/intel-core-i7-13700k/2026-10-05_0700_ddr5-4800_threads-1-2-3-4-5-6-8-10-12-14-16-24_r5/raw/nvidia_physx34/t10/nvidia_physx34_t10_raw.csv
2026-10-05_0700_ddr5-4800_threads-1-2-3-4-5-6-8-10-12-14-16-24_r5,nvidia_physx34,3.4.2,windows,vs2026_msbuild_release,box_container_pile_10k,headless_api,10,step,300,30,1,10005,10005,0,0,median_ms_per_step,14.431662000,ms,lower_is_better,14.431662000,69.292088465,0,ok,ok,engine_runner_cli,work_unit_wall_sum_inline,10,open_container_falling_pile,1,position_iterations=5; velocity_iterations=1; sleep=disabled; ccd=disabled; worker_count=10,vs2026_msbuild_release,10,10,,,10,yes,,,,,,,,,,,300,4329.498600000,,,,,results/box-container-pile-10k/intel-core-i7-13700k/2026-10-05_0700_ddr5-4800_threads-1-2-3-4-5-6-8-10-12-14-16-24_r5/raw/nvidia_physx34/t10/nvidia_physx34_t10_raw.csv
2026-10-05_0700_ddr5-4800_threads-1-2-3-4-5-6-8-10-12-14-16-24_r5,nvidia_physx34,3.4.2,windows,vs2026_msbuild_release,box_container_pile_10k,headless_api,10,step,300,30,2,10005,10005,0,0,median_ms_per_step,14.342456667,ms,lower_is_better,14.342456667,69.723062321,0,ok,ok,engine_runner_cli,work_unit_wall_sum_inline,10,open_container_falling_pile,1,position_iterations=5; velocity_iterations=1; sleep=disabled; ccd=disabled; worker_count=10,vs2026_msbuild_release,10,10,,,10,yes,,,,,,,,,,,300,4302.737000000,,,,,results/box-container-pile-10k/intel-core-i7-13700k/2026-10-05_0700_ddr5-4800_threads-1-2-3-4-5-6-8-10-12-14-16-24_r5/raw/nvidia_physx34/t10/nvidia_physx34_t10_raw.csv
2026-10-05_0700_ddr5-4800_threads-1-2-3-4-5-6-8-10-12-14-16-24_r5,nvidia_physx34,3.4.2,windows,vs2026_msbuild_release,box_container_pile_10k,headless_api,10,step,300,30,3,10005,10005,0,0,median_ms_per_step,14.612127667,ms,lower_is_better,14.612127667,68.436303242,0,ok,ok,engine_runner_cli,work_unit_wall_sum_inline,10,open_container_falling_pile,1,position_iterations=5; velocity_iterations=1; sleep=disabled; ccd=disabled; worker_count=10,vs2026_msbuild_release,10,10,,,10,yes,,,,,,,,,,,300,4383.638300000,,,,,results/box-container-pile-10k/intel-core-i7-13700k/2026-10-05_0700_ddr5-4800_threads-1-2-3-4-5-6-8-10-12-14-16-24_r5/raw/nvidia_physx34/t10/nvidia_physx34_t10_raw.csv
2026-10-05_0700_ddr5-4800_threads-1-2-3-4-5-6-8-10-12-14-16-24_r5,nvidia_physx34,3.4.2,windows,vs2026_msbuild_release,box_container_pile_10k,headless_api,10,step,300,30,4,10005,10005,0,0,median_ms_per_step,13.923819333,ms,lower_is_better,13.923819333,71.819374847,0,ok,ok,engine_runner_cli,work_unit_wall_sum_inline,10,open_container_falling_pile,1,position_iterations=5; velocity_iterations=1; sleep=disabled; ccd=disabled; worker_count=10,vs2026_msbuild_release,10,10,,,10,yes,,,,,,,,,,,300,4177.145800000,,,,,results/box-container-pile-10k/intel-core-i7-13700k/2026-10-05_0700_ddr5-4800_threads-1-2-3-4-5-6-8-10-12-14-16-24_r5/raw/nvidia_physx34/t10/nvidia_physx34_t10_raw.csv
2026-10-05_0700_ddr5-4800_threads-1-2-3-4-5-6-8-10-12-14-16-24_r5,nvidia_physx34,3.4.2,windows,vs2026_msbuild_release,box_container_pile_10k,headless_api,12,step,300,30,0,10005,10005,0,0,median_ms_per_step,13.695758000,ms,lower_is_better,13.695758000,73.015308828,0,ok,ok,engine_runner_cli,work_unit_wall_sum_inline,12,open_container_falling_pile,1,position_iterations=5; velocity_iterations=1; sleep=disabled; ccd=disabled; worker_count=12,vs2026_msbuild_release,12,12,,,12,yes,,,,,,,,,,,300,4108.727400000,,,,,results/box-container-pile-10k/intel-core-i7-13700k/2026-10-05_0700_ddr5-4800_threads-1-2-3-4-5-6-8-10-12-14-16-24_r5/raw/nvidia_physx34/t12/nvidia_physx34_t12_raw.csv
2026-10-05_0700_ddr5-4800_threads-1-2-3-4-5-6-8-10-12-14-16-24_r5,nvidia_physx34,3.4.2,windows,vs2026_msbuild_release,box_container_pile_10k,headless_api,12,step,300,30,1,10005,10005,0,0,median_ms_per_step,13.852506333,ms,lower_is_better,13.852506333,72.189102530,0,ok,ok,engine_runner_cli,work_unit_wall_sum_inline,12,open_container_falling_pile,1,position_iterations=5; velocity_iterations=1; sleep=disabled; ccd=disabled; worker_count=12,vs2026_msbuild_release,12,12,,,12,yes,,,,,,,,,,,300,4155.751900000,,,,,results/box-container-pile-10k/intel-core-i7-13700k/2026-10-05_0700_ddr5-4800_threads-1-2-3-4-5-6-8-10-12-14-16-24_r5/raw/nvidia_physx34/t12/nvidia_physx34_t12_raw.csv
2026-10-05_0700_ddr5-4800_threads-1-2-3-4-5-6-8-10-12-14-16-24_r5,nvidia_physx34,3.4.2,windows,vs2026_msbuild_release,box_container_pile_10k,headless_api,12,step,300,30,2,10005,10005,0,0,median_ms_per_step,14.469748667,ms,lower_is_better,14.469748667,69.109700731,0,ok,ok,engine_runner_cli,work_unit_wall_sum_inline,12,open_container_falling_pile,1,position_iterations=5; velocity_iterations=1; sleep=disabled; ccd=disabled; worker_count=12,vs2026_msbuild_release,12,12,,,12,yes,,,,,,,,,,,300,4340.924600000,,,,,results/box-container-pile-10k/intel-core-i7-13700k/2026-10-05_0700_ddr5-4800_threads-1-2-3-4-5-6-8-10-12-14-16-24_r5/raw/nvidia_physx34/t12/nvidia_physx34_t12_raw.csv
2026-10-05_0700_ddr5-4800_threads-1-2-3-4-5-6-8-10-12-14-16-24_r5,nvidia_physx34,3.4.2,windows,vs2026_msbuild_release,box_container_pile_10k,headless_api,12,step,300,30,3,10005,10005,0,0,median_ms_per_step,13.898944667,ms,lower_is_better,13.898944667,71.947908563,0,ok,ok,engine_runner_cli,work_unit_wall_sum_inline,12,open_container_falling_pile,1,position_iterations=5; velocity_iterations=1; sleep=disabled; ccd=disabled; worker_count=12,vs2026_msbuild_release,12,12,,,12,yes,,,,,,,,,,,300,4169.683400000,,,,,results/box-container-pile-10k/intel-core-i7-13700k/2026-10-05_0700_ddr5-4800_threads-1-2-3-4-5-6-8-10-12-14-16-24_r5/raw/nvidia_physx34/t12/nvidia_physx34_t12_raw.csv
2026-10-05_0700_ddr5-4800_threads-1-2-3-4-5-6-8-10-12-14-16-24_r5,nvidia_physx34,3.4.2,windows,vs2026_msbuild_release,box_container_pile_10k,headless_api,12,step,300,30,4,10005,10005,0,0,median_ms_per_step,13.801875000,ms,lower_is_better,13.801875000,72.453923833,0,ok,ok,engine_runner_cli,work_unit_wall_sum_inline,12,open_container_falling_pile,1,position_iterations=5; velocity_iterations=1; sleep=disabled; ccd=disabled; worker_count=12,vs2026_msbuild_release,12,12,,,12,yes,,,,,,,,,,,300,4140.562500000,,,,,results/box-container-pile-10k/intel-core-i7-13700k/2026-10-05_0700_ddr5-4800_threads-1-2-3-4-5-6-8-10-12-14-16-24_r5/raw/nvidia_physx34/t12/nvidia_physx34_t12_raw.csv
2026-10-05_0700_ddr5-4800_threads-1-2-3-4-5-6-8-10-12-14-16-24_r5,nvidia_physx34,3.4.2,windows,vs2026_msbuild_release,box_container_pile_10k,headless_api,14,step,300,30,0,10005,10005,0,0,median_ms_per_step,13.841983000,ms,lower_is_better,13.841983000,72.243984117,0,ok,ok,engine_runner_cli,work_unit_wall_sum_inline,14,open_container_falling_pile,1,position_iterations=5; velocity_iterations=1; sleep=disabled; ccd=disabled; worker_count=14,vs2026_msbuild_release,14,14,,,14,yes,,,,,,,,,,,300,4152.594900000,,,,,results/box-container-pile-10k/intel-core-i7-13700k/2026-10-05_0700_ddr5-4800_threads-1-2-3-4-5-6-8-10-12-14-16-24_r5/raw/nvidia_physx34/t14/nvidia_physx34_t14_raw.csv
2026-10-05_0700_ddr5-4800_threads-1-2-3-4-5-6-8-10-12-14-16-24_r5,nvidia_physx34,3.4.2,windows,vs2026_msbuild_release,box_container_pile_10k,headless_api,14,step,300,30,1,10005,10005,0,0,median_ms_per_step,13.856471667,ms,lower_is_better,13.856471667,72.168444035,0,ok,ok,engine_runner_cli,work_unit_wall_sum_inline,14,open_container_falling_pile,1,position_iterations=5; velocity_iterations=1; sleep=disabled; ccd=disabled; worker_count=14,vs2026_msbuild_release,14,14,,,14,yes,,,,,,,,,,,300,4156.941500000,,,,,results/box-container-pile-10k/intel-core-i7-13700k/2026-10-05_0700_ddr5-4800_threads-1-2-3-4-5-6-8-10-12-14-16-24_r5/raw/nvidia_physx34/t14/nvidia_physx34_t14_raw.csv
2026-10-05_0700_ddr5-4800_threads-1-2-3-4-5-6-8-10-12-14-16-24_r5,nvidia_physx34,3.4.2,windows,vs2026_msbuild_release,box_container_pile_10k,headless_api,14,step,300,30,2,10005,10005,0,0,median_ms_per_step,13.811390333,ms,lower_is_better,13.811390333,72.404006828,0,ok,ok,engine_runner_cli,work_unit_wall_sum_inline,14,open_container_falling_pile,1,position_iterations=5; velocity_iterations=1; sleep=disabled; ccd=disabled; worker_count=14,vs2026_msbuild_release,14,14,,,14,yes,,,,,,,,,,,300,4143.417100000,,,,,results/box-container-pile-10k/intel-core-i7-13700k/2026-10-05_0700_ddr5-4800_threads-1-2-3-4-5-6-8-10-12-14-16-24_r5/raw/nvidia_physx34/t14/nvidia_physx34_t14_raw.csv
2026-10-05_0700_ddr5-4800_threads-1-2-3-4-5-6-8-10-12-14-16-24_r5,nvidia_physx34,3.4.2,windows,vs2026_msbuild_release,box_container_pile_10k,headless_api,14,step,300,30,3,10005,10005,0,0,median_ms_per_step,13.628108333,ms,lower_is_better,13.628108333,73.377755411,0,ok,ok,engine_runner_cli,work_unit_wall_sum_inline,14,open_container_falling_pile,1,position_iterations=5; velocity_iterations=1; sleep=disabled; ccd=disabled; worker_count=14,vs2026_msbuild_release,14,14,,,14,yes,,,,,,,,,,,300,4088.432500000,,,,,results/box-container-pile-10k/intel-core-i7-13700k/2026-10-05_0700_ddr5-4800_threads-1-2-3-4-5-6-8-10-12-14-16-24_r5/raw/nvidia_physx34/t14/nvidia_physx34_t14_raw.csv
2026-10-05_0700_ddr5-4800_threads-1-2-3-4-5-6-8-10-12-14-16-24_r5,nvidia_physx34,3.4.2,windows,vs2026_msbuild_release,box_container_pile_10k,headless_api,14,step,300,30,4,10005,10005,0,0,median_ms_per_step,13.748550333,ms,lower_is_better,13.748550333,72.734941194,0,ok,ok,engine_runner_cli,work_unit_wall_sum_inline,14,open_container_falling_pile,1,position_iterations=5; velocity_iterations=1; sleep=disabled; ccd=disabled; worker_count=14,vs2026_msbuild_release,14,14,,,14,yes,,,,,,,,,,,300,4124.565100000,,,,,results/box-container-pile-10k/intel-core-i7-13700k/2026-10-05_0700_ddr5-4800_threads-1-2-3-4-5-6-8-10-12-14-16-24_r5/raw/nvidia_physx34/t14/nvidia_physx34_t14_raw.csv
2026-10-05_0700_ddr5-4800_threads-1-2-3-4-5-6-8-10-12-14-16-24_r5,nvidia_physx34,3.4.2,windows,vs2026_msbuild_release,box_container_pile_10k,headless_api,16,step,300,30,0,10005,10005,0,0,median_ms_per_step,13.765688000,ms,lower_is_better,13.765688000,72.644389441,0,ok,ok,engine_runner_cli,work_unit_wall_sum_inline,16,open_container_falling_pile,1,position_iterations=5; velocity_iterations=1; sleep=disabled; ccd=disabled; worker_count=16,vs2026_msbuild_release,16,16,,,16,yes,,,,,,,,,,,300,4129.706400000,,,,,results/box-container-pile-10k/intel-core-i7-13700k/2026-10-05_0700_ddr5-4800_threads-1-2-3-4-5-6-8-10-12-14-16-24_r5/raw/nvidia_physx34/t16/nvidia_physx34_t16_raw.csv
2026-10-05_0700_ddr5-4800_threads-1-2-3-4-5-6-8-10-12-14-16-24_r5,nvidia_physx34,3.4.2,windows,vs2026_msbuild_release,box_container_pile_10k,headless_api,16,step,300,30,1,10005,10005,0,0,median_ms_per_step,13.666372000,ms,lower_is_better,13.666372000,73.172309374,0,ok,ok,engine_runner_cli,work_unit_wall_sum_inline,16,open_container_falling_pile,1,position_iterations=5; velocity_iterations=1; sleep=disabled; ccd=disabled; worker_count=16,vs2026_msbuild_release,16,16,,,16,yes,,,,,,,,,,,300,4099.911600000,,,,,results/box-container-pile-10k/intel-core-i7-13700k/2026-10-05_0700_ddr5-4800_threads-1-2-3-4-5-6-8-10-12-14-16-24_r5/raw/nvidia_physx34/t16/nvidia_physx34_t16_raw.csv
2026-10-05_0700_ddr5-4800_threads-1-2-3-4-5-6-8-10-12-14-16-24_r5,nvidia_physx34,3.4.2,windows,vs2026_msbuild_release,box_container_pile_10k,headless_api,16,step,300,30,2,10005,10005,0,0,median_ms_per_step,13.567350000,ms,lower_is_better,13.567350000,73.706361228,0,ok,ok,engine_runner_cli,work_unit_wall_sum_inline,16,open_container_falling_pile,1,position_iterations=5; velocity_iterations=1; sleep=disabled; ccd=disabled; worker_count=16,vs2026_msbuild_release,16,16,,,16,yes,,,,,,,,,,,300,4070.205000000,,,,,results/box-container-pile-10k/intel-core-i7-13700k/2026-10-05_0700_ddr5-4800_threads-1-2-3-4-5-6-8-10-12-14-16-24_r5/raw/nvidia_physx34/t16/nvidia_physx34_t16_raw.csv
2026-10-05_0700_ddr5-4800_threads-1-2-3-4-5-6-8-10-12-14-16-24_r5,nvidia_physx34,3.4.2,windows,vs2026_msbuild_release,box_container_pile_10k,headless_api,16,step,300,30,3,10005,10005,0,0,median_ms_per_step,13.491153333,ms,lower_is_better,13.491153333,74.122647285,0,ok,ok,engine_runner_cli,work_unit_wall_sum_inline,16,open_container_falling_pile,1,position_iterations=5; velocity_iterations=1; sleep=disabled; ccd=disabled; worker_count=16,vs2026_msbuild_release,16,16,,,16,yes,,,,,,,,,,,300,4047.346000000,,,,,results/box-container-pile-10k/intel-core-i7-13700k/2026-10-05_0700_ddr5-4800_threads-1-2-3-4-5-6-8-10-12-14-16-24_r5/raw/nvidia_physx34/t16/nvidia_physx34_t16_raw.csv
2026-10-05_0700_ddr5-4800_threads-1-2-3-4-5-6-8-10-12-14-16-24_r5,nvidia_physx34,3.4.2,windows,vs2026_msbuild_release,box_container_pile_10k,headless_api,16,step,300,30,4,10005,10005,0,0,median_ms_per_step,13.501471333,ms,lower_is_better,13.501471333,74.066001794,0,ok,ok,engine_runner_cli,work_unit_wall_sum_inline,16,open_container_falling_pile,1,position_iterations=5; velocity_iterations=1; sleep=disabled; ccd=disabled; worker_count=16,vs2026_msbuild_release,16,16,,,16,yes,,,,,,,,,,,300,4050.441400000,,,,,results/box-container-pile-10k/intel-core-i7-13700k/2026-10-05_0700_ddr5-4800_threads-1-2-3-4-5-6-8-10-12-14-16-24_r5/raw/nvidia_physx34/t16/nvidia_physx34_t16_raw.csv
2026-10-05_0700_ddr5-4800_threads-1-2-3-4-5-6-8-10-12-14-16-24_r5,nvidia_physx34,3.4.2,windows,vs2026_msbuild_release,box_container_pile_10k,headless_api,24,step,300,30,0,10005,10005,0,0,median_ms_per_step,19.301495000,ms,lower_is_better,19.301495000,51.809458283,0,ok,ok,engine_runner_cli,work_unit_wall_sum_inline,24,open_container_falling_pile,1,position_iterations=5; velocity_iterations=1; sleep=disabled; ccd=disabled; worker_count=24,vs2026_msbuild_release,24,24,,,24,yes,,,,,,,,,,,300,5790.448500000,,,,,results/box-container-pile-10k/intel-core-i7-13700k/2026-10-05_0700_ddr5-4800_threads-1-2-3-4-5-6-8-10-12-14-16-24_r5/raw/nvidia_physx34/t24/nvidia_physx34_t24_raw.csv
2026-10-05_0700_ddr5-4800_threads-1-2-3-4-5-6-8-10-12-14-16-24_r5,nvidia_physx34,3.4.2,windows,vs2026_msbuild_release,box_container_pile_10k,headless_api,24,step,300,30,1,10005,10005,0,0,median_ms_per_step,19.571948000,ms,lower_is_better,19.571948000,51.093534481,0,ok,ok,engine_runner_cli,work_unit_wall_sum_inline,24,open_container_falling_pile,1,position_iterations=5; velocity_iterations=1; sleep=disabled; ccd=disabled; worker_count=24,vs2026_msbuild_release,24,24,,,24,yes,,,,,,,,,,,300,5871.584400000,,,,,results/box-container-pile-10k/intel-core-i7-13700k/2026-10-05_0700_ddr5-4800_threads-1-2-3-4-5-6-8-10-12-14-16-24_r5/raw/nvidia_physx34/t24/nvidia_physx34_t24_raw.csv
2026-10-05_0700_ddr5-4800_threads-1-2-3-4-5-6-8-10-12-14-16-24_r5,nvidia_physx34,3.4.2,windows,vs2026_msbuild_release,box_container_pile_10k,headless_api,24,step,300,30,2,10005,10005,0,0,median_ms_per_step,18.897463000,ms,lower_is_better,18.897463000,52.917156128,0,ok,ok,engine_runner_cli,work_unit_wall_sum_inline,24,open_container_falling_pile,1,position_iterations=5; velocity_iterations=1; sleep=disabled; ccd=disabled; worker_count=24,vs2026_msbuild_release,24,24,,,24,yes,,,,,,,,,,,300,5669.238900000,,,,,results/box-container-pile-10k/intel-core-i7-13700k/2026-10-05_0700_ddr5-4800_threads-1-2-3-4-5-6-8-10-12-14-16-24_r5/raw/nvidia_physx34/t24/nvidia_physx34_t24_raw.csv
2026-10-05_0700_ddr5-4800_threads-1-2-3-4-5-6-8-10-12-14-16-24_r5,nvidia_physx34,3.4.2,windows,vs2026_msbuild_release,box_container_pile_10k,headless_api,24,step,300,30,3,10005,10005,0,0,median_ms_per_step,19.479738333,ms,lower_is_better,19.479738333,51.335391826,0,ok,ok,engine_runner_cli,work_unit_wall_sum_inline,24,open_container_falling_pile,1,position_iterations=5; velocity_iterations=1; sleep=disabled; ccd=disabled; worker_count=24,vs2026_msbuild_release,24,24,,,24,yes,,,,,,,,,,,300,5843.921500000,,,,,results/box-container-pile-10k/intel-core-i7-13700k/2026-10-05_0700_ddr5-4800_threads-1-2-3-4-5-6-8-10-12-14-16-24_r5/raw/nvidia_physx34/t24/nvidia_physx34_t24_raw.csv
2026-10-05_0700_ddr5-4800_threads-1-2-3-4-5-6-8-10-12-14-16-24_r5,nvidia_physx34,3.4.2,windows,vs2026_msbuild_release,box_container_pile_10k,headless_api,24,step,300,30,4,10005,10005,0,0,median_ms_per_step,20.221000667,ms,lower_is_better,20.221000667,49.453536770,0,ok,ok,engine_runner_cli,work_unit_wall_sum_inline,24,open_container_falling_pile,1,position_iterations=5; velocity_iterations=1; sleep=disabled; ccd=disabled; worker_count=24,vs2026_msbuild_release,24,24,,,24,yes,,,,,,,,,,,300,6066.300200000,,,,,results/box-container-pile-10k/intel-core-i7-13700k/2026-10-05_0700_ddr5-4800_threads-1-2-3-4-5-6-8-10-12-14-16-24_r5/raw/nvidia_physx34/t24/nvidia_physx34_t24_raw.csv
2026-10-05_0700_ddr5-4800_threads-1-2-3-4-5-6-8-10-12-14-16-24_r5,nvidia_physx5,5.10.0.75b25f28f9,windows,vs2022_msbuild_release,box_container_pile_10k,headless_api,1,step,300,30,0,10005,10005,0,0,median_ms_per_step,51.490808667,ms,lower_is_better,51.490808667,19.420941832,0,ok,ok,engine_runner_cli,work_unit_wall_sum_inline,1,open_container_falling_pile,1,position_iterations=5; velocity_iterations=1; sleep=disabled; ccd=disabled; worker_count=1,vs2022_msbuild_release,1,1,,,1,yes,,,,,,,,,,,300,15447.242600000,,,,,results/box-container-pile-10k/intel-core-i7-13700k/2026-10-05_0700_ddr5-4800_threads-1-2-3-4-5-6-8-10-12-14-16-24_r5/raw/nvidia_physx5/t1/nvidia_physx5_t1_raw.csv
2026-10-05_0700_ddr5-4800_threads-1-2-3-4-5-6-8-10-12-14-16-24_r5,nvidia_physx5,5.10.0.75b25f28f9,windows,vs2022_msbuild_release,box_container_pile_10k,headless_api,1,step,300,30,1,10005,10005,0,0,median_ms_per_step,49.113146000,ms,lower_is_better,49.113146000,20.361147299,0,ok,ok,engine_runner_cli,work_unit_wall_sum_inline,1,open_container_falling_pile,1,position_iterations=5; velocity_iterations=1; sleep=disabled; ccd=disabled; worker_count=1,vs2022_msbuild_release,1,1,,,1,yes,,,,,,,,,,,300,14733.943800000,,,,,results/box-container-pile-10k/intel-core-i7-13700k/2026-10-05_0700_ddr5-4800_threads-1-2-3-4-5-6-8-10-12-14-16-24_r5/raw/nvidia_physx5/t1/nvidia_physx5_t1_raw.csv
2026-10-05_0700_ddr5-4800_threads-1-2-3-4-5-6-8-10-12-14-16-24_r5,nvidia_physx5,5.10.0.75b25f28f9,windows,vs2022_msbuild_release,box_container_pile_10k,headless_api,1,step,300,30,2,10005,10005,0,0,median_ms_per_step,51.502495333,ms,lower_is_better,51.502495333,19.416534937,0,ok,ok,engine_runner_cli,work_unit_wall_sum_inline,1,open_container_falling_pile,1,position_iterations=5; velocity_iterations=1; sleep=disabled; ccd=disabled; worker_count=1,vs2022_msbuild_release,1,1,,,1,yes,,,,,,,,,,,300,15450.748600000,,,,,results/box-container-pile-10k/intel-core-i7-13700k/2026-10-05_0700_ddr5-4800_threads-1-2-3-4-5-6-8-10-12-14-16-24_r5/raw/nvidia_physx5/t1/nvidia_physx5_t1_raw.csv
2026-10-05_0700_ddr5-4800_threads-1-2-3-4-5-6-8-10-12-14-16-24_r5,nvidia_physx5,5.10.0.75b25f28f9,windows,vs2022_msbuild_release,box_container_pile_10k,headless_api,1,step,300,30,3,10005,10005,0,0,median_ms_per_step,52.901114000,ms,lower_is_better,52.901114000,18.903193608,0,ok,ok,engine_runner_cli,work_unit_wall_sum_inline,1,open_container_falling_pile,1,position_iterations=5; velocity_iterations=1; sleep=disabled; ccd=disabled; worker_count=1,vs2022_msbuild_release,1,1,,,1,yes,,,,,,,,,,,300,15870.334200000,,,,,results/box-container-pile-10k/intel-core-i7-13700k/2026-10-05_0700_ddr5-4800_threads-1-2-3-4-5-6-8-10-12-14-16-24_r5/raw/nvidia_physx5/t1/nvidia_physx5_t1_raw.csv
2026-10-05_0700_ddr5-4800_threads-1-2-3-4-5-6-8-10-12-14-16-24_r5,nvidia_physx5,5.10.0.75b25f28f9,windows,vs2022_msbuild_release,box_container_pile_10k,headless_api,1,step,300,30,4,10005,10005,0,0,median_ms_per_step,50.497924333,ms,lower_is_better,50.497924333,19.802794139,0,ok,ok,engine_runner_cli,work_unit_wall_sum_inline,1,open_container_falling_pile,1,position_iterations=5; velocity_iterations=1; sleep=disabled; ccd=disabled; worker_count=1,vs2022_msbuild_release,1,1,,,1,yes,,,,,,,,,,,300,15149.377300000,,,,,results/box-container-pile-10k/intel-core-i7-13700k/2026-10-05_0700_ddr5-4800_threads-1-2-3-4-5-6-8-10-12-14-16-24_r5/raw/nvidia_physx5/t1/nvidia_physx5_t1_raw.csv
2026-10-05_0700_ddr5-4800_threads-1-2-3-4-5-6-8-10-12-14-16-24_r5,nvidia_physx5,5.10.0.75b25f28f9,windows,vs2022_msbuild_release,box_container_pile_10k,headless_api,2,step,300,30,0,10005,10005,0,0,median_ms_per_step,28.308042000,ms,lower_is_better,28.308042000,35.325650570,0,ok,ok,engine_runner_cli,work_unit_wall_sum_inline,2,open_container_falling_pile,1,position_iterations=5; velocity_iterations=1; sleep=disabled; ccd=disabled; worker_count=2,vs2022_msbuild_release,2,2,,,2,yes,,,,,,,,,,,300,8492.412600000,,,,,results/box-container-pile-10k/intel-core-i7-13700k/2026-10-05_0700_ddr5-4800_threads-1-2-3-4-5-6-8-10-12-14-16-24_r5/raw/nvidia_physx5/t2/nvidia_physx5_t2_raw.csv
2026-10-05_0700_ddr5-4800_threads-1-2-3-4-5-6-8-10-12-14-16-24_r5,nvidia_physx5,5.10.0.75b25f28f9,windows,vs2022_msbuild_release,box_container_pile_10k,headless_api,2,step,300,30,1,10005,10005,0,0,median_ms_per_step,28.389874667,ms,lower_is_better,28.389874667,35.223825809,0,ok,ok,engine_runner_cli,work_unit_wall_sum_inline,2,open_container_falling_pile,1,position_iterations=5; velocity_iterations=1; sleep=disabled; ccd=disabled; worker_count=2,vs2022_msbuild_release,2,2,,,2,yes,,,,,,,,,,,300,8516.962400000,,,,,results/box-container-pile-10k/intel-core-i7-13700k/2026-10-05_0700_ddr5-4800_threads-1-2-3-4-5-6-8-10-12-14-16-24_r5/raw/nvidia_physx5/t2/nvidia_physx5_t2_raw.csv
2026-10-05_0700_ddr5-4800_threads-1-2-3-4-5-6-8-10-12-14-16-24_r5,nvidia_physx5,5.10.0.75b25f28f9,windows,vs2022_msbuild_release,box_container_pile_10k,headless_api,2,step,300,30,2,10005,10005,0,0,median_ms_per_step,30.355617000,ms,lower_is_better,30.355617000,32.942832294,0,ok,ok,engine_runner_cli,work_unit_wall_sum_inline,2,open_container_falling_pile,1,position_iterations=5; velocity_iterations=1; sleep=disabled; ccd=disabled; worker_count=2,vs2022_msbuild_release,2,2,,,2,yes,,,,,,,,,,,300,9106.685100000,,,,,results/box-container-pile-10k/intel-core-i7-13700k/2026-10-05_0700_ddr5-4800_threads-1-2-3-4-5-6-8-10-12-14-16-24_r5/raw/nvidia_physx5/t2/nvidia_physx5_t2_raw.csv
2026-10-05_0700_ddr5-4800_threads-1-2-3-4-5-6-8-10-12-14-16-24_r5,nvidia_physx5,5.10.0.75b25f28f9,windows,vs2022_msbuild_release,box_container_pile_10k,headless_api,2,step,300,30,3,10005,10005,0,0,median_ms_per_step,30.033657000,ms,lower_is_better,30.033657000,33.295978575,0,ok,ok,engine_runner_cli,work_unit_wall_sum_inline,2,open_container_falling_pile,1,position_iterations=5; velocity_iterations=1; sleep=disabled; ccd=disabled; worker_count=2,vs2022_msbuild_release,2,2,,,2,yes,,,,,,,,,,,300,9010.097100000,,,,,results/box-container-pile-10k/intel-core-i7-13700k/2026-10-05_0700_ddr5-4800_threads-1-2-3-4-5-6-8-10-12-14-16-24_r5/raw/nvidia_physx5/t2/nvidia_physx5_t2_raw.csv
2026-10-05_0700_ddr5-4800_threads-1-2-3-4-5-6-8-10-12-14-16-24_r5,nvidia_physx5,5.10.0.75b25f28f9,windows,vs2022_msbuild_release,box_container_pile_10k,headless_api,2,step,300,30,4,10005,10005,0,0,median_ms_per_step,28.390487000,ms,lower_is_better,28.390487000,35.223066093,0,ok,ok,engine_runner_cli,work_unit_wall_sum_inline,2,open_container_falling_pile,1,position_iterations=5; velocity_iterations=1; sleep=disabled; ccd=disabled; worker_count=2,vs2022_msbuild_release,2,2,,,2,yes,,,,,,,,,,,300,8517.146100000,,,,,results/box-container-pile-10k/intel-core-i7-13700k/2026-10-05_0700_ddr5-4800_threads-1-2-3-4-5-6-8-10-12-14-16-24_r5/raw/nvidia_physx5/t2/nvidia_physx5_t2_raw.csv
2026-10-05_0700_ddr5-4800_threads-1-2-3-4-5-6-8-10-12-14-16-24_r5,nvidia_physx5,5.10.0.75b25f28f9,windows,vs2022_msbuild_release,box_container_pile_10k,headless_api,3,step,300,30,0,10005,10005,0,0,median_ms_per_step,21.286729333,ms,lower_is_better,21.286729333,46.977625559,0,ok,ok,engine_runner_cli,work_unit_wall_sum_inline,3,open_container_falling_pile,1,position_iterations=5; velocity_iterations=1; sleep=disabled; ccd=disabled; worker_count=3,vs2022_msbuild_release,3,3,,,3,yes,,,,,,,,,,,300,6386.018800000,,,,,results/box-container-pile-10k/intel-core-i7-13700k/2026-10-05_0700_ddr5-4800_threads-1-2-3-4-5-6-8-10-12-14-16-24_r5/raw/nvidia_physx5/t3/nvidia_physx5_t3_raw.csv
2026-10-05_0700_ddr5-4800_threads-1-2-3-4-5-6-8-10-12-14-16-24_r5,nvidia_physx5,5.10.0.75b25f28f9,windows,vs2022_msbuild_release,box_container_pile_10k,headless_api,3,step,300,30,1,10005,10005,0,0,median_ms_per_step,21.173776667,ms,lower_is_better,21.173776667,47.228230265,0,ok,ok,engine_runner_cli,work_unit_wall_sum_inline,3,open_container_falling_pile,1,position_iterations=5; velocity_iterations=1; sleep=disabled; ccd=disabled; worker_count=3,vs2022_msbuild_release,3,3,,,3,yes,,,,,,,,,,,300,6352.133000000,,,,,results/box-container-pile-10k/intel-core-i7-13700k/2026-10-05_0700_ddr5-4800_threads-1-2-3-4-5-6-8-10-12-14-16-24_r5/raw/nvidia_physx5/t3/nvidia_physx5_t3_raw.csv
2026-10-05_0700_ddr5-4800_threads-1-2-3-4-5-6-8-10-12-14-16-24_r5,nvidia_physx5,5.10.0.75b25f28f9,windows,vs2022_msbuild_release,box_container_pile_10k,headless_api,3,step,300,30,2,10005,10005,0,0,median_ms_per_step,21.655545333,ms,lower_is_better,21.655545333,46.177548734,0,ok,ok,engine_runner_cli,work_unit_wall_sum_inline,3,open_container_falling_pile,1,position_iterations=5; velocity_iterations=1; sleep=disabled; ccd=disabled; worker_count=3,vs2022_msbuild_release,3,3,,,3,yes,,,,,,,,,,,300,6496.663600000,,,,,results/box-container-pile-10k/intel-core-i7-13700k/2026-10-05_0700_ddr5-4800_threads-1-2-3-4-5-6-8-10-12-14-16-24_r5/raw/nvidia_physx5/t3/nvidia_physx5_t3_raw.csv
2026-10-05_0700_ddr5-4800_threads-1-2-3-4-5-6-8-10-12-14-16-24_r5,nvidia_physx5,5.10.0.75b25f28f9,windows,vs2022_msbuild_release,box_container_pile_10k,headless_api,3,step,300,30,3,10005,10005,0,0,median_ms_per_step,22.350381000,ms,lower_is_better,22.350381000,44.741966591,0,ok,ok,engine_runner_cli,work_unit_wall_sum_inline,3,open_container_falling_pile,1,position_iterations=5; velocity_iterations=1; sleep=disabled; ccd=disabled; worker_count=3,vs2022_msbuild_release,3,3,,,3,yes,,,,,,,,,,,300,6705.114300000,,,,,results/box-container-pile-10k/intel-core-i7-13700k/2026-10-05_0700_ddr5-4800_threads-1-2-3-4-5-6-8-10-12-14-16-24_r5/raw/nvidia_physx5/t3/nvidia_physx5_t3_raw.csv
2026-10-05_0700_ddr5-4800_threads-1-2-3-4-5-6-8-10-12-14-16-24_r5,nvidia_physx5,5.10.0.75b25f28f9,windows,vs2022_msbuild_release,box_container_pile_10k,headless_api,3,step,300,30,4,10005,10005,0,0,median_ms_per_step,22.273114000,ms,lower_is_better,22.273114000,44.897179622,0,ok,ok,engine_runner_cli,work_unit_wall_sum_inline,3,open_container_falling_pile,1,position_iterations=5; velocity_iterations=1; sleep=disabled; ccd=disabled; worker_count=3,vs2022_msbuild_release,3,3,,,3,yes,,,,,,,,,,,300,6681.934200000,,,,,results/box-container-pile-10k/intel-core-i7-13700k/2026-10-05_0700_ddr5-4800_threads-1-2-3-4-5-6-8-10-12-14-16-24_r5/raw/nvidia_physx5/t3/nvidia_physx5_t3_raw.csv
2026-10-05_0700_ddr5-4800_threads-1-2-3-4-5-6-8-10-12-14-16-24_r5,nvidia_physx5,5.10.0.75b25f28f9,windows,vs2022_msbuild_release,box_container_pile_10k,headless_api,4,step,300,30,0,10005,10005,0,0,median_ms_per_step,17.735035333,ms,lower_is_better,17.735035333,56.385565701,0,ok,ok,engine_runner_cli,work_unit_wall_sum_inline,4,open_container_falling_pile,1,position_iterations=5; velocity_iterations=1; sleep=disabled; ccd=disabled; worker_count=4,vs2022_msbuild_release,4,4,,,4,yes,,,,,,,,,,,300,5320.510600000,,,,,results/box-container-pile-10k/intel-core-i7-13700k/2026-10-05_0700_ddr5-4800_threads-1-2-3-4-5-6-8-10-12-14-16-24_r5/raw/nvidia_physx5/t4/nvidia_physx5_t4_raw.csv
2026-10-05_0700_ddr5-4800_threads-1-2-3-4-5-6-8-10-12-14-16-24_r5,nvidia_physx5,5.10.0.75b25f28f9,windows,vs2022_msbuild_release,box_container_pile_10k,headless_api,4,step,300,30,1,10005,10005,0,0,median_ms_per_step,17.997065000,ms,lower_is_better,17.997065000,55.564615675,0,ok,ok,engine_runner_cli,work_unit_wall_sum_inline,4,open_container_falling_pile,1,position_iterations=5; velocity_iterations=1; sleep=disabled; ccd=disabled; worker_count=4,vs2022_msbuild_release,4,4,,,4,yes,,,,,,,,,,,300,5399.119500000,,,,,results/box-container-pile-10k/intel-core-i7-13700k/2026-10-05_0700_ddr5-4800_threads-1-2-3-4-5-6-8-10-12-14-16-24_r5/raw/nvidia_physx5/t4/nvidia_physx5_t4_raw.csv
2026-10-05_0700_ddr5-4800_threads-1-2-3-4-5-6-8-10-12-14-16-24_r5,nvidia_physx5,5.10.0.75b25f28f9,windows,vs2022_msbuild_release,box_container_pile_10k,headless_api,4,step,300,30,2,10005,10005,0,0,median_ms_per_step,17.666961667,ms,lower_is_better,17.666961667,56.602828424,0,ok,ok,engine_runner_cli,work_unit_wall_sum_inline,4,open_container_falling_pile,1,position_iterations=5; velocity_iterations=1; sleep=disabled; ccd=disabled; worker_count=4,vs2022_msbuild_release,4,4,,,4,yes,,,,,,,,,,,300,5300.088500000,,,,,results/box-container-pile-10k/intel-core-i7-13700k/2026-10-05_0700_ddr5-4800_threads-1-2-3-4-5-6-8-10-12-14-16-24_r5/raw/nvidia_physx5/t4/nvidia_physx5_t4_raw.csv
2026-10-05_0700_ddr5-4800_threads-1-2-3-4-5-6-8-10-12-14-16-24_r5,nvidia_physx5,5.10.0.75b25f28f9,windows,vs2022_msbuild_release,box_container_pile_10k,headless_api,4,step,300,30,3,10005,10005,0,0,median_ms_per_step,18.260012667,ms,lower_is_better,18.260012667,54.764474607,0,ok,ok,engine_runner_cli,work_unit_wall_sum_inline,4,open_container_falling_pile,1,position_iterations=5; velocity_iterations=1; sleep=disabled; ccd=disabled; worker_count=4,vs2022_msbuild_release,4,4,,,4,yes,,,,,,,,,,,300,5478.003800000,,,,,results/box-container-pile-10k/intel-core-i7-13700k/2026-10-05_0700_ddr5-4800_threads-1-2-3-4-5-6-8-10-12-14-16-24_r5/raw/nvidia_physx5/t4/nvidia_physx5_t4_raw.csv
2026-10-05_0700_ddr5-4800_threads-1-2-3-4-5-6-8-10-12-14-16-24_r5,nvidia_physx5,5.10.0.75b25f28f9,windows,vs2022_msbuild_release,box_container_pile_10k,headless_api,4,step,300,30,4,10005,10005,0,0,median_ms_per_step,17.552634333,ms,lower_is_better,17.552634333,56.971505303,0,ok,ok,engine_runner_cli,work_unit_wall_sum_inline,4,open_container_falling_pile,1,position_iterations=5; velocity_iterations=1; sleep=disabled; ccd=disabled; worker_count=4,vs2022_msbuild_release,4,4,,,4,yes,,,,,,,,,,,300,5265.790300000,,,,,results/box-container-pile-10k/intel-core-i7-13700k/2026-10-05_0700_ddr5-4800_threads-1-2-3-4-5-6-8-10-12-14-16-24_r5/raw/nvidia_physx5/t4/nvidia_physx5_t4_raw.csv
2026-10-05_0700_ddr5-4800_threads-1-2-3-4-5-6-8-10-12-14-16-24_r5,nvidia_physx5,5.10.0.75b25f28f9,windows,vs2022_msbuild_release,box_container_pile_10k,headless_api,5,step,300,30,0,10005,10005,0,0,median_ms_per_step,15.080031333,ms,lower_is_better,15.080031333,66.312859562,0,ok,ok,engine_runner_cli,work_unit_wall_sum_inline,5,open_container_falling_pile,1,position_iterations=5; velocity_iterations=1; sleep=disabled; ccd=disabled; worker_count=5,vs2022_msbuild_release,5,5,,,5,yes,,,,,,,,,,,300,4524.009400000,,,,,results/box-container-pile-10k/intel-core-i7-13700k/2026-10-05_0700_ddr5-4800_threads-1-2-3-4-5-6-8-10-12-14-16-24_r5/raw/nvidia_physx5/t5/nvidia_physx5_t5_raw.csv
2026-10-05_0700_ddr5-4800_threads-1-2-3-4-5-6-8-10-12-14-16-24_r5,nvidia_physx5,5.10.0.75b25f28f9,windows,vs2022_msbuild_release,box_container_pile_10k,headless_api,5,step,300,30,1,10005,10005,0,0,median_ms_per_step,15.099255000,ms,lower_is_better,15.099255000,66.228433125,0,ok,ok,engine_runner_cli,work_unit_wall_sum_inline,5,open_container_falling_pile,1,position_iterations=5; velocity_iterations=1; sleep=disabled; ccd=disabled; worker_count=5,vs2022_msbuild_release,5,5,,,5,yes,,,,,,,,,,,300,4529.776500000,,,,,results/box-container-pile-10k/intel-core-i7-13700k/2026-10-05_0700_ddr5-4800_threads-1-2-3-4-5-6-8-10-12-14-16-24_r5/raw/nvidia_physx5/t5/nvidia_physx5_t5_raw.csv
2026-10-05_0700_ddr5-4800_threads-1-2-3-4-5-6-8-10-12-14-16-24_r5,nvidia_physx5,5.10.0.75b25f28f9,windows,vs2022_msbuild_release,box_container_pile_10k,headless_api,5,step,300,30,2,10005,10005,0,0,median_ms_per_step,15.102635000,ms,lower_is_better,15.102635000,66.213611069,0,ok,ok,engine_runner_cli,work_unit_wall_sum_inline,5,open_container_falling_pile,1,position_iterations=5; velocity_iterations=1; sleep=disabled; ccd=disabled; worker_count=5,vs2022_msbuild_release,5,5,,,5,yes,,,,,,,,,,,300,4530.790500000,,,,,results/box-container-pile-10k/intel-core-i7-13700k/2026-10-05_0700_ddr5-4800_threads-1-2-3-4-5-6-8-10-12-14-16-24_r5/raw/nvidia_physx5/t5/nvidia_physx5_t5_raw.csv
2026-10-05_0700_ddr5-4800_threads-1-2-3-4-5-6-8-10-12-14-16-24_r5,nvidia_physx5,5.10.0.75b25f28f9,windows,vs2022_msbuild_release,box_container_pile_10k,headless_api,5,step,300,30,3,10005,10005,0,0,median_ms_per_step,15.241811000,ms,lower_is_better,15.241811000,65.609001450,0,ok,ok,engine_runner_cli,work_unit_wall_sum_inline,5,open_container_falling_pile,1,position_iterations=5; velocity_iterations=1; sleep=disabled; ccd=disabled; worker_count=5,vs2022_msbuild_release,5,5,,,5,yes,,,,,,,,,,,300,4572.543300000,,,,,results/box-container-pile-10k/intel-core-i7-13700k/2026-10-05_0700_ddr5-4800_threads-1-2-3-4-5-6-8-10-12-14-16-24_r5/raw/nvidia_physx5/t5/nvidia_physx5_t5_raw.csv
2026-10-05_0700_ddr5-4800_threads-1-2-3-4-5-6-8-10-12-14-16-24_r5,nvidia_physx5,5.10.0.75b25f28f9,windows,vs2022_msbuild_release,box_container_pile_10k,headless_api,5,step,300,30,4,10005,10005,0,0,median_ms_per_step,15.078689000,ms,lower_is_better,15.078689000,66.318762858,0,ok,ok,engine_runner_cli,work_unit_wall_sum_inline,5,open_container_falling_pile,1,position_iterations=5; velocity_iterations=1; sleep=disabled; ccd=disabled; worker_count=5,vs2022_msbuild_release,5,5,,,5,yes,,,,,,,,,,,300,4523.606700000,,,,,results/box-container-pile-10k/intel-core-i7-13700k/2026-10-05_0700_ddr5-4800_threads-1-2-3-4-5-6-8-10-12-14-16-24_r5/raw/nvidia_physx5/t5/nvidia_physx5_t5_raw.csv
2026-10-05_0700_ddr5-4800_threads-1-2-3-4-5-6-8-10-12-14-16-24_r5,nvidia_physx5,5.10.0.75b25f28f9,windows,vs2022_msbuild_release,box_container_pile_10k,headless_api,6,step,300,30,0,10005,10005,0,0,median_ms_per_step,13.331584333,ms,lower_is_better,13.331584333,75.009839416,0,ok,ok,engine_runner_cli,work_unit_wall_sum_inline,6,open_container_falling_pile,1,position_iterations=5; velocity_iterations=1; sleep=disabled; ccd=disabled; worker_count=6,vs2022_msbuild_release,6,6,,,6,yes,,,,,,,,,,,300,3999.475300000,,,,,results/box-container-pile-10k/intel-core-i7-13700k/2026-10-05_0700_ddr5-4800_threads-1-2-3-4-5-6-8-10-12-14-16-24_r5/raw/nvidia_physx5/t6/nvidia_physx5_t6_raw.csv
2026-10-05_0700_ddr5-4800_threads-1-2-3-4-5-6-8-10-12-14-16-24_r5,nvidia_physx5,5.10.0.75b25f28f9,windows,vs2022_msbuild_release,box_container_pile_10k,headless_api,6,step,300,30,1,10005,10005,0,0,median_ms_per_step,13.421425333,ms,lower_is_better,13.421425333,74.507734847,0,ok,ok,engine_runner_cli,work_unit_wall_sum_inline,6,open_container_falling_pile,1,position_iterations=5; velocity_iterations=1; sleep=disabled; ccd=disabled; worker_count=6,vs2022_msbuild_release,6,6,,,6,yes,,,,,,,,,,,300,4026.427600000,,,,,results/box-container-pile-10k/intel-core-i7-13700k/2026-10-05_0700_ddr5-4800_threads-1-2-3-4-5-6-8-10-12-14-16-24_r5/raw/nvidia_physx5/t6/nvidia_physx5_t6_raw.csv
2026-10-05_0700_ddr5-4800_threads-1-2-3-4-5-6-8-10-12-14-16-24_r5,nvidia_physx5,5.10.0.75b25f28f9,windows,vs2022_msbuild_release,box_container_pile_10k,headless_api,6,step,300,30,2,10005,10005,0,0,median_ms_per_step,13.612317333,ms,lower_is_better,13.612317333,73.462877445,0,ok,ok,engine_runner_cli,work_unit_wall_sum_inline,6,open_container_falling_pile,1,position_iterations=5; velocity_iterations=1; sleep=disabled; ccd=disabled; worker_count=6,vs2022_msbuild_release,6,6,,,6,yes,,,,,,,,,,,300,4083.695200000,,,,,results/box-container-pile-10k/intel-core-i7-13700k/2026-10-05_0700_ddr5-4800_threads-1-2-3-4-5-6-8-10-12-14-16-24_r5/raw/nvidia_physx5/t6/nvidia_physx5_t6_raw.csv
2026-10-05_0700_ddr5-4800_threads-1-2-3-4-5-6-8-10-12-14-16-24_r5,nvidia_physx5,5.10.0.75b25f28f9,windows,vs2022_msbuild_release,box_container_pile_10k,headless_api,6,step,300,30,3,10005,10005,0,0,median_ms_per_step,13.199766667,ms,lower_is_better,13.199766667,75.758914930,0,ok,ok,engine_runner_cli,work_unit_wall_sum_inline,6,open_container_falling_pile,1,position_iterations=5; velocity_iterations=1; sleep=disabled; ccd=disabled; worker_count=6,vs2022_msbuild_release,6,6,,,6,yes,,,,,,,,,,,300,3959.930000000,,,,,results/box-container-pile-10k/intel-core-i7-13700k/2026-10-05_0700_ddr5-4800_threads-1-2-3-4-5-6-8-10-12-14-16-24_r5/raw/nvidia_physx5/t6/nvidia_physx5_t6_raw.csv
2026-10-05_0700_ddr5-4800_threads-1-2-3-4-5-6-8-10-12-14-16-24_r5,nvidia_physx5,5.10.0.75b25f28f9,windows,vs2022_msbuild_release,box_container_pile_10k,headless_api,6,step,300,30,4,10005,10005,0,0,median_ms_per_step,13.336974333,ms,lower_is_better,13.336974333,74.979524966,0,ok,ok,engine_runner_cli,work_unit_wall_sum_inline,6,open_container_falling_pile,1,position_iterations=5; velocity_iterations=1; sleep=disabled; ccd=disabled; worker_count=6,vs2022_msbuild_release,6,6,,,6,yes,,,,,,,,,,,300,4001.092300000,,,,,results/box-container-pile-10k/intel-core-i7-13700k/2026-10-05_0700_ddr5-4800_threads-1-2-3-4-5-6-8-10-12-14-16-24_r5/raw/nvidia_physx5/t6/nvidia_physx5_t6_raw.csv
2026-10-05_0700_ddr5-4800_threads-1-2-3-4-5-6-8-10-12-14-16-24_r5,nvidia_physx5,5.10.0.75b25f28f9,windows,vs2022_msbuild_release,box_container_pile_10k,headless_api,8,step,300,30,0,10005,10005,0,0,median_ms_per_step,11.617643333,ms,lower_is_better,11.617643333,86.075976970,0,ok,ok,engine_runner_cli,work_unit_wall_sum_inline,8,open_container_falling_pile,1,position_iterations=5; velocity_iterations=1; sleep=disabled; ccd=disabled; worker_count=8,vs2022_msbuild_release,8,8,,,8,yes,,,,,,,,,,,300,3485.293000000,,,,,results/box-container-pile-10k/intel-core-i7-13700k/2026-10-05_0700_ddr5-4800_threads-1-2-3-4-5-6-8-10-12-14-16-24_r5/raw/nvidia_physx5/t8/nvidia_physx5_t8_raw.csv
2026-10-05_0700_ddr5-4800_threads-1-2-3-4-5-6-8-10-12-14-16-24_r5,nvidia_physx5,5.10.0.75b25f28f9,windows,vs2022_msbuild_release,box_container_pile_10k,headless_api,8,step,300,30,1,10005,10005,0,0,median_ms_per_step,11.699566667,ms,lower_is_better,11.699566667,85.473251146,0,ok,ok,engine_runner_cli,work_unit_wall_sum_inline,8,open_container_falling_pile,1,position_iterations=5; velocity_iterations=1; sleep=disabled; ccd=disabled; worker_count=8,vs2022_msbuild_release,8,8,,,8,yes,,,,,,,,,,,300,3509.870000000,,,,,results/box-container-pile-10k/intel-core-i7-13700k/2026-10-05_0700_ddr5-4800_threads-1-2-3-4-5-6-8-10-12-14-16-24_r5/raw/nvidia_physx5/t8/nvidia_physx5_t8_raw.csv
2026-10-05_0700_ddr5-4800_threads-1-2-3-4-5-6-8-10-12-14-16-24_r5,nvidia_physx5,5.10.0.75b25f28f9,windows,vs2022_msbuild_release,box_container_pile_10k,headless_api,8,step,300,30,2,10005,10005,0,0,median_ms_per_step,11.466709333,ms,lower_is_better,11.466709333,87.208977827,0,ok,ok,engine_runner_cli,work_unit_wall_sum_inline,8,open_container_falling_pile,1,position_iterations=5; velocity_iterations=1; sleep=disabled; ccd=disabled; worker_count=8,vs2022_msbuild_release,8,8,,,8,yes,,,,,,,,,,,300,3440.012800000,,,,,results/box-container-pile-10k/intel-core-i7-13700k/2026-10-05_0700_ddr5-4800_threads-1-2-3-4-5-6-8-10-12-14-16-24_r5/raw/nvidia_physx5/t8/nvidia_physx5_t8_raw.csv
2026-10-05_0700_ddr5-4800_threads-1-2-3-4-5-6-8-10-12-14-16-24_r5,nvidia_physx5,5.10.0.75b25f28f9,windows,vs2022_msbuild_release,box_container_pile_10k,headless_api,8,step,300,30,3,10005,10005,0,0,median_ms_per_step,11.596542000,ms,lower_is_better,11.596542000,86.232602788,0,ok,ok,engine_runner_cli,work_unit_wall_sum_inline,8,open_container_falling_pile,1,position_iterations=5; velocity_iterations=1; sleep=disabled; ccd=disabled; worker_count=8,vs2022_msbuild_release,8,8,,,8,yes,,,,,,,,,,,300,3478.962600000,,,,,results/box-container-pile-10k/intel-core-i7-13700k/2026-10-05_0700_ddr5-4800_threads-1-2-3-4-5-6-8-10-12-14-16-24_r5/raw/nvidia_physx5/t8/nvidia_physx5_t8_raw.csv
2026-10-05_0700_ddr5-4800_threads-1-2-3-4-5-6-8-10-12-14-16-24_r5,nvidia_physx5,5.10.0.75b25f28f9,windows,vs2022_msbuild_release,box_container_pile_10k,headless_api,8,step,300,30,4,10005,10005,0,0,median_ms_per_step,11.753302333,ms,lower_is_better,11.753302333,85.082470581,0,ok,ok,engine_runner_cli,work_unit_wall_sum_inline,8,open_container_falling_pile,1,position_iterations=5; velocity_iterations=1; sleep=disabled; ccd=disabled; worker_count=8,vs2022_msbuild_release,8,8,,,8,yes,,,,,,,,,,,300,3525.990700000,,,,,results/box-container-pile-10k/intel-core-i7-13700k/2026-10-05_0700_ddr5-4800_threads-1-2-3-4-5-6-8-10-12-14-16-24_r5/raw/nvidia_physx5/t8/nvidia_physx5_t8_raw.csv
2026-10-05_0700_ddr5-4800_threads-1-2-3-4-5-6-8-10-12-14-16-24_r5,nvidia_physx5,5.10.0.75b25f28f9,windows,vs2022_msbuild_release,box_container_pile_10k,headless_api,10,step,300,30,0,10005,10005,0,0,median_ms_per_step,10.787178000,ms,lower_is_better,10.787178000,92.702651240,0,ok,ok,engine_runner_cli,work_unit_wall_sum_inline,10,open_container_falling_pile,1,position_iterations=5; velocity_iterations=1; sleep=disabled; ccd=disabled; worker_count=10,vs2022_msbuild_release,10,10,,,10,yes,,,,,,,,,,,300,3236.153400000,,,,,results/box-container-pile-10k/intel-core-i7-13700k/2026-10-05_0700_ddr5-4800_threads-1-2-3-4-5-6-8-10-12-14-16-24_r5/raw/nvidia_physx5/t10/nvidia_physx5_t10_raw.csv
2026-10-05_0700_ddr5-4800_threads-1-2-3-4-5-6-8-10-12-14-16-24_r5,nvidia_physx5,5.10.0.75b25f28f9,windows,vs2022_msbuild_release,box_container_pile_10k,headless_api,10,step,300,30,1,10005,10005,0,0,median_ms_per_step,10.789519333,ms,lower_is_better,10.789519333,92.682534699,0,ok,ok,engine_runner_cli,work_unit_wall_sum_inline,10,open_container_falling_pile,1,position_iterations=5; velocity_iterations=1; sleep=disabled; ccd=disabled; worker_count=10,vs2022_msbuild_release,10,10,,,10,yes,,,,,,,,,,,300,3236.855800000,,,,,results/box-container-pile-10k/intel-core-i7-13700k/2026-10-05_0700_ddr5-4800_threads-1-2-3-4-5-6-8-10-12-14-16-24_r5/raw/nvidia_physx5/t10/nvidia_physx5_t10_raw.csv
2026-10-05_0700_ddr5-4800_threads-1-2-3-4-5-6-8-10-12-14-16-24_r5,nvidia_physx5,5.10.0.75b25f28f9,windows,vs2022_msbuild_release,box_container_pile_10k,headless_api,10,step,300,30,2,10005,10005,0,0,median_ms_per_step,10.906527667,ms,lower_is_better,10.906527667,91.688210085,0,ok,ok,engine_runner_cli,work_unit_wall_sum_inline,10,open_container_falling_pile,1,position_iterations=5; velocity_iterations=1; sleep=disabled; ccd=disabled; worker_count=10,vs2022_msbuild_release,10,10,,,10,yes,,,,,,,,,,,300,3271.958300000,,,,,results/box-container-pile-10k/intel-core-i7-13700k/2026-10-05_0700_ddr5-4800_threads-1-2-3-4-5-6-8-10-12-14-16-24_r5/raw/nvidia_physx5/t10/nvidia_physx5_t10_raw.csv
2026-10-05_0700_ddr5-4800_threads-1-2-3-4-5-6-8-10-12-14-16-24_r5,nvidia_physx5,5.10.0.75b25f28f9,windows,vs2022_msbuild_release,box_container_pile_10k,headless_api,10,step,300,30,3,10005,10005,0,0,median_ms_per_step,11.012738333,ms,lower_is_better,11.012738333,90.803937198,0,ok,ok,engine_runner_cli,work_unit_wall_sum_inline,10,open_container_falling_pile,1,position_iterations=5; velocity_iterations=1; sleep=disabled; ccd=disabled; worker_count=10,vs2022_msbuild_release,10,10,,,10,yes,,,,,,,,,,,300,3303.821500000,,,,,results/box-container-pile-10k/intel-core-i7-13700k/2026-10-05_0700_ddr5-4800_threads-1-2-3-4-5-6-8-10-12-14-16-24_r5/raw/nvidia_physx5/t10/nvidia_physx5_t10_raw.csv
2026-10-05_0700_ddr5-4800_threads-1-2-3-4-5-6-8-10-12-14-16-24_r5,nvidia_physx5,5.10.0.75b25f28f9,windows,vs2022_msbuild_release,box_container_pile_10k,headless_api,10,step,300,30,4,10005,10005,0,0,median_ms_per_step,10.743764000,ms,lower_is_better,10.743764000,93.077249277,0,ok,ok,engine_runner_cli,work_unit_wall_sum_inline,10,open_container_falling_pile,1,position_iterations=5; velocity_iterations=1; sleep=disabled; ccd=disabled; worker_count=10,vs2022_msbuild_release,10,10,,,10,yes,,,,,,,,,,,300,3223.129200000,,,,,results/box-container-pile-10k/intel-core-i7-13700k/2026-10-05_0700_ddr5-4800_threads-1-2-3-4-5-6-8-10-12-14-16-24_r5/raw/nvidia_physx5/t10/nvidia_physx5_t10_raw.csv
2026-10-05_0700_ddr5-4800_threads-1-2-3-4-5-6-8-10-12-14-16-24_r5,nvidia_physx5,5.10.0.75b25f28f9,windows,vs2022_msbuild_release,box_container_pile_10k,headless_api,12,step,300,30,0,10005,10005,0,0,median_ms_per_step,10.214623667,ms,lower_is_better,10.214623667,97.898858796,0,ok,ok,engine_runner_cli,work_unit_wall_sum_inline,12,open_container_falling_pile,1,position_iterations=5; velocity_iterations=1; sleep=disabled; ccd=disabled; worker_count=12,vs2022_msbuild_release,12,12,,,12,yes,,,,,,,,,,,300,3064.387100000,,,,,results/box-container-pile-10k/intel-core-i7-13700k/2026-10-05_0700_ddr5-4800_threads-1-2-3-4-5-6-8-10-12-14-16-24_r5/raw/nvidia_physx5/t12/nvidia_physx5_t12_raw.csv
2026-10-05_0700_ddr5-4800_threads-1-2-3-4-5-6-8-10-12-14-16-24_r5,nvidia_physx5,5.10.0.75b25f28f9,windows,vs2022_msbuild_release,box_container_pile_10k,headless_api,12,step,300,30,1,10005,10005,0,0,median_ms_per_step,10.407475000,ms,lower_is_better,10.407475000,96.084785214,0,ok,ok,engine_runner_cli,work_unit_wall_sum_inline,12,open_container_falling_pile,1,position_iterations=5; velocity_iterations=1; sleep=disabled; ccd=disabled; worker_count=12,vs2022_msbuild_release,12,12,,,12,yes,,,,,,,,,,,300,3122.242500000,,,,,results/box-container-pile-10k/intel-core-i7-13700k/2026-10-05_0700_ddr5-4800_threads-1-2-3-4-5-6-8-10-12-14-16-24_r5/raw/nvidia_physx5/t12/nvidia_physx5_t12_raw.csv
2026-10-05_0700_ddr5-4800_threads-1-2-3-4-5-6-8-10-12-14-16-24_r5,nvidia_physx5,5.10.0.75b25f28f9,windows,vs2022_msbuild_release,box_container_pile_10k,headless_api,12,step,300,30,2,10005,10005,0,0,median_ms_per_step,10.436431333,ms,lower_is_better,10.436431333,95.818193793,0,ok,ok,engine_runner_cli,work_unit_wall_sum_inline,12,open_container_falling_pile,1,position_iterations=5; velocity_iterations=1; sleep=disabled; ccd=disabled; worker_count=12,vs2022_msbuild_release,12,12,,,12,yes,,,,,,,,,,,300,3130.929400000,,,,,results/box-container-pile-10k/intel-core-i7-13700k/2026-10-05_0700_ddr5-4800_threads-1-2-3-4-5-6-8-10-12-14-16-24_r5/raw/nvidia_physx5/t12/nvidia_physx5_t12_raw.csv
2026-10-05_0700_ddr5-4800_threads-1-2-3-4-5-6-8-10-12-14-16-24_r5,nvidia_physx5,5.10.0.75b25f28f9,windows,vs2022_msbuild_release,box_container_pile_10k,headless_api,12,step,300,30,3,10005,10005,0,0,median_ms_per_step,10.197769333,ms,lower_is_better,10.197769333,98.060660848,0,ok,ok,engine_runner_cli,work_unit_wall_sum_inline,12,open_container_falling_pile,1,position_iterations=5; velocity_iterations=1; sleep=disabled; ccd=disabled; worker_count=12,vs2022_msbuild_release,12,12,,,12,yes,,,,,,,,,,,300,3059.330800000,,,,,results/box-container-pile-10k/intel-core-i7-13700k/2026-10-05_0700_ddr5-4800_threads-1-2-3-4-5-6-8-10-12-14-16-24_r5/raw/nvidia_physx5/t12/nvidia_physx5_t12_raw.csv
2026-10-05_0700_ddr5-4800_threads-1-2-3-4-5-6-8-10-12-14-16-24_r5,nvidia_physx5,5.10.0.75b25f28f9,windows,vs2022_msbuild_release,box_container_pile_10k,headless_api,12,step,300,30,4,10005,10005,0,0,median_ms_per_step,10.320453000,ms,lower_is_better,10.320453000,96.894971568,0,ok,ok,engine_runner_cli,work_unit_wall_sum_inline,12,open_container_falling_pile,1,position_iterations=5; velocity_iterations=1; sleep=disabled; ccd=disabled; worker_count=12,vs2022_msbuild_release,12,12,,,12,yes,,,,,,,,,,,300,3096.135900000,,,,,results/box-container-pile-10k/intel-core-i7-13700k/2026-10-05_0700_ddr5-4800_threads-1-2-3-4-5-6-8-10-12-14-16-24_r5/raw/nvidia_physx5/t12/nvidia_physx5_t12_raw.csv
2026-10-05_0700_ddr5-4800_threads-1-2-3-4-5-6-8-10-12-14-16-24_r5,nvidia_physx5,5.10.0.75b25f28f9,windows,vs2022_msbuild_release,box_container_pile_10k,headless_api,14,step,300,30,0,10005,10005,0,0,median_ms_per_step,10.107891000,ms,lower_is_better,10.107891000,98.932606218,0,ok,ok,engine_runner_cli,work_unit_wall_sum_inline,14,open_container_falling_pile,1,position_iterations=5; velocity_iterations=1; sleep=disabled; ccd=disabled; worker_count=14,vs2022_msbuild_release,14,14,,,14,yes,,,,,,,,,,,300,3032.367300000,,,,,results/box-container-pile-10k/intel-core-i7-13700k/2026-10-05_0700_ddr5-4800_threads-1-2-3-4-5-6-8-10-12-14-16-24_r5/raw/nvidia_physx5/t14/nvidia_physx5_t14_raw.csv
2026-10-05_0700_ddr5-4800_threads-1-2-3-4-5-6-8-10-12-14-16-24_r5,nvidia_physx5,5.10.0.75b25f28f9,windows,vs2022_msbuild_release,box_container_pile_10k,headless_api,14,step,300,30,1,10005,10005,0,0,median_ms_per_step,10.144063333,ms,lower_is_better,10.144063333,98.579826164,0,ok,ok,engine_runner_cli,work_unit_wall_sum_inline,14,open_container_falling_pile,1,position_iterations=5; velocity_iterations=1; sleep=disabled; ccd=disabled; worker_count=14,vs2022_msbuild_release,14,14,,,14,yes,,,,,,,,,,,300,3043.219000000,,,,,results/box-container-pile-10k/intel-core-i7-13700k/2026-10-05_0700_ddr5-4800_threads-1-2-3-4-5-6-8-10-12-14-16-24_r5/raw/nvidia_physx5/t14/nvidia_physx5_t14_raw.csv
2026-10-05_0700_ddr5-4800_threads-1-2-3-4-5-6-8-10-12-14-16-24_r5,nvidia_physx5,5.10.0.75b25f28f9,windows,vs2022_msbuild_release,box_container_pile_10k,headless_api,14,step,300,30,2,10005,10005,0,0,median_ms_per_step,10.144606333,ms,lower_is_better,10.144606333,98.574549582,0,ok,ok,engine_runner_cli,work_unit_wall_sum_inline,14,open_container_falling_pile,1,position_iterations=5; velocity_iterations=1; sleep=disabled; ccd=disabled; worker_count=14,vs2022_msbuild_release,14,14,,,14,yes,,,,,,,,,,,300,3043.381900000,,,,,results/box-container-pile-10k/intel-core-i7-13700k/2026-10-05_0700_ddr5-4800_threads-1-2-3-4-5-6-8-10-12-14-16-24_r5/raw/nvidia_physx5/t14/nvidia_physx5_t14_raw.csv
2026-10-05_0700_ddr5-4800_threads-1-2-3-4-5-6-8-10-12-14-16-24_r5,nvidia_physx5,5.10.0.75b25f28f9,windows,vs2022_msbuild_release,box_container_pile_10k,headless_api,14,step,300,30,3,10005,10005,0,0,median_ms_per_step,10.022353000,ms,lower_is_better,10.022353000,99.776968542,0,ok,ok,engine_runner_cli,work_unit_wall_sum_inline,14,open_container_falling_pile,1,position_iterations=5; velocity_iterations=1; sleep=disabled; ccd=disabled; worker_count=14,vs2022_msbuild_release,14,14,,,14,yes,,,,,,,,,,,300,3006.705900000,,,,,results/box-container-pile-10k/intel-core-i7-13700k/2026-10-05_0700_ddr5-4800_threads-1-2-3-4-5-6-8-10-12-14-16-24_r5/raw/nvidia_physx5/t14/nvidia_physx5_t14_raw.csv
2026-10-05_0700_ddr5-4800_threads-1-2-3-4-5-6-8-10-12-14-16-24_r5,nvidia_physx5,5.10.0.75b25f28f9,windows,vs2022_msbuild_release,box_container_pile_10k,headless_api,14,step,300,30,4,10005,10005,0,0,median_ms_per_step,10.050583667,ms,lower_is_better,10.050583667,99.496709163,0,ok,ok,engine_runner_cli,work_unit_wall_sum_inline,14,open_container_falling_pile,1,position_iterations=5; velocity_iterations=1; sleep=disabled; ccd=disabled; worker_count=14,vs2022_msbuild_release,14,14,,,14,yes,,,,,,,,,,,300,3015.175100000,,,,,results/box-container-pile-10k/intel-core-i7-13700k/2026-10-05_0700_ddr5-4800_threads-1-2-3-4-5-6-8-10-12-14-16-24_r5/raw/nvidia_physx5/t14/nvidia_physx5_t14_raw.csv
2026-10-05_0700_ddr5-4800_threads-1-2-3-4-5-6-8-10-12-14-16-24_r5,nvidia_physx5,5.10.0.75b25f28f9,windows,vs2022_msbuild_release,box_container_pile_10k,headless_api,16,step,300,30,0,10005,10005,0,0,median_ms_per_step,10.693390667,ms,lower_is_better,10.693390667,93.515708083,0,ok,ok,engine_runner_cli,work_unit_wall_sum_inline,16,open_container_falling_pile,1,position_iterations=5; velocity_iterations=1; sleep=disabled; ccd=disabled; worker_count=16,vs2022_msbuild_release,16,16,,,16,yes,,,,,,,,,,,300,3208.017200000,,,,,results/box-container-pile-10k/intel-core-i7-13700k/2026-10-05_0700_ddr5-4800_threads-1-2-3-4-5-6-8-10-12-14-16-24_r5/raw/nvidia_physx5/t16/nvidia_physx5_t16_raw.csv
2026-10-05_0700_ddr5-4800_threads-1-2-3-4-5-6-8-10-12-14-16-24_r5,nvidia_physx5,5.10.0.75b25f28f9,windows,vs2022_msbuild_release,box_container_pile_10k,headless_api,16,step,300,30,1,10005,10005,0,0,median_ms_per_step,9.930200667,ms,lower_is_better,9.930200667,100.702899525,0,ok,ok,engine_runner_cli,work_unit_wall_sum_inline,16,open_container_falling_pile,1,position_iterations=5; velocity_iterations=1; sleep=disabled; ccd=disabled; worker_count=16,vs2022_msbuild_release,16,16,,,16,yes,,,,,,,,,,,300,2979.060200000,,,,,results/box-container-pile-10k/intel-core-i7-13700k/2026-10-05_0700_ddr5-4800_threads-1-2-3-4-5-6-8-10-12-14-16-24_r5/raw/nvidia_physx5/t16/nvidia_physx5_t16_raw.csv
2026-10-05_0700_ddr5-4800_threads-1-2-3-4-5-6-8-10-12-14-16-24_r5,nvidia_physx5,5.10.0.75b25f28f9,windows,vs2022_msbuild_release,box_container_pile_10k,headless_api,16,step,300,30,2,10005,10005,0,0,median_ms_per_step,9.979200667,ms,lower_is_better,9.979200667,100.208426847,0,ok,ok,engine_runner_cli,work_unit_wall_sum_inline,16,open_container_falling_pile,1,position_iterations=5; velocity_iterations=1; sleep=disabled; ccd=disabled; worker_count=16,vs2022_msbuild_release,16,16,,,16,yes,,,,,,,,,,,300,2993.760200000,,,,,results/box-container-pile-10k/intel-core-i7-13700k/2026-10-05_0700_ddr5-4800_threads-1-2-3-4-5-6-8-10-12-14-16-24_r5/raw/nvidia_physx5/t16/nvidia_physx5_t16_raw.csv
2026-10-05_0700_ddr5-4800_threads-1-2-3-4-5-6-8-10-12-14-16-24_r5,nvidia_physx5,5.10.0.75b25f28f9,windows,vs2022_msbuild_release,box_container_pile_10k,headless_api,16,step,300,30,3,10005,10005,0,0,median_ms_per_step,10.005774333,ms,lower_is_better,10.005774333,99.942289990,0,ok,ok,engine_runner_cli,work_unit_wall_sum_inline,16,open_container_falling_pile,1,position_iterations=5; velocity_iterations=1; sleep=disabled; ccd=disabled; worker_count=16,vs2022_msbuild_release,16,16,,,16,yes,,,,,,,,,,,300,3001.732300000,,,,,results/box-container-pile-10k/intel-core-i7-13700k/2026-10-05_0700_ddr5-4800_threads-1-2-3-4-5-6-8-10-12-14-16-24_r5/raw/nvidia_physx5/t16/nvidia_physx5_t16_raw.csv
2026-10-05_0700_ddr5-4800_threads-1-2-3-4-5-6-8-10-12-14-16-24_r5,nvidia_physx5,5.10.0.75b25f28f9,windows,vs2022_msbuild_release,box_container_pile_10k,headless_api,16,step,300,30,4,10005,10005,0,0,median_ms_per_step,9.935994667,ms,lower_is_better,9.935994667,100.644176406,0,ok,ok,engine_runner_cli,work_unit_wall_sum_inline,16,open_container_falling_pile,1,position_iterations=5; velocity_iterations=1; sleep=disabled; ccd=disabled; worker_count=16,vs2022_msbuild_release,16,16,,,16,yes,,,,,,,,,,,300,2980.798400000,,,,,results/box-container-pile-10k/intel-core-i7-13700k/2026-10-05_0700_ddr5-4800_threads-1-2-3-4-5-6-8-10-12-14-16-24_r5/raw/nvidia_physx5/t16/nvidia_physx5_t16_raw.csv
2026-10-05_0700_ddr5-4800_threads-1-2-3-4-5-6-8-10-12-14-16-24_r5,nvidia_physx5,5.10.0.75b25f28f9,windows,vs2022_msbuild_release,box_container_pile_10k,headless_api,24,step,300,30,0,10005,10005,0,0,median_ms_per_step,17.734403000,ms,lower_is_better,17.734403000,56.387576170,0,ok,ok,engine_runner_cli,work_unit_wall_sum_inline,24,open_container_falling_pile,1,position_iterations=5; velocity_iterations=1; sleep=disabled; ccd=disabled; worker_count=24,vs2022_msbuild_release,24,24,,,24,yes,,,,,,,,,,,300,5320.320900000,,,,,results/box-container-pile-10k/intel-core-i7-13700k/2026-10-05_0700_ddr5-4800_threads-1-2-3-4-5-6-8-10-12-14-16-24_r5/raw/nvidia_physx5/t24/nvidia_physx5_t24_raw.csv
2026-10-05_0700_ddr5-4800_threads-1-2-3-4-5-6-8-10-12-14-16-24_r5,nvidia_physx5,5.10.0.75b25f28f9,windows,vs2022_msbuild_release,box_container_pile_10k,headless_api,24,step,300,30,1,10005,10005,0,0,median_ms_per_step,18.151839667,ms,lower_is_better,18.151839667,55.090834778,0,ok,ok,engine_runner_cli,work_unit_wall_sum_inline,24,open_container_falling_pile,1,position_iterations=5; velocity_iterations=1; sleep=disabled; ccd=disabled; worker_count=24,vs2022_msbuild_release,24,24,,,24,yes,,,,,,,,,,,300,5445.551900000,,,,,results/box-container-pile-10k/intel-core-i7-13700k/2026-10-05_0700_ddr5-4800_threads-1-2-3-4-5-6-8-10-12-14-16-24_r5/raw/nvidia_physx5/t24/nvidia_physx5_t24_raw.csv
2026-10-05_0700_ddr5-4800_threads-1-2-3-4-5-6-8-10-12-14-16-24_r5,nvidia_physx5,5.10.0.75b25f28f9,windows,vs2022_msbuild_release,box_container_pile_10k,headless_api,24,step,300,30,2,10005,10005,0,0,median_ms_per_step,18.366667000,ms,lower_is_better,18.366667000,54.446459992,0,ok,ok,engine_runner_cli,work_unit_wall_sum_inline,24,open_container_falling_pile,1,position_iterations=5; velocity_iterations=1; sleep=disabled; ccd=disabled; worker_count=24,vs2022_msbuild_release,24,24,,,24,yes,,,,,,,,,,,300,5510.000100000,,,,,results/box-container-pile-10k/intel-core-i7-13700k/2026-10-05_0700_ddr5-4800_threads-1-2-3-4-5-6-8-10-12-14-16-24_r5/raw/nvidia_physx5/t24/nvidia_physx5_t24_raw.csv
2026-10-05_0700_ddr5-4800_threads-1-2-3-4-5-6-8-10-12-14-16-24_r5,nvidia_physx5,5.10.0.75b25f28f9,windows,vs2022_msbuild_release,box_container_pile_10k,headless_api,24,step,300,30,3,10005,10005,0,0,median_ms_per_step,17.784043000,ms,lower_is_better,17.784043000,56.230183429,0,ok,ok,engine_runner_cli,work_unit_wall_sum_inline,24,open_container_falling_pile,1,position_iterations=5; velocity_iterations=1; sleep=disabled; ccd=disabled; worker_count=24,vs2022_msbuild_release,24,24,,,24,yes,,,,,,,,,,,300,5335.212900000,,,,,results/box-container-pile-10k/intel-core-i7-13700k/2026-10-05_0700_ddr5-4800_threads-1-2-3-4-5-6-8-10-12-14-16-24_r5/raw/nvidia_physx5/t24/nvidia_physx5_t24_raw.csv
2026-10-05_0700_ddr5-4800_threads-1-2-3-4-5-6-8-10-12-14-16-24_r5,nvidia_physx5,5.10.0.75b25f28f9,windows,vs2022_msbuild_release,box_container_pile_10k,headless_api,24,step,300,30,4,10005,10005,0,0,median_ms_per_step,18.304490333,ms,lower_is_better,18.304490333,54.631403650,0,ok,ok,engine_runner_cli,work_unit_wall_sum_inline,24,open_container_falling_pile,1,position_iterations=5; velocity_iterations=1; sleep=disabled; ccd=disabled; worker_count=24,vs2022_msbuild_release,24,24,,,24,yes,,,,,,,,,,,300,5491.347100000,,,,,results/box-container-pile-10k/intel-core-i7-13700k/2026-10-05_0700_ddr5-4800_threads-1-2-3-4-5-6-8-10-12-14-16-24_r5/raw/nvidia_physx5/t24/nvidia_physx5_t24_raw.csv
2026-10-05_0700_ddr5-4800_threads-1-2-3-4-5-6-8-10-12-14-16-24_r5,physx34,2b13cae09734616d07d09ecf645326fa0bf43ef7,windows,windows_clang_cl_release,box_container_pile_10k,headless_api,1,step,300,30,0,10005,10005,0,0,median_ms_per_step,38.048589667,ms,lower_is_better,38.048589667,26.282183092,0,ok,ok,engine_runner_cli,work_unit_wall_sum_inline,1,open_container_falling_pile,1,position_iterations=5; velocity_iterations=1; sleep=disabled; ccd=disabled; worker_count=1,windows_clang_cl_release,1,1,,,1,yes,,,,,,,,,,,300,11414.576900000,,,,,results/box-container-pile-10k/intel-core-i7-13700k/2026-10-05_0700_ddr5-4800_threads-1-2-3-4-5-6-8-10-12-14-16-24_r5/raw/physx34/t1/physx34_t1_raw.csv
2026-10-05_0700_ddr5-4800_threads-1-2-3-4-5-6-8-10-12-14-16-24_r5,physx34,2b13cae09734616d07d09ecf645326fa0bf43ef7,windows,windows_clang_cl_release,box_container_pile_10k,headless_api,1,step,300,30,1,10005,10005,0,0,median_ms_per_step,39.317748667,ms,lower_is_better,39.317748667,25.433806205,0,ok,ok,engine_runner_cli,work_unit_wall_sum_inline,1,open_container_falling_pile,1,position_iterations=5; velocity_iterations=1; sleep=disabled; ccd=disabled; worker_count=1,windows_clang_cl_release,1,1,,,1,yes,,,,,,,,,,,300,11795.324600000,,,,,results/box-container-pile-10k/intel-core-i7-13700k/2026-10-05_0700_ddr5-4800_threads-1-2-3-4-5-6-8-10-12-14-16-24_r5/raw/physx34/t1/physx34_t1_raw.csv
2026-10-05_0700_ddr5-4800_threads-1-2-3-4-5-6-8-10-12-14-16-24_r5,physx34,2b13cae09734616d07d09ecf645326fa0bf43ef7,windows,windows_clang_cl_release,box_container_pile_10k,headless_api,1,step,300,30,2,10005,10005,0,0,median_ms_per_step,38.645614667,ms,lower_is_better,38.645614667,25.876157195,0,ok,ok,engine_runner_cli,work_unit_wall_sum_inline,1,open_container_falling_pile,1,position_iterations=5; velocity_iterations=1; sleep=disabled; ccd=disabled; worker_count=1,windows_clang_cl_release,1,1,,,1,yes,,,,,,,,,,,300,11593.684400000,,,,,results/box-container-pile-10k/intel-core-i7-13700k/2026-10-05_0700_ddr5-4800_threads-1-2-3-4-5-6-8-10-12-14-16-24_r5/raw/physx34/t1/physx34_t1_raw.csv
2026-10-05_0700_ddr5-4800_threads-1-2-3-4-5-6-8-10-12-14-16-24_r5,physx34,2b13cae09734616d07d09ecf645326fa0bf43ef7,windows,windows_clang_cl_release,box_container_pile_10k,headless_api,1,step,300,30,3,10005,10005,0,0,median_ms_per_step,35.843007667,ms,lower_is_better,35.843007667,27.899444413,0,ok,ok,engine_runner_cli,work_unit_wall_sum_inline,1,open_container_falling_pile,1,position_iterations=5; velocity_iterations=1; sleep=disabled; ccd=disabled; worker_count=1,windows_clang_cl_release,1,1,,,1,yes,,,,,,,,,,,300,10752.902300000,,,,,results/box-container-pile-10k/intel-core-i7-13700k/2026-10-05_0700_ddr5-4800_threads-1-2-3-4-5-6-8-10-12-14-16-24_r5/raw/physx34/t1/physx34_t1_raw.csv
2026-10-05_0700_ddr5-4800_threads-1-2-3-4-5-6-8-10-12-14-16-24_r5,physx34,2b13cae09734616d07d09ecf645326fa0bf43ef7,windows,windows_clang_cl_release,box_container_pile_10k,headless_api,1,step,300,30,4,10005,10005,0,0,median_ms_per_step,36.070971333,ms,lower_is_better,36.070971333,27.723123693,0,ok,ok,engine_runner_cli,work_unit_wall_sum_inline,1,open_container_falling_pile,1,position_iterations=5; velocity_iterations=1; sleep=disabled; ccd=disabled; worker_count=1,windows_clang_cl_release,1,1,,,1,yes,,,,,,,,,,,300,10821.291400000,,,,,results/box-container-pile-10k/intel-core-i7-13700k/2026-10-05_0700_ddr5-4800_threads-1-2-3-4-5-6-8-10-12-14-16-24_r5/raw/physx34/t1/physx34_t1_raw.csv
2026-10-05_0700_ddr5-4800_threads-1-2-3-4-5-6-8-10-12-14-16-24_r5,physx34,2b13cae09734616d07d09ecf645326fa0bf43ef7,windows,windows_clang_cl_release,box_container_pile_10k,headless_api,2,step,300,30,0,10005,10005,0,0,median_ms_per_step,23.125654000,ms,lower_is_better,23.125654000,43.242020312,0,ok,ok,engine_runner_cli,work_unit_wall_sum_inline,2,open_container_falling_pile,1,position_iterations=5; velocity_iterations=1; sleep=disabled; ccd=disabled; worker_count=2,windows_clang_cl_release,2,2,,,2,yes,,,,,,,,,,,300,6937.696200000,,,,,results/box-container-pile-10k/intel-core-i7-13700k/2026-10-05_0700_ddr5-4800_threads-1-2-3-4-5-6-8-10-12-14-16-24_r5/raw/physx34/t2/physx34_t2_raw.csv
2026-10-05_0700_ddr5-4800_threads-1-2-3-4-5-6-8-10-12-14-16-24_r5,physx34,2b13cae09734616d07d09ecf645326fa0bf43ef7,windows,windows_clang_cl_release,box_container_pile_10k,headless_api,2,step,300,30,1,10005,10005,0,0,median_ms_per_step,20.118760667,ms,lower_is_better,20.118760667,49.704850938,0,ok,ok,engine_runner_cli,work_unit_wall_sum_inline,2,open_container_falling_pile,1,position_iterations=5; velocity_iterations=1; sleep=disabled; ccd=disabled; worker_count=2,windows_clang_cl_release,2,2,,,2,yes,,,,,,,,,,,300,6035.628200000,,,,,results/box-container-pile-10k/intel-core-i7-13700k/2026-10-05_0700_ddr5-4800_threads-1-2-3-4-5-6-8-10-12-14-16-24_r5/raw/physx34/t2/physx34_t2_raw.csv
2026-10-05_0700_ddr5-4800_threads-1-2-3-4-5-6-8-10-12-14-16-24_r5,physx34,2b13cae09734616d07d09ecf645326fa0bf43ef7,windows,windows_clang_cl_release,box_container_pile_10k,headless_api,2,step,300,30,2,10005,10005,0,0,median_ms_per_step,20.341902333,ms,lower_is_better,20.341902333,49.159610719,0,ok,ok,engine_runner_cli,work_unit_wall_sum_inline,2,open_container_falling_pile,1,position_iterations=5; velocity_iterations=1; sleep=disabled; ccd=disabled; worker_count=2,windows_clang_cl_release,2,2,,,2,yes,,,,,,,,,,,300,6102.570700000,,,,,results/box-container-pile-10k/intel-core-i7-13700k/2026-10-05_0700_ddr5-4800_threads-1-2-3-4-5-6-8-10-12-14-16-24_r5/raw/physx34/t2/physx34_t2_raw.csv
2026-10-05_0700_ddr5-4800_threads-1-2-3-4-5-6-8-10-12-14-16-24_r5,physx34,2b13cae09734616d07d09ecf645326fa0bf43ef7,windows,windows_clang_cl_release,box_container_pile_10k,headless_api,2,step,300,30,3,10005,10005,0,0,median_ms_per_step,22.570523333,ms,lower_is_better,22.570523333,44.305574365,0,ok,ok,engine_runner_cli,work_unit_wall_sum_inline,2,open_container_falling_pile,1,position_iterations=5; velocity_iterations=1; sleep=disabled; ccd=disabled; worker_count=2,windows_clang_cl_release,2,2,,,2,yes,,,,,,,,,,,300,6771.157000000,,,,,results/box-container-pile-10k/intel-core-i7-13700k/2026-10-05_0700_ddr5-4800_threads-1-2-3-4-5-6-8-10-12-14-16-24_r5/raw/physx34/t2/physx34_t2_raw.csv
2026-10-05_0700_ddr5-4800_threads-1-2-3-4-5-6-8-10-12-14-16-24_r5,physx34,2b13cae09734616d07d09ecf645326fa0bf43ef7,windows,windows_clang_cl_release,box_container_pile_10k,headless_api,2,step,300,30,4,10005,10005,0,0,median_ms_per_step,21.097149000,ms,lower_is_better,21.097149000,47.399769514,0,ok,ok,engine_runner_cli,work_unit_wall_sum_inline,2,open_container_falling_pile,1,position_iterations=5; velocity_iterations=1; sleep=disabled; ccd=disabled; worker_count=2,windows_clang_cl_release,2,2,,,2,yes,,,,,,,,,,,300,6329.144700000,,,,,results/box-container-pile-10k/intel-core-i7-13700k/2026-10-05_0700_ddr5-4800_threads-1-2-3-4-5-6-8-10-12-14-16-24_r5/raw/physx34/t2/physx34_t2_raw.csv
2026-10-05_0700_ddr5-4800_threads-1-2-3-4-5-6-8-10-12-14-16-24_r5,physx34,2b13cae09734616d07d09ecf645326fa0bf43ef7,windows,windows_clang_cl_release,box_container_pile_10k,headless_api,3,step,300,30,0,10005,10005,0,0,median_ms_per_step,16.684770333,ms,lower_is_better,16.684770333,59.934897516,0,ok,ok,engine_runner_cli,work_unit_wall_sum_inline,3,open_container_falling_pile,1,position_iterations=5; velocity_iterations=1; sleep=disabled; ccd=disabled; worker_count=3,windows_clang_cl_release,3,3,,,3,yes,,,,,,,,,,,300,5005.431100000,,,,,results/box-container-pile-10k/intel-core-i7-13700k/2026-10-05_0700_ddr5-4800_threads-1-2-3-4-5-6-8-10-12-14-16-24_r5/raw/physx34/t3/physx34_t3_raw.csv
2026-10-05_0700_ddr5-4800_threads-1-2-3-4-5-6-8-10-12-14-16-24_r5,physx34,2b13cae09734616d07d09ecf645326fa0bf43ef7,windows,windows_clang_cl_release,box_container_pile_10k,headless_api,3,step,300,30,1,10005,10005,0,0,median_ms_per_step,15.687318667,ms,lower_is_better,15.687318667,63.745756764,0,ok,ok,engine_runner_cli,work_unit_wall_sum_inline,3,open_container_falling_pile,1,position_iterations=5; velocity_iterations=1; sleep=disabled; ccd=disabled; worker_count=3,windows_clang_cl_release,3,3,,,3,yes,,,,,,,,,,,300,4706.195600000,,,,,results/box-container-pile-10k/intel-core-i7-13700k/2026-10-05_0700_ddr5-4800_threads-1-2-3-4-5-6-8-10-12-14-16-24_r5/raw/physx34/t3/physx34_t3_raw.csv
2026-10-05_0700_ddr5-4800_threads-1-2-3-4-5-6-8-10-12-14-16-24_r5,physx34,2b13cae09734616d07d09ecf645326fa0bf43ef7,windows,windows_clang_cl_release,box_container_pile_10k,headless_api,3,step,300,30,2,10005,10005,0,0,median_ms_per_step,16.552650667,ms,lower_is_better,16.552650667,60.413284865,0,ok,ok,engine_runner_cli,work_unit_wall_sum_inline,3,open_container_falling_pile,1,position_iterations=5; velocity_iterations=1; sleep=disabled; ccd=disabled; worker_count=3,windows_clang_cl_release,3,3,,,3,yes,,,,,,,,,,,300,4965.795200000,,,,,results/box-container-pile-10k/intel-core-i7-13700k/2026-10-05_0700_ddr5-4800_threads-1-2-3-4-5-6-8-10-12-14-16-24_r5/raw/physx34/t3/physx34_t3_raw.csv
2026-10-05_0700_ddr5-4800_threads-1-2-3-4-5-6-8-10-12-14-16-24_r5,physx34,2b13cae09734616d07d09ecf645326fa0bf43ef7,windows,windows_clang_cl_release,box_container_pile_10k,headless_api,3,step,300,30,3,10005,10005,0,0,median_ms_per_step,15.894723000,ms,lower_is_better,15.894723000,62.913962074,0,ok,ok,engine_runner_cli,work_unit_wall_sum_inline,3,open_container_falling_pile,1,position_iterations=5; velocity_iterations=1; sleep=disabled; ccd=disabled; worker_count=3,windows_clang_cl_release,3,3,,,3,yes,,,,,,,,,,,300,4768.416900000,,,,,results/box-container-pile-10k/intel-core-i7-13700k/2026-10-05_0700_ddr5-4800_threads-1-2-3-4-5-6-8-10-12-14-16-24_r5/raw/physx34/t3/physx34_t3_raw.csv
2026-10-05_0700_ddr5-4800_threads-1-2-3-4-5-6-8-10-12-14-16-24_r5,physx34,2b13cae09734616d07d09ecf645326fa0bf43ef7,windows,windows_clang_cl_release,box_container_pile_10k,headless_api,3,step,300,30,4,10005,10005,0,0,median_ms_per_step,17.210979667,ms,lower_is_better,17.210979667,58.102445030,0,ok,ok,engine_runner_cli,work_unit_wall_sum_inline,3,open_container_falling_pile,1,position_iterations=5; velocity_iterations=1; sleep=disabled; ccd=disabled; worker_count=3,windows_clang_cl_release,3,3,,,3,yes,,,,,,,,,,,300,5163.293900000,,,,,results/box-container-pile-10k/intel-core-i7-13700k/2026-10-05_0700_ddr5-4800_threads-1-2-3-4-5-6-8-10-12-14-16-24_r5/raw/physx34/t3/physx34_t3_raw.csv
2026-10-05_0700_ddr5-4800_threads-1-2-3-4-5-6-8-10-12-14-16-24_r5,physx34,2b13cae09734616d07d09ecf645326fa0bf43ef7,windows,windows_clang_cl_release,box_container_pile_10k,headless_api,4,step,300,30,0,10005,10005,0,0,median_ms_per_step,14.898724333,ms,lower_is_better,14.898724333,67.119840439,0,ok,ok,engine_runner_cli,work_unit_wall_sum_inline,4,open_container_falling_pile,1,position_iterations=5; velocity_iterations=1; sleep=disabled; ccd=disabled; worker_count=4,windows_clang_cl_release,4,4,,,4,yes,,,,,,,,,,,300,4469.617300000,,,,,results/box-container-pile-10k/intel-core-i7-13700k/2026-10-05_0700_ddr5-4800_threads-1-2-3-4-5-6-8-10-12-14-16-24_r5/raw/physx34/t4/physx34_t4_raw.csv
2026-10-05_0700_ddr5-4800_threads-1-2-3-4-5-6-8-10-12-14-16-24_r5,physx34,2b13cae09734616d07d09ecf645326fa0bf43ef7,windows,windows_clang_cl_release,box_container_pile_10k,headless_api,4,step,300,30,1,10005,10005,0,0,median_ms_per_step,14.823807667,ms,lower_is_better,14.823807667,67.459051175,0,ok,ok,engine_runner_cli,work_unit_wall_sum_inline,4,open_container_falling_pile,1,position_iterations=5; velocity_iterations=1; sleep=disabled; ccd=disabled; worker_count=4,windows_clang_cl_release,4,4,,,4,yes,,,,,,,,,,,300,4447.142300000,,,,,results/box-container-pile-10k/intel-core-i7-13700k/2026-10-05_0700_ddr5-4800_threads-1-2-3-4-5-6-8-10-12-14-16-24_r5/raw/physx34/t4/physx34_t4_raw.csv
2026-10-05_0700_ddr5-4800_threads-1-2-3-4-5-6-8-10-12-14-16-24_r5,physx34,2b13cae09734616d07d09ecf645326fa0bf43ef7,windows,windows_clang_cl_release,box_container_pile_10k,headless_api,4,step,300,30,2,10005,10005,0,0,median_ms_per_step,14.553165667,ms,lower_is_better,14.553165667,68.713572215,0,ok,ok,engine_runner_cli,work_unit_wall_sum_inline,4,open_container_falling_pile,1,position_iterations=5; velocity_iterations=1; sleep=disabled; ccd=disabled; worker_count=4,windows_clang_cl_release,4,4,,,4,yes,,,,,,,,,,,300,4365.949700000,,,,,results/box-container-pile-10k/intel-core-i7-13700k/2026-10-05_0700_ddr5-4800_threads-1-2-3-4-5-6-8-10-12-14-16-24_r5/raw/physx34/t4/physx34_t4_raw.csv
2026-10-05_0700_ddr5-4800_threads-1-2-3-4-5-6-8-10-12-14-16-24_r5,physx34,2b13cae09734616d07d09ecf645326fa0bf43ef7,windows,windows_clang_cl_release,box_container_pile_10k,headless_api,4,step,300,30,3,10005,10005,0,0,median_ms_per_step,14.403815000,ms,lower_is_better,14.403815000,69.426051362,0,ok,ok,engine_runner_cli,work_unit_wall_sum_inline,4,open_container_falling_pile,1,position_iterations=5; velocity_iterations=1; sleep=disabled; ccd=disabled; worker_count=4,windows_clang_cl_release,4,4,,,4,yes,,,,,,,,,,,300,4321.144500000,,,,,results/box-container-pile-10k/intel-core-i7-13700k/2026-10-05_0700_ddr5-4800_threads-1-2-3-4-5-6-8-10-12-14-16-24_r5/raw/physx34/t4/physx34_t4_raw.csv
2026-10-05_0700_ddr5-4800_threads-1-2-3-4-5-6-8-10-12-14-16-24_r5,physx34,2b13cae09734616d07d09ecf645326fa0bf43ef7,windows,windows_clang_cl_release,box_container_pile_10k,headless_api,4,step,300,30,4,10005,10005,0,0,median_ms_per_step,14.644420667,ms,lower_is_better,14.644420667,68.285391601,0,ok,ok,engine_runner_cli,work_unit_wall_sum_inline,4,open_container_falling_pile,1,position_iterations=5; velocity_iterations=1; sleep=disabled; ccd=disabled; worker_count=4,windows_clang_cl_release,4,4,,,4,yes,,,,,,,,,,,300,4393.326200000,,,,,results/box-container-pile-10k/intel-core-i7-13700k/2026-10-05_0700_ddr5-4800_threads-1-2-3-4-5-6-8-10-12-14-16-24_r5/raw/physx34/t4/physx34_t4_raw.csv
2026-10-05_0700_ddr5-4800_threads-1-2-3-4-5-6-8-10-12-14-16-24_r5,physx34,2b13cae09734616d07d09ecf645326fa0bf43ef7,windows,windows_clang_cl_release,box_container_pile_10k,headless_api,5,step,300,30,0,10005,10005,0,0,median_ms_per_step,12.970620667,ms,lower_is_better,12.970620667,77.097312897,0,ok,ok,engine_runner_cli,work_unit_wall_sum_inline,5,open_container_falling_pile,1,position_iterations=5; velocity_iterations=1; sleep=disabled; ccd=disabled; worker_count=5,windows_clang_cl_release,5,5,,,5,yes,,,,,,,,,,,300,3891.186200000,,,,,results/box-container-pile-10k/intel-core-i7-13700k/2026-10-05_0700_ddr5-4800_threads-1-2-3-4-5-6-8-10-12-14-16-24_r5/raw/physx34/t5/physx34_t5_raw.csv
2026-10-05_0700_ddr5-4800_threads-1-2-3-4-5-6-8-10-12-14-16-24_r5,physx34,2b13cae09734616d07d09ecf645326fa0bf43ef7,windows,windows_clang_cl_release,box_container_pile_10k,headless_api,5,step,300,30,1,10005,10005,0,0,median_ms_per_step,12.989712333,ms,lower_is_better,12.989712333,76.983998901,0,ok,ok,engine_runner_cli,work_unit_wall_sum_inline,5,open_container_falling_pile,1,position_iterations=5; velocity_iterations=1; sleep=disabled; ccd=disabled; worker_count=5,windows_clang_cl_release,5,5,,,5,yes,,,,,,,,,,,300,3896.913700000,,,,,results/box-container-pile-10k/intel-core-i7-13700k/2026-10-05_0700_ddr5-4800_threads-1-2-3-4-5-6-8-10-12-14-16-24_r5/raw/physx34/t5/physx34_t5_raw.csv
2026-10-05_0700_ddr5-4800_threads-1-2-3-4-5-6-8-10-12-14-16-24_r5,physx34,2b13cae09734616d07d09ecf645326fa0bf43ef7,windows,windows_clang_cl_release,box_container_pile_10k,headless_api,5,step,300,30,2,10005,10005,0,0,median_ms_per_step,13.152104333,ms,lower_is_better,13.152104333,76.033460095,0,ok,ok,engine_runner_cli,work_unit_wall_sum_inline,5,open_container_falling_pile,1,position_iterations=5; velocity_iterations=1; sleep=disabled; ccd=disabled; worker_count=5,windows_clang_cl_release,5,5,,,5,yes,,,,,,,,,,,300,3945.631300000,,,,,results/box-container-pile-10k/intel-core-i7-13700k/2026-10-05_0700_ddr5-4800_threads-1-2-3-4-5-6-8-10-12-14-16-24_r5/raw/physx34/t5/physx34_t5_raw.csv
2026-10-05_0700_ddr5-4800_threads-1-2-3-4-5-6-8-10-12-14-16-24_r5,physx34,2b13cae09734616d07d09ecf645326fa0bf43ef7,windows,windows_clang_cl_release,box_container_pile_10k,headless_api,5,step,300,30,3,10005,10005,0,0,median_ms_per_step,12.743891667,ms,lower_is_better,12.743891667,78.468965851,0,ok,ok,engine_runner_cli,work_unit_wall_sum_inline,5,open_container_falling_pile,1,position_iterations=5; velocity_iterations=1; sleep=disabled; ccd=disabled; worker_count=5,windows_clang_cl_release,5,5,,,5,yes,,,,,,,,,,,300,3823.167500000,,,,,results/box-container-pile-10k/intel-core-i7-13700k/2026-10-05_0700_ddr5-4800_threads-1-2-3-4-5-6-8-10-12-14-16-24_r5/raw/physx34/t5/physx34_t5_raw.csv
2026-10-05_0700_ddr5-4800_threads-1-2-3-4-5-6-8-10-12-14-16-24_r5,physx34,2b13cae09734616d07d09ecf645326fa0bf43ef7,windows,windows_clang_cl_release,box_container_pile_10k,headless_api,5,step,300,30,4,10005,10005,0,0,median_ms_per_step,12.695103333,ms,lower_is_better,12.695103333,78.770528584,0,ok,ok,engine_runner_cli,work_unit_wall_sum_inline,5,open_container_falling_pile,1,position_iterations=5; velocity_iterations=1; sleep=disabled; ccd=disabled; worker_count=5,windows_clang_cl_release,5,5,,,5,yes,,,,,,,,,,,300,3808.531000000,,,,,results/box-container-pile-10k/intel-core-i7-13700k/2026-10-05_0700_ddr5-4800_threads-1-2-3-4-5-6-8-10-12-14-16-24_r5/raw/physx34/t5/physx34_t5_raw.csv
2026-10-05_0700_ddr5-4800_threads-1-2-3-4-5-6-8-10-12-14-16-24_r5,physx34,2b13cae09734616d07d09ecf645326fa0bf43ef7,windows,windows_clang_cl_release,box_container_pile_10k,headless_api,6,step,300,30,0,10005,10005,0,0,median_ms_per_step,12.026244000,ms,lower_is_better,12.026244000,83.151481044,0,ok,ok,engine_runner_cli,work_unit_wall_sum_inline,6,open_container_falling_pile,1,position_iterations=5; velocity_iterations=1; sleep=disabled; ccd=disabled; worker_count=6,windows_clang_cl_release,6,6,,,6,yes,,,,,,,,,,,300,3607.873200000,,,,,results/box-container-pile-10k/intel-core-i7-13700k/2026-10-05_0700_ddr5-4800_threads-1-2-3-4-5-6-8-10-12-14-16-24_r5/raw/physx34/t6/physx34_t6_raw.csv
2026-10-05_0700_ddr5-4800_threads-1-2-3-4-5-6-8-10-12-14-16-24_r5,physx34,2b13cae09734616d07d09ecf645326fa0bf43ef7,windows,windows_clang_cl_release,box_container_pile_10k,headless_api,6,step,300,30,1,10005,10005,0,0,median_ms_per_step,11.959848333,ms,lower_is_better,11.959848333,83.613100445,0,ok,ok,engine_runner_cli,work_unit_wall_sum_inline,6,open_container_falling_pile,1,position_iterations=5; velocity_iterations=1; sleep=disabled; ccd=disabled; worker_count=6,windows_clang_cl_release,6,6,,,6,yes,,,,,,,,,,,300,3587.954500000,,,,,results/box-container-pile-10k/intel-core-i7-13700k/2026-10-05_0700_ddr5-4800_threads-1-2-3-4-5-6-8-10-12-14-16-24_r5/raw/physx34/t6/physx34_t6_raw.csv
2026-10-05_0700_ddr5-4800_threads-1-2-3-4-5-6-8-10-12-14-16-24_r5,physx34,2b13cae09734616d07d09ecf645326fa0bf43ef7,windows,windows_clang_cl_release,box_container_pile_10k,headless_api,6,step,300,30,2,10005,10005,0,0,median_ms_per_step,12.008155667,ms,lower_is_better,12.008155667,83.276735226,0,ok,ok,engine_runner_cli,work_unit_wall_sum_inline,6,open_container_falling_pile,1,position_iterations=5; velocity_iterations=1; sleep=disabled; ccd=disabled; worker_count=6,windows_clang_cl_release,6,6,,,6,yes,,,,,,,,,,,300,3602.446700000,,,,,results/box-container-pile-10k/intel-core-i7-13700k/2026-10-05_0700_ddr5-4800_threads-1-2-3-4-5-6-8-10-12-14-16-24_r5/raw/physx34/t6/physx34_t6_raw.csv
2026-10-05_0700_ddr5-4800_threads-1-2-3-4-5-6-8-10-12-14-16-24_r5,physx34,2b13cae09734616d07d09ecf645326fa0bf43ef7,windows,windows_clang_cl_release,box_container_pile_10k,headless_api,6,step,300,30,3,10005,10005,0,0,median_ms_per_step,12.115574333,ms,lower_is_better,12.115574333,82.538390050,0,ok,ok,engine_runner_cli,work_unit_wall_sum_inline,6,open_container_falling_pile,1,position_iterations=5; velocity_iterations=1; sleep=disabled; ccd=disabled; worker_count=6,windows_clang_cl_release,6,6,,,6,yes,,,,,,,,,,,300,3634.672300000,,,,,results/box-container-pile-10k/intel-core-i7-13700k/2026-10-05_0700_ddr5-4800_threads-1-2-3-4-5-6-8-10-12-14-16-24_r5/raw/physx34/t6/physx34_t6_raw.csv
2026-10-05_0700_ddr5-4800_threads-1-2-3-4-5-6-8-10-12-14-16-24_r5,physx34,2b13cae09734616d07d09ecf645326fa0bf43ef7,windows,windows_clang_cl_release,box_container_pile_10k,headless_api,6,step,300,30,4,10005,10005,0,0,median_ms_per_step,12.702726333,ms,lower_is_better,12.702726333,78.723257808,0,ok,ok,engine_runner_cli,work_unit_wall_sum_inline,6,open_container_falling_pile,1,position_iterations=5; velocity_iterations=1; sleep=disabled; ccd=disabled; worker_count=6,windows_clang_cl_release,6,6,,,6,yes,,,,,,,,,,,300,3810.817900000,,,,,results/box-container-pile-10k/intel-core-i7-13700k/2026-10-05_0700_ddr5-4800_threads-1-2-3-4-5-6-8-10-12-14-16-24_r5/raw/physx34/t6/physx34_t6_raw.csv
2026-10-05_0700_ddr5-4800_threads-1-2-3-4-5-6-8-10-12-14-16-24_r5,physx34,2b13cae09734616d07d09ecf645326fa0bf43ef7,windows,windows_clang_cl_release,box_container_pile_10k,headless_api,8,step,300,30,0,10005,10005,0,0,median_ms_per_step,10.879640333,ms,lower_is_better,10.879640333,91.914803189,0,ok,ok,engine_runner_cli,work_unit_wall_sum_inline,8,open_container_falling_pile,1,position_iterations=5; velocity_iterations=1; sleep=disabled; ccd=disabled; worker_count=8,windows_clang_cl_release,8,8,,,8,yes,,,,,,,,,,,300,3263.892100000,,,,,results/box-container-pile-10k/intel-core-i7-13700k/2026-10-05_0700_ddr5-4800_threads-1-2-3-4-5-6-8-10-12-14-16-24_r5/raw/physx34/t8/physx34_t8_raw.csv
2026-10-05_0700_ddr5-4800_threads-1-2-3-4-5-6-8-10-12-14-16-24_r5,physx34,2b13cae09734616d07d09ecf645326fa0bf43ef7,windows,windows_clang_cl_release,box_container_pile_10k,headless_api,8,step,300,30,1,10005,10005,0,0,median_ms_per_step,10.691796667,ms,lower_is_better,10.691796667,93.529649990,0,ok,ok,engine_runner_cli,work_unit_wall_sum_inline,8,open_container_falling_pile,1,position_iterations=5; velocity_iterations=1; sleep=disabled; ccd=disabled; worker_count=8,windows_clang_cl_release,8,8,,,8,yes,,,,,,,,,,,300,3207.539000000,,,,,results/box-container-pile-10k/intel-core-i7-13700k/2026-10-05_0700_ddr5-4800_threads-1-2-3-4-5-6-8-10-12-14-16-24_r5/raw/physx34/t8/physx34_t8_raw.csv
2026-10-05_0700_ddr5-4800_threads-1-2-3-4-5-6-8-10-12-14-16-24_r5,physx34,2b13cae09734616d07d09ecf645326fa0bf43ef7,windows,windows_clang_cl_release,box_container_pile_10k,headless_api,8,step,300,30,2,10005,10005,0,0,median_ms_per_step,11.546025333,ms,lower_is_better,11.546025333,86.609891381,0,ok,ok,engine_runner_cli,work_unit_wall_sum_inline,8,open_container_falling_pile,1,position_iterations=5; velocity_iterations=1; sleep=disabled; ccd=disabled; worker_count=8,windows_clang_cl_release,8,8,,,8,yes,,,,,,,,,,,300,3463.807600000,,,,,results/box-container-pile-10k/intel-core-i7-13700k/2026-10-05_0700_ddr5-4800_threads-1-2-3-4-5-6-8-10-12-14-16-24_r5/raw/physx34/t8/physx34_t8_raw.csv
2026-10-05_0700_ddr5-4800_threads-1-2-3-4-5-6-8-10-12-14-16-24_r5,physx34,2b13cae09734616d07d09ecf645326fa0bf43ef7,windows,windows_clang_cl_release,box_container_pile_10k,headless_api,8,step,300,30,3,10005,10005,0,0,median_ms_per_step,11.365466333,ms,lower_is_better,11.365466333,87.985830996,0,ok,ok,engine_runner_cli,work_unit_wall_sum_inline,8,open_container_falling_pile,1,position_iterations=5; velocity_iterations=1; sleep=disabled; ccd=disabled; worker_count=8,windows_clang_cl_release,8,8,,,8,yes,,,,,,,,,,,300,3409.639900000,,,,,results/box-container-pile-10k/intel-core-i7-13700k/2026-10-05_0700_ddr5-4800_threads-1-2-3-4-5-6-8-10-12-14-16-24_r5/raw/physx34/t8/physx34_t8_raw.csv
2026-10-05_0700_ddr5-4800_threads-1-2-3-4-5-6-8-10-12-14-16-24_r5,physx34,2b13cae09734616d07d09ecf645326fa0bf43ef7,windows,windows_clang_cl_release,box_container_pile_10k,headless_api,8,step,300,30,4,10005,10005,0,0,median_ms_per_step,11.444994667,ms,lower_is_better,11.444994667,87.374440017,0,ok,ok,engine_runner_cli,work_unit_wall_sum_inline,8,open_container_falling_pile,1,position_iterations=5; velocity_iterations=1; sleep=disabled; ccd=disabled; worker_count=8,windows_clang_cl_release,8,8,,,8,yes,,,,,,,,,,,300,3433.498400000,,,,,results/box-container-pile-10k/intel-core-i7-13700k/2026-10-05_0700_ddr5-4800_threads-1-2-3-4-5-6-8-10-12-14-16-24_r5/raw/physx34/t8/physx34_t8_raw.csv
2026-10-05_0700_ddr5-4800_threads-1-2-3-4-5-6-8-10-12-14-16-24_r5,physx34,2b13cae09734616d07d09ecf645326fa0bf43ef7,windows,windows_clang_cl_release,box_container_pile_10k,headless_api,10,step,300,30,0,10005,10005,0,0,median_ms_per_step,10.704436333,ms,lower_is_better,10.704436333,93.419211331,0,ok,ok,engine_runner_cli,work_unit_wall_sum_inline,10,open_container_falling_pile,1,position_iterations=5; velocity_iterations=1; sleep=disabled; ccd=disabled; worker_count=10,windows_clang_cl_release,10,10,,,10,yes,,,,,,,,,,,300,3211.330900000,,,,,results/box-container-pile-10k/intel-core-i7-13700k/2026-10-05_0700_ddr5-4800_threads-1-2-3-4-5-6-8-10-12-14-16-24_r5/raw/physx34/t10/physx34_t10_raw.csv
2026-10-05_0700_ddr5-4800_threads-1-2-3-4-5-6-8-10-12-14-16-24_r5,physx34,2b13cae09734616d07d09ecf645326fa0bf43ef7,windows,windows_clang_cl_release,box_container_pile_10k,headless_api,10,step,300,30,1,10005,10005,0,0,median_ms_per_step,11.128952000,ms,lower_is_better,11.128952000,89.855720467,0,ok,ok,engine_runner_cli,work_unit_wall_sum_inline,10,open_container_falling_pile,1,position_iterations=5; velocity_iterations=1; sleep=disabled; ccd=disabled; worker_count=10,windows_clang_cl_release,10,10,,,10,yes,,,,,,,,,,,300,3338.685600000,,,,,results/box-container-pile-10k/intel-core-i7-13700k/2026-10-05_0700_ddr5-4800_threads-1-2-3-4-5-6-8-10-12-14-16-24_r5/raw/physx34/t10/physx34_t10_raw.csv
2026-10-05_0700_ddr5-4800_threads-1-2-3-4-5-6-8-10-12-14-16-24_r5,physx34,2b13cae09734616d07d09ecf645326fa0bf43ef7,windows,windows_clang_cl_release,box_container_pile_10k,headless_api,10,step,300,30,2,10005,10005,0,0,median_ms_per_step,11.253455667,ms,lower_is_better,11.253455667,88.861593240,0,ok,ok,engine_runner_cli,work_unit_wall_sum_inline,10,open_container_falling_pile,1,position_iterations=5; velocity_iterations=1; sleep=disabled; ccd=disabled; worker_count=10,windows_clang_cl_release,10,10,,,10,yes,,,,,,,,,,,300,3376.036700000,,,,,results/box-container-pile-10k/intel-core-i7-13700k/2026-10-05_0700_ddr5-4800_threads-1-2-3-4-5-6-8-10-12-14-16-24_r5/raw/physx34/t10/physx34_t10_raw.csv
2026-10-05_0700_ddr5-4800_threads-1-2-3-4-5-6-8-10-12-14-16-24_r5,physx34,2b13cae09734616d07d09ecf645326fa0bf43ef7,windows,windows_clang_cl_release,box_container_pile_10k,headless_api,10,step,300,30,3,10005,10005,0,0,median_ms_per_step,10.814975333,ms,lower_is_better,10.814975333,92.464381025,0,ok,ok,engine_runner_cli,work_unit_wall_sum_inline,10,open_container_falling_pile,1,position_iterations=5; velocity_iterations=1; sleep=disabled; ccd=disabled; worker_count=10,windows_clang_cl_release,10,10,,,10,yes,,,,,,,,,,,300,3244.492600000,,,,,results/box-container-pile-10k/intel-core-i7-13700k/2026-10-05_0700_ddr5-4800_threads-1-2-3-4-5-6-8-10-12-14-16-24_r5/raw/physx34/t10/physx34_t10_raw.csv
2026-10-05_0700_ddr5-4800_threads-1-2-3-4-5-6-8-10-12-14-16-24_r5,physx34,2b13cae09734616d07d09ecf645326fa0bf43ef7,windows,windows_clang_cl_release,box_container_pile_10k,headless_api,10,step,300,30,4,10005,10005,0,0,median_ms_per_step,10.480016333,ms,lower_is_better,10.480016333,95.419698614,0,ok,ok,engine_runner_cli,work_unit_wall_sum_inline,10,open_container_falling_pile,1,position_iterations=5; velocity_iterations=1; sleep=disabled; ccd=disabled; worker_count=10,windows_clang_cl_release,10,10,,,10,yes,,,,,,,,,,,300,3144.004900000,,,,,results/box-container-pile-10k/intel-core-i7-13700k/2026-10-05_0700_ddr5-4800_threads-1-2-3-4-5-6-8-10-12-14-16-24_r5/raw/physx34/t10/physx34_t10_raw.csv
2026-10-05_0700_ddr5-4800_threads-1-2-3-4-5-6-8-10-12-14-16-24_r5,physx34,2b13cae09734616d07d09ecf645326fa0bf43ef7,windows,windows_clang_cl_release,box_container_pile_10k,headless_api,12,step,300,30,0,10005,10005,0,0,median_ms_per_step,10.583559000,ms,lower_is_better,10.583559000,94.486174263,0,ok,ok,engine_runner_cli,work_unit_wall_sum_inline,12,open_container_falling_pile,1,position_iterations=5; velocity_iterations=1; sleep=disabled; ccd=disabled; worker_count=12,windows_clang_cl_release,12,12,,,12,yes,,,,,,,,,,,300,3175.067700000,,,,,results/box-container-pile-10k/intel-core-i7-13700k/2026-10-05_0700_ddr5-4800_threads-1-2-3-4-5-6-8-10-12-14-16-24_r5/raw/physx34/t12/physx34_t12_raw.csv
2026-10-05_0700_ddr5-4800_threads-1-2-3-4-5-6-8-10-12-14-16-24_r5,physx34,2b13cae09734616d07d09ecf645326fa0bf43ef7,windows,windows_clang_cl_release,box_container_pile_10k,headless_api,12,step,300,30,1,10005,10005,0,0,median_ms_per_step,10.528587000,ms,lower_is_better,10.528587000,94.979506747,0,ok,ok,engine_runner_cli,work_unit_wall_sum_inline,12,open_container_falling_pile,1,position_iterations=5; velocity_iterations=1; sleep=disabled; ccd=disabled; worker_count=12,windows_clang_cl_release,12,12,,,12,yes,,,,,,,,,,,300,3158.576100000,,,,,results/box-container-pile-10k/intel-core-i7-13700k/2026-10-05_0700_ddr5-4800_threads-1-2-3-4-5-6-8-10-12-14-16-24_r5/raw/physx34/t12/physx34_t12_raw.csv
2026-10-05_0700_ddr5-4800_threads-1-2-3-4-5-6-8-10-12-14-16-24_r5,physx34,2b13cae09734616d07d09ecf645326fa0bf43ef7,windows,windows_clang_cl_release,box_container_pile_10k,headless_api,12,step,300,30,2,10005,10005,0,0,median_ms_per_step,10.507670333,ms,lower_is_better,10.507670333,95.168573840,0,ok,ok,engine_runner_cli,work_unit_wall_sum_inline,12,open_container_falling_pile,1,position_iterations=5; velocity_iterations=1; sleep=disabled; ccd=disabled; worker_count=12,windows_clang_cl_release,12,12,,,12,yes,,,,,,,,,,,300,3152.301100000,,,,,results/box-container-pile-10k/intel-core-i7-13700k/2026-10-05_0700_ddr5-4800_threads-1-2-3-4-5-6-8-10-12-14-16-24_r5/raw/physx34/t12/physx34_t12_raw.csv
2026-10-05_0700_ddr5-4800_threads-1-2-3-4-5-6-8-10-12-14-16-24_r5,physx34,2b13cae09734616d07d09ecf645326fa0bf43ef7,windows,windows_clang_cl_release,box_container_pile_10k,headless_api,12,step,300,30,3,10005,10005,0,0,median_ms_per_step,10.831069333,ms,lower_is_better,10.831069333,92.326987228,0,ok,ok,engine_runner_cli,work_unit_wall_sum_inline,12,open_container_falling_pile,1,position_iterations=5; velocity_iterations=1; sleep=disabled; ccd=disabled; worker_count=12,windows_clang_cl_release,12,12,,,12,yes,,,,,,,,,,,300,3249.320800000,,,,,results/box-container-pile-10k/intel-core-i7-13700k/2026-10-05_0700_ddr5-4800_threads-1-2-3-4-5-6-8-10-12-14-16-24_r5/raw/physx34/t12/physx34_t12_raw.csv
2026-10-05_0700_ddr5-4800_threads-1-2-3-4-5-6-8-10-12-14-16-24_r5,physx34,2b13cae09734616d07d09ecf645326fa0bf43ef7,windows,windows_clang_cl_release,box_container_pile_10k,headless_api,12,step,300,30,4,10005,10005,0,0,median_ms_per_step,10.538900667,ms,lower_is_better,10.538900667,94.886557111,0,ok,ok,engine_runner_cli,work_unit_wall_sum_inline,12,open_container_falling_pile,1,position_iterations=5; velocity_iterations=1; sleep=disabled; ccd=disabled; worker_count=12,windows_clang_cl_release,12,12,,,12,yes,,,,,,,,,,,300,3161.670200000,,,,,results/box-container-pile-10k/intel-core-i7-13700k/2026-10-05_0700_ddr5-4800_threads-1-2-3-4-5-6-8-10-12-14-16-24_r5/raw/physx34/t12/physx34_t12_raw.csv
2026-10-05_0700_ddr5-4800_threads-1-2-3-4-5-6-8-10-12-14-16-24_r5,physx34,2b13cae09734616d07d09ecf645326fa0bf43ef7,windows,windows_clang_cl_release,box_container_pile_10k,headless_api,14,step,300,30,0,10005,10005,0,0,median_ms_per_step,10.527251667,ms,lower_is_better,10.527251667,94.991554459,0,ok,ok,engine_runner_cli,work_unit_wall_sum_inline,14,open_container_falling_pile,1,position_iterations=5; velocity_iterations=1; sleep=disabled; ccd=disabled; worker_count=14,windows_clang_cl_release,14,14,,,14,yes,,,,,,,,,,,300,3158.175500000,,,,,results/box-container-pile-10k/intel-core-i7-13700k/2026-10-05_0700_ddr5-4800_threads-1-2-3-4-5-6-8-10-12-14-16-24_r5/raw/physx34/t14/physx34_t14_raw.csv
2026-10-05_0700_ddr5-4800_threads-1-2-3-4-5-6-8-10-12-14-16-24_r5,physx34,2b13cae09734616d07d09ecf645326fa0bf43ef7,windows,windows_clang_cl_release,box_container_pile_10k,headless_api,14,step,300,30,1,10005,10005,0,0,median_ms_per_step,10.694593333,ms,lower_is_better,10.694593333,93.505191720,0,ok,ok,engine_runner_cli,work_unit_wall_sum_inline,14,open_container_falling_pile,1,position_iterations=5; velocity_iterations=1; sleep=disabled; ccd=disabled; worker_count=14,windows_clang_cl_release,14,14,,,14,yes,,,,,,,,,,,300,3208.378000000,,,,,results/box-container-pile-10k/intel-core-i7-13700k/2026-10-05_0700_ddr5-4800_threads-1-2-3-4-5-6-8-10-12-14-16-24_r5/raw/physx34/t14/physx34_t14_raw.csv
2026-10-05_0700_ddr5-4800_threads-1-2-3-4-5-6-8-10-12-14-16-24_r5,physx34,2b13cae09734616d07d09ecf645326fa0bf43ef7,windows,windows_clang_cl_release,box_container_pile_10k,headless_api,14,step,300,30,2,10005,10005,0,0,median_ms_per_step,10.478050333,ms,lower_is_better,10.478050333,95.437602243,0,ok,ok,engine_runner_cli,work_unit_wall_sum_inline,14,open_container_falling_pile,1,position_iterations=5; velocity_iterations=1; sleep=disabled; ccd=disabled; worker_count=14,windows_clang_cl_release,14,14,,,14,yes,,,,,,,,,,,300,3143.415100000,,,,,results/box-container-pile-10k/intel-core-i7-13700k/2026-10-05_0700_ddr5-4800_threads-1-2-3-4-5-6-8-10-12-14-16-24_r5/raw/physx34/t14/physx34_t14_raw.csv
2026-10-05_0700_ddr5-4800_threads-1-2-3-4-5-6-8-10-12-14-16-24_r5,physx34,2b13cae09734616d07d09ecf645326fa0bf43ef7,windows,windows_clang_cl_release,box_container_pile_10k,headless_api,14,step,300,30,3,10005,10005,0,0,median_ms_per_step,10.535419667,ms,lower_is_better,10.535419667,94.917908507,0,ok,ok,engine_runner_cli,work_unit_wall_sum_inline,14,open_container_falling_pile,1,position_iterations=5; velocity_iterations=1; sleep=disabled; ccd=disabled; worker_count=14,windows_clang_cl_release,14,14,,,14,yes,,,,,,,,,,,300,3160.625900000,,,,,results/box-container-pile-10k/intel-core-i7-13700k/2026-10-05_0700_ddr5-4800_threads-1-2-3-4-5-6-8-10-12-14-16-24_r5/raw/physx34/t14/physx34_t14_raw.csv
2026-10-05_0700_ddr5-4800_threads-1-2-3-4-5-6-8-10-12-14-16-24_r5,physx34,2b13cae09734616d07d09ecf645326fa0bf43ef7,windows,windows_clang_cl_release,box_container_pile_10k,headless_api,14,step,300,30,4,10005,10005,0,0,median_ms_per_step,10.738743667,ms,lower_is_better,10.738743667,93.120762637,0,ok,ok,engine_runner_cli,work_unit_wall_sum_inline,14,open_container_falling_pile,1,position_iterations=5; velocity_iterations=1; sleep=disabled; ccd=disabled; worker_count=14,windows_clang_cl_release,14,14,,,14,yes,,,,,,,,,,,300,3221.623100000,,,,,results/box-container-pile-10k/intel-core-i7-13700k/2026-10-05_0700_ddr5-4800_threads-1-2-3-4-5-6-8-10-12-14-16-24_r5/raw/physx34/t14/physx34_t14_raw.csv
2026-10-05_0700_ddr5-4800_threads-1-2-3-4-5-6-8-10-12-14-16-24_r5,physx34,2b13cae09734616d07d09ecf645326fa0bf43ef7,windows,windows_clang_cl_release,box_container_pile_10k,headless_api,16,step,300,30,0,10005,10005,0,0,median_ms_per_step,10.348794667,ms,lower_is_better,10.348794667,96.629610714,0,ok,ok,engine_runner_cli,work_unit_wall_sum_inline,16,open_container_falling_pile,1,position_iterations=5; velocity_iterations=1; sleep=disabled; ccd=disabled; worker_count=16,windows_clang_cl_release,16,16,,,16,yes,,,,,,,,,,,300,3104.638400000,,,,,results/box-container-pile-10k/intel-core-i7-13700k/2026-10-05_0700_ddr5-4800_threads-1-2-3-4-5-6-8-10-12-14-16-24_r5/raw/physx34/t16/physx34_t16_raw.csv
2026-10-05_0700_ddr5-4800_threads-1-2-3-4-5-6-8-10-12-14-16-24_r5,physx34,2b13cae09734616d07d09ecf645326fa0bf43ef7,windows,windows_clang_cl_release,box_container_pile_10k,headless_api,16,step,300,30,1,10005,10005,0,0,median_ms_per_step,10.320581667,ms,lower_is_better,10.320581667,96.893763578,0,ok,ok,engine_runner_cli,work_unit_wall_sum_inline,16,open_container_falling_pile,1,position_iterations=5; velocity_iterations=1; sleep=disabled; ccd=disabled; worker_count=16,windows_clang_cl_release,16,16,,,16,yes,,,,,,,,,,,300,3096.174500000,,,,,results/box-container-pile-10k/intel-core-i7-13700k/2026-10-05_0700_ddr5-4800_threads-1-2-3-4-5-6-8-10-12-14-16-24_r5/raw/physx34/t16/physx34_t16_raw.csv
2026-10-05_0700_ddr5-4800_threads-1-2-3-4-5-6-8-10-12-14-16-24_r5,physx34,2b13cae09734616d07d09ecf645326fa0bf43ef7,windows,windows_clang_cl_release,box_container_pile_10k,headless_api,16,step,300,30,2,10005,10005,0,0,median_ms_per_step,10.472801667,ms,lower_is_better,10.472801667,95.485432822,0,ok,ok,engine_runner_cli,work_unit_wall_sum_inline,16,open_container_falling_pile,1,position_iterations=5; velocity_iterations=1; sleep=disabled; ccd=disabled; worker_count=16,windows_clang_cl_release,16,16,,,16,yes,,,,,,,,,,,300,3141.840500000,,,,,results/box-container-pile-10k/intel-core-i7-13700k/2026-10-05_0700_ddr5-4800_threads-1-2-3-4-5-6-8-10-12-14-16-24_r5/raw/physx34/t16/physx34_t16_raw.csv
2026-10-05_0700_ddr5-4800_threads-1-2-3-4-5-6-8-10-12-14-16-24_r5,physx34,2b13cae09734616d07d09ecf645326fa0bf43ef7,windows,windows_clang_cl_release,box_container_pile_10k,headless_api,16,step,300,30,3,10005,10005,0,0,median_ms_per_step,10.247013667,ms,lower_is_better,10.247013667,97.589408244,0,ok,ok,engine_runner_cli,work_unit_wall_sum_inline,16,open_container_falling_pile,1,position_iterations=5; velocity_iterations=1; sleep=disabled; ccd=disabled; worker_count=16,windows_clang_cl_release,16,16,,,16,yes,,,,,,,,,,,300,3074.104100000,,,,,results/box-container-pile-10k/intel-core-i7-13700k/2026-10-05_0700_ddr5-4800_threads-1-2-3-4-5-6-8-10-12-14-16-24_r5/raw/physx34/t16/physx34_t16_raw.csv
2026-10-05_0700_ddr5-4800_threads-1-2-3-4-5-6-8-10-12-14-16-24_r5,physx34,2b13cae09734616d07d09ecf645326fa0bf43ef7,windows,windows_clang_cl_release,box_container_pile_10k,headless_api,16,step,300,30,4,10005,10005,0,0,median_ms_per_step,10.404721000,ms,lower_is_better,10.404721000,96.110217660,0,ok,ok,engine_runner_cli,work_unit_wall_sum_inline,16,open_container_falling_pile,1,position_iterations=5; velocity_iterations=1; sleep=disabled; ccd=disabled; worker_count=16,windows_clang_cl_release,16,16,,,16,yes,,,,,,,,,,,300,3121.416300000,,,,,results/box-container-pile-10k/intel-core-i7-13700k/2026-10-05_0700_ddr5-4800_threads-1-2-3-4-5-6-8-10-12-14-16-24_r5/raw/physx34/t16/physx34_t16_raw.csv
2026-10-05_0700_ddr5-4800_threads-1-2-3-4-5-6-8-10-12-14-16-24_r5,physx34,2b13cae09734616d07d09ecf645326fa0bf43ef7,windows,windows_clang_cl_release,box_container_pile_10k,headless_api,24,step,300,30,0,10005,10005,0,0,median_ms_per_step,15.910820333,ms,lower_is_better,15.910820333,62.850310609,0,ok,ok,engine_runner_cli,work_unit_wall_sum_inline,24,open_container_falling_pile,1,position_iterations=5; velocity_iterations=1; sleep=disabled; ccd=disabled; worker_count=24,windows_clang_cl_release,24,24,,,24,yes,,,,,,,,,,,300,4773.246100000,,,,,results/box-container-pile-10k/intel-core-i7-13700k/2026-10-05_0700_ddr5-4800_threads-1-2-3-4-5-6-8-10-12-14-16-24_r5/raw/physx34/t24/physx34_t24_raw.csv
2026-10-05_0700_ddr5-4800_threads-1-2-3-4-5-6-8-10-12-14-16-24_r5,physx34,2b13cae09734616d07d09ecf645326fa0bf43ef7,windows,windows_clang_cl_release,box_container_pile_10k,headless_api,24,step,300,30,1,10005,10005,0,0,median_ms_per_step,14.558804667,ms,lower_is_better,14.558804667,68.686957679,0,ok,ok,engine_runner_cli,work_unit_wall_sum_inline,24,open_container_falling_pile,1,position_iterations=5; velocity_iterations=1; sleep=disabled; ccd=disabled; worker_count=24,windows_clang_cl_release,24,24,,,24,yes,,,,,,,,,,,300,4367.641400000,,,,,results/box-container-pile-10k/intel-core-i7-13700k/2026-10-05_0700_ddr5-4800_threads-1-2-3-4-5-6-8-10-12-14-16-24_r5/raw/physx34/t24/physx34_t24_raw.csv
2026-10-05_0700_ddr5-4800_threads-1-2-3-4-5-6-8-10-12-14-16-24_r5,physx34,2b13cae09734616d07d09ecf645326fa0bf43ef7,windows,windows_clang_cl_release,box_container_pile_10k,headless_api,24,step,300,30,2,10005,10005,0,0,median_ms_per_step,15.966634000,ms,lower_is_better,15.966634000,62.630608305,0,ok,ok,engine_runner_cli,work_unit_wall_sum_inline,24,open_container_falling_pile,1,position_iterations=5; velocity_iterations=1; sleep=disabled; ccd=disabled; worker_count=24,windows_clang_cl_release,24,24,,,24,yes,,,,,,,,,,,300,4789.990200000,,,,,results/box-container-pile-10k/intel-core-i7-13700k/2026-10-05_0700_ddr5-4800_threads-1-2-3-4-5-6-8-10-12-14-16-24_r5/raw/physx34/t24/physx34_t24_raw.csv
2026-10-05_0700_ddr5-4800_threads-1-2-3-4-5-6-8-10-12-14-16-24_r5,physx34,2b13cae09734616d07d09ecf645326fa0bf43ef7,windows,windows_clang_cl_release,box_container_pile_10k,headless_api,24,step,300,30,3,10005,10005,0,0,median_ms_per_step,15.484551333,ms,lower_is_better,15.484551333,64.580495648,0,ok,ok,engine_runner_cli,work_unit_wall_sum_inline,24,open_container_falling_pile,1,position_iterations=5; velocity_iterations=1; sleep=disabled; ccd=disabled; worker_count=24,windows_clang_cl_release,24,24,,,24,yes,,,,,,,,,,,300,4645.365400000,,,,,results/box-container-pile-10k/intel-core-i7-13700k/2026-10-05_0700_ddr5-4800_threads-1-2-3-4-5-6-8-10-12-14-16-24_r5/raw/physx34/t24/physx34_t24_raw.csv
2026-10-05_0700_ddr5-4800_threads-1-2-3-4-5-6-8-10-12-14-16-24_r5,physx34,2b13cae09734616d07d09ecf645326fa0bf43ef7,windows,windows_clang_cl_release,box_container_pile_10k,headless_api,24,step,300,30,4,10005,10005,0,0,median_ms_per_step,14.836991000,ms,lower_is_better,14.836991000,67.399110777,0,ok,ok,engine_runner_cli,work_unit_wall_sum_inline,24,open_container_falling_pile,1,position_iterations=5; velocity_iterations=1; sleep=disabled; ccd=disabled; worker_count=24,windows_clang_cl_release,24,24,,,24,yes,,,,,,,,,,,300,4451.097300000,,,,,results/box-container-pile-10k/intel-core-i7-13700k/2026-10-05_0700_ddr5-4800_threads-1-2-3-4-5-6-8-10-12-14-16-24_r5/raw/physx34/t24/physx34_t24_raw.csv
2026-10-05_0700_ddr5-4800_threads-1-2-3-4-5-6-8-10-12-14-16-24_r5,rapier3d,28d0ba929b460597f0959fe600c7afd65612f6f9,windows,rust_1_89_msvc_cargo_release,box_container_pile_10k,headless_api,1,step,300,30,0,10005,10005,0,0,median_ms_per_step,28.948235333,ms,lower_is_better,28.948235333,34.544420013,0,ok,ok,engine_runner_cli,work_unit_wall_sum_inline,1,open_container_falling_pile,1,solver_iterations=4; sleep=disabled; ccd=disabled; worker_count=1,rust_1_89_msvc_cargo_release,1,1,,,1,yes,,,,,,,,,,,300,8684.470600000,,,,,results/box-container-pile-10k/intel-core-i7-13700k/2026-10-05_0700_ddr5-4800_threads-1-2-3-4-5-6-8-10-12-14-16-24_r5/raw/rapier3d/t1/rapier3d_t1_raw.csv
2026-10-05_0700_ddr5-4800_threads-1-2-3-4-5-6-8-10-12-14-16-24_r5,rapier3d,28d0ba929b460597f0959fe600c7afd65612f6f9,windows,rust_1_89_msvc_cargo_release,box_container_pile_10k,headless_api,1,step,300,30,1,10005,10005,0,0,median_ms_per_step,29.364674667,ms,lower_is_better,29.364674667,34.054523381,0,ok,ok,engine_runner_cli,work_unit_wall_sum_inline,1,open_container_falling_pile,1,solver_iterations=4; sleep=disabled; ccd=disabled; worker_count=1,rust_1_89_msvc_cargo_release,1,1,,,1,yes,,,,,,,,,,,300,8809.402400000,,,,,results/box-container-pile-10k/intel-core-i7-13700k/2026-10-05_0700_ddr5-4800_threads-1-2-3-4-5-6-8-10-12-14-16-24_r5/raw/rapier3d/t1/rapier3d_t1_raw.csv
2026-10-05_0700_ddr5-4800_threads-1-2-3-4-5-6-8-10-12-14-16-24_r5,rapier3d,28d0ba929b460597f0959fe600c7afd65612f6f9,windows,rust_1_89_msvc_cargo_release,box_container_pile_10k,headless_api,1,step,300,30,2,10005,10005,0,0,median_ms_per_step,31.373322000,ms,lower_is_better,31.373322000,31.874214659,0,ok,ok,engine_runner_cli,work_unit_wall_sum_inline,1,open_container_falling_pile,1,solver_iterations=4; sleep=disabled; ccd=disabled; worker_count=1,rust_1_89_msvc_cargo_release,1,1,,,1,yes,,,,,,,,,,,300,9411.996600000,,,,,results/box-container-pile-10k/intel-core-i7-13700k/2026-10-05_0700_ddr5-4800_threads-1-2-3-4-5-6-8-10-12-14-16-24_r5/raw/rapier3d/t1/rapier3d_t1_raw.csv
2026-10-05_0700_ddr5-4800_threads-1-2-3-4-5-6-8-10-12-14-16-24_r5,rapier3d,28d0ba929b460597f0959fe600c7afd65612f6f9,windows,rust_1_89_msvc_cargo_release,box_container_pile_10k,headless_api,1,step,300,30,3,10005,10005,0,0,median_ms_per_step,31.057426667,ms,lower_is_better,31.057426667,32.198417813,0,ok,ok,engine_runner_cli,work_unit_wall_sum_inline,1,open_container_falling_pile,1,solver_iterations=4; sleep=disabled; ccd=disabled; worker_count=1,rust_1_89_msvc_cargo_release,1,1,,,1,yes,,,,,,,,,,,300,9317.228000000,,,,,results/box-container-pile-10k/intel-core-i7-13700k/2026-10-05_0700_ddr5-4800_threads-1-2-3-4-5-6-8-10-12-14-16-24_r5/raw/rapier3d/t1/rapier3d_t1_raw.csv
2026-10-05_0700_ddr5-4800_threads-1-2-3-4-5-6-8-10-12-14-16-24_r5,rapier3d,28d0ba929b460597f0959fe600c7afd65612f6f9,windows,rust_1_89_msvc_cargo_release,box_container_pile_10k,headless_api,1,step,300,30,4,10005,10005,0,0,median_ms_per_step,29.807232667,ms,lower_is_better,29.807232667,33.548904428,0,ok,ok,engine_runner_cli,work_unit_wall_sum_inline,1,open_container_falling_pile,1,solver_iterations=4; sleep=disabled; ccd=disabled; worker_count=1,rust_1_89_msvc_cargo_release,1,1,,,1,yes,,,,,,,,,,,300,8942.169800000,,,,,results/box-container-pile-10k/intel-core-i7-13700k/2026-10-05_0700_ddr5-4800_threads-1-2-3-4-5-6-8-10-12-14-16-24_r5/raw/rapier3d/t1/rapier3d_t1_raw.csv
2026-10-05_0700_ddr5-4800_threads-1-2-3-4-5-6-8-10-12-14-16-24_r5,rapier3d,28d0ba929b460597f0959fe600c7afd65612f6f9,windows,rust_1_89_msvc_cargo_release,box_container_pile_10k,headless_api,2,step,300,30,0,10005,10005,0,0,median_ms_per_step,16.708357333,ms,lower_is_better,16.708357333,59.850288095,0,ok,ok,engine_runner_cli,work_unit_wall_sum_inline,2,open_container_falling_pile,1,solver_iterations=4; sleep=disabled; ccd=disabled; worker_count=2,rust_1_89_msvc_cargo_release,2,2,,,2,yes,,,,,,,,,,,300,5012.507200000,,,,,results/box-container-pile-10k/intel-core-i7-13700k/2026-10-05_0700_ddr5-4800_threads-1-2-3-4-5-6-8-10-12-14-16-24_r5/raw/rapier3d/t2/rapier3d_t2_raw.csv
2026-10-05_0700_ddr5-4800_threads-1-2-3-4-5-6-8-10-12-14-16-24_r5,rapier3d,28d0ba929b460597f0959fe600c7afd65612f6f9,windows,rust_1_89_msvc_cargo_release,box_container_pile_10k,headless_api,2,step,300,30,1,10005,10005,0,0,median_ms_per_step,15.757687333,ms,lower_is_better,15.757687333,63.461089108,0,ok,ok,engine_runner_cli,work_unit_wall_sum_inline,2,open_container_falling_pile,1,solver_iterations=4; sleep=disabled; ccd=disabled; worker_count=2,rust_1_89_msvc_cargo_release,2,2,,,2,yes,,,,,,,,,,,300,4727.306200000,,,,,results/box-container-pile-10k/intel-core-i7-13700k/2026-10-05_0700_ddr5-4800_threads-1-2-3-4-5-6-8-10-12-14-16-24_r5/raw/rapier3d/t2/rapier3d_t2_raw.csv
2026-10-05_0700_ddr5-4800_threads-1-2-3-4-5-6-8-10-12-14-16-24_r5,rapier3d,28d0ba929b460597f0959fe600c7afd65612f6f9,windows,rust_1_89_msvc_cargo_release,box_container_pile_10k,headless_api,2,step,300,30,2,10005,10005,0,0,median_ms_per_step,15.593747667,ms,lower_is_better,15.593747667,64.128266109,0,ok,ok,engine_runner_cli,work_unit_wall_sum_inline,2,open_container_falling_pile,1,solver_iterations=4; sleep=disabled; ccd=disabled; worker_count=2,rust_1_89_msvc_cargo_release,2,2,,,2,yes,,,,,,,,,,,300,4678.124300000,,,,,results/box-container-pile-10k/intel-core-i7-13700k/2026-10-05_0700_ddr5-4800_threads-1-2-3-4-5-6-8-10-12-14-16-24_r5/raw/rapier3d/t2/rapier3d_t2_raw.csv
2026-10-05_0700_ddr5-4800_threads-1-2-3-4-5-6-8-10-12-14-16-24_r5,rapier3d,28d0ba929b460597f0959fe600c7afd65612f6f9,windows,rust_1_89_msvc_cargo_release,box_container_pile_10k,headless_api,2,step,300,30,3,10005,10005,0,0,median_ms_per_step,15.778495333,ms,lower_is_better,15.778495333,63.377399357,0,ok,ok,engine_runner_cli,work_unit_wall_sum_inline,2,open_container_falling_pile,1,solver_iterations=4; sleep=disabled; ccd=disabled; worker_count=2,rust_1_89_msvc_cargo_release,2,2,,,2,yes,,,,,,,,,,,300,4733.548600000,,,,,results/box-container-pile-10k/intel-core-i7-13700k/2026-10-05_0700_ddr5-4800_threads-1-2-3-4-5-6-8-10-12-14-16-24_r5/raw/rapier3d/t2/rapier3d_t2_raw.csv
2026-10-05_0700_ddr5-4800_threads-1-2-3-4-5-6-8-10-12-14-16-24_r5,rapier3d,28d0ba929b460597f0959fe600c7afd65612f6f9,windows,rust_1_89_msvc_cargo_release,box_container_pile_10k,headless_api,2,step,300,30,4,10005,10005,0,0,median_ms_per_step,16.579462667,ms,lower_is_better,16.579462667,60.315585620,0,ok,ok,engine_runner_cli,work_unit_wall_sum_inline,2,open_container_falling_pile,1,solver_iterations=4; sleep=disabled; ccd=disabled; worker_count=2,rust_1_89_msvc_cargo_release,2,2,,,2,yes,,,,,,,,,,,300,4973.838800000,,,,,results/box-container-pile-10k/intel-core-i7-13700k/2026-10-05_0700_ddr5-4800_threads-1-2-3-4-5-6-8-10-12-14-16-24_r5/raw/rapier3d/t2/rapier3d_t2_raw.csv
2026-10-05_0700_ddr5-4800_threads-1-2-3-4-5-6-8-10-12-14-16-24_r5,rapier3d,28d0ba929b460597f0959fe600c7afd65612f6f9,windows,rust_1_89_msvc_cargo_release,box_container_pile_10k,headless_api,3,step,300,30,0,10005,10005,0,0,median_ms_per_step,12.638588000,ms,lower_is_better,12.638588000,79.122762764,0,ok,ok,engine_runner_cli,work_unit_wall_sum_inline,3,open_container_falling_pile,1,solver_iterations=4; sleep=disabled; ccd=disabled; worker_count=3,rust_1_89_msvc_cargo_release,3,3,,,3,yes,,,,,,,,,,,300,3791.576400000,,,,,results/box-container-pile-10k/intel-core-i7-13700k/2026-10-05_0700_ddr5-4800_threads-1-2-3-4-5-6-8-10-12-14-16-24_r5/raw/rapier3d/t3/rapier3d_t3_raw.csv
2026-10-05_0700_ddr5-4800_threads-1-2-3-4-5-6-8-10-12-14-16-24_r5,rapier3d,28d0ba929b460597f0959fe600c7afd65612f6f9,windows,rust_1_89_msvc_cargo_release,box_container_pile_10k,headless_api,3,step,300,30,1,10005,10005,0,0,median_ms_per_step,13.203771000,ms,lower_is_better,13.203771000,75.735939377,0,ok,ok,engine_runner_cli,work_unit_wall_sum_inline,3,open_container_falling_pile,1,solver_iterations=4; sleep=disabled; ccd=disabled; worker_count=3,rust_1_89_msvc_cargo_release,3,3,,,3,yes,,,,,,,,,,,300,3961.131300000,,,,,results/box-container-pile-10k/intel-core-i7-13700k/2026-10-05_0700_ddr5-4800_threads-1-2-3-4-5-6-8-10-12-14-16-24_r5/raw/rapier3d/t3/rapier3d_t3_raw.csv
2026-10-05_0700_ddr5-4800_threads-1-2-3-4-5-6-8-10-12-14-16-24_r5,rapier3d,28d0ba929b460597f0959fe600c7afd65612f6f9,windows,rust_1_89_msvc_cargo_release,box_container_pile_10k,headless_api,3,step,300,30,2,10005,10005,0,0,median_ms_per_step,12.543527333,ms,lower_is_better,12.543527333,79.722391750,0,ok,ok,engine_runner_cli,work_unit_wall_sum_inline,3,open_container_falling_pile,1,solver_iterations=4; sleep=disabled; ccd=disabled; worker_count=3,rust_1_89_msvc_cargo_release,3,3,,,3,yes,,,,,,,,,,,300,3763.058200000,,,,,results/box-container-pile-10k/intel-core-i7-13700k/2026-10-05_0700_ddr5-4800_threads-1-2-3-4-5-6-8-10-12-14-16-24_r5/raw/rapier3d/t3/rapier3d_t3_raw.csv
2026-10-05_0700_ddr5-4800_threads-1-2-3-4-5-6-8-10-12-14-16-24_r5,rapier3d,28d0ba929b460597f0959fe600c7afd65612f6f9,windows,rust_1_89_msvc_cargo_release,box_container_pile_10k,headless_api,3,step,300,30,3,10005,10005,0,0,median_ms_per_step,12.245039000,ms,lower_is_better,12.245039000,81.665726014,0,ok,ok,engine_runner_cli,work_unit_wall_sum_inline,3,open_container_falling_pile,1,solver_iterations=4; sleep=disabled; ccd=disabled; worker_count=3,rust_1_89_msvc_cargo_release,3,3,,,3,yes,,,,,,,,,,,300,3673.511700000,,,,,results/box-container-pile-10k/intel-core-i7-13700k/2026-10-05_0700_ddr5-4800_threads-1-2-3-4-5-6-8-10-12-14-16-24_r5/raw/rapier3d/t3/rapier3d_t3_raw.csv
2026-10-05_0700_ddr5-4800_threads-1-2-3-4-5-6-8-10-12-14-16-24_r5,rapier3d,28d0ba929b460597f0959fe600c7afd65612f6f9,windows,rust_1_89_msvc_cargo_release,box_container_pile_10k,headless_api,3,step,300,30,4,10005,10005,0,0,median_ms_per_step,12.320553000,ms,lower_is_better,12.320553000,81.165187959,0,ok,ok,engine_runner_cli,work_unit_wall_sum_inline,3,open_container_falling_pile,1,solver_iterations=4; sleep=disabled; ccd=disabled; worker_count=3,rust_1_89_msvc_cargo_release,3,3,,,3,yes,,,,,,,,,,,300,3696.165900000,,,,,results/box-container-pile-10k/intel-core-i7-13700k/2026-10-05_0700_ddr5-4800_threads-1-2-3-4-5-6-8-10-12-14-16-24_r5/raw/rapier3d/t3/rapier3d_t3_raw.csv
2026-10-05_0700_ddr5-4800_threads-1-2-3-4-5-6-8-10-12-14-16-24_r5,rapier3d,28d0ba929b460597f0959fe600c7afd65612f6f9,windows,rust_1_89_msvc_cargo_release,box_container_pile_10k,headless_api,4,step,300,30,0,10005,10005,0,0,median_ms_per_step,10.530090667,ms,lower_is_better,10.530090667,94.965943946,0,ok,ok,engine_runner_cli,work_unit_wall_sum_inline,4,open_container_falling_pile,1,solver_iterations=4; sleep=disabled; ccd=disabled; worker_count=4,rust_1_89_msvc_cargo_release,4,4,,,4,yes,,,,,,,,,,,300,3159.027200000,,,,,results/box-container-pile-10k/intel-core-i7-13700k/2026-10-05_0700_ddr5-4800_threads-1-2-3-4-5-6-8-10-12-14-16-24_r5/raw/rapier3d/t4/rapier3d_t4_raw.csv
2026-10-05_0700_ddr5-4800_threads-1-2-3-4-5-6-8-10-12-14-16-24_r5,rapier3d,28d0ba929b460597f0959fe600c7afd65612f6f9,windows,rust_1_89_msvc_cargo_release,box_container_pile_10k,headless_api,4,step,300,30,1,10005,10005,0,0,median_ms_per_step,10.617118333,ms,lower_is_better,10.617118333,94.187515727,0,ok,ok,engine_runner_cli,work_unit_wall_sum_inline,4,open_container_falling_pile,1,solver_iterations=4; sleep=disabled; ccd=disabled; worker_count=4,rust_1_89_msvc_cargo_release,4,4,,,4,yes,,,,,,,,,,,300,3185.135500000,,,,,results/box-container-pile-10k/intel-core-i7-13700k/2026-10-05_0700_ddr5-4800_threads-1-2-3-4-5-6-8-10-12-14-16-24_r5/raw/rapier3d/t4/rapier3d_t4_raw.csv
2026-10-05_0700_ddr5-4800_threads-1-2-3-4-5-6-8-10-12-14-16-24_r5,rapier3d,28d0ba929b460597f0959fe600c7afd65612f6f9,windows,rust_1_89_msvc_cargo_release,box_container_pile_10k,headless_api,4,step,300,30,2,10005,10005,0,0,median_ms_per_step,10.378691667,ms,lower_is_better,10.378691667,96.351258147,0,ok,ok,engine_runner_cli,work_unit_wall_sum_inline,4,open_container_falling_pile,1,solver_iterations=4; sleep=disabled; ccd=disabled; worker_count=4,rust_1_89_msvc_cargo_release,4,4,,,4,yes,,,,,,,,,,,300,3113.607500000,,,,,results/box-container-pile-10k/intel-core-i7-13700k/2026-10-05_0700_ddr5-4800_threads-1-2-3-4-5-6-8-10-12-14-16-24_r5/raw/rapier3d/t4/rapier3d_t4_raw.csv
2026-10-05_0700_ddr5-4800_threads-1-2-3-4-5-6-8-10-12-14-16-24_r5,rapier3d,28d0ba929b460597f0959fe600c7afd65612f6f9,windows,rust_1_89_msvc_cargo_release,box_container_pile_10k,headless_api,4,step,300,30,3,10005,10005,0,0,median_ms_per_step,10.116383333,ms,lower_is_better,10.116383333,98.849555918,0,ok,ok,engine_runner_cli,work_unit_wall_sum_inline,4,open_container_falling_pile,1,solver_iterations=4; sleep=disabled; ccd=disabled; worker_count=4,rust_1_89_msvc_cargo_release,4,4,,,4,yes,,,,,,,,,,,300,3034.915000000,,,,,results/box-container-pile-10k/intel-core-i7-13700k/2026-10-05_0700_ddr5-4800_threads-1-2-3-4-5-6-8-10-12-14-16-24_r5/raw/rapier3d/t4/rapier3d_t4_raw.csv
2026-10-05_0700_ddr5-4800_threads-1-2-3-4-5-6-8-10-12-14-16-24_r5,rapier3d,28d0ba929b460597f0959fe600c7afd65612f6f9,windows,rust_1_89_msvc_cargo_release,box_container_pile_10k,headless_api,4,step,300,30,4,10005,10005,0,0,median_ms_per_step,10.274989333,ms,lower_is_better,10.274989333,97.323702007,0,ok,ok,engine_runner_cli,work_unit_wall_sum_inline,4,open_container_falling_pile,1,solver_iterations=4; sleep=disabled; ccd=disabled; worker_count=4,rust_1_89_msvc_cargo_release,4,4,,,4,yes,,,,,,,,,,,300,3082.496800000,,,,,results/box-container-pile-10k/intel-core-i7-13700k/2026-10-05_0700_ddr5-4800_threads-1-2-3-4-5-6-8-10-12-14-16-24_r5/raw/rapier3d/t4/rapier3d_t4_raw.csv
2026-10-05_0700_ddr5-4800_threads-1-2-3-4-5-6-8-10-12-14-16-24_r5,rapier3d,28d0ba929b460597f0959fe600c7afd65612f6f9,windows,rust_1_89_msvc_cargo_release,box_container_pile_10k,headless_api,5,step,300,30,0,10005,10005,0,0,median_ms_per_step,8.778242667,ms,lower_is_better,8.778242667,113.918017304,0,ok,ok,engine_runner_cli,work_unit_wall_sum_inline,5,open_container_falling_pile,1,solver_iterations=4; sleep=disabled; ccd=disabled; worker_count=5,rust_1_89_msvc_cargo_release,5,5,,,5,yes,,,,,,,,,,,300,2633.472800000,,,,,results/box-container-pile-10k/intel-core-i7-13700k/2026-10-05_0700_ddr5-4800_threads-1-2-3-4-5-6-8-10-12-14-16-24_r5/raw/rapier3d/t5/rapier3d_t5_raw.csv
2026-10-05_0700_ddr5-4800_threads-1-2-3-4-5-6-8-10-12-14-16-24_r5,rapier3d,28d0ba929b460597f0959fe600c7afd65612f6f9,windows,rust_1_89_msvc_cargo_release,box_container_pile_10k,headless_api,5,step,300,30,1,10005,10005,0,0,median_ms_per_step,8.987595000,ms,lower_is_better,8.987595000,111.264470640,0,ok,ok,engine_runner_cli,work_unit_wall_sum_inline,5,open_container_falling_pile,1,solver_iterations=4; sleep=disabled; ccd=disabled; worker_count=5,rust_1_89_msvc_cargo_release,5,5,,,5,yes,,,,,,,,,,,300,2696.278500000,,,,,results/box-container-pile-10k/intel-core-i7-13700k/2026-10-05_0700_ddr5-4800_threads-1-2-3-4-5-6-8-10-12-14-16-24_r5/raw/rapier3d/t5/rapier3d_t5_raw.csv
2026-10-05_0700_ddr5-4800_threads-1-2-3-4-5-6-8-10-12-14-16-24_r5,rapier3d,28d0ba929b460597f0959fe600c7afd65612f6f9,windows,rust_1_89_msvc_cargo_release,box_container_pile_10k,headless_api,5,step,300,30,2,10005,10005,0,0,median_ms_per_step,9.049783000,ms,lower_is_better,9.049783000,110.499887124,0,ok,ok,engine_runner_cli,work_unit_wall_sum_inline,5,open_container_falling_pile,1,solver_iterations=4; sleep=disabled; ccd=disabled; worker_count=5,rust_1_89_msvc_cargo_release,5,5,,,5,yes,,,,,,,,,,,300,2714.934900000,,,,,results/box-container-pile-10k/intel-core-i7-13700k/2026-10-05_0700_ddr5-4800_threads-1-2-3-4-5-6-8-10-12-14-16-24_r5/raw/rapier3d/t5/rapier3d_t5_raw.csv
2026-10-05_0700_ddr5-4800_threads-1-2-3-4-5-6-8-10-12-14-16-24_r5,rapier3d,28d0ba929b460597f0959fe600c7afd65612f6f9,windows,rust_1_89_msvc_cargo_release,box_container_pile_10k,headless_api,5,step,300,30,3,10005,10005,0,0,median_ms_per_step,9.060556667,ms,lower_is_better,9.060556667,110.368494651,0,ok,ok,engine_runner_cli,work_unit_wall_sum_inline,5,open_container_falling_pile,1,solver_iterations=4; sleep=disabled; ccd=disabled; worker_count=5,rust_1_89_msvc_cargo_release,5,5,,,5,yes,,,,,,,,,,,300,2718.167000000,,,,,results/box-container-pile-10k/intel-core-i7-13700k/2026-10-05_0700_ddr5-4800_threads-1-2-3-4-5-6-8-10-12-14-16-24_r5/raw/rapier3d/t5/rapier3d_t5_raw.csv
2026-10-05_0700_ddr5-4800_threads-1-2-3-4-5-6-8-10-12-14-16-24_r5,rapier3d,28d0ba929b460597f0959fe600c7afd65612f6f9,windows,rust_1_89_msvc_cargo_release,box_container_pile_10k,headless_api,5,step,300,30,4,10005,10005,0,0,median_ms_per_step,8.841830667,ms,lower_is_better,8.841830667,113.098750440,0,ok,ok,engine_runner_cli,work_unit_wall_sum_inline,5,open_container_falling_pile,1,solver_iterations=4; sleep=disabled; ccd=disabled; worker_count=5,rust_1_89_msvc_cargo_release,5,5,,,5,yes,,,,,,,,,,,300,2652.549200000,,,,,results/box-container-pile-10k/intel-core-i7-13700k/2026-10-05_0700_ddr5-4800_threads-1-2-3-4-5-6-8-10-12-14-16-24_r5/raw/rapier3d/t5/rapier3d_t5_raw.csv
2026-10-05_0700_ddr5-4800_threads-1-2-3-4-5-6-8-10-12-14-16-24_r5,rapier3d,28d0ba929b460597f0959fe600c7afd65612f6f9,windows,rust_1_89_msvc_cargo_release,box_container_pile_10k,headless_api,6,step,300,30,0,10005,10005,0,0,median_ms_per_step,8.147932000,ms,lower_is_better,8.147932000,122.730528433,0,ok,ok,engine_runner_cli,work_unit_wall_sum_inline,6,open_container_falling_pile,1,solver_iterations=4; sleep=disabled; ccd=disabled; worker_count=6,rust_1_89_msvc_cargo_release,6,6,,,6,yes,,,,,,,,,,,300,2444.379600000,,,,,results/box-container-pile-10k/intel-core-i7-13700k/2026-10-05_0700_ddr5-4800_threads-1-2-3-4-5-6-8-10-12-14-16-24_r5/raw/rapier3d/t6/rapier3d_t6_raw.csv
2026-10-05_0700_ddr5-4800_threads-1-2-3-4-5-6-8-10-12-14-16-24_r5,rapier3d,28d0ba929b460597f0959fe600c7afd65612f6f9,windows,rust_1_89_msvc_cargo_release,box_container_pile_10k,headless_api,6,step,300,30,1,10005,10005,0,0,median_ms_per_step,8.077831000,ms,lower_is_better,8.077831000,123.795608004,0,ok,ok,engine_runner_cli,work_unit_wall_sum_inline,6,open_container_falling_pile,1,solver_iterations=4; sleep=disabled; ccd=disabled; worker_count=6,rust_1_89_msvc_cargo_release,6,6,,,6,yes,,,,,,,,,,,300,2423.349300000,,,,,results/box-container-pile-10k/intel-core-i7-13700k/2026-10-05_0700_ddr5-4800_threads-1-2-3-4-5-6-8-10-12-14-16-24_r5/raw/rapier3d/t6/rapier3d_t6_raw.csv
2026-10-05_0700_ddr5-4800_threads-1-2-3-4-5-6-8-10-12-14-16-24_r5,rapier3d,28d0ba929b460597f0959fe600c7afd65612f6f9,windows,rust_1_89_msvc_cargo_release,box_container_pile_10k,headless_api,6,step,300,30,2,10005,10005,0,0,median_ms_per_step,8.158163667,ms,lower_is_better,8.158163667,122.576604351,0,ok,ok,engine_runner_cli,work_unit_wall_sum_inline,6,open_container_falling_pile,1,solver_iterations=4; sleep=disabled; ccd=disabled; worker_count=6,rust_1_89_msvc_cargo_release,6,6,,,6,yes,,,,,,,,,,,300,2447.449100000,,,,,results/box-container-pile-10k/intel-core-i7-13700k/2026-10-05_0700_ddr5-4800_threads-1-2-3-4-5-6-8-10-12-14-16-24_r5/raw/rapier3d/t6/rapier3d_t6_raw.csv
2026-10-05_0700_ddr5-4800_threads-1-2-3-4-5-6-8-10-12-14-16-24_r5,rapier3d,28d0ba929b460597f0959fe600c7afd65612f6f9,windows,rust_1_89_msvc_cargo_release,box_container_pile_10k,headless_api,6,step,300,30,3,10005,10005,0,0,median_ms_per_step,8.355756667,ms,lower_is_better,8.355756667,119.677970517,0,ok,ok,engine_runner_cli,work_unit_wall_sum_inline,6,open_container_falling_pile,1,solver_iterations=4; sleep=disabled; ccd=disabled; worker_count=6,rust_1_89_msvc_cargo_release,6,6,,,6,yes,,,,,,,,,,,300,2506.727000000,,,,,results/box-container-pile-10k/intel-core-i7-13700k/2026-10-05_0700_ddr5-4800_threads-1-2-3-4-5-6-8-10-12-14-16-24_r5/raw/rapier3d/t6/rapier3d_t6_raw.csv
2026-10-05_0700_ddr5-4800_threads-1-2-3-4-5-6-8-10-12-14-16-24_r5,rapier3d,28d0ba929b460597f0959fe600c7afd65612f6f9,windows,rust_1_89_msvc_cargo_release,box_container_pile_10k,headless_api,6,step,300,30,4,10005,10005,0,0,median_ms_per_step,8.390933333,ms,lower_is_better,8.390933333,119.176253734,0,ok,ok,engine_runner_cli,work_unit_wall_sum_inline,6,open_container_falling_pile,1,solver_iterations=4; sleep=disabled; ccd=disabled; worker_count=6,rust_1_89_msvc_cargo_release,6,6,,,6,yes,,,,,,,,,,,300,2517.280000000,,,,,results/box-container-pile-10k/intel-core-i7-13700k/2026-10-05_0700_ddr5-4800_threads-1-2-3-4-5-6-8-10-12-14-16-24_r5/raw/rapier3d/t6/rapier3d_t6_raw.csv
2026-10-05_0700_ddr5-4800_threads-1-2-3-4-5-6-8-10-12-14-16-24_r5,rapier3d,28d0ba929b460597f0959fe600c7afd65612f6f9,windows,rust_1_89_msvc_cargo_release,box_container_pile_10k,headless_api,8,step,300,30,0,10005,10005,0,0,median_ms_per_step,7.172266333,ms,lower_is_better,7.172266333,139.425943422,0,ok,ok,engine_runner_cli,work_unit_wall_sum_inline,8,open_container_falling_pile,1,solver_iterations=4; sleep=disabled; ccd=disabled; worker_count=8,rust_1_89_msvc_cargo_release,8,8,,,8,yes,,,,,,,,,,,300,2151.679900000,,,,,results/box-container-pile-10k/intel-core-i7-13700k/2026-10-05_0700_ddr5-4800_threads-1-2-3-4-5-6-8-10-12-14-16-24_r5/raw/rapier3d/t8/rapier3d_t8_raw.csv
2026-10-05_0700_ddr5-4800_threads-1-2-3-4-5-6-8-10-12-14-16-24_r5,rapier3d,28d0ba929b460597f0959fe600c7afd65612f6f9,windows,rust_1_89_msvc_cargo_release,box_container_pile_10k,headless_api,8,step,300,30,1,10005,10005,0,0,median_ms_per_step,7.242203333,ms,lower_is_better,7.242203333,138.079525522,0,ok,ok,engine_runner_cli,work_unit_wall_sum_inline,8,open_container_falling_pile,1,solver_iterations=4; sleep=disabled; ccd=disabled; worker_count=8,rust_1_89_msvc_cargo_release,8,8,,,8,yes,,,,,,,,,,,300,2172.661000000,,,,,results/box-container-pile-10k/intel-core-i7-13700k/2026-10-05_0700_ddr5-4800_threads-1-2-3-4-5-6-8-10-12-14-16-24_r5/raw/rapier3d/t8/rapier3d_t8_raw.csv
2026-10-05_0700_ddr5-4800_threads-1-2-3-4-5-6-8-10-12-14-16-24_r5,rapier3d,28d0ba929b460597f0959fe600c7afd65612f6f9,windows,rust_1_89_msvc_cargo_release,box_container_pile_10k,headless_api,8,step,300,30,2,10005,10005,0,0,median_ms_per_step,7.065719667,ms,lower_is_better,7.065719667,141.528400103,0,ok,ok,engine_runner_cli,work_unit_wall_sum_inline,8,open_container_falling_pile,1,solver_iterations=4; sleep=disabled; ccd=disabled; worker_count=8,rust_1_89_msvc_cargo_release,8,8,,,8,yes,,,,,,,,,,,300,2119.715900000,,,,,results/box-container-pile-10k/intel-core-i7-13700k/2026-10-05_0700_ddr5-4800_threads-1-2-3-4-5-6-8-10-12-14-16-24_r5/raw/rapier3d/t8/rapier3d_t8_raw.csv
2026-10-05_0700_ddr5-4800_threads-1-2-3-4-5-6-8-10-12-14-16-24_r5,rapier3d,28d0ba929b460597f0959fe600c7afd65612f6f9,windows,rust_1_89_msvc_cargo_release,box_container_pile_10k,headless_api,8,step,300,30,3,10005,10005,0,0,median_ms_per_step,7.181724667,ms,lower_is_better,7.181724667,139.242319417,0,ok,ok,engine_runner_cli,work_unit_wall_sum_inline,8,open_container_falling_pile,1,solver_iterations=4; sleep=disabled; ccd=disabled; worker_count=8,rust_1_89_msvc_cargo_release,8,8,,,8,yes,,,,,,,,,,,300,2154.517400000,,,,,results/box-container-pile-10k/intel-core-i7-13700k/2026-10-05_0700_ddr5-4800_threads-1-2-3-4-5-6-8-10-12-14-16-24_r5/raw/rapier3d/t8/rapier3d_t8_raw.csv
2026-10-05_0700_ddr5-4800_threads-1-2-3-4-5-6-8-10-12-14-16-24_r5,rapier3d,28d0ba929b460597f0959fe600c7afd65612f6f9,windows,rust_1_89_msvc_cargo_release,box_container_pile_10k,headless_api,8,step,300,30,4,10005,10005,0,0,median_ms_per_step,7.131034000,ms,lower_is_better,7.131034000,140.232117811,0,ok,ok,engine_runner_cli,work_unit_wall_sum_inline,8,open_container_falling_pile,1,solver_iterations=4; sleep=disabled; ccd=disabled; worker_count=8,rust_1_89_msvc_cargo_release,8,8,,,8,yes,,,,,,,,,,,300,2139.310200000,,,,,results/box-container-pile-10k/intel-core-i7-13700k/2026-10-05_0700_ddr5-4800_threads-1-2-3-4-5-6-8-10-12-14-16-24_r5/raw/rapier3d/t8/rapier3d_t8_raw.csv
2026-10-05_0700_ddr5-4800_threads-1-2-3-4-5-6-8-10-12-14-16-24_r5,rapier3d,28d0ba929b460597f0959fe600c7afd65612f6f9,windows,rust_1_89_msvc_cargo_release,box_container_pile_10k,headless_api,10,step,300,30,0,10005,10005,0,0,median_ms_per_step,6.840263333,ms,lower_is_better,6.840263333,146.193202114,0,ok,ok,engine_runner_cli,work_unit_wall_sum_inline,10,open_container_falling_pile,1,solver_iterations=4; sleep=disabled; ccd=disabled; worker_count=10,rust_1_89_msvc_cargo_release,10,10,,,10,yes,,,,,,,,,,,300,2052.079000000,,,,,results/box-container-pile-10k/intel-core-i7-13700k/2026-10-05_0700_ddr5-4800_threads-1-2-3-4-5-6-8-10-12-14-16-24_r5/raw/rapier3d/t10/rapier3d_t10_raw.csv
2026-10-05_0700_ddr5-4800_threads-1-2-3-4-5-6-8-10-12-14-16-24_r5,rapier3d,28d0ba929b460597f0959fe600c7afd65612f6f9,windows,rust_1_89_msvc_cargo_release,box_container_pile_10k,headless_api,10,step,300,30,1,10005,10005,0,0,median_ms_per_step,6.930087000,ms,lower_is_better,6.930087000,144.298332763,0,ok,ok,engine_runner_cli,work_unit_wall_sum_inline,10,open_container_falling_pile,1,solver_iterations=4; sleep=disabled; ccd=disabled; worker_count=10,rust_1_89_msvc_cargo_release,10,10,,,10,yes,,,,,,,,,,,300,2079.026100000,,,,,results/box-container-pile-10k/intel-core-i7-13700k/2026-10-05_0700_ddr5-4800_threads-1-2-3-4-5-6-8-10-12-14-16-24_r5/raw/rapier3d/t10/rapier3d_t10_raw.csv
2026-10-05_0700_ddr5-4800_threads-1-2-3-4-5-6-8-10-12-14-16-24_r5,rapier3d,28d0ba929b460597f0959fe600c7afd65612f6f9,windows,rust_1_89_msvc_cargo_release,box_container_pile_10k,headless_api,10,step,300,30,2,10005,10005,0,0,median_ms_per_step,6.746873333,ms,lower_is_better,6.746873333,148.216803635,0,ok,ok,engine_runner_cli,work_unit_wall_sum_inline,10,open_container_falling_pile,1,solver_iterations=4; sleep=disabled; ccd=disabled; worker_count=10,rust_1_89_msvc_cargo_release,10,10,,,10,yes,,,,,,,,,,,300,2024.062000000,,,,,results/box-container-pile-10k/intel-core-i7-13700k/2026-10-05_0700_ddr5-4800_threads-1-2-3-4-5-6-8-10-12-14-16-24_r5/raw/rapier3d/t10/rapier3d_t10_raw.csv
2026-10-05_0700_ddr5-4800_threads-1-2-3-4-5-6-8-10-12-14-16-24_r5,rapier3d,28d0ba929b460597f0959fe600c7afd65612f6f9,windows,rust_1_89_msvc_cargo_release,box_container_pile_10k,headless_api,10,step,300,30,3,10005,10005,0,0,median_ms_per_step,6.887337000,ms,lower_is_better,6.887337000,145.193998784,0,ok,ok,engine_runner_cli,work_unit_wall_sum_inline,10,open_container_falling_pile,1,solver_iterations=4; sleep=disabled; ccd=disabled; worker_count=10,rust_1_89_msvc_cargo_release,10,10,,,10,yes,,,,,,,,,,,300,2066.201100000,,,,,results/box-container-pile-10k/intel-core-i7-13700k/2026-10-05_0700_ddr5-4800_threads-1-2-3-4-5-6-8-10-12-14-16-24_r5/raw/rapier3d/t10/rapier3d_t10_raw.csv
2026-10-05_0700_ddr5-4800_threads-1-2-3-4-5-6-8-10-12-14-16-24_r5,rapier3d,28d0ba929b460597f0959fe600c7afd65612f6f9,windows,rust_1_89_msvc_cargo_release,box_container_pile_10k,headless_api,10,step,300,30,4,10005,10005,0,0,median_ms_per_step,6.731465333,ms,lower_is_better,6.731465333,148.556064762,0,ok,ok,engine_runner_cli,work_unit_wall_sum_inline,10,open_container_falling_pile,1,solver_iterations=4; sleep=disabled; ccd=disabled; worker_count=10,rust_1_89_msvc_cargo_release,10,10,,,10,yes,,,,,,,,,,,300,2019.439600000,,,,,results/box-container-pile-10k/intel-core-i7-13700k/2026-10-05_0700_ddr5-4800_threads-1-2-3-4-5-6-8-10-12-14-16-24_r5/raw/rapier3d/t10/rapier3d_t10_raw.csv
2026-10-05_0700_ddr5-4800_threads-1-2-3-4-5-6-8-10-12-14-16-24_r5,rapier3d,28d0ba929b460597f0959fe600c7afd65612f6f9,windows,rust_1_89_msvc_cargo_release,box_container_pile_10k,headless_api,12,step,300,30,0,10005,10005,0,0,median_ms_per_step,6.725641333,ms,lower_is_better,6.725641333,148.684705359,0,ok,ok,engine_runner_cli,work_unit_wall_sum_inline,12,open_container_falling_pile,1,solver_iterations=4; sleep=disabled; ccd=disabled; worker_count=12,rust_1_89_msvc_cargo_release,12,12,,,12,yes,,,,,,,,,,,300,2017.692400000,,,,,results/box-container-pile-10k/intel-core-i7-13700k/2026-10-05_0700_ddr5-4800_threads-1-2-3-4-5-6-8-10-12-14-16-24_r5/raw/rapier3d/t12/rapier3d_t12_raw.csv
2026-10-05_0700_ddr5-4800_threads-1-2-3-4-5-6-8-10-12-14-16-24_r5,rapier3d,28d0ba929b460597f0959fe600c7afd65612f6f9,windows,rust_1_89_msvc_cargo_release,box_container_pile_10k,headless_api,12,step,300,30,1,10005,10005,0,0,median_ms_per_step,6.771133667,ms,lower_is_better,6.771133667,147.685756807,0,ok,ok,engine_runner_cli,work_unit_wall_sum_inline,12,open_container_falling_pile,1,solver_iterations=4; sleep=disabled; ccd=disabled; worker_count=12,rust_1_89_msvc_cargo_release,12,12,,,12,yes,,,,,,,,,,,300,2031.340100000,,,,,results/box-container-pile-10k/intel-core-i7-13700k/2026-10-05_0700_ddr5-4800_threads-1-2-3-4-5-6-8-10-12-14-16-24_r5/raw/rapier3d/t12/rapier3d_t12_raw.csv
2026-10-05_0700_ddr5-4800_threads-1-2-3-4-5-6-8-10-12-14-16-24_r5,rapier3d,28d0ba929b460597f0959fe600c7afd65612f6f9,windows,rust_1_89_msvc_cargo_release,box_container_pile_10k,headless_api,12,step,300,30,2,10005,10005,0,0,median_ms_per_step,6.735242333,ms,lower_is_better,6.735242333,148.472757253,0,ok,ok,engine_runner_cli,work_unit_wall_sum_inline,12,open_container_falling_pile,1,solver_iterations=4; sleep=disabled; ccd=disabled; worker_count=12,rust_1_89_msvc_cargo_release,12,12,,,12,yes,,,,,,,,,,,300,2020.572700000,,,,,results/box-container-pile-10k/intel-core-i7-13700k/2026-10-05_0700_ddr5-4800_threads-1-2-3-4-5-6-8-10-12-14-16-24_r5/raw/rapier3d/t12/rapier3d_t12_raw.csv
2026-10-05_0700_ddr5-4800_threads-1-2-3-4-5-6-8-10-12-14-16-24_r5,rapier3d,28d0ba929b460597f0959fe600c7afd65612f6f9,windows,rust_1_89_msvc_cargo_release,box_container_pile_10k,headless_api,12,step,300,30,3,10005,10005,0,0,median_ms_per_step,6.646530000,ms,lower_is_better,6.646530000,150.454447659,0,ok,ok,engine_runner_cli,work_unit_wall_sum_inline,12,open_container_falling_pile,1,solver_iterations=4; sleep=disabled; ccd=disabled; worker_count=12,rust_1_89_msvc_cargo_release,12,12,,,12,yes,,,,,,,,,,,300,1993.959000000,,,,,results/box-container-pile-10k/intel-core-i7-13700k/2026-10-05_0700_ddr5-4800_threads-1-2-3-4-5-6-8-10-12-14-16-24_r5/raw/rapier3d/t12/rapier3d_t12_raw.csv
2026-10-05_0700_ddr5-4800_threads-1-2-3-4-5-6-8-10-12-14-16-24_r5,rapier3d,28d0ba929b460597f0959fe600c7afd65612f6f9,windows,rust_1_89_msvc_cargo_release,box_container_pile_10k,headless_api,12,step,300,30,4,10005,10005,0,0,median_ms_per_step,6.742800000,ms,lower_is_better,6.742800000,148.306341579,0,ok,ok,engine_runner_cli,work_unit_wall_sum_inline,12,open_container_falling_pile,1,solver_iterations=4; sleep=disabled; ccd=disabled; worker_count=12,rust_1_89_msvc_cargo_release,12,12,,,12,yes,,,,,,,,,,,300,2022.840000000,,,,,results/box-container-pile-10k/intel-core-i7-13700k/2026-10-05_0700_ddr5-4800_threads-1-2-3-4-5-6-8-10-12-14-16-24_r5/raw/rapier3d/t12/rapier3d_t12_raw.csv
2026-10-05_0700_ddr5-4800_threads-1-2-3-4-5-6-8-10-12-14-16-24_r5,rapier3d,28d0ba929b460597f0959fe600c7afd65612f6f9,windows,rust_1_89_msvc_cargo_release,box_container_pile_10k,headless_api,14,step,300,30,0,10005,10005,0,0,median_ms_per_step,6.528161333,ms,lower_is_better,6.528161333,153.182488750,0,ok,ok,engine_runner_cli,work_unit_wall_sum_inline,14,open_container_falling_pile,1,solver_iterations=4; sleep=disabled; ccd=disabled; worker_count=14,rust_1_89_msvc_cargo_release,14,14,,,14,yes,,,,,,,,,,,300,1958.448400000,,,,,results/box-container-pile-10k/intel-core-i7-13700k/2026-10-05_0700_ddr5-4800_threads-1-2-3-4-5-6-8-10-12-14-16-24_r5/raw/rapier3d/t14/rapier3d_t14_raw.csv
2026-10-05_0700_ddr5-4800_threads-1-2-3-4-5-6-8-10-12-14-16-24_r5,rapier3d,28d0ba929b460597f0959fe600c7afd65612f6f9,windows,rust_1_89_msvc_cargo_release,box_container_pile_10k,headless_api,14,step,300,30,1,10005,10005,0,0,median_ms_per_step,6.480138667,ms,lower_is_better,6.480138667,154.317685383,0,ok,ok,engine_runner_cli,work_unit_wall_sum_inline,14,open_container_falling_pile,1,solver_iterations=4; sleep=disabled; ccd=disabled; worker_count=14,rust_1_89_msvc_cargo_release,14,14,,,14,yes,,,,,,,,,,,300,1944.041600000,,,,,results/box-container-pile-10k/intel-core-i7-13700k/2026-10-05_0700_ddr5-4800_threads-1-2-3-4-5-6-8-10-12-14-16-24_r5/raw/rapier3d/t14/rapier3d_t14_raw.csv
2026-10-05_0700_ddr5-4800_threads-1-2-3-4-5-6-8-10-12-14-16-24_r5,rapier3d,28d0ba929b460597f0959fe600c7afd65612f6f9,windows,rust_1_89_msvc_cargo_release,box_container_pile_10k,headless_api,14,step,300,30,2,10005,10005,0,0,median_ms_per_step,6.470505000,ms,lower_is_better,6.470505000,154.547442588,0,ok,ok,engine_runner_cli,work_unit_wall_sum_inline,14,open_container_falling_pile,1,solver_iterations=4; sleep=disabled; ccd=disabled; worker_count=14,rust_1_89_msvc_cargo_release,14,14,,,14,yes,,,,,,,,,,,300,1941.151500000,,,,,results/box-container-pile-10k/intel-core-i7-13700k/2026-10-05_0700_ddr5-4800_threads-1-2-3-4-5-6-8-10-12-14-16-24_r5/raw/rapier3d/t14/rapier3d_t14_raw.csv
2026-10-05_0700_ddr5-4800_threads-1-2-3-4-5-6-8-10-12-14-16-24_r5,rapier3d,28d0ba929b460597f0959fe600c7afd65612f6f9,windows,rust_1_89_msvc_cargo_release,box_container_pile_10k,headless_api,14,step,300,30,3,10005,10005,0,0,median_ms_per_step,6.657855667,ms,lower_is_better,6.657855667,150.198509861,0,ok,ok,engine_runner_cli,work_unit_wall_sum_inline,14,open_container_falling_pile,1,solver_iterations=4; sleep=disabled; ccd=disabled; worker_count=14,rust_1_89_msvc_cargo_release,14,14,,,14,yes,,,,,,,,,,,300,1997.356700000,,,,,results/box-container-pile-10k/intel-core-i7-13700k/2026-10-05_0700_ddr5-4800_threads-1-2-3-4-5-6-8-10-12-14-16-24_r5/raw/rapier3d/t14/rapier3d_t14_raw.csv
2026-10-05_0700_ddr5-4800_threads-1-2-3-4-5-6-8-10-12-14-16-24_r5,rapier3d,28d0ba929b460597f0959fe600c7afd65612f6f9,windows,rust_1_89_msvc_cargo_release,box_container_pile_10k,headless_api,14,step,300,30,4,10005,10005,0,0,median_ms_per_step,6.412046333,ms,lower_is_better,6.412046333,155.956452592,0,ok,ok,engine_runner_cli,work_unit_wall_sum_inline,14,open_container_falling_pile,1,solver_iterations=4; sleep=disabled; ccd=disabled; worker_count=14,rust_1_89_msvc_cargo_release,14,14,,,14,yes,,,,,,,,,,,300,1923.613900000,,,,,results/box-container-pile-10k/intel-core-i7-13700k/2026-10-05_0700_ddr5-4800_threads-1-2-3-4-5-6-8-10-12-14-16-24_r5/raw/rapier3d/t14/rapier3d_t14_raw.csv
2026-10-05_0700_ddr5-4800_threads-1-2-3-4-5-6-8-10-12-14-16-24_r5,rapier3d,28d0ba929b460597f0959fe600c7afd65612f6f9,windows,rust_1_89_msvc_cargo_release,box_container_pile_10k,headless_api,16,step,300,30,0,10005,10005,0,0,median_ms_per_step,6.365603667,ms,lower_is_better,6.365603667,157.094291817,0,ok,ok,engine_runner_cli,work_unit_wall_sum_inline,16,open_container_falling_pile,1,solver_iterations=4; sleep=disabled; ccd=disabled; worker_count=16,rust_1_89_msvc_cargo_release,16,16,,,16,yes,,,,,,,,,,,300,1909.681100000,,,,,results/box-container-pile-10k/intel-core-i7-13700k/2026-10-05_0700_ddr5-4800_threads-1-2-3-4-5-6-8-10-12-14-16-24_r5/raw/rapier3d/t16/rapier3d_t16_raw.csv
2026-10-05_0700_ddr5-4800_threads-1-2-3-4-5-6-8-10-12-14-16-24_r5,rapier3d,28d0ba929b460597f0959fe600c7afd65612f6f9,windows,rust_1_89_msvc_cargo_release,box_container_pile_10k,headless_api,16,step,300,30,1,10005,10005,0,0,median_ms_per_step,6.260006000,ms,lower_is_better,6.260006000,159.744255836,0,ok,ok,engine_runner_cli,work_unit_wall_sum_inline,16,open_container_falling_pile,1,solver_iterations=4; sleep=disabled; ccd=disabled; worker_count=16,rust_1_89_msvc_cargo_release,16,16,,,16,yes,,,,,,,,,,,300,1878.001800000,,,,,results/box-container-pile-10k/intel-core-i7-13700k/2026-10-05_0700_ddr5-4800_threads-1-2-3-4-5-6-8-10-12-14-16-24_r5/raw/rapier3d/t16/rapier3d_t16_raw.csv
2026-10-05_0700_ddr5-4800_threads-1-2-3-4-5-6-8-10-12-14-16-24_r5,rapier3d,28d0ba929b460597f0959fe600c7afd65612f6f9,windows,rust_1_89_msvc_cargo_release,box_container_pile_10k,headless_api,16,step,300,30,2,10005,10005,0,0,median_ms_per_step,6.235679000,ms,lower_is_better,6.235679000,160.367459582,0,ok,ok,engine_runner_cli,work_unit_wall_sum_inline,16,open_container_falling_pile,1,solver_iterations=4; sleep=disabled; ccd=disabled; worker_count=16,rust_1_89_msvc_cargo_release,16,16,,,16,yes,,,,,,,,,,,300,1870.703700000,,,,,results/box-container-pile-10k/intel-core-i7-13700k/2026-10-05_0700_ddr5-4800_threads-1-2-3-4-5-6-8-10-12-14-16-24_r5/raw/rapier3d/t16/rapier3d_t16_raw.csv
2026-10-05_0700_ddr5-4800_threads-1-2-3-4-5-6-8-10-12-14-16-24_r5,rapier3d,28d0ba929b460597f0959fe600c7afd65612f6f9,windows,rust_1_89_msvc_cargo_release,box_container_pile_10k,headless_api,16,step,300,30,3,10005,10005,0,0,median_ms_per_step,6.454173000,ms,lower_is_better,6.454173000,154.938518072,0,ok,ok,engine_runner_cli,work_unit_wall_sum_inline,16,open_container_falling_pile,1,solver_iterations=4; sleep=disabled; ccd=disabled; worker_count=16,rust_1_89_msvc_cargo_release,16,16,,,16,yes,,,,,,,,,,,300,1936.251900000,,,,,results/box-container-pile-10k/intel-core-i7-13700k/2026-10-05_0700_ddr5-4800_threads-1-2-3-4-5-6-8-10-12-14-16-24_r5/raw/rapier3d/t16/rapier3d_t16_raw.csv
2026-10-05_0700_ddr5-4800_threads-1-2-3-4-5-6-8-10-12-14-16-24_r5,rapier3d,28d0ba929b460597f0959fe600c7afd65612f6f9,windows,rust_1_89_msvc_cargo_release,box_container_pile_10k,headless_api,16,step,300,30,4,10005,10005,0,0,median_ms_per_step,6.554231667,ms,lower_is_better,6.554231667,152.573184907,0,ok,ok,engine_runner_cli,work_unit_wall_sum_inline,16,open_container_falling_pile,1,solver_iterations=4; sleep=disabled; ccd=disabled; worker_count=16,rust_1_89_msvc_cargo_release,16,16,,,16,yes,,,,,,,,,,,300,1966.269500000,,,,,results/box-container-pile-10k/intel-core-i7-13700k/2026-10-05_0700_ddr5-4800_threads-1-2-3-4-5-6-8-10-12-14-16-24_r5/raw/rapier3d/t16/rapier3d_t16_raw.csv
2026-10-05_0700_ddr5-4800_threads-1-2-3-4-5-6-8-10-12-14-16-24_r5,rapier3d,28d0ba929b460597f0959fe600c7afd65612f6f9,windows,rust_1_89_msvc_cargo_release,box_container_pile_10k,headless_api,24,step,300,30,0,10005,10005,0,0,median_ms_per_step,6.182339000,ms,lower_is_better,6.182339000,161.751078354,0,ok,ok,engine_runner_cli,work_unit_wall_sum_inline,24,open_container_falling_pile,1,solver_iterations=4; sleep=disabled; ccd=disabled; worker_count=24,rust_1_89_msvc_cargo_release,24,24,,,24,yes,,,,,,,,,,,300,1854.701700000,,,,,results/box-container-pile-10k/intel-core-i7-13700k/2026-10-05_0700_ddr5-4800_threads-1-2-3-4-5-6-8-10-12-14-16-24_r5/raw/rapier3d/t24/rapier3d_t24_raw.csv
2026-10-05_0700_ddr5-4800_threads-1-2-3-4-5-6-8-10-12-14-16-24_r5,rapier3d,28d0ba929b460597f0959fe600c7afd65612f6f9,windows,rust_1_89_msvc_cargo_release,box_container_pile_10k,headless_api,24,step,300,30,1,10005,10005,0,0,median_ms_per_step,6.114445000,ms,lower_is_better,6.114445000,163.547141237,0,ok,ok,engine_runner_cli,work_unit_wall_sum_inline,24,open_container_falling_pile,1,solver_iterations=4; sleep=disabled; ccd=disabled; worker_count=24,rust_1_89_msvc_cargo_release,24,24,,,24,yes,,,,,,,,,,,300,1834.333500000,,,,,results/box-container-pile-10k/intel-core-i7-13700k/2026-10-05_0700_ddr5-4800_threads-1-2-3-4-5-6-8-10-12-14-16-24_r5/raw/rapier3d/t24/rapier3d_t24_raw.csv
2026-10-05_0700_ddr5-4800_threads-1-2-3-4-5-6-8-10-12-14-16-24_r5,rapier3d,28d0ba929b460597f0959fe600c7afd65612f6f9,windows,rust_1_89_msvc_cargo_release,box_container_pile_10k,headless_api,24,step,300,30,2,10005,10005,0,0,median_ms_per_step,6.112433000,ms,lower_is_better,6.112433000,163.600975258,0,ok,ok,engine_runner_cli,work_unit_wall_sum_inline,24,open_container_falling_pile,1,solver_iterations=4; sleep=disabled; ccd=disabled; worker_count=24,rust_1_89_msvc_cargo_release,24,24,,,24,yes,,,,,,,,,,,300,1833.729900000,,,,,results/box-container-pile-10k/intel-core-i7-13700k/2026-10-05_0700_ddr5-4800_threads-1-2-3-4-5-6-8-10-12-14-16-24_r5/raw/rapier3d/t24/rapier3d_t24_raw.csv
2026-10-05_0700_ddr5-4800_threads-1-2-3-4-5-6-8-10-12-14-16-24_r5,rapier3d,28d0ba929b460597f0959fe600c7afd65612f6f9,windows,rust_1_89_msvc_cargo_release,box_container_pile_10k,headless_api,24,step,300,30,3,10005,10005,0,0,median_ms_per_step,6.250361667,ms,lower_is_better,6.250361667,159.990741869,0,ok,ok,engine_runner_cli,work_unit_wall_sum_inline,24,open_container_falling_pile,1,solver_iterations=4; sleep=disabled; ccd=disabled; worker_count=24,rust_1_89_msvc_cargo_release,24,24,,,24,yes,,,,,,,,,,,300,1875.108500000,,,,,results/box-container-pile-10k/intel-core-i7-13700k/2026-10-05_0700_ddr5-4800_threads-1-2-3-4-5-6-8-10-12-14-16-24_r5/raw/rapier3d/t24/rapier3d_t24_raw.csv
2026-10-05_0700_ddr5-4800_threads-1-2-3-4-5-6-8-10-12-14-16-24_r5,rapier3d,28d0ba929b460597f0959fe600c7afd65612f6f9,windows,rust_1_89_msvc_cargo_release,box_container_pile_10k,headless_api,24,step,300,30,4,10005,10005,0,0,median_ms_per_step,6.324064333,ms,lower_is_better,6.324064333,158.126158636,0,ok,ok,engine_runner_cli,work_unit_wall_sum_inline,24,open_container_falling_pile,1,solver_iterations=4; sleep=disabled; ccd=disabled; worker_count=24,rust_1_89_msvc_cargo_release,24,24,,,24,yes,,,,,,,,,,,300,1897.219300000,,,,,results/box-container-pile-10k/intel-core-i7-13700k/2026-10-05_0700_ddr5-4800_threads-1-2-3-4-5-6-8-10-12-14-16-24_r5/raw/rapier3d/t24/rapier3d_t24_raw.csv
2026-10-05_0700_ddr5-4800_threads-1-2-3-4-5-6-8-10-12-14-16-24_r5,unity_physics,unity-6000.5.2f1-com.unity.physics-6.5.0,windows,unity_player,box_container_pile_10k,headless_api,1,step,300,30,0,10005,10005,0,0,median_ms_per_step,29.289192000,ms,lower_is_better,29.289192000,34.142287025,0,ok,ok,engine_runner_cli,work_unit_wall_sum_inline,1,open_container_falling_pile,1,solver_iterations=2; substeps=3; solver_type=iterative; stabilization=on; synchronize_collision_world=on; sleep=not_applicable; worker_count=0,unity_player,1,0,,,0,yes,,,,,,,,,,,300,8786.757600000,,,,,results/box-container-pile-10k/intel-core-i7-13700k/2026-10-05_0700_ddr5-4800_threads-1-2-3-4-5-6-8-10-12-14-16-24_r5/raw/unity_physics/t1/unity_physics_t1_raw.csv
2026-10-05_0700_ddr5-4800_threads-1-2-3-4-5-6-8-10-12-14-16-24_r5,unity_physics,unity-6000.5.2f1-com.unity.physics-6.5.0,windows,unity_player,box_container_pile_10k,headless_api,1,step,300,30,1,10005,10005,0,0,median_ms_per_step,29.624467333,ms,lower_is_better,29.624467333,33.755881203,0,ok,ok,engine_runner_cli,work_unit_wall_sum_inline,1,open_container_falling_pile,1,solver_iterations=2; substeps=3; solver_type=iterative; stabilization=on; synchronize_collision_world=on; sleep=not_applicable; worker_count=0,unity_player,1,0,,,0,yes,,,,,,,,,,,300,8887.340200000,,,,,results/box-container-pile-10k/intel-core-i7-13700k/2026-10-05_0700_ddr5-4800_threads-1-2-3-4-5-6-8-10-12-14-16-24_r5/raw/unity_physics/t1/unity_physics_t1_raw.csv
2026-10-05_0700_ddr5-4800_threads-1-2-3-4-5-6-8-10-12-14-16-24_r5,unity_physics,unity-6000.5.2f1-com.unity.physics-6.5.0,windows,unity_player,box_container_pile_10k,headless_api,1,step,300,30,2,10005,10005,0,0,median_ms_per_step,30.243491333,ms,lower_is_better,30.243491333,33.064965581,0,ok,ok,engine_runner_cli,work_unit_wall_sum_inline,1,open_container_falling_pile,1,solver_iterations=2; substeps=3; solver_type=iterative; stabilization=on; synchronize_collision_world=on; sleep=not_applicable; worker_count=0,unity_player,1,0,,,0,yes,,,,,,,,,,,300,9073.047400000,,,,,results/box-container-pile-10k/intel-core-i7-13700k/2026-10-05_0700_ddr5-4800_threads-1-2-3-4-5-6-8-10-12-14-16-24_r5/raw/unity_physics/t1/unity_physics_t1_raw.csv
2026-10-05_0700_ddr5-4800_threads-1-2-3-4-5-6-8-10-12-14-16-24_r5,unity_physics,unity-6000.5.2f1-com.unity.physics-6.5.0,windows,unity_player,box_container_pile_10k,headless_api,1,step,300,30,3,10005,10005,0,0,median_ms_per_step,29.503412667,ms,lower_is_better,29.503412667,33.894384060,0,ok,ok,engine_runner_cli,work_unit_wall_sum_inline,1,open_container_falling_pile,1,solver_iterations=2; substeps=3; solver_type=iterative; stabilization=on; synchronize_collision_world=on; sleep=not_applicable; worker_count=0,unity_player,1,0,,,0,yes,,,,,,,,,,,300,8851.023800000,,,,,results/box-container-pile-10k/intel-core-i7-13700k/2026-10-05_0700_ddr5-4800_threads-1-2-3-4-5-6-8-10-12-14-16-24_r5/raw/unity_physics/t1/unity_physics_t1_raw.csv
2026-10-05_0700_ddr5-4800_threads-1-2-3-4-5-6-8-10-12-14-16-24_r5,unity_physics,unity-6000.5.2f1-com.unity.physics-6.5.0,windows,unity_player,box_container_pile_10k,headless_api,1,step,300,30,4,10005,10005,0,0,median_ms_per_step,32.084271333,ms,lower_is_better,32.084271333,31.167919932,0,ok,ok,engine_runner_cli,work_unit_wall_sum_inline,1,open_container_falling_pile,1,solver_iterations=2; substeps=3; solver_type=iterative; stabilization=on; synchronize_collision_world=on; sleep=not_applicable; worker_count=0,unity_player,1,0,,,0,yes,,,,,,,,,,,300,9625.281400000,,,,,results/box-container-pile-10k/intel-core-i7-13700k/2026-10-05_0700_ddr5-4800_threads-1-2-3-4-5-6-8-10-12-14-16-24_r5/raw/unity_physics/t1/unity_physics_t1_raw.csv
2026-10-05_0700_ddr5-4800_threads-1-2-3-4-5-6-8-10-12-14-16-24_r5,unity_physics,unity-6000.5.2f1-com.unity.physics-6.5.0,windows,unity_player,box_container_pile_10k,headless_api,2,step,300,30,0,10005,10005,0,0,median_ms_per_step,15.868192333,ms,lower_is_better,15.868192333,63.019150448,0,ok,ok,engine_runner_cli,work_unit_wall_sum_inline,2,open_container_falling_pile,1,solver_iterations=2; substeps=3; solver_type=iterative; stabilization=on; synchronize_collision_world=on; sleep=not_applicable; worker_count=1,unity_player,2,1,,,1,yes,,,,,,,,,,,300,4760.457700000,,,,,results/box-container-pile-10k/intel-core-i7-13700k/2026-10-05_0700_ddr5-4800_threads-1-2-3-4-5-6-8-10-12-14-16-24_r5/raw/unity_physics/t2/unity_physics_t2_raw.csv
2026-10-05_0700_ddr5-4800_threads-1-2-3-4-5-6-8-10-12-14-16-24_r5,unity_physics,unity-6000.5.2f1-com.unity.physics-6.5.0,windows,unity_player,box_container_pile_10k,headless_api,2,step,300,30,1,10005,10005,0,0,median_ms_per_step,16.073182333,ms,lower_is_better,16.073182333,62.215433090,0,ok,ok,engine_runner_cli,work_unit_wall_sum_inline,2,open_container_falling_pile,1,solver_iterations=2; substeps=3; solver_type=iterative; stabilization=on; synchronize_collision_world=on; sleep=not_applicable; worker_count=1,unity_player,2,1,,,1,yes,,,,,,,,,,,300,4821.954700000,,,,,results/box-container-pile-10k/intel-core-i7-13700k/2026-10-05_0700_ddr5-4800_threads-1-2-3-4-5-6-8-10-12-14-16-24_r5/raw/unity_physics/t2/unity_physics_t2_raw.csv
2026-10-05_0700_ddr5-4800_threads-1-2-3-4-5-6-8-10-12-14-16-24_r5,unity_physics,unity-6000.5.2f1-com.unity.physics-6.5.0,windows,unity_player,box_container_pile_10k,headless_api,2,step,300,30,2,10005,10005,0,0,median_ms_per_step,15.926744333,ms,lower_is_better,15.926744333,62.787471128,0,ok,ok,engine_runner_cli,work_unit_wall_sum_inline,2,open_container_falling_pile,1,solver_iterations=2; substeps=3; solver_type=iterative; stabilization=on; synchronize_collision_world=on; sleep=not_applicable; worker_count=1,unity_player,2,1,,,1,yes,,,,,,,,,,,300,4778.023300000,,,,,results/box-container-pile-10k/intel-core-i7-13700k/2026-10-05_0700_ddr5-4800_threads-1-2-3-4-5-6-8-10-12-14-16-24_r5/raw/unity_physics/t2/unity_physics_t2_raw.csv
2026-10-05_0700_ddr5-4800_threads-1-2-3-4-5-6-8-10-12-14-16-24_r5,unity_physics,unity-6000.5.2f1-com.unity.physics-6.5.0,windows,unity_player,box_container_pile_10k,headless_api,2,step,300,30,3,10005,10005,0,0,median_ms_per_step,16.149967000,ms,lower_is_better,16.149967000,61.919631167,0,ok,ok,engine_runner_cli,work_unit_wall_sum_inline,2,open_container_falling_pile,1,solver_iterations=2; substeps=3; solver_type=iterative; stabilization=on; synchronize_collision_world=on; sleep=not_applicable; worker_count=1,unity_player,2,1,,,1,yes,,,,,,,,,,,300,4844.990100000,,,,,results/box-container-pile-10k/intel-core-i7-13700k/2026-10-05_0700_ddr5-4800_threads-1-2-3-4-5-6-8-10-12-14-16-24_r5/raw/unity_physics/t2/unity_physics_t2_raw.csv
2026-10-05_0700_ddr5-4800_threads-1-2-3-4-5-6-8-10-12-14-16-24_r5,unity_physics,unity-6000.5.2f1-com.unity.physics-6.5.0,windows,unity_player,box_container_pile_10k,headless_api,2,step,300,30,4,10005,10005,0,0,median_ms_per_step,16.103271667,ms,lower_is_better,16.103271667,62.099182123,0,ok,ok,engine_runner_cli,work_unit_wall_sum_inline,2,open_container_falling_pile,1,solver_iterations=2; substeps=3; solver_type=iterative; stabilization=on; synchronize_collision_world=on; sleep=not_applicable; worker_count=1,unity_player,2,1,,,1,yes,,,,,,,,,,,300,4830.981500000,,,,,results/box-container-pile-10k/intel-core-i7-13700k/2026-10-05_0700_ddr5-4800_threads-1-2-3-4-5-6-8-10-12-14-16-24_r5/raw/unity_physics/t2/unity_physics_t2_raw.csv
2026-10-05_0700_ddr5-4800_threads-1-2-3-4-5-6-8-10-12-14-16-24_r5,unity_physics,unity-6000.5.2f1-com.unity.physics-6.5.0,windows,unity_player,box_container_pile_10k,headless_api,3,step,300,30,0,10005,10005,0,0,median_ms_per_step,11.630746333,ms,lower_is_better,11.630746333,85.979005245,0,ok,ok,engine_runner_cli,work_unit_wall_sum_inline,3,open_container_falling_pile,1,solver_iterations=2; substeps=3; solver_type=iterative; stabilization=on; synchronize_collision_world=on; sleep=not_applicable; worker_count=2,unity_player,3,2,,,2,yes,,,,,,,,,,,300,3489.223900000,,,,,results/box-container-pile-10k/intel-core-i7-13700k/2026-10-05_0700_ddr5-4800_threads-1-2-3-4-5-6-8-10-12-14-16-24_r5/raw/unity_physics/t3/unity_physics_t3_raw.csv
2026-10-05_0700_ddr5-4800_threads-1-2-3-4-5-6-8-10-12-14-16-24_r5,unity_physics,unity-6000.5.2f1-com.unity.physics-6.5.0,windows,unity_player,box_container_pile_10k,headless_api,3,step,300,30,1,10005,10005,0,0,median_ms_per_step,11.363414333,ms,lower_is_better,11.363414333,88.001719436,0,ok,ok,engine_runner_cli,work_unit_wall_sum_inline,3,open_container_falling_pile,1,solver_iterations=2; substeps=3; solver_type=iterative; stabilization=on; synchronize_collision_world=on; sleep=not_applicable; worker_count=2,unity_player,3,2,,,2,yes,,,,,,,,,,,300,3409.024300000,,,,,results/box-container-pile-10k/intel-core-i7-13700k/2026-10-05_0700_ddr5-4800_threads-1-2-3-4-5-6-8-10-12-14-16-24_r5/raw/unity_physics/t3/unity_physics_t3_raw.csv
2026-10-05_0700_ddr5-4800_threads-1-2-3-4-5-6-8-10-12-14-16-24_r5,unity_physics,unity-6000.5.2f1-com.unity.physics-6.5.0,windows,unity_player,box_container_pile_10k,headless_api,3,step,300,30,2,10005,10005,0,0,median_ms_per_step,11.307257667,ms,lower_is_better,11.307257667,88.438773528,0,ok,ok,engine_runner_cli,work_unit_wall_sum_inline,3,open_container_falling_pile,1,solver_iterations=2; substeps=3; solver_type=iterative; stabilization=on; synchronize_collision_world=on; sleep=not_applicable; worker_count=2,unity_player,3,2,,,2,yes,,,,,,,,,,,300,3392.177300000,,,,,results/box-container-pile-10k/intel-core-i7-13700k/2026-10-05_0700_ddr5-4800_threads-1-2-3-4-5-6-8-10-12-14-16-24_r5/raw/unity_physics/t3/unity_physics_t3_raw.csv
2026-10-05_0700_ddr5-4800_threads-1-2-3-4-5-6-8-10-12-14-16-24_r5,unity_physics,unity-6000.5.2f1-com.unity.physics-6.5.0,windows,unity_player,box_container_pile_10k,headless_api,3,step,300,30,3,10005,10005,0,0,median_ms_per_step,11.454240667,ms,lower_is_better,11.454240667,87.303910325,0,ok,ok,engine_runner_cli,work_unit_wall_sum_inline,3,open_container_falling_pile,1,solver_iterations=2; substeps=3; solver_type=iterative; stabilization=on; synchronize_collision_world=on; sleep=not_applicable; worker_count=2,unity_player,3,2,,,2,yes,,,,,,,,,,,300,3436.272200000,,,,,results/box-container-pile-10k/intel-core-i7-13700k/2026-10-05_0700_ddr5-4800_threads-1-2-3-4-5-6-8-10-12-14-16-24_r5/raw/unity_physics/t3/unity_physics_t3_raw.csv
2026-10-05_0700_ddr5-4800_threads-1-2-3-4-5-6-8-10-12-14-16-24_r5,unity_physics,unity-6000.5.2f1-com.unity.physics-6.5.0,windows,unity_player,box_container_pile_10k,headless_api,3,step,300,30,4,10005,10005,0,0,median_ms_per_step,11.484128333,ms,lower_is_better,11.484128333,87.076700205,0,ok,ok,engine_runner_cli,work_unit_wall_sum_inline,3,open_container_falling_pile,1,solver_iterations=2; substeps=3; solver_type=iterative; stabilization=on; synchronize_collision_world=on; sleep=not_applicable; worker_count=2,unity_player,3,2,,,2,yes,,,,,,,,,,,300,3445.238500000,,,,,results/box-container-pile-10k/intel-core-i7-13700k/2026-10-05_0700_ddr5-4800_threads-1-2-3-4-5-6-8-10-12-14-16-24_r5/raw/unity_physics/t3/unity_physics_t3_raw.csv
2026-10-05_0700_ddr5-4800_threads-1-2-3-4-5-6-8-10-12-14-16-24_r5,unity_physics,unity-6000.5.2f1-com.unity.physics-6.5.0,windows,unity_player,box_container_pile_10k,headless_api,4,step,300,30,0,10005,10005,0,0,median_ms_per_step,8.943179667,ms,lower_is_better,8.943179667,111.817053584,0,ok,ok,engine_runner_cli,work_unit_wall_sum_inline,4,open_container_falling_pile,1,solver_iterations=2; substeps=3; solver_type=iterative; stabilization=on; synchronize_collision_world=on; sleep=not_applicable; worker_count=3,unity_player,4,3,,,3,yes,,,,,,,,,,,300,2682.953900000,,,,,results/box-container-pile-10k/intel-core-i7-13700k/2026-10-05_0700_ddr5-4800_threads-1-2-3-4-5-6-8-10-12-14-16-24_r5/raw/unity_physics/t4/unity_physics_t4_raw.csv
2026-10-05_0700_ddr5-4800_threads-1-2-3-4-5-6-8-10-12-14-16-24_r5,unity_physics,unity-6000.5.2f1-com.unity.physics-6.5.0,windows,unity_player,box_container_pile_10k,headless_api,4,step,300,30,1,10005,10005,0,0,median_ms_per_step,8.918262667,ms,lower_is_better,8.918262667,112.129462584,0,ok,ok,engine_runner_cli,work_unit_wall_sum_inline,4,open_container_falling_pile,1,solver_iterations=2; substeps=3; solver_type=iterative; stabilization=on; synchronize_collision_world=on; sleep=not_applicable; worker_count=3,unity_player,4,3,,,3,yes,,,,,,,,,,,300,2675.478800000,,,,,results/box-container-pile-10k/intel-core-i7-13700k/2026-10-05_0700_ddr5-4800_threads-1-2-3-4-5-6-8-10-12-14-16-24_r5/raw/unity_physics/t4/unity_physics_t4_raw.csv
2026-10-05_0700_ddr5-4800_threads-1-2-3-4-5-6-8-10-12-14-16-24_r5,unity_physics,unity-6000.5.2f1-com.unity.physics-6.5.0,windows,unity_player,box_container_pile_10k,headless_api,4,step,300,30,2,10005,10005,0,0,median_ms_per_step,8.909033000,ms,lower_is_better,8.909033000,112.245627556,0,ok,ok,engine_runner_cli,work_unit_wall_sum_inline,4,open_container_falling_pile,1,solver_iterations=2; substeps=3; solver_type=iterative; stabilization=on; synchronize_collision_world=on; sleep=not_applicable; worker_count=3,unity_player,4,3,,,3,yes,,,,,,,,,,,300,2672.709900000,,,,,results/box-container-pile-10k/intel-core-i7-13700k/2026-10-05_0700_ddr5-4800_threads-1-2-3-4-5-6-8-10-12-14-16-24_r5/raw/unity_physics/t4/unity_physics_t4_raw.csv
2026-10-05_0700_ddr5-4800_threads-1-2-3-4-5-6-8-10-12-14-16-24_r5,unity_physics,unity-6000.5.2f1-com.unity.physics-6.5.0,windows,unity_player,box_container_pile_10k,headless_api,4,step,300,30,3,10005,10005,0,0,median_ms_per_step,8.931481667,ms,lower_is_better,8.931481667,111.963505868,0,ok,ok,engine_runner_cli,work_unit_wall_sum_inline,4,open_container_falling_pile,1,solver_iterations=2; substeps=3; solver_type=iterative; stabilization=on; synchronize_collision_world=on; sleep=not_applicable; worker_count=3,unity_player,4,3,,,3,yes,,,,,,,,,,,300,2679.444500000,,,,,results/box-container-pile-10k/intel-core-i7-13700k/2026-10-05_0700_ddr5-4800_threads-1-2-3-4-5-6-8-10-12-14-16-24_r5/raw/unity_physics/t4/unity_physics_t4_raw.csv
2026-10-05_0700_ddr5-4800_threads-1-2-3-4-5-6-8-10-12-14-16-24_r5,unity_physics,unity-6000.5.2f1-com.unity.physics-6.5.0,windows,unity_player,box_container_pile_10k,headless_api,4,step,300,30,4,10005,10005,0,0,median_ms_per_step,9.026386667,ms,lower_is_better,9.026386667,110.786302086,0,ok,ok,engine_runner_cli,work_unit_wall_sum_inline,4,open_container_falling_pile,1,solver_iterations=2; substeps=3; solver_type=iterative; stabilization=on; synchronize_collision_world=on; sleep=not_applicable; worker_count=3,unity_player,4,3,,,3,yes,,,,,,,,,,,300,2707.916000000,,,,,results/box-container-pile-10k/intel-core-i7-13700k/2026-10-05_0700_ddr5-4800_threads-1-2-3-4-5-6-8-10-12-14-16-24_r5/raw/unity_physics/t4/unity_physics_t4_raw.csv
2026-10-05_0700_ddr5-4800_threads-1-2-3-4-5-6-8-10-12-14-16-24_r5,unity_physics,unity-6000.5.2f1-com.unity.physics-6.5.0,windows,unity_player,box_container_pile_10k,headless_api,5,step,300,30,0,10005,10005,0,0,median_ms_per_step,7.312354333,ms,lower_is_better,7.312354333,136.754860940,0,ok,ok,engine_runner_cli,work_unit_wall_sum_inline,5,open_container_falling_pile,1,solver_iterations=2; substeps=3; solver_type=iterative; stabilization=on; synchronize_collision_world=on; sleep=not_applicable; worker_count=4,unity_player,5,4,,,4,yes,,,,,,,,,,,300,2193.706300000,,,,,results/box-container-pile-10k/intel-core-i7-13700k/2026-10-05_0700_ddr5-4800_threads-1-2-3-4-5-6-8-10-12-14-16-24_r5/raw/unity_physics/t5/unity_physics_t5_raw.csv
2026-10-05_0700_ddr5-4800_threads-1-2-3-4-5-6-8-10-12-14-16-24_r5,unity_physics,unity-6000.5.2f1-com.unity.physics-6.5.0,windows,unity_player,box_container_pile_10k,headless_api,5,step,300,30,1,10005,10005,0,0,median_ms_per_step,7.278646333,ms,lower_is_better,7.278646333,137.388183764,0,ok,ok,engine_runner_cli,work_unit_wall_sum_inline,5,open_container_falling_pile,1,solver_iterations=2; substeps=3; solver_type=iterative; stabilization=on; synchronize_collision_world=on; sleep=not_applicable; worker_count=4,unity_player,5,4,,,4,yes,,,,,,,,,,,300,2183.593900000,,,,,results/box-container-pile-10k/intel-core-i7-13700k/2026-10-05_0700_ddr5-4800_threads-1-2-3-4-5-6-8-10-12-14-16-24_r5/raw/unity_physics/t5/unity_physics_t5_raw.csv
2026-10-05_0700_ddr5-4800_threads-1-2-3-4-5-6-8-10-12-14-16-24_r5,unity_physics,unity-6000.5.2f1-com.unity.physics-6.5.0,windows,unity_player,box_container_pile_10k,headless_api,5,step,300,30,2,10005,10005,0,0,median_ms_per_step,7.444161333,ms,lower_is_better,7.444161333,134.333466891,0,ok,ok,engine_runner_cli,work_unit_wall_sum_inline,5,open_container_falling_pile,1,solver_iterations=2; substeps=3; solver_type=iterative; stabilization=on; synchronize_collision_world=on; sleep=not_applicable; worker_count=4,unity_player,5,4,,,4,yes,,,,,,,,,,,300,2233.248400000,,,,,results/box-container-pile-10k/intel-core-i7-13700k/2026-10-05_0700_ddr5-4800_threads-1-2-3-4-5-6-8-10-12-14-16-24_r5/raw/unity_physics/t5/unity_physics_t5_raw.csv
2026-10-05_0700_ddr5-4800_threads-1-2-3-4-5-6-8-10-12-14-16-24_r5,unity_physics,unity-6000.5.2f1-com.unity.physics-6.5.0,windows,unity_player,box_container_pile_10k,headless_api,5,step,300,30,3,10005,10005,0,0,median_ms_per_step,7.368871000,ms,lower_is_better,7.368871000,135.705998924,0,ok,ok,engine_runner_cli,work_unit_wall_sum_inline,5,open_container_falling_pile,1,solver_iterations=2; substeps=3; solver_type=iterative; stabilization=on; synchronize_collision_world=on; sleep=not_applicable; worker_count=4,unity_player,5,4,,,4,yes,,,,,,,,,,,300,2210.661300000,,,,,results/box-container-pile-10k/intel-core-i7-13700k/2026-10-05_0700_ddr5-4800_threads-1-2-3-4-5-6-8-10-12-14-16-24_r5/raw/unity_physics/t5/unity_physics_t5_raw.csv
2026-10-05_0700_ddr5-4800_threads-1-2-3-4-5-6-8-10-12-14-16-24_r5,unity_physics,unity-6000.5.2f1-com.unity.physics-6.5.0,windows,unity_player,box_container_pile_10k,headless_api,5,step,300,30,4,10005,10005,0,0,median_ms_per_step,7.358426667,ms,lower_is_better,7.358426667,135.898616008,0,ok,ok,engine_runner_cli,work_unit_wall_sum_inline,5,open_container_falling_pile,1,solver_iterations=2; substeps=3; solver_type=iterative; stabilization=on; synchronize_collision_world=on; sleep=not_applicable; worker_count=4,unity_player,5,4,,,4,yes,,,,,,,,,,,300,2207.528000000,,,,,results/box-container-pile-10k/intel-core-i7-13700k/2026-10-05_0700_ddr5-4800_threads-1-2-3-4-5-6-8-10-12-14-16-24_r5/raw/unity_physics/t5/unity_physics_t5_raw.csv
2026-10-05_0700_ddr5-4800_threads-1-2-3-4-5-6-8-10-12-14-16-24_r5,unity_physics,unity-6000.5.2f1-com.unity.physics-6.5.0,windows,unity_player,box_container_pile_10k,headless_api,6,step,300,30,0,10005,10005,0,0,median_ms_per_step,6.359550667,ms,lower_is_better,6.359550667,157.243813661,0,ok,ok,engine_runner_cli,work_unit_wall_sum_inline,6,open_container_falling_pile,1,solver_iterations=2; substeps=3; solver_type=iterative; stabilization=on; synchronize_collision_world=on; sleep=not_applicable; worker_count=5,unity_player,6,5,,,5,yes,,,,,,,,,,,300,1907.865200000,,,,,results/box-container-pile-10k/intel-core-i7-13700k/2026-10-05_0700_ddr5-4800_threads-1-2-3-4-5-6-8-10-12-14-16-24_r5/raw/unity_physics/t6/unity_physics_t6_raw.csv
2026-10-05_0700_ddr5-4800_threads-1-2-3-4-5-6-8-10-12-14-16-24_r5,unity_physics,unity-6000.5.2f1-com.unity.physics-6.5.0,windows,unity_player,box_container_pile_10k,headless_api,6,step,300,30,1,10005,10005,0,0,median_ms_per_step,6.360770667,ms,lower_is_better,6.360770667,157.213654195,0,ok,ok,engine_runner_cli,work_unit_wall_sum_inline,6,open_container_falling_pile,1,solver_iterations=2; substeps=3; solver_type=iterative; stabilization=on; synchronize_collision_world=on; sleep=not_applicable; worker_count=5,unity_player,6,5,,,5,yes,,,,,,,,,,,300,1908.231200000,,,,,results/box-container-pile-10k/intel-core-i7-13700k/2026-10-05_0700_ddr5-4800_threads-1-2-3-4-5-6-8-10-12-14-16-24_r5/raw/unity_physics/t6/unity_physics_t6_raw.csv
2026-10-05_0700_ddr5-4800_threads-1-2-3-4-5-6-8-10-12-14-16-24_r5,unity_physics,unity-6000.5.2f1-com.unity.physics-6.5.0,windows,unity_player,box_container_pile_10k,headless_api,6,step,300,30,2,10005,10005,0,0,median_ms_per_step,6.403487000,ms,lower_is_better,6.403487000,156.164914522,0,ok,ok,engine_runner_cli,work_unit_wall_sum_inline,6,open_container_falling_pile,1,solver_iterations=2; substeps=3; solver_type=iterative; stabilization=on; synchronize_collision_world=on; sleep=not_applicable; worker_count=5,unity_player,6,5,,,5,yes,,,,,,,,,,,300,1921.046100000,,,,,results/box-container-pile-10k/intel-core-i7-13700k/2026-10-05_0700_ddr5-4800_threads-1-2-3-4-5-6-8-10-12-14-16-24_r5/raw/unity_physics/t6/unity_physics_t6_raw.csv
2026-10-05_0700_ddr5-4800_threads-1-2-3-4-5-6-8-10-12-14-16-24_r5,unity_physics,unity-6000.5.2f1-com.unity.physics-6.5.0,windows,unity_player,box_container_pile_10k,headless_api,6,step,300,30,3,10005,10005,0,0,median_ms_per_step,6.384118000,ms,lower_is_better,6.384118000,156.638708746,0,ok,ok,engine_runner_cli,work_unit_wall_sum_inline,6,open_container_falling_pile,1,solver_iterations=2; substeps=3; solver_type=iterative; stabilization=on; synchronize_collision_world=on; sleep=not_applicable; worker_count=5,unity_player,6,5,,,5,yes,,,,,,,,,,,300,1915.235400000,,,,,results/box-container-pile-10k/intel-core-i7-13700k/2026-10-05_0700_ddr5-4800_threads-1-2-3-4-5-6-8-10-12-14-16-24_r5/raw/unity_physics/t6/unity_physics_t6_raw.csv
2026-10-05_0700_ddr5-4800_threads-1-2-3-4-5-6-8-10-12-14-16-24_r5,unity_physics,unity-6000.5.2f1-com.unity.physics-6.5.0,windows,unity_player,box_container_pile_10k,headless_api,6,step,300,30,4,10005,10005,0,0,median_ms_per_step,6.348999000,ms,lower_is_better,6.348999000,157.505143724,0,ok,ok,engine_runner_cli,work_unit_wall_sum_inline,6,open_container_falling_pile,1,solver_iterations=2; substeps=3; solver_type=iterative; stabilization=on; synchronize_collision_world=on; sleep=not_applicable; worker_count=5,unity_player,6,5,,,5,yes,,,,,,,,,,,300,1904.699700000,,,,,results/box-container-pile-10k/intel-core-i7-13700k/2026-10-05_0700_ddr5-4800_threads-1-2-3-4-5-6-8-10-12-14-16-24_r5/raw/unity_physics/t6/unity_physics_t6_raw.csv
2026-10-05_0700_ddr5-4800_threads-1-2-3-4-5-6-8-10-12-14-16-24_r5,unity_physics,unity-6000.5.2f1-com.unity.physics-6.5.0,windows,unity_player,box_container_pile_10k,headless_api,8,step,300,30,0,10005,10005,0,0,median_ms_per_step,5.129183333,ms,lower_is_better,5.129183333,194.962810844,0,ok,ok,engine_runner_cli,work_unit_wall_sum_inline,8,open_container_falling_pile,1,solver_iterations=2; substeps=3; solver_type=iterative; stabilization=on; synchronize_collision_world=on; sleep=not_applicable; worker_count=7,unity_player,8,7,,,7,yes,,,,,,,,,,,300,1538.755000000,,,,,results/box-container-pile-10k/intel-core-i7-13700k/2026-10-05_0700_ddr5-4800_threads-1-2-3-4-5-6-8-10-12-14-16-24_r5/raw/unity_physics/t8/unity_physics_t8_raw.csv
2026-10-05_0700_ddr5-4800_threads-1-2-3-4-5-6-8-10-12-14-16-24_r5,unity_physics,unity-6000.5.2f1-com.unity.physics-6.5.0,windows,unity_player,box_container_pile_10k,headless_api,8,step,300,30,1,10005,10005,0,0,median_ms_per_step,5.142222333,ms,lower_is_better,5.142222333,194.468448693,0,ok,ok,engine_runner_cli,work_unit_wall_sum_inline,8,open_container_falling_pile,1,solver_iterations=2; substeps=3; solver_type=iterative; stabilization=on; synchronize_collision_world=on; sleep=not_applicable; worker_count=7,unity_player,8,7,,,7,yes,,,,,,,,,,,300,1542.666700000,,,,,results/box-container-pile-10k/intel-core-i7-13700k/2026-10-05_0700_ddr5-4800_threads-1-2-3-4-5-6-8-10-12-14-16-24_r5/raw/unity_physics/t8/unity_physics_t8_raw.csv
2026-10-05_0700_ddr5-4800_threads-1-2-3-4-5-6-8-10-12-14-16-24_r5,unity_physics,unity-6000.5.2f1-com.unity.physics-6.5.0,windows,unity_player,box_container_pile_10k,headless_api,8,step,300,30,2,10005,10005,0,0,median_ms_per_step,5.182625667,ms,lower_is_better,5.182625667,192.952388291,0,ok,ok,engine_runner_cli,work_unit_wall_sum_inline,8,open_container_falling_pile,1,solver_iterations=2; substeps=3; solver_type=iterative; stabilization=on; synchronize_collision_world=on; sleep=not_applicable; worker_count=7,unity_player,8,7,,,7,yes,,,,,,,,,,,300,1554.787700000,,,,,results/box-container-pile-10k/intel-core-i7-13700k/2026-10-05_0700_ddr5-4800_threads-1-2-3-4-5-6-8-10-12-14-16-24_r5/raw/unity_physics/t8/unity_physics_t8_raw.csv
2026-10-05_0700_ddr5-4800_threads-1-2-3-4-5-6-8-10-12-14-16-24_r5,unity_physics,unity-6000.5.2f1-com.unity.physics-6.5.0,windows,unity_player,box_container_pile_10k,headless_api,8,step,300,30,3,10005,10005,0,0,median_ms_per_step,5.136307000,ms,lower_is_better,5.136307000,194.692412272,0,ok,ok,engine_runner_cli,work_unit_wall_sum_inline,8,open_container_falling_pile,1,solver_iterations=2; substeps=3; solver_type=iterative; stabilization=on; synchronize_collision_world=on; sleep=not_applicable; worker_count=7,unity_player,8,7,,,7,yes,,,,,,,,,,,300,1540.892100000,,,,,results/box-container-pile-10k/intel-core-i7-13700k/2026-10-05_0700_ddr5-4800_threads-1-2-3-4-5-6-8-10-12-14-16-24_r5/raw/unity_physics/t8/unity_physics_t8_raw.csv
2026-10-05_0700_ddr5-4800_threads-1-2-3-4-5-6-8-10-12-14-16-24_r5,unity_physics,unity-6000.5.2f1-com.unity.physics-6.5.0,windows,unity_player,box_container_pile_10k,headless_api,8,step,300,30,4,10005,10005,0,0,median_ms_per_step,5.136969000,ms,lower_is_better,5.136969000,194.667322306,0,ok,ok,engine_runner_cli,work_unit_wall_sum_inline,8,open_container_falling_pile,1,solver_iterations=2; substeps=3; solver_type=iterative; stabilization=on; synchronize_collision_world=on; sleep=not_applicable; worker_count=7,unity_player,8,7,,,7,yes,,,,,,,,,,,300,1541.090700000,,,,,results/box-container-pile-10k/intel-core-i7-13700k/2026-10-05_0700_ddr5-4800_threads-1-2-3-4-5-6-8-10-12-14-16-24_r5/raw/unity_physics/t8/unity_physics_t8_raw.csv
2026-10-05_0700_ddr5-4800_threads-1-2-3-4-5-6-8-10-12-14-16-24_r5,unity_physics,unity-6000.5.2f1-com.unity.physics-6.5.0,windows,unity_player,box_container_pile_10k,headless_api,10,step,300,30,0,10005,10005,0,0,median_ms_per_step,4.830627333,ms,lower_is_better,4.830627333,207.012450143,0,ok,ok,engine_runner_cli,work_unit_wall_sum_inline,10,open_container_falling_pile,1,solver_iterations=2; substeps=3; solver_type=iterative; stabilization=on; synchronize_collision_world=on; sleep=not_applicable; worker_count=9,unity_player,10,9,,,9,yes,,,,,,,,,,,300,1449.188200000,,,,,results/box-container-pile-10k/intel-core-i7-13700k/2026-10-05_0700_ddr5-4800_threads-1-2-3-4-5-6-8-10-12-14-16-24_r5/raw/unity_physics/t10/unity_physics_t10_raw.csv
2026-10-05_0700_ddr5-4800_threads-1-2-3-4-5-6-8-10-12-14-16-24_r5,unity_physics,unity-6000.5.2f1-com.unity.physics-6.5.0,windows,unity_player,box_container_pile_10k,headless_api,10,step,300,30,1,10005,10005,0,0,median_ms_per_step,4.854999000,ms,lower_is_better,4.854999000,205.973265906,0,ok,ok,engine_runner_cli,work_unit_wall_sum_inline,10,open_container_falling_pile,1,solver_iterations=2; substeps=3; solver_type=iterative; stabilization=on; synchronize_collision_world=on; sleep=not_applicable; worker_count=9,unity_player,10,9,,,9,yes,,,,,,,,,,,300,1456.499700000,,,,,results/box-container-pile-10k/intel-core-i7-13700k/2026-10-05_0700_ddr5-4800_threads-1-2-3-4-5-6-8-10-12-14-16-24_r5/raw/unity_physics/t10/unity_physics_t10_raw.csv
2026-10-05_0700_ddr5-4800_threads-1-2-3-4-5-6-8-10-12-14-16-24_r5,unity_physics,unity-6000.5.2f1-com.unity.physics-6.5.0,windows,unity_player,box_container_pile_10k,headless_api,10,step,300,30,2,10005,10005,0,0,median_ms_per_step,4.902632000,ms,lower_is_better,4.902632000,203.972070512,0,ok,ok,engine_runner_cli,work_unit_wall_sum_inline,10,open_container_falling_pile,1,solver_iterations=2; substeps=3; solver_type=iterative; stabilization=on; synchronize_collision_world=on; sleep=not_applicable; worker_count=9,unity_player,10,9,,,9,yes,,,,,,,,,,,300,1470.789600000,,,,,results/box-container-pile-10k/intel-core-i7-13700k/2026-10-05_0700_ddr5-4800_threads-1-2-3-4-5-6-8-10-12-14-16-24_r5/raw/unity_physics/t10/unity_physics_t10_raw.csv
2026-10-05_0700_ddr5-4800_threads-1-2-3-4-5-6-8-10-12-14-16-24_r5,unity_physics,unity-6000.5.2f1-com.unity.physics-6.5.0,windows,unity_player,box_container_pile_10k,headless_api,10,step,300,30,3,10005,10005,0,0,median_ms_per_step,4.822775333,ms,lower_is_better,4.822775333,207.349488807,0,ok,ok,engine_runner_cli,work_unit_wall_sum_inline,10,open_container_falling_pile,1,solver_iterations=2; substeps=3; solver_type=iterative; stabilization=on; synchronize_collision_world=on; sleep=not_applicable; worker_count=9,unity_player,10,9,,,9,yes,,,,,,,,,,,300,1446.832600000,,,,,results/box-container-pile-10k/intel-core-i7-13700k/2026-10-05_0700_ddr5-4800_threads-1-2-3-4-5-6-8-10-12-14-16-24_r5/raw/unity_physics/t10/unity_physics_t10_raw.csv
2026-10-05_0700_ddr5-4800_threads-1-2-3-4-5-6-8-10-12-14-16-24_r5,unity_physics,unity-6000.5.2f1-com.unity.physics-6.5.0,windows,unity_player,box_container_pile_10k,headless_api,10,step,300,30,4,10005,10005,0,0,median_ms_per_step,4.918412333,ms,lower_is_better,4.918412333,203.317642407,0,ok,ok,engine_runner_cli,work_unit_wall_sum_inline,10,open_container_falling_pile,1,solver_iterations=2; substeps=3; solver_type=iterative; stabilization=on; synchronize_collision_world=on; sleep=not_applicable; worker_count=9,unity_player,10,9,,,9,yes,,,,,,,,,,,300,1475.523700000,,,,,results/box-container-pile-10k/intel-core-i7-13700k/2026-10-05_0700_ddr5-4800_threads-1-2-3-4-5-6-8-10-12-14-16-24_r5/raw/unity_physics/t10/unity_physics_t10_raw.csv
2026-10-05_0700_ddr5-4800_threads-1-2-3-4-5-6-8-10-12-14-16-24_r5,unity_physics,unity-6000.5.2f1-com.unity.physics-6.5.0,windows,unity_player,box_container_pile_10k,headless_api,12,step,300,30,0,10005,10005,0,0,median_ms_per_step,4.650514000,ms,lower_is_better,4.650514000,215.029994534,0,ok,ok,engine_runner_cli,work_unit_wall_sum_inline,12,open_container_falling_pile,1,solver_iterations=2; substeps=3; solver_type=iterative; stabilization=on; synchronize_collision_world=on; sleep=not_applicable; worker_count=11,unity_player,12,11,,,11,yes,,,,,,,,,,,300,1395.154200000,,,,,results/box-container-pile-10k/intel-core-i7-13700k/2026-10-05_0700_ddr5-4800_threads-1-2-3-4-5-6-8-10-12-14-16-24_r5/raw/unity_physics/t12/unity_physics_t12_raw.csv
2026-10-05_0700_ddr5-4800_threads-1-2-3-4-5-6-8-10-12-14-16-24_r5,unity_physics,unity-6000.5.2f1-com.unity.physics-6.5.0,windows,unity_player,box_container_pile_10k,headless_api,12,step,300,30,1,10005,10005,0,0,median_ms_per_step,4.663738333,ms,lower_is_better,4.663738333,214.420263001,0,ok,ok,engine_runner_cli,work_unit_wall_sum_inline,12,open_container_falling_pile,1,solver_iterations=2; substeps=3; solver_type=iterative; stabilization=on; synchronize_collision_world=on; sleep=not_applicable; worker_count=11,unity_player,12,11,,,11,yes,,,,,,,,,,,300,1399.121500000,,,,,results/box-container-pile-10k/intel-core-i7-13700k/2026-10-05_0700_ddr5-4800_threads-1-2-3-4-5-6-8-10-12-14-16-24_r5/raw/unity_physics/t12/unity_physics_t12_raw.csv
2026-10-05_0700_ddr5-4800_threads-1-2-3-4-5-6-8-10-12-14-16-24_r5,unity_physics,unity-6000.5.2f1-com.unity.physics-6.5.0,windows,unity_player,box_container_pile_10k,headless_api,12,step,300,30,2,10005,10005,0,0,median_ms_per_step,4.656446333,ms,lower_is_better,4.656446333,214.756045365,0,ok,ok,engine_runner_cli,work_unit_wall_sum_inline,12,open_container_falling_pile,1,solver_iterations=2; substeps=3; solver_type=iterative; stabilization=on; synchronize_collision_world=on; sleep=not_applicable; worker_count=11,unity_player,12,11,,,11,yes,,,,,,,,,,,300,1396.933900000,,,,,results/box-container-pile-10k/intel-core-i7-13700k/2026-10-05_0700_ddr5-4800_threads-1-2-3-4-5-6-8-10-12-14-16-24_r5/raw/unity_physics/t12/unity_physics_t12_raw.csv
2026-10-05_0700_ddr5-4800_threads-1-2-3-4-5-6-8-10-12-14-16-24_r5,unity_physics,unity-6000.5.2f1-com.unity.physics-6.5.0,windows,unity_player,box_container_pile_10k,headless_api,12,step,300,30,3,10005,10005,0,0,median_ms_per_step,4.576751667,ms,lower_is_better,4.576751667,218.495577832,0,ok,ok,engine_runner_cli,work_unit_wall_sum_inline,12,open_container_falling_pile,1,solver_iterations=2; substeps=3; solver_type=iterative; stabilization=on; synchronize_collision_world=on; sleep=not_applicable; worker_count=11,unity_player,12,11,,,11,yes,,,,,,,,,,,300,1373.025500000,,,,,results/box-container-pile-10k/intel-core-i7-13700k/2026-10-05_0700_ddr5-4800_threads-1-2-3-4-5-6-8-10-12-14-16-24_r5/raw/unity_physics/t12/unity_physics_t12_raw.csv
2026-10-05_0700_ddr5-4800_threads-1-2-3-4-5-6-8-10-12-14-16-24_r5,unity_physics,unity-6000.5.2f1-com.unity.physics-6.5.0,windows,unity_player,box_container_pile_10k,headless_api,12,step,300,30,4,10005,10005,0,0,median_ms_per_step,4.644241000,ms,lower_is_better,4.644241000,215.320436644,0,ok,ok,engine_runner_cli,work_unit_wall_sum_inline,12,open_container_falling_pile,1,solver_iterations=2; substeps=3; solver_type=iterative; stabilization=on; synchronize_collision_world=on; sleep=not_applicable; worker_count=11,unity_player,12,11,,,11,yes,,,,,,,,,,,300,1393.272300000,,,,,results/box-container-pile-10k/intel-core-i7-13700k/2026-10-05_0700_ddr5-4800_threads-1-2-3-4-5-6-8-10-12-14-16-24_r5/raw/unity_physics/t12/unity_physics_t12_raw.csv
2026-10-05_0700_ddr5-4800_threads-1-2-3-4-5-6-8-10-12-14-16-24_r5,unity_physics,unity-6000.5.2f1-com.unity.physics-6.5.0,windows,unity_player,box_container_pile_10k,headless_api,14,step,300,30,0,10005,10005,0,0,median_ms_per_step,4.436750667,ms,lower_is_better,4.436750667,225.390172928,0,ok,ok,engine_runner_cli,work_unit_wall_sum_inline,14,open_container_falling_pile,1,solver_iterations=2; substeps=3; solver_type=iterative; stabilization=on; synchronize_collision_world=on; sleep=not_applicable; worker_count=13,unity_player,14,13,,,13,yes,,,,,,,,,,,300,1331.025200000,,,,,results/box-container-pile-10k/intel-core-i7-13700k/2026-10-05_0700_ddr5-4800_threads-1-2-3-4-5-6-8-10-12-14-16-24_r5/raw/unity_physics/t14/unity_physics_t14_raw.csv
2026-10-05_0700_ddr5-4800_threads-1-2-3-4-5-6-8-10-12-14-16-24_r5,unity_physics,unity-6000.5.2f1-com.unity.physics-6.5.0,windows,unity_player,box_container_pile_10k,headless_api,14,step,300,30,1,10005,10005,0,0,median_ms_per_step,4.494221333,ms,lower_is_better,4.494221333,222.507955401,0,ok,ok,engine_runner_cli,work_unit_wall_sum_inline,14,open_container_falling_pile,1,solver_iterations=2; substeps=3; solver_type=iterative; stabilization=on; synchronize_collision_world=on; sleep=not_applicable; worker_count=13,unity_player,14,13,,,13,yes,,,,,,,,,,,300,1348.266400000,,,,,results/box-container-pile-10k/intel-core-i7-13700k/2026-10-05_0700_ddr5-4800_threads-1-2-3-4-5-6-8-10-12-14-16-24_r5/raw/unity_physics/t14/unity_physics_t14_raw.csv
2026-10-05_0700_ddr5-4800_threads-1-2-3-4-5-6-8-10-12-14-16-24_r5,unity_physics,unity-6000.5.2f1-com.unity.physics-6.5.0,windows,unity_player,box_container_pile_10k,headless_api,14,step,300,30,2,10005,10005,0,0,median_ms_per_step,4.453315667,ms,lower_is_better,4.453315667,224.551789015,0,ok,ok,engine_runner_cli,work_unit_wall_sum_inline,14,open_container_falling_pile,1,solver_iterations=2; substeps=3; solver_type=iterative; stabilization=on; synchronize_collision_world=on; sleep=not_applicable; worker_count=13,unity_player,14,13,,,13,yes,,,,,,,,,,,300,1335.994700000,,,,,results/box-container-pile-10k/intel-core-i7-13700k/2026-10-05_0700_ddr5-4800_threads-1-2-3-4-5-6-8-10-12-14-16-24_r5/raw/unity_physics/t14/unity_physics_t14_raw.csv
2026-10-05_0700_ddr5-4800_threads-1-2-3-4-5-6-8-10-12-14-16-24_r5,unity_physics,unity-6000.5.2f1-com.unity.physics-6.5.0,windows,unity_player,box_container_pile_10k,headless_api,14,step,300,30,3,10005,10005,0,0,median_ms_per_step,4.476329667,ms,lower_is_better,4.476329667,223.397308613,0,ok,ok,engine_runner_cli,work_unit_wall_sum_inline,14,open_container_falling_pile,1,solver_iterations=2; substeps=3; solver_type=iterative; stabilization=on; synchronize_collision_world=on; sleep=not_applicable; worker_count=13,unity_player,14,13,,,13,yes,,,,,,,,,,,300,1342.898900000,,,,,results/box-container-pile-10k/intel-core-i7-13700k/2026-10-05_0700_ddr5-4800_threads-1-2-3-4-5-6-8-10-12-14-16-24_r5/raw/unity_physics/t14/unity_physics_t14_raw.csv
2026-10-05_0700_ddr5-4800_threads-1-2-3-4-5-6-8-10-12-14-16-24_r5,unity_physics,unity-6000.5.2f1-com.unity.physics-6.5.0,windows,unity_player,box_container_pile_10k,headless_api,14,step,300,30,4,10005,10005,0,0,median_ms_per_step,4.448944000,ms,lower_is_better,4.448944000,224.772440381,0,ok,ok,engine_runner_cli,work_unit_wall_sum_inline,14,open_container_falling_pile,1,solver_iterations=2; substeps=3; solver_type=iterative; stabilization=on; synchronize_collision_world=on; sleep=not_applicable; worker_count=13,unity_player,14,13,,,13,yes,,,,,,,,,,,300,1334.683200000,,,,,results/box-container-pile-10k/intel-core-i7-13700k/2026-10-05_0700_ddr5-4800_threads-1-2-3-4-5-6-8-10-12-14-16-24_r5/raw/unity_physics/t14/unity_physics_t14_raw.csv
2026-10-05_0700_ddr5-4800_threads-1-2-3-4-5-6-8-10-12-14-16-24_r5,unity_physics,unity-6000.5.2f1-com.unity.physics-6.5.0,windows,unity_player,box_container_pile_10k,headless_api,16,step,300,30,0,10005,10005,0,0,median_ms_per_step,4.443515333,ms,lower_is_better,4.443515333,225.047046085,0,ok,ok,engine_runner_cli,work_unit_wall_sum_inline,16,open_container_falling_pile,1,solver_iterations=2; substeps=3; solver_type=iterative; stabilization=on; synchronize_collision_world=on; sleep=not_applicable; worker_count=15,unity_player,16,15,,,15,yes,,,,,,,,,,,300,1333.054600000,,,,,results/box-container-pile-10k/intel-core-i7-13700k/2026-10-05_0700_ddr5-4800_threads-1-2-3-4-5-6-8-10-12-14-16-24_r5/raw/unity_physics/t16/unity_physics_t16_raw.csv
2026-10-05_0700_ddr5-4800_threads-1-2-3-4-5-6-8-10-12-14-16-24_r5,unity_physics,unity-6000.5.2f1-com.unity.physics-6.5.0,windows,unity_player,box_container_pile_10k,headless_api,16,step,300,30,1,10005,10005,0,0,median_ms_per_step,4.420367333,ms,lower_is_better,4.420367333,226.225542945,0,ok,ok,engine_runner_cli,work_unit_wall_sum_inline,16,open_container_falling_pile,1,solver_iterations=2; substeps=3; solver_type=iterative; stabilization=on; synchronize_collision_world=on; sleep=not_applicable; worker_count=15,unity_player,16,15,,,15,yes,,,,,,,,,,,300,1326.110200000,,,,,results/box-container-pile-10k/intel-core-i7-13700k/2026-10-05_0700_ddr5-4800_threads-1-2-3-4-5-6-8-10-12-14-16-24_r5/raw/unity_physics/t16/unity_physics_t16_raw.csv
2026-10-05_0700_ddr5-4800_threads-1-2-3-4-5-6-8-10-12-14-16-24_r5,unity_physics,unity-6000.5.2f1-com.unity.physics-6.5.0,windows,unity_player,box_container_pile_10k,headless_api,16,step,300,30,2,10005,10005,0,0,median_ms_per_step,4.362463667,ms,lower_is_better,4.362463667,229.228270172,0,ok,ok,engine_runner_cli,work_unit_wall_sum_inline,16,open_container_falling_pile,1,solver_iterations=2; substeps=3; solver_type=iterative; stabilization=on; synchronize_collision_world=on; sleep=not_applicable; worker_count=15,unity_player,16,15,,,15,yes,,,,,,,,,,,300,1308.739100000,,,,,results/box-container-pile-10k/intel-core-i7-13700k/2026-10-05_0700_ddr5-4800_threads-1-2-3-4-5-6-8-10-12-14-16-24_r5/raw/unity_physics/t16/unity_physics_t16_raw.csv
2026-10-05_0700_ddr5-4800_threads-1-2-3-4-5-6-8-10-12-14-16-24_r5,unity_physics,unity-6000.5.2f1-com.unity.physics-6.5.0,windows,unity_player,box_container_pile_10k,headless_api,16,step,300,30,3,10005,10005,0,0,median_ms_per_step,4.375090667,ms,lower_is_better,4.375090667,228.566691799,0,ok,ok,engine_runner_cli,work_unit_wall_sum_inline,16,open_container_falling_pile,1,solver_iterations=2; substeps=3; solver_type=iterative; stabilization=on; synchronize_collision_world=on; sleep=not_applicable; worker_count=15,unity_player,16,15,,,15,yes,,,,,,,,,,,300,1312.527200000,,,,,results/box-container-pile-10k/intel-core-i7-13700k/2026-10-05_0700_ddr5-4800_threads-1-2-3-4-5-6-8-10-12-14-16-24_r5/raw/unity_physics/t16/unity_physics_t16_raw.csv
2026-10-05_0700_ddr5-4800_threads-1-2-3-4-5-6-8-10-12-14-16-24_r5,unity_physics,unity-6000.5.2f1-com.unity.physics-6.5.0,windows,unity_player,box_container_pile_10k,headless_api,16,step,300,30,4,10005,10005,0,0,median_ms_per_step,4.378254333,ms,lower_is_better,4.378254333,228.401532635,0,ok,ok,engine_runner_cli,work_unit_wall_sum_inline,16,open_container_falling_pile,1,solver_iterations=2; substeps=3; solver_type=iterative; stabilization=on; synchronize_collision_world=on; sleep=not_applicable; worker_count=15,unity_player,16,15,,,15,yes,,,,,,,,,,,300,1313.476300000,,,,,results/box-container-pile-10k/intel-core-i7-13700k/2026-10-05_0700_ddr5-4800_threads-1-2-3-4-5-6-8-10-12-14-16-24_r5/raw/unity_physics/t16/unity_physics_t16_raw.csv
2026-10-05_0700_ddr5-4800_threads-1-2-3-4-5-6-8-10-12-14-16-24_r5,unity_physics,unity-6000.5.2f1-com.unity.physics-6.5.0,windows,unity_player,box_container_pile_10k,headless_api,24,step,300,30,0,10005,10005,0,0,median_ms_per_step,3.953531667,ms,lower_is_better,3.953531667,252.938406547,0,ok,ok,engine_runner_cli,work_unit_wall_sum_inline,24,open_container_falling_pile,1,solver_iterations=2; substeps=3; solver_type=iterative; stabilization=on; synchronize_collision_world=on; sleep=not_applicable; worker_count=23,unity_player,24,23,,,23,yes,,,,,,,,,,,300,1186.059500000,,,,,results/box-container-pile-10k/intel-core-i7-13700k/2026-10-05_0700_ddr5-4800_threads-1-2-3-4-5-6-8-10-12-14-16-24_r5/raw/unity_physics/t24/unity_physics_t24_raw.csv
2026-10-05_0700_ddr5-4800_threads-1-2-3-4-5-6-8-10-12-14-16-24_r5,unity_physics,unity-6000.5.2f1-com.unity.physics-6.5.0,windows,unity_player,box_container_pile_10k,headless_api,24,step,300,30,1,10005,10005,0,0,median_ms_per_step,3.935643333,ms,lower_is_better,3.935643333,254.088065229,0,ok,ok,engine_runner_cli,work_unit_wall_sum_inline,24,open_container_falling_pile,1,solver_iterations=2; substeps=3; solver_type=iterative; stabilization=on; synchronize_collision_world=on; sleep=not_applicable; worker_count=23,unity_player,24,23,,,23,yes,,,,,,,,,,,300,1180.693000000,,,,,results/box-container-pile-10k/intel-core-i7-13700k/2026-10-05_0700_ddr5-4800_threads-1-2-3-4-5-6-8-10-12-14-16-24_r5/raw/unity_physics/t24/unity_physics_t24_raw.csv
2026-10-05_0700_ddr5-4800_threads-1-2-3-4-5-6-8-10-12-14-16-24_r5,unity_physics,unity-6000.5.2f1-com.unity.physics-6.5.0,windows,unity_player,box_container_pile_10k,headless_api,24,step,300,30,2,10005,10005,0,0,median_ms_per_step,3.968629667,ms,lower_is_better,3.968629667,251.976143907,0,ok,ok,engine_runner_cli,work_unit_wall_sum_inline,24,open_container_falling_pile,1,solver_iterations=2; substeps=3; solver_type=iterative; stabilization=on; synchronize_collision_world=on; sleep=not_applicable; worker_count=23,unity_player,24,23,,,23,yes,,,,,,,,,,,300,1190.588900000,,,,,results/box-container-pile-10k/intel-core-i7-13700k/2026-10-05_0700_ddr5-4800_threads-1-2-3-4-5-6-8-10-12-14-16-24_r5/raw/unity_physics/t24/unity_physics_t24_raw.csv
2026-10-05_0700_ddr5-4800_threads-1-2-3-4-5-6-8-10-12-14-16-24_r5,unity_physics,unity-6000.5.2f1-com.unity.physics-6.5.0,windows,unity_player,box_container_pile_10k,headless_api,24,step,300,30,3,10005,10005,0,0,median_ms_per_step,3.935525667,ms,lower_is_better,3.935525667,254.095662104,0,ok,ok,engine_runner_cli,work_unit_wall_sum_inline,24,open_container_falling_pile,1,solver_iterations=2; substeps=3; solver_type=iterative; stabilization=on; synchronize_collision_world=on; sleep=not_applicable; worker_count=23,unity_player,24,23,,,23,yes,,,,,,,,,,,300,1180.657700000,,,,,results/box-container-pile-10k/intel-core-i7-13700k/2026-10-05_0700_ddr5-4800_threads-1-2-3-4-5-6-8-10-12-14-16-24_r5/raw/unity_physics/t24/unity_physics_t24_raw.csv
2026-10-05_0700_ddr5-4800_threads-1-2-3-4-5-6-8-10-12-14-16-24_r5,unity_physics,unity-6000.5.2f1-com.unity.physics-6.5.0,windows,unity_player,box_container_pile_10k,headless_api,24,step,300,30,4,10005,10005,0,0,median_ms_per_step,3.953076333,ms,lower_is_better,3.953076333,252.967541145,0,ok,ok,engine_runner_cli,work_unit_wall_sum_inline,24,open_container_falling_pile,1,solver_iterations=2; substeps=3; solver_type=iterative; stabilization=on; synchronize_collision_world=on; sleep=not_applicable; worker_count=23,unity_player,24,23,,,23,yes,,,,,,,,,,,300,1185.922900000,,,,,results/box-container-pile-10k/intel-core-i7-13700k/2026-10-05_0700_ddr5-4800_threads-1-2-3-4-5-6-8-10-12-14-16-24_r5/raw/unity_physics/t24/unity_physics_t24_raw.csv
2026-10-05_0700_ddr5-4800_threads-1-2-3-4-5-6-8-10-12-14-16-24_r5,unreal_chaos,7deeb413d3dc1fc034f48d1aacc0861301829d32,windows,unreal_chaos_ubt_win64_shipping,box_container_pile_10k,headless_api,1,step,300,30,0,10005,10005,0,0,median_ms_per_step,73.304406333,ms,lower_is_better,73.304406333,13.641744747,0,ok,ok,engine_runner_cli,work_unit_wall_sum_inline,1,open_container_falling_pile,1,position_iterations=3; velocity_iterations=1; projection_iterations=1; sleep=disabled; ccd=disabled; unit_scale=100_chaos_units_per_meter; worker_count=1,unreal_chaos_ubt_win64_shipping,1,1,,,1,yes,,,,,,,,,,,300,21991.321900000,,,,,results/box-container-pile-10k/intel-core-i7-13700k/2026-10-05_0700_ddr5-4800_threads-1-2-3-4-5-6-8-10-12-14-16-24_r5/raw/unreal_chaos/t1/unreal_chaos_t1_raw.csv
2026-10-05_0700_ddr5-4800_threads-1-2-3-4-5-6-8-10-12-14-16-24_r5,unreal_chaos,7deeb413d3dc1fc034f48d1aacc0861301829d32,windows,unreal_chaos_ubt_win64_shipping,box_container_pile_10k,headless_api,1,step,300,30,1,10005,10005,0,0,median_ms_per_step,74.159960333,ms,lower_is_better,74.159960333,13.484365357,0,ok,ok,engine_runner_cli,work_unit_wall_sum_inline,1,open_container_falling_pile,1,position_iterations=3; velocity_iterations=1; projection_iterations=1; sleep=disabled; ccd=disabled; unit_scale=100_chaos_units_per_meter; worker_count=1,unreal_chaos_ubt_win64_shipping,1,1,,,1,yes,,,,,,,,,,,300,22247.988100000,,,,,results/box-container-pile-10k/intel-core-i7-13700k/2026-10-05_0700_ddr5-4800_threads-1-2-3-4-5-6-8-10-12-14-16-24_r5/raw/unreal_chaos/t1/unreal_chaos_t1_raw.csv
2026-10-05_0700_ddr5-4800_threads-1-2-3-4-5-6-8-10-12-14-16-24_r5,unreal_chaos,7deeb413d3dc1fc034f48d1aacc0861301829d32,windows,unreal_chaos_ubt_win64_shipping,box_container_pile_10k,headless_api,1,step,300,30,2,10005,10005,0,0,median_ms_per_step,73.446366667,ms,lower_is_better,73.446366667,13.615377389,0,ok,ok,engine_runner_cli,work_unit_wall_sum_inline,1,open_container_falling_pile,1,position_iterations=3; velocity_iterations=1; projection_iterations=1; sleep=disabled; ccd=disabled; unit_scale=100_chaos_units_per_meter; worker_count=1,unreal_chaos_ubt_win64_shipping,1,1,,,1,yes,,,,,,,,,,,300,22033.910000000,,,,,results/box-container-pile-10k/intel-core-i7-13700k/2026-10-05_0700_ddr5-4800_threads-1-2-3-4-5-6-8-10-12-14-16-24_r5/raw/unreal_chaos/t1/unreal_chaos_t1_raw.csv
2026-10-05_0700_ddr5-4800_threads-1-2-3-4-5-6-8-10-12-14-16-24_r5,unreal_chaos,7deeb413d3dc1fc034f48d1aacc0861301829d32,windows,unreal_chaos_ubt_win64_shipping,box_container_pile_10k,headless_api,1,step,300,30,3,10005,10005,0,0,median_ms_per_step,75.451053667,ms,lower_is_better,75.451053667,13.253625382,0,ok,ok,engine_runner_cli,work_unit_wall_sum_inline,1,open_container_falling_pile,1,position_iterations=3; velocity_iterations=1; projection_iterations=1; sleep=disabled; ccd=disabled; unit_scale=100_chaos_units_per_meter; worker_count=1,unreal_chaos_ubt_win64_shipping,1,1,,,1,yes,,,,,,,,,,,300,22635.316100000,,,,,results/box-container-pile-10k/intel-core-i7-13700k/2026-10-05_0700_ddr5-4800_threads-1-2-3-4-5-6-8-10-12-14-16-24_r5/raw/unreal_chaos/t1/unreal_chaos_t1_raw.csv
2026-10-05_0700_ddr5-4800_threads-1-2-3-4-5-6-8-10-12-14-16-24_r5,unreal_chaos,7deeb413d3dc1fc034f48d1aacc0861301829d32,windows,unreal_chaos_ubt_win64_shipping,box_container_pile_10k,headless_api,1,step,300,30,4,10005,10005,0,0,median_ms_per_step,71.980767000,ms,lower_is_better,71.980767000,13.892599950,0,ok,ok,engine_runner_cli,work_unit_wall_sum_inline,1,open_container_falling_pile,1,position_iterations=3; velocity_iterations=1; projection_iterations=1; sleep=disabled; ccd=disabled; unit_scale=100_chaos_units_per_meter; worker_count=1,unreal_chaos_ubt_win64_shipping,1,1,,,1,yes,,,,,,,,,,,300,21594.230100000,,,,,results/box-container-pile-10k/intel-core-i7-13700k/2026-10-05_0700_ddr5-4800_threads-1-2-3-4-5-6-8-10-12-14-16-24_r5/raw/unreal_chaos/t1/unreal_chaos_t1_raw.csv
2026-10-05_0700_ddr5-4800_threads-1-2-3-4-5-6-8-10-12-14-16-24_r5,unreal_chaos,7deeb413d3dc1fc034f48d1aacc0861301829d32,windows,unreal_chaos_ubt_win64_shipping,box_container_pile_10k,headless_api,2,step,300,30,0,10005,10005,0,0,median_ms_per_step,45.729363333,ms,lower_is_better,45.729363333,21.867787503,0,ok,ok,engine_runner_cli,work_unit_wall_sum_inline,2,open_container_falling_pile,1,position_iterations=3; velocity_iterations=1; projection_iterations=1; sleep=disabled; ccd=disabled; unit_scale=100_chaos_units_per_meter; worker_count=2,unreal_chaos_ubt_win64_shipping,2,2,,,2,yes,,,,,,,,,,,300,13718.809000000,,,,,results/box-container-pile-10k/intel-core-i7-13700k/2026-10-05_0700_ddr5-4800_threads-1-2-3-4-5-6-8-10-12-14-16-24_r5/raw/unreal_chaos/t2/unreal_chaos_t2_raw.csv
2026-10-05_0700_ddr5-4800_threads-1-2-3-4-5-6-8-10-12-14-16-24_r5,unreal_chaos,7deeb413d3dc1fc034f48d1aacc0861301829d32,windows,unreal_chaos_ubt_win64_shipping,box_container_pile_10k,headless_api,2,step,300,30,1,10005,10005,0,0,median_ms_per_step,46.332461333,ms,lower_is_better,46.332461333,21.583140011,0,ok,ok,engine_runner_cli,work_unit_wall_sum_inline,2,open_container_falling_pile,1,position_iterations=3; velocity_iterations=1; projection_iterations=1; sleep=disabled; ccd=disabled; unit_scale=100_chaos_units_per_meter; worker_count=2,unreal_chaos_ubt_win64_shipping,2,2,,,2,yes,,,,,,,,,,,300,13899.738400000,,,,,results/box-container-pile-10k/intel-core-i7-13700k/2026-10-05_0700_ddr5-4800_threads-1-2-3-4-5-6-8-10-12-14-16-24_r5/raw/unreal_chaos/t2/unreal_chaos_t2_raw.csv
2026-10-05_0700_ddr5-4800_threads-1-2-3-4-5-6-8-10-12-14-16-24_r5,unreal_chaos,7deeb413d3dc1fc034f48d1aacc0861301829d32,windows,unreal_chaos_ubt_win64_shipping,box_container_pile_10k,headless_api,2,step,300,30,2,10005,10005,0,0,median_ms_per_step,47.872617333,ms,lower_is_better,47.872617333,20.888768062,0,ok,ok,engine_runner_cli,work_unit_wall_sum_inline,2,open_container_falling_pile,1,position_iterations=3; velocity_iterations=1; projection_iterations=1; sleep=disabled; ccd=disabled; unit_scale=100_chaos_units_per_meter; worker_count=2,unreal_chaos_ubt_win64_shipping,2,2,,,2,yes,,,,,,,,,,,300,14361.785200000,,,,,results/box-container-pile-10k/intel-core-i7-13700k/2026-10-05_0700_ddr5-4800_threads-1-2-3-4-5-6-8-10-12-14-16-24_r5/raw/unreal_chaos/t2/unreal_chaos_t2_raw.csv
2026-10-05_0700_ddr5-4800_threads-1-2-3-4-5-6-8-10-12-14-16-24_r5,unreal_chaos,7deeb413d3dc1fc034f48d1aacc0861301829d32,windows,unreal_chaos_ubt_win64_shipping,box_container_pile_10k,headless_api,2,step,300,30,3,10005,10005,0,0,median_ms_per_step,45.582657000,ms,lower_is_better,45.582657000,21.938168282,0,ok,ok,engine_runner_cli,work_unit_wall_sum_inline,2,open_container_falling_pile,1,position_iterations=3; velocity_iterations=1; projection_iterations=1; sleep=disabled; ccd=disabled; unit_scale=100_chaos_units_per_meter; worker_count=2,unreal_chaos_ubt_win64_shipping,2,2,,,2,yes,,,,,,,,,,,300,13674.797100000,,,,,results/box-container-pile-10k/intel-core-i7-13700k/2026-10-05_0700_ddr5-4800_threads-1-2-3-4-5-6-8-10-12-14-16-24_r5/raw/unreal_chaos/t2/unreal_chaos_t2_raw.csv
2026-10-05_0700_ddr5-4800_threads-1-2-3-4-5-6-8-10-12-14-16-24_r5,unreal_chaos,7deeb413d3dc1fc034f48d1aacc0861301829d32,windows,unreal_chaos_ubt_win64_shipping,box_container_pile_10k,headless_api,2,step,300,30,4,10005,10005,0,0,median_ms_per_step,46.632906333,ms,lower_is_better,46.632906333,21.444084845,0,ok,ok,engine_runner_cli,work_unit_wall_sum_inline,2,open_container_falling_pile,1,position_iterations=3; velocity_iterations=1; projection_iterations=1; sleep=disabled; ccd=disabled; unit_scale=100_chaos_units_per_meter; worker_count=2,unreal_chaos_ubt_win64_shipping,2,2,,,2,yes,,,,,,,,,,,300,13989.871900000,,,,,results/box-container-pile-10k/intel-core-i7-13700k/2026-10-05_0700_ddr5-4800_threads-1-2-3-4-5-6-8-10-12-14-16-24_r5/raw/unreal_chaos/t2/unreal_chaos_t2_raw.csv
2026-10-05_0700_ddr5-4800_threads-1-2-3-4-5-6-8-10-12-14-16-24_r5,unreal_chaos,7deeb413d3dc1fc034f48d1aacc0861301829d32,windows,unreal_chaos_ubt_win64_shipping,box_container_pile_10k,headless_api,3,step,300,30,0,10005,10005,0,0,median_ms_per_step,42.651395333,ms,lower_is_better,42.651395333,23.445891798,0,ok,ok,engine_runner_cli,work_unit_wall_sum_inline,3,open_container_falling_pile,1,position_iterations=3; velocity_iterations=1; projection_iterations=1; sleep=disabled; ccd=disabled; unit_scale=100_chaos_units_per_meter; worker_count=3,unreal_chaos_ubt_win64_shipping,3,3,,,3,yes,,,,,,,,,,,300,12795.418600000,,,,,results/box-container-pile-10k/intel-core-i7-13700k/2026-10-05_0700_ddr5-4800_threads-1-2-3-4-5-6-8-10-12-14-16-24_r5/raw/unreal_chaos/t3/unreal_chaos_t3_raw.csv
2026-10-05_0700_ddr5-4800_threads-1-2-3-4-5-6-8-10-12-14-16-24_r5,unreal_chaos,7deeb413d3dc1fc034f48d1aacc0861301829d32,windows,unreal_chaos_ubt_win64_shipping,box_container_pile_10k,headless_api,3,step,300,30,1,10005,10005,0,0,median_ms_per_step,41.717127667,ms,lower_is_better,41.717127667,23.970969622,0,ok,ok,engine_runner_cli,work_unit_wall_sum_inline,3,open_container_falling_pile,1,position_iterations=3; velocity_iterations=1; projection_iterations=1; sleep=disabled; ccd=disabled; unit_scale=100_chaos_units_per_meter; worker_count=3,unreal_chaos_ubt_win64_shipping,3,3,,,3,yes,,,,,,,,,,,300,12515.138300000,,,,,results/box-container-pile-10k/intel-core-i7-13700k/2026-10-05_0700_ddr5-4800_threads-1-2-3-4-5-6-8-10-12-14-16-24_r5/raw/unreal_chaos/t3/unreal_chaos_t3_raw.csv
2026-10-05_0700_ddr5-4800_threads-1-2-3-4-5-6-8-10-12-14-16-24_r5,unreal_chaos,7deeb413d3dc1fc034f48d1aacc0861301829d32,windows,unreal_chaos_ubt_win64_shipping,box_container_pile_10k,headless_api,3,step,300,30,2,10005,10005,0,0,median_ms_per_step,41.414059000,ms,lower_is_better,41.414059000,24.146389515,0,ok,ok,engine_runner_cli,work_unit_wall_sum_inline,3,open_container_falling_pile,1,position_iterations=3; velocity_iterations=1; projection_iterations=1; sleep=disabled; ccd=disabled; unit_scale=100_chaos_units_per_meter; worker_count=3,unreal_chaos_ubt_win64_shipping,3,3,,,3,yes,,,,,,,,,,,300,12424.217700000,,,,,results/box-container-pile-10k/intel-core-i7-13700k/2026-10-05_0700_ddr5-4800_threads-1-2-3-4-5-6-8-10-12-14-16-24_r5/raw/unreal_chaos/t3/unreal_chaos_t3_raw.csv
2026-10-05_0700_ddr5-4800_threads-1-2-3-4-5-6-8-10-12-14-16-24_r5,unreal_chaos,7deeb413d3dc1fc034f48d1aacc0861301829d32,windows,unreal_chaos_ubt_win64_shipping,box_container_pile_10k,headless_api,3,step,300,30,3,10005,10005,0,0,median_ms_per_step,41.636981333,ms,lower_is_better,41.636981333,24.017110943,0,ok,ok,engine_runner_cli,work_unit_wall_sum_inline,3,open_container_falling_pile,1,position_iterations=3; velocity_iterations=1; projection_iterations=1; sleep=disabled; ccd=disabled; unit_scale=100_chaos_units_per_meter; worker_count=3,unreal_chaos_ubt_win64_shipping,3,3,,,3,yes,,,,,,,,,,,300,12491.094400000,,,,,results/box-container-pile-10k/intel-core-i7-13700k/2026-10-05_0700_ddr5-4800_threads-1-2-3-4-5-6-8-10-12-14-16-24_r5/raw/unreal_chaos/t3/unreal_chaos_t3_raw.csv
2026-10-05_0700_ddr5-4800_threads-1-2-3-4-5-6-8-10-12-14-16-24_r5,unreal_chaos,7deeb413d3dc1fc034f48d1aacc0861301829d32,windows,unreal_chaos_ubt_win64_shipping,box_container_pile_10k,headless_api,3,step,300,30,4,10005,10005,0,0,median_ms_per_step,44.046175000,ms,lower_is_better,44.046175000,22.703447008,0,ok,ok,engine_runner_cli,work_unit_wall_sum_inline,3,open_container_falling_pile,1,position_iterations=3; velocity_iterations=1; projection_iterations=1; sleep=disabled; ccd=disabled; unit_scale=100_chaos_units_per_meter; worker_count=3,unreal_chaos_ubt_win64_shipping,3,3,,,3,yes,,,,,,,,,,,300,13213.852500000,,,,,results/box-container-pile-10k/intel-core-i7-13700k/2026-10-05_0700_ddr5-4800_threads-1-2-3-4-5-6-8-10-12-14-16-24_r5/raw/unreal_chaos/t3/unreal_chaos_t3_raw.csv
2026-10-05_0700_ddr5-4800_threads-1-2-3-4-5-6-8-10-12-14-16-24_r5,unreal_chaos,7deeb413d3dc1fc034f48d1aacc0861301829d32,windows,unreal_chaos_ubt_win64_shipping,box_container_pile_10k,headless_api,4,step,300,30,0,10005,10005,0,0,median_ms_per_step,39.650950667,ms,lower_is_better,39.650950667,25.220076270,0,ok,ok,engine_runner_cli,work_unit_wall_sum_inline,4,open_container_falling_pile,1,position_iterations=3; velocity_iterations=1; projection_iterations=1; sleep=disabled; ccd=disabled; unit_scale=100_chaos_units_per_meter; worker_count=4,unreal_chaos_ubt_win64_shipping,4,4,,,4,yes,,,,,,,,,,,300,11895.285200000,,,,,results/box-container-pile-10k/intel-core-i7-13700k/2026-10-05_0700_ddr5-4800_threads-1-2-3-4-5-6-8-10-12-14-16-24_r5/raw/unreal_chaos/t4/unreal_chaos_t4_raw.csv
2026-10-05_0700_ddr5-4800_threads-1-2-3-4-5-6-8-10-12-14-16-24_r5,unreal_chaos,7deeb413d3dc1fc034f48d1aacc0861301829d32,windows,unreal_chaos_ubt_win64_shipping,box_container_pile_10k,headless_api,4,step,300,30,1,10005,10005,0,0,median_ms_per_step,39.361555667,ms,lower_is_better,39.361555667,25.405499937,0,ok,ok,engine_runner_cli,work_unit_wall_sum_inline,4,open_container_falling_pile,1,position_iterations=3; velocity_iterations=1; projection_iterations=1; sleep=disabled; ccd=disabled; unit_scale=100_chaos_units_per_meter; worker_count=4,unreal_chaos_ubt_win64_shipping,4,4,,,4,yes,,,,,,,,,,,300,11808.466700000,,,,,results/box-container-pile-10k/intel-core-i7-13700k/2026-10-05_0700_ddr5-4800_threads-1-2-3-4-5-6-8-10-12-14-16-24_r5/raw/unreal_chaos/t4/unreal_chaos_t4_raw.csv
2026-10-05_0700_ddr5-4800_threads-1-2-3-4-5-6-8-10-12-14-16-24_r5,unreal_chaos,7deeb413d3dc1fc034f48d1aacc0861301829d32,windows,unreal_chaos_ubt_win64_shipping,box_container_pile_10k,headless_api,4,step,300,30,2,10005,10005,0,0,median_ms_per_step,39.485979667,ms,lower_is_better,39.485979667,25.325444840,0,ok,ok,engine_runner_cli,work_unit_wall_sum_inline,4,open_container_falling_pile,1,position_iterations=3; velocity_iterations=1; projection_iterations=1; sleep=disabled; ccd=disabled; unit_scale=100_chaos_units_per_meter; worker_count=4,unreal_chaos_ubt_win64_shipping,4,4,,,4,yes,,,,,,,,,,,300,11845.793900000,,,,,results/box-container-pile-10k/intel-core-i7-13700k/2026-10-05_0700_ddr5-4800_threads-1-2-3-4-5-6-8-10-12-14-16-24_r5/raw/unreal_chaos/t4/unreal_chaos_t4_raw.csv
2026-10-05_0700_ddr5-4800_threads-1-2-3-4-5-6-8-10-12-14-16-24_r5,unreal_chaos,7deeb413d3dc1fc034f48d1aacc0861301829d32,windows,unreal_chaos_ubt_win64_shipping,box_container_pile_10k,headless_api,4,step,300,30,3,10005,10005,0,0,median_ms_per_step,40.016208000,ms,lower_is_better,40.016208000,24.989874103,0,ok,ok,engine_runner_cli,work_unit_wall_sum_inline,4,open_container_falling_pile,1,position_iterations=3; velocity_iterations=1; projection_iterations=1; sleep=disabled; ccd=disabled; unit_scale=100_chaos_units_per_meter; worker_count=4,unreal_chaos_ubt_win64_shipping,4,4,,,4,yes,,,,,,,,,,,300,12004.862400000,,,,,results/box-container-pile-10k/intel-core-i7-13700k/2026-10-05_0700_ddr5-4800_threads-1-2-3-4-5-6-8-10-12-14-16-24_r5/raw/unreal_chaos/t4/unreal_chaos_t4_raw.csv
2026-10-05_0700_ddr5-4800_threads-1-2-3-4-5-6-8-10-12-14-16-24_r5,unreal_chaos,7deeb413d3dc1fc034f48d1aacc0861301829d32,windows,unreal_chaos_ubt_win64_shipping,box_container_pile_10k,headless_api,4,step,300,30,4,10005,10005,0,0,median_ms_per_step,39.855839000,ms,lower_is_better,39.855839000,25.090426524,0,ok,ok,engine_runner_cli,work_unit_wall_sum_inline,4,open_container_falling_pile,1,position_iterations=3; velocity_iterations=1; projection_iterations=1; sleep=disabled; ccd=disabled; unit_scale=100_chaos_units_per_meter; worker_count=4,unreal_chaos_ubt_win64_shipping,4,4,,,4,yes,,,,,,,,,,,300,11956.751700000,,,,,results/box-container-pile-10k/intel-core-i7-13700k/2026-10-05_0700_ddr5-4800_threads-1-2-3-4-5-6-8-10-12-14-16-24_r5/raw/unreal_chaos/t4/unreal_chaos_t4_raw.csv
2026-10-05_0700_ddr5-4800_threads-1-2-3-4-5-6-8-10-12-14-16-24_r5,unreal_chaos,7deeb413d3dc1fc034f48d1aacc0861301829d32,windows,unreal_chaos_ubt_win64_shipping,box_container_pile_10k,headless_api,5,step,300,30,0,10005,10005,0,0,median_ms_per_step,37.015241000,ms,lower_is_better,37.015241000,27.015898667,0,ok,ok,engine_runner_cli,work_unit_wall_sum_inline,5,open_container_falling_pile,1,position_iterations=3; velocity_iterations=1; projection_iterations=1; sleep=disabled; ccd=disabled; unit_scale=100_chaos_units_per_meter; worker_count=5,unreal_chaos_ubt_win64_shipping,5,5,,,5,yes,,,,,,,,,,,300,11104.572300000,,,,,results/box-container-pile-10k/intel-core-i7-13700k/2026-10-05_0700_ddr5-4800_threads-1-2-3-4-5-6-8-10-12-14-16-24_r5/raw/unreal_chaos/t5/unreal_chaos_t5_raw.csv
2026-10-05_0700_ddr5-4800_threads-1-2-3-4-5-6-8-10-12-14-16-24_r5,unreal_chaos,7deeb413d3dc1fc034f48d1aacc0861301829d32,windows,unreal_chaos_ubt_win64_shipping,box_container_pile_10k,headless_api,5,step,300,30,1,10005,10005,0,0,median_ms_per_step,37.649929333,ms,lower_is_better,37.649929333,26.560474819,0,ok,ok,engine_runner_cli,work_unit_wall_sum_inline,5,open_container_falling_pile,1,position_iterations=3; velocity_iterations=1; projection_iterations=1; sleep=disabled; ccd=disabled; unit_scale=100_chaos_units_per_meter; worker_count=5,unreal_chaos_ubt_win64_shipping,5,5,,,5,yes,,,,,,,,,,,300,11294.978800000,,,,,results/box-container-pile-10k/intel-core-i7-13700k/2026-10-05_0700_ddr5-4800_threads-1-2-3-4-5-6-8-10-12-14-16-24_r5/raw/unreal_chaos/t5/unreal_chaos_t5_raw.csv
2026-10-05_0700_ddr5-4800_threads-1-2-3-4-5-6-8-10-12-14-16-24_r5,unreal_chaos,7deeb413d3dc1fc034f48d1aacc0861301829d32,windows,unreal_chaos_ubt_win64_shipping,box_container_pile_10k,headless_api,5,step,300,30,2,10005,10005,0,0,median_ms_per_step,36.605730667,ms,lower_is_better,36.605730667,27.318127020,0,ok,ok,engine_runner_cli,work_unit_wall_sum_inline,5,open_container_falling_pile,1,position_iterations=3; velocity_iterations=1; projection_iterations=1; sleep=disabled; ccd=disabled; unit_scale=100_chaos_units_per_meter; worker_count=5,unreal_chaos_ubt_win64_shipping,5,5,,,5,yes,,,,,,,,,,,300,10981.719200000,,,,,results/box-container-pile-10k/intel-core-i7-13700k/2026-10-05_0700_ddr5-4800_threads-1-2-3-4-5-6-8-10-12-14-16-24_r5/raw/unreal_chaos/t5/unreal_chaos_t5_raw.csv
2026-10-05_0700_ddr5-4800_threads-1-2-3-4-5-6-8-10-12-14-16-24_r5,unreal_chaos,7deeb413d3dc1fc034f48d1aacc0861301829d32,windows,unreal_chaos_ubt_win64_shipping,box_container_pile_10k,headless_api,5,step,300,30,3,10005,10005,0,0,median_ms_per_step,36.915351333,ms,lower_is_better,36.915351333,27.089001293,0,ok,ok,engine_runner_cli,work_unit_wall_sum_inline,5,open_container_falling_pile,1,position_iterations=3; velocity_iterations=1; projection_iterations=1; sleep=disabled; ccd=disabled; unit_scale=100_chaos_units_per_meter; worker_count=5,unreal_chaos_ubt_win64_shipping,5,5,,,5,yes,,,,,,,,,,,300,11074.605400000,,,,,results/box-container-pile-10k/intel-core-i7-13700k/2026-10-05_0700_ddr5-4800_threads-1-2-3-4-5-6-8-10-12-14-16-24_r5/raw/unreal_chaos/t5/unreal_chaos_t5_raw.csv
2026-10-05_0700_ddr5-4800_threads-1-2-3-4-5-6-8-10-12-14-16-24_r5,unreal_chaos,7deeb413d3dc1fc034f48d1aacc0861301829d32,windows,unreal_chaos_ubt_win64_shipping,box_container_pile_10k,headless_api,5,step,300,30,4,10005,10005,0,0,median_ms_per_step,38.503503667,ms,lower_is_better,38.503503667,25.971662440,0,ok,ok,engine_runner_cli,work_unit_wall_sum_inline,5,open_container_falling_pile,1,position_iterations=3; velocity_iterations=1; projection_iterations=1; sleep=disabled; ccd=disabled; unit_scale=100_chaos_units_per_meter; worker_count=5,unreal_chaos_ubt_win64_shipping,5,5,,,5,yes,,,,,,,,,,,300,11551.051100000,,,,,results/box-container-pile-10k/intel-core-i7-13700k/2026-10-05_0700_ddr5-4800_threads-1-2-3-4-5-6-8-10-12-14-16-24_r5/raw/unreal_chaos/t5/unreal_chaos_t5_raw.csv
2026-10-05_0700_ddr5-4800_threads-1-2-3-4-5-6-8-10-12-14-16-24_r5,unreal_chaos,7deeb413d3dc1fc034f48d1aacc0861301829d32,windows,unreal_chaos_ubt_win64_shipping,box_container_pile_10k,headless_api,6,step,300,30,0,10005,10005,0,0,median_ms_per_step,36.062118000,ms,lower_is_better,36.062118000,27.729929784,0,ok,ok,engine_runner_cli,work_unit_wall_sum_inline,6,open_container_falling_pile,1,position_iterations=3; velocity_iterations=1; projection_iterations=1; sleep=disabled; ccd=disabled; unit_scale=100_chaos_units_per_meter; worker_count=6,unreal_chaos_ubt_win64_shipping,6,6,,,6,yes,,,,,,,,,,,300,10818.635400000,,,,,results/box-container-pile-10k/intel-core-i7-13700k/2026-10-05_0700_ddr5-4800_threads-1-2-3-4-5-6-8-10-12-14-16-24_r5/raw/unreal_chaos/t6/unreal_chaos_t6_raw.csv
2026-10-05_0700_ddr5-4800_threads-1-2-3-4-5-6-8-10-12-14-16-24_r5,unreal_chaos,7deeb413d3dc1fc034f48d1aacc0861301829d32,windows,unreal_chaos_ubt_win64_shipping,box_container_pile_10k,headless_api,6,step,300,30,1,10005,10005,0,0,median_ms_per_step,35.791157667,ms,lower_is_better,35.791157667,27.939861832,0,ok,ok,engine_runner_cli,work_unit_wall_sum_inline,6,open_container_falling_pile,1,position_iterations=3; velocity_iterations=1; projection_iterations=1; sleep=disabled; ccd=disabled; unit_scale=100_chaos_units_per_meter; worker_count=6,unreal_chaos_ubt_win64_shipping,6,6,,,6,yes,,,,,,,,,,,300,10737.347300000,,,,,results/box-container-pile-10k/intel-core-i7-13700k/2026-10-05_0700_ddr5-4800_threads-1-2-3-4-5-6-8-10-12-14-16-24_r5/raw/unreal_chaos/t6/unreal_chaos_t6_raw.csv
2026-10-05_0700_ddr5-4800_threads-1-2-3-4-5-6-8-10-12-14-16-24_r5,unreal_chaos,7deeb413d3dc1fc034f48d1aacc0861301829d32,windows,unreal_chaos_ubt_win64_shipping,box_container_pile_10k,headless_api,6,step,300,30,2,10005,10005,0,0,median_ms_per_step,35.766939667,ms,lower_is_better,35.766939667,27.958780072,0,ok,ok,engine_runner_cli,work_unit_wall_sum_inline,6,open_container_falling_pile,1,position_iterations=3; velocity_iterations=1; projection_iterations=1; sleep=disabled; ccd=disabled; unit_scale=100_chaos_units_per_meter; worker_count=6,unreal_chaos_ubt_win64_shipping,6,6,,,6,yes,,,,,,,,,,,300,10730.081900000,,,,,results/box-container-pile-10k/intel-core-i7-13700k/2026-10-05_0700_ddr5-4800_threads-1-2-3-4-5-6-8-10-12-14-16-24_r5/raw/unreal_chaos/t6/unreal_chaos_t6_raw.csv
2026-10-05_0700_ddr5-4800_threads-1-2-3-4-5-6-8-10-12-14-16-24_r5,unreal_chaos,7deeb413d3dc1fc034f48d1aacc0861301829d32,windows,unreal_chaos_ubt_win64_shipping,box_container_pile_10k,headless_api,6,step,300,30,3,10005,10005,0,0,median_ms_per_step,37.786649000,ms,lower_is_better,37.786649000,26.464373700,0,ok,ok,engine_runner_cli,work_unit_wall_sum_inline,6,open_container_falling_pile,1,position_iterations=3; velocity_iterations=1; projection_iterations=1; sleep=disabled; ccd=disabled; unit_scale=100_chaos_units_per_meter; worker_count=6,unreal_chaos_ubt_win64_shipping,6,6,,,6,yes,,,,,,,,,,,300,11335.994700000,,,,,results/box-container-pile-10k/intel-core-i7-13700k/2026-10-05_0700_ddr5-4800_threads-1-2-3-4-5-6-8-10-12-14-16-24_r5/raw/unreal_chaos/t6/unreal_chaos_t6_raw.csv
2026-10-05_0700_ddr5-4800_threads-1-2-3-4-5-6-8-10-12-14-16-24_r5,unreal_chaos,7deeb413d3dc1fc034f48d1aacc0861301829d32,windows,unreal_chaos_ubt_win64_shipping,box_container_pile_10k,headless_api,6,step,300,30,4,10005,10005,0,0,median_ms_per_step,36.686259000,ms,lower_is_better,36.686259000,27.258162245,0,ok,ok,engine_runner_cli,work_unit_wall_sum_inline,6,open_container_falling_pile,1,position_iterations=3; velocity_iterations=1; projection_iterations=1; sleep=disabled; ccd=disabled; unit_scale=100_chaos_units_per_meter; worker_count=6,unreal_chaos_ubt_win64_shipping,6,6,,,6,yes,,,,,,,,,,,300,11005.877700000,,,,,results/box-container-pile-10k/intel-core-i7-13700k/2026-10-05_0700_ddr5-4800_threads-1-2-3-4-5-6-8-10-12-14-16-24_r5/raw/unreal_chaos/t6/unreal_chaos_t6_raw.csv
2026-10-05_0700_ddr5-4800_threads-1-2-3-4-5-6-8-10-12-14-16-24_r5,unreal_chaos,7deeb413d3dc1fc034f48d1aacc0861301829d32,windows,unreal_chaos_ubt_win64_shipping,box_container_pile_10k,headless_api,8,step,300,30,0,10005,10005,0,0,median_ms_per_step,34.083853667,ms,lower_is_better,34.083853667,29.339405391,0,ok,ok,engine_runner_cli,work_unit_wall_sum_inline,8,open_container_falling_pile,1,position_iterations=3; velocity_iterations=1; projection_iterations=1; sleep=disabled; ccd=disabled; unit_scale=100_chaos_units_per_meter; worker_count=8,unreal_chaos_ubt_win64_shipping,8,8,,,8,yes,,,,,,,,,,,300,10225.156100000,,,,,results/box-container-pile-10k/intel-core-i7-13700k/2026-10-05_0700_ddr5-4800_threads-1-2-3-4-5-6-8-10-12-14-16-24_r5/raw/unreal_chaos/t8/unreal_chaos_t8_raw.csv
2026-10-05_0700_ddr5-4800_threads-1-2-3-4-5-6-8-10-12-14-16-24_r5,unreal_chaos,7deeb413d3dc1fc034f48d1aacc0861301829d32,windows,unreal_chaos_ubt_win64_shipping,box_container_pile_10k,headless_api,8,step,300,30,1,10005,10005,0,0,median_ms_per_step,34.752497667,ms,lower_is_better,34.752497667,28.774910212,0,ok,ok,engine_runner_cli,work_unit_wall_sum_inline,8,open_container_falling_pile,1,position_iterations=3; velocity_iterations=1; projection_iterations=1; sleep=disabled; ccd=disabled; unit_scale=100_chaos_units_per_meter; worker_count=8,unreal_chaos_ubt_win64_shipping,8,8,,,8,yes,,,,,,,,,,,300,10425.749300000,,,,,results/box-container-pile-10k/intel-core-i7-13700k/2026-10-05_0700_ddr5-4800_threads-1-2-3-4-5-6-8-10-12-14-16-24_r5/raw/unreal_chaos/t8/unreal_chaos_t8_raw.csv
2026-10-05_0700_ddr5-4800_threads-1-2-3-4-5-6-8-10-12-14-16-24_r5,unreal_chaos,7deeb413d3dc1fc034f48d1aacc0861301829d32,windows,unreal_chaos_ubt_win64_shipping,box_container_pile_10k,headless_api,8,step,300,30,2,10005,10005,0,0,median_ms_per_step,35.586853667,ms,lower_is_better,35.586853667,28.100264479,0,ok,ok,engine_runner_cli,work_unit_wall_sum_inline,8,open_container_falling_pile,1,position_iterations=3; velocity_iterations=1; projection_iterations=1; sleep=disabled; ccd=disabled; unit_scale=100_chaos_units_per_meter; worker_count=8,unreal_chaos_ubt_win64_shipping,8,8,,,8,yes,,,,,,,,,,,300,10676.056100000,,,,,results/box-container-pile-10k/intel-core-i7-13700k/2026-10-05_0700_ddr5-4800_threads-1-2-3-4-5-6-8-10-12-14-16-24_r5/raw/unreal_chaos/t8/unreal_chaos_t8_raw.csv
2026-10-05_0700_ddr5-4800_threads-1-2-3-4-5-6-8-10-12-14-16-24_r5,unreal_chaos,7deeb413d3dc1fc034f48d1aacc0861301829d32,windows,unreal_chaos_ubt_win64_shipping,box_container_pile_10k,headless_api,8,step,300,30,3,10005,10005,0,0,median_ms_per_step,35.336868000,ms,lower_is_better,35.336868000,28.299055819,0,ok,ok,engine_runner_cli,work_unit_wall_sum_inline,8,open_container_falling_pile,1,position_iterations=3; velocity_iterations=1; projection_iterations=1; sleep=disabled; ccd=disabled; unit_scale=100_chaos_units_per_meter; worker_count=8,unreal_chaos_ubt_win64_shipping,8,8,,,8,yes,,,,,,,,,,,300,10601.060400000,,,,,results/box-container-pile-10k/intel-core-i7-13700k/2026-10-05_0700_ddr5-4800_threads-1-2-3-4-5-6-8-10-12-14-16-24_r5/raw/unreal_chaos/t8/unreal_chaos_t8_raw.csv
2026-10-05_0700_ddr5-4800_threads-1-2-3-4-5-6-8-10-12-14-16-24_r5,unreal_chaos,7deeb413d3dc1fc034f48d1aacc0861301829d32,windows,unreal_chaos_ubt_win64_shipping,box_container_pile_10k,headless_api,8,step,300,30,4,10005,10005,0,0,median_ms_per_step,35.244405667,ms,lower_is_better,35.244405667,28.373297296,0,ok,ok,engine_runner_cli,work_unit_wall_sum_inline,8,open_container_falling_pile,1,position_iterations=3; velocity_iterations=1; projection_iterations=1; sleep=disabled; ccd=disabled; unit_scale=100_chaos_units_per_meter; worker_count=8,unreal_chaos_ubt_win64_shipping,8,8,,,8,yes,,,,,,,,,,,300,10573.321700000,,,,,results/box-container-pile-10k/intel-core-i7-13700k/2026-10-05_0700_ddr5-4800_threads-1-2-3-4-5-6-8-10-12-14-16-24_r5/raw/unreal_chaos/t8/unreal_chaos_t8_raw.csv
2026-10-05_0700_ddr5-4800_threads-1-2-3-4-5-6-8-10-12-14-16-24_r5,unreal_chaos,7deeb413d3dc1fc034f48d1aacc0861301829d32,windows,unreal_chaos_ubt_win64_shipping,box_container_pile_10k,headless_api,10,step,300,30,0,10005,10005,0,0,median_ms_per_step,34.774492667,ms,lower_is_better,34.774492667,28.756709971,0,ok,ok,engine_runner_cli,work_unit_wall_sum_inline,10,open_container_falling_pile,1,position_iterations=3; velocity_iterations=1; projection_iterations=1; sleep=disabled; ccd=disabled; unit_scale=100_chaos_units_per_meter; worker_count=10,unreal_chaos_ubt_win64_shipping,10,10,,,10,yes,,,,,,,,,,,300,10432.347800000,,,,,results/box-container-pile-10k/intel-core-i7-13700k/2026-10-05_0700_ddr5-4800_threads-1-2-3-4-5-6-8-10-12-14-16-24_r5/raw/unreal_chaos/t10/unreal_chaos_t10_raw.csv
2026-10-05_0700_ddr5-4800_threads-1-2-3-4-5-6-8-10-12-14-16-24_r5,unreal_chaos,7deeb413d3dc1fc034f48d1aacc0861301829d32,windows,unreal_chaos_ubt_win64_shipping,box_container_pile_10k,headless_api,10,step,300,30,1,10005,10005,0,0,median_ms_per_step,34.298408000,ms,lower_is_better,34.298408000,29.155872191,0,ok,ok,engine_runner_cli,work_unit_wall_sum_inline,10,open_container_falling_pile,1,position_iterations=3; velocity_iterations=1; projection_iterations=1; sleep=disabled; ccd=disabled; unit_scale=100_chaos_units_per_meter; worker_count=10,unreal_chaos_ubt_win64_shipping,10,10,,,10,yes,,,,,,,,,,,300,10289.522400000,,,,,results/box-container-pile-10k/intel-core-i7-13700k/2026-10-05_0700_ddr5-4800_threads-1-2-3-4-5-6-8-10-12-14-16-24_r5/raw/unreal_chaos/t10/unreal_chaos_t10_raw.csv
2026-10-05_0700_ddr5-4800_threads-1-2-3-4-5-6-8-10-12-14-16-24_r5,unreal_chaos,7deeb413d3dc1fc034f48d1aacc0861301829d32,windows,unreal_chaos_ubt_win64_shipping,box_container_pile_10k,headless_api,10,step,300,30,2,10005,10005,0,0,median_ms_per_step,34.982479000,ms,lower_is_better,34.982479000,28.585738592,0,ok,ok,engine_runner_cli,work_unit_wall_sum_inline,10,open_container_falling_pile,1,position_iterations=3; velocity_iterations=1; projection_iterations=1; sleep=disabled; ccd=disabled; unit_scale=100_chaos_units_per_meter; worker_count=10,unreal_chaos_ubt_win64_shipping,10,10,,,10,yes,,,,,,,,,,,300,10494.743700000,,,,,results/box-container-pile-10k/intel-core-i7-13700k/2026-10-05_0700_ddr5-4800_threads-1-2-3-4-5-6-8-10-12-14-16-24_r5/raw/unreal_chaos/t10/unreal_chaos_t10_raw.csv
2026-10-05_0700_ddr5-4800_threads-1-2-3-4-5-6-8-10-12-14-16-24_r5,unreal_chaos,7deeb413d3dc1fc034f48d1aacc0861301829d32,windows,unreal_chaos_ubt_win64_shipping,box_container_pile_10k,headless_api,10,step,300,30,3,10005,10005,0,0,median_ms_per_step,36.206633333,ms,lower_is_better,36.206633333,27.619248407,0,ok,ok,engine_runner_cli,work_unit_wall_sum_inline,10,open_container_falling_pile,1,position_iterations=3; velocity_iterations=1; projection_iterations=1; sleep=disabled; ccd=disabled; unit_scale=100_chaos_units_per_meter; worker_count=10,unreal_chaos_ubt_win64_shipping,10,10,,,10,yes,,,,,,,,,,,300,10861.990000000,,,,,results/box-container-pile-10k/intel-core-i7-13700k/2026-10-05_0700_ddr5-4800_threads-1-2-3-4-5-6-8-10-12-14-16-24_r5/raw/unreal_chaos/t10/unreal_chaos_t10_raw.csv
2026-10-05_0700_ddr5-4800_threads-1-2-3-4-5-6-8-10-12-14-16-24_r5,unreal_chaos,7deeb413d3dc1fc034f48d1aacc0861301829d32,windows,unreal_chaos_ubt_win64_shipping,box_container_pile_10k,headless_api,10,step,300,30,4,10005,10005,0,0,median_ms_per_step,36.310728667,ms,lower_is_better,36.310728667,27.540069746,0,ok,ok,engine_runner_cli,work_unit_wall_sum_inline,10,open_container_falling_pile,1,position_iterations=3; velocity_iterations=1; projection_iterations=1; sleep=disabled; ccd=disabled; unit_scale=100_chaos_units_per_meter; worker_count=10,unreal_chaos_ubt_win64_shipping,10,10,,,10,yes,,,,,,,,,,,300,10893.218600000,,,,,results/box-container-pile-10k/intel-core-i7-13700k/2026-10-05_0700_ddr5-4800_threads-1-2-3-4-5-6-8-10-12-14-16-24_r5/raw/unreal_chaos/t10/unreal_chaos_t10_raw.csv
2026-10-05_0700_ddr5-4800_threads-1-2-3-4-5-6-8-10-12-14-16-24_r5,unreal_chaos,7deeb413d3dc1fc034f48d1aacc0861301829d32,windows,unreal_chaos_ubt_win64_shipping,box_container_pile_10k,headless_api,12,step,300,30,0,10005,10005,0,0,median_ms_per_step,34.421890000,ms,lower_is_better,34.421890000,29.051281031,0,ok,ok,engine_runner_cli,work_unit_wall_sum_inline,12,open_container_falling_pile,1,position_iterations=3; velocity_iterations=1; projection_iterations=1; sleep=disabled; ccd=disabled; unit_scale=100_chaos_units_per_meter; worker_count=12,unreal_chaos_ubt_win64_shipping,12,12,,,12,yes,,,,,,,,,,,300,10326.567000000,,,,,results/box-container-pile-10k/intel-core-i7-13700k/2026-10-05_0700_ddr5-4800_threads-1-2-3-4-5-6-8-10-12-14-16-24_r5/raw/unreal_chaos/t12/unreal_chaos_t12_raw.csv
2026-10-05_0700_ddr5-4800_threads-1-2-3-4-5-6-8-10-12-14-16-24_r5,unreal_chaos,7deeb413d3dc1fc034f48d1aacc0861301829d32,windows,unreal_chaos_ubt_win64_shipping,box_container_pile_10k,headless_api,12,step,300,30,1,10005,10005,0,0,median_ms_per_step,34.488568000,ms,lower_is_better,34.488568000,28.995115135,0,ok,ok,engine_runner_cli,work_unit_wall_sum_inline,12,open_container_falling_pile,1,position_iterations=3; velocity_iterations=1; projection_iterations=1; sleep=disabled; ccd=disabled; unit_scale=100_chaos_units_per_meter; worker_count=12,unreal_chaos_ubt_win64_shipping,12,12,,,12,yes,,,,,,,,,,,300,10346.570400000,,,,,results/box-container-pile-10k/intel-core-i7-13700k/2026-10-05_0700_ddr5-4800_threads-1-2-3-4-5-6-8-10-12-14-16-24_r5/raw/unreal_chaos/t12/unreal_chaos_t12_raw.csv
2026-10-05_0700_ddr5-4800_threads-1-2-3-4-5-6-8-10-12-14-16-24_r5,unreal_chaos,7deeb413d3dc1fc034f48d1aacc0861301829d32,windows,unreal_chaos_ubt_win64_shipping,box_container_pile_10k,headless_api,12,step,300,30,2,10005,10005,0,0,median_ms_per_step,34.924974333,ms,lower_is_better,34.924974333,28.632805581,0,ok,ok,engine_runner_cli,work_unit_wall_sum_inline,12,open_container_falling_pile,1,position_iterations=3; velocity_iterations=1; projection_iterations=1; sleep=disabled; ccd=disabled; unit_scale=100_chaos_units_per_meter; worker_count=12,unreal_chaos_ubt_win64_shipping,12,12,,,12,yes,,,,,,,,,,,300,10477.492300000,,,,,results/box-container-pile-10k/intel-core-i7-13700k/2026-10-05_0700_ddr5-4800_threads-1-2-3-4-5-6-8-10-12-14-16-24_r5/raw/unreal_chaos/t12/unreal_chaos_t12_raw.csv
2026-10-05_0700_ddr5-4800_threads-1-2-3-4-5-6-8-10-12-14-16-24_r5,unreal_chaos,7deeb413d3dc1fc034f48d1aacc0861301829d32,windows,unreal_chaos_ubt_win64_shipping,box_container_pile_10k,headless_api,12,step,300,30,3,10005,10005,0,0,median_ms_per_step,36.035523667,ms,lower_is_better,36.035523667,27.750394562,0,ok,ok,engine_runner_cli,work_unit_wall_sum_inline,12,open_container_falling_pile,1,position_iterations=3; velocity_iterations=1; projection_iterations=1; sleep=disabled; ccd=disabled; unit_scale=100_chaos_units_per_meter; worker_count=12,unreal_chaos_ubt_win64_shipping,12,12,,,12,yes,,,,,,,,,,,300,10810.657100000,,,,,results/box-container-pile-10k/intel-core-i7-13700k/2026-10-05_0700_ddr5-4800_threads-1-2-3-4-5-6-8-10-12-14-16-24_r5/raw/unreal_chaos/t12/unreal_chaos_t12_raw.csv
2026-10-05_0700_ddr5-4800_threads-1-2-3-4-5-6-8-10-12-14-16-24_r5,unreal_chaos,7deeb413d3dc1fc034f48d1aacc0861301829d32,windows,unreal_chaos_ubt_win64_shipping,box_container_pile_10k,headless_api,12,step,300,30,4,10005,10005,0,0,median_ms_per_step,34.906801333,ms,lower_is_better,34.906801333,28.647712245,0,ok,ok,engine_runner_cli,work_unit_wall_sum_inline,12,open_container_falling_pile,1,position_iterations=3; velocity_iterations=1; projection_iterations=1; sleep=disabled; ccd=disabled; unit_scale=100_chaos_units_per_meter; worker_count=12,unreal_chaos_ubt_win64_shipping,12,12,,,12,yes,,,,,,,,,,,300,10472.040400000,,,,,results/box-container-pile-10k/intel-core-i7-13700k/2026-10-05_0700_ddr5-4800_threads-1-2-3-4-5-6-8-10-12-14-16-24_r5/raw/unreal_chaos/t12/unreal_chaos_t12_raw.csv
2026-10-05_0700_ddr5-4800_threads-1-2-3-4-5-6-8-10-12-14-16-24_r5,unreal_chaos,7deeb413d3dc1fc034f48d1aacc0861301829d32,windows,unreal_chaos_ubt_win64_shipping,box_container_pile_10k,headless_api,14,step,300,30,0,10005,10005,0,0,median_ms_per_step,34.312167667,ms,lower_is_better,34.312167667,29.144180272,0,ok,ok,engine_runner_cli,work_unit_wall_sum_inline,14,open_container_falling_pile,1,position_iterations=3; velocity_iterations=1; projection_iterations=1; sleep=disabled; ccd=disabled; unit_scale=100_chaos_units_per_meter; worker_count=14,unreal_chaos_ubt_win64_shipping,14,14,,,14,yes,,,,,,,,,,,300,10293.650300000,,,,,results/box-container-pile-10k/intel-core-i7-13700k/2026-10-05_0700_ddr5-4800_threads-1-2-3-4-5-6-8-10-12-14-16-24_r5/raw/unreal_chaos/t14/unreal_chaos_t14_raw.csv
2026-10-05_0700_ddr5-4800_threads-1-2-3-4-5-6-8-10-12-14-16-24_r5,unreal_chaos,7deeb413d3dc1fc034f48d1aacc0861301829d32,windows,unreal_chaos_ubt_win64_shipping,box_container_pile_10k,headless_api,14,step,300,30,1,10005,10005,0,0,median_ms_per_step,33.588680000,ms,lower_is_better,33.588680000,29.771935069,0,ok,ok,engine_runner_cli,work_unit_wall_sum_inline,14,open_container_falling_pile,1,position_iterations=3; velocity_iterations=1; projection_iterations=1; sleep=disabled; ccd=disabled; unit_scale=100_chaos_units_per_meter; worker_count=14,unreal_chaos_ubt_win64_shipping,14,14,,,14,yes,,,,,,,,,,,300,10076.604000000,,,,,results/box-container-pile-10k/intel-core-i7-13700k/2026-10-05_0700_ddr5-4800_threads-1-2-3-4-5-6-8-10-12-14-16-24_r5/raw/unreal_chaos/t14/unreal_chaos_t14_raw.csv
2026-10-05_0700_ddr5-4800_threads-1-2-3-4-5-6-8-10-12-14-16-24_r5,unreal_chaos,7deeb413d3dc1fc034f48d1aacc0861301829d32,windows,unreal_chaos_ubt_win64_shipping,box_container_pile_10k,headless_api,14,step,300,30,2,10005,10005,0,0,median_ms_per_step,34.452091000,ms,lower_is_better,34.452091000,29.025814427,0,ok,ok,engine_runner_cli,work_unit_wall_sum_inline,14,open_container_falling_pile,1,position_iterations=3; velocity_iterations=1; projection_iterations=1; sleep=disabled; ccd=disabled; unit_scale=100_chaos_units_per_meter; worker_count=14,unreal_chaos_ubt_win64_shipping,14,14,,,14,yes,,,,,,,,,,,300,10335.627300000,,,,,results/box-container-pile-10k/intel-core-i7-13700k/2026-10-05_0700_ddr5-4800_threads-1-2-3-4-5-6-8-10-12-14-16-24_r5/raw/unreal_chaos/t14/unreal_chaos_t14_raw.csv
2026-10-05_0700_ddr5-4800_threads-1-2-3-4-5-6-8-10-12-14-16-24_r5,unreal_chaos,7deeb413d3dc1fc034f48d1aacc0861301829d32,windows,unreal_chaos_ubt_win64_shipping,box_container_pile_10k,headless_api,14,step,300,30,3,10005,10005,0,0,median_ms_per_step,34.850558667,ms,lower_is_better,34.850558667,28.693944610,0,ok,ok,engine_runner_cli,work_unit_wall_sum_inline,14,open_container_falling_pile,1,position_iterations=3; velocity_iterations=1; projection_iterations=1; sleep=disabled; ccd=disabled; unit_scale=100_chaos_units_per_meter; worker_count=14,unreal_chaos_ubt_win64_shipping,14,14,,,14,yes,,,,,,,,,,,300,10455.167600000,,,,,results/box-container-pile-10k/intel-core-i7-13700k/2026-10-05_0700_ddr5-4800_threads-1-2-3-4-5-6-8-10-12-14-16-24_r5/raw/unreal_chaos/t14/unreal_chaos_t14_raw.csv
2026-10-05_0700_ddr5-4800_threads-1-2-3-4-5-6-8-10-12-14-16-24_r5,unreal_chaos,7deeb413d3dc1fc034f48d1aacc0861301829d32,windows,unreal_chaos_ubt_win64_shipping,box_container_pile_10k,headless_api,14,step,300,30,4,10005,10005,0,0,median_ms_per_step,34.743743000,ms,lower_is_better,34.743743000,28.782160863,0,ok,ok,engine_runner_cli,work_unit_wall_sum_inline,14,open_container_falling_pile,1,position_iterations=3; velocity_iterations=1; projection_iterations=1; sleep=disabled; ccd=disabled; unit_scale=100_chaos_units_per_meter; worker_count=14,unreal_chaos_ubt_win64_shipping,14,14,,,14,yes,,,,,,,,,,,300,10423.122900000,,,,,results/box-container-pile-10k/intel-core-i7-13700k/2026-10-05_0700_ddr5-4800_threads-1-2-3-4-5-6-8-10-12-14-16-24_r5/raw/unreal_chaos/t14/unreal_chaos_t14_raw.csv
2026-10-05_0700_ddr5-4800_threads-1-2-3-4-5-6-8-10-12-14-16-24_r5,unreal_chaos,7deeb413d3dc1fc034f48d1aacc0861301829d32,windows,unreal_chaos_ubt_win64_shipping,box_container_pile_10k,headless_api,16,step,300,30,0,10005,10005,0,0,median_ms_per_step,33.117426000,ms,lower_is_better,33.117426000,30.195583437,0,ok,ok,engine_runner_cli,work_unit_wall_sum_inline,16,open_container_falling_pile,1,position_iterations=3; velocity_iterations=1; projection_iterations=1; sleep=disabled; ccd=disabled; unit_scale=100_chaos_units_per_meter; worker_count=16,unreal_chaos_ubt_win64_shipping,16,16,,,16,yes,,,,,,,,,,,300,9935.227800000,,,,,results/box-container-pile-10k/intel-core-i7-13700k/2026-10-05_0700_ddr5-4800_threads-1-2-3-4-5-6-8-10-12-14-16-24_r5/raw/unreal_chaos/t16/unreal_chaos_t16_raw.csv
2026-10-05_0700_ddr5-4800_threads-1-2-3-4-5-6-8-10-12-14-16-24_r5,unreal_chaos,7deeb413d3dc1fc034f48d1aacc0861301829d32,windows,unreal_chaos_ubt_win64_shipping,box_container_pile_10k,headless_api,16,step,300,30,1,10005,10005,0,0,median_ms_per_step,33.532010333,ms,lower_is_better,33.532010333,29.822250144,0,ok,ok,engine_runner_cli,work_unit_wall_sum_inline,16,open_container_falling_pile,1,position_iterations=3; velocity_iterations=1; projection_iterations=1; sleep=disabled; ccd=disabled; unit_scale=100_chaos_units_per_meter; worker_count=16,unreal_chaos_ubt_win64_shipping,16,16,,,16,yes,,,,,,,,,,,300,10059.603100000,,,,,results/box-container-pile-10k/intel-core-i7-13700k/2026-10-05_0700_ddr5-4800_threads-1-2-3-4-5-6-8-10-12-14-16-24_r5/raw/unreal_chaos/t16/unreal_chaos_t16_raw.csv
2026-10-05_0700_ddr5-4800_threads-1-2-3-4-5-6-8-10-12-14-16-24_r5,unreal_chaos,7deeb413d3dc1fc034f48d1aacc0861301829d32,windows,unreal_chaos_ubt_win64_shipping,box_container_pile_10k,headless_api,16,step,300,30,2,10005,10005,0,0,median_ms_per_step,33.334269333,ms,lower_is_better,33.334269333,29.999157624,0,ok,ok,engine_runner_cli,work_unit_wall_sum_inline,16,open_container_falling_pile,1,position_iterations=3; velocity_iterations=1; projection_iterations=1; sleep=disabled; ccd=disabled; unit_scale=100_chaos_units_per_meter; worker_count=16,unreal_chaos_ubt_win64_shipping,16,16,,,16,yes,,,,,,,,,,,300,10000.280800000,,,,,results/box-container-pile-10k/intel-core-i7-13700k/2026-10-05_0700_ddr5-4800_threads-1-2-3-4-5-6-8-10-12-14-16-24_r5/raw/unreal_chaos/t16/unreal_chaos_t16_raw.csv
2026-10-05_0700_ddr5-4800_threads-1-2-3-4-5-6-8-10-12-14-16-24_r5,unreal_chaos,7deeb413d3dc1fc034f48d1aacc0861301829d32,windows,unreal_chaos_ubt_win64_shipping,box_container_pile_10k,headless_api,16,step,300,30,3,10005,10005,0,0,median_ms_per_step,33.846852667,ms,lower_is_better,33.846852667,29.544844534,0,ok,ok,engine_runner_cli,work_unit_wall_sum_inline,16,open_container_falling_pile,1,position_iterations=3; velocity_iterations=1; projection_iterations=1; sleep=disabled; ccd=disabled; unit_scale=100_chaos_units_per_meter; worker_count=16,unreal_chaos_ubt_win64_shipping,16,16,,,16,yes,,,,,,,,,,,300,10154.055800000,,,,,results/box-container-pile-10k/intel-core-i7-13700k/2026-10-05_0700_ddr5-4800_threads-1-2-3-4-5-6-8-10-12-14-16-24_r5/raw/unreal_chaos/t16/unreal_chaos_t16_raw.csv
2026-10-05_0700_ddr5-4800_threads-1-2-3-4-5-6-8-10-12-14-16-24_r5,unreal_chaos,7deeb413d3dc1fc034f48d1aacc0861301829d32,windows,unreal_chaos_ubt_win64_shipping,box_container_pile_10k,headless_api,16,step,300,30,4,10005,10005,0,0,median_ms_per_step,33.639381000,ms,lower_is_better,33.639381000,29.727063051,0,ok,ok,engine_runner_cli,work_unit_wall_sum_inline,16,open_container_falling_pile,1,position_iterations=3; velocity_iterations=1; projection_iterations=1; sleep=disabled; ccd=disabled; unit_scale=100_chaos_units_per_meter; worker_count=16,unreal_chaos_ubt_win64_shipping,16,16,,,16,yes,,,,,,,,,,,300,10091.814300000,,,,,results/box-container-pile-10k/intel-core-i7-13700k/2026-10-05_0700_ddr5-4800_threads-1-2-3-4-5-6-8-10-12-14-16-24_r5/raw/unreal_chaos/t16/unreal_chaos_t16_raw.csv
2026-10-05_0700_ddr5-4800_threads-1-2-3-4-5-6-8-10-12-14-16-24_r5,unreal_chaos,7deeb413d3dc1fc034f48d1aacc0861301829d32,windows,unreal_chaos_ubt_win64_shipping,box_container_pile_10k,headless_api,24,step,300,30,0,10005,10005,0,0,median_ms_per_step,31.510993667,ms,lower_is_better,31.510993667,31.734956078,0,ok,ok,engine_runner_cli,work_unit_wall_sum_inline,24,open_container_falling_pile,1,position_iterations=3; velocity_iterations=1; projection_iterations=1; sleep=disabled; ccd=disabled; unit_scale=100_chaos_units_per_meter; worker_count=24,unreal_chaos_ubt_win64_shipping,24,24,,,24,yes,,,,,,,,,,,300,9453.298100000,,,,,results/box-container-pile-10k/intel-core-i7-13700k/2026-10-05_0700_ddr5-4800_threads-1-2-3-4-5-6-8-10-12-14-16-24_r5/raw/unreal_chaos/t24/unreal_chaos_t24_raw.csv
2026-10-05_0700_ddr5-4800_threads-1-2-3-4-5-6-8-10-12-14-16-24_r5,unreal_chaos,7deeb413d3dc1fc034f48d1aacc0861301829d32,windows,unreal_chaos_ubt_win64_shipping,box_container_pile_10k,headless_api,24,step,300,30,1,10005,10005,0,0,median_ms_per_step,31.596689333,ms,lower_is_better,31.596689333,31.648885409,0,ok,ok,engine_runner_cli,work_unit_wall_sum_inline,24,open_container_falling_pile,1,position_iterations=3; velocity_iterations=1; projection_iterations=1; sleep=disabled; ccd=disabled; unit_scale=100_chaos_units_per_meter; worker_count=24,unreal_chaos_ubt_win64_shipping,24,24,,,24,yes,,,,,,,,,,,300,9479.006800000,,,,,results/box-container-pile-10k/intel-core-i7-13700k/2026-10-05_0700_ddr5-4800_threads-1-2-3-4-5-6-8-10-12-14-16-24_r5/raw/unreal_chaos/t24/unreal_chaos_t24_raw.csv
2026-10-05_0700_ddr5-4800_threads-1-2-3-4-5-6-8-10-12-14-16-24_r5,unreal_chaos,7deeb413d3dc1fc034f48d1aacc0861301829d32,windows,unreal_chaos_ubt_win64_shipping,box_container_pile_10k,headless_api,24,step,300,30,2,10005,10005,0,0,median_ms_per_step,31.607437000,ms,lower_is_better,31.607437000,31.638123648,0,ok,ok,engine_runner_cli,work_unit_wall_sum_inline,24,open_container_falling_pile,1,position_iterations=3; velocity_iterations=1; projection_iterations=1; sleep=disabled; ccd=disabled; unit_scale=100_chaos_units_per_meter; worker_count=24,unreal_chaos_ubt_win64_shipping,24,24,,,24,yes,,,,,,,,,,,300,9482.231100000,,,,,results/box-container-pile-10k/intel-core-i7-13700k/2026-10-05_0700_ddr5-4800_threads-1-2-3-4-5-6-8-10-12-14-16-24_r5/raw/unreal_chaos/t24/unreal_chaos_t24_raw.csv
2026-10-05_0700_ddr5-4800_threads-1-2-3-4-5-6-8-10-12-14-16-24_r5,unreal_chaos,7deeb413d3dc1fc034f48d1aacc0861301829d32,windows,unreal_chaos_ubt_win64_shipping,box_container_pile_10k,headless_api,24,step,300,30,3,10005,10005,0,0,median_ms_per_step,31.621149000,ms,lower_is_better,31.621149000,31.624404287,0,ok,ok,engine_runner_cli,work_unit_wall_sum_inline,24,open_container_falling_pile,1,position_iterations=3; velocity_iterations=1; projection_iterations=1; sleep=disabled; ccd=disabled; unit_scale=100_chaos_units_per_meter; worker_count=24,unreal_chaos_ubt_win64_shipping,24,24,,,24,yes,,,,,,,,,,,300,9486.344700000,,,,,results/box-container-pile-10k/intel-core-i7-13700k/2026-10-05_0700_ddr5-4800_threads-1-2-3-4-5-6-8-10-12-14-16-24_r5/raw/unreal_chaos/t24/unreal_chaos_t24_raw.csv
2026-10-05_0700_ddr5-4800_threads-1-2-3-4-5-6-8-10-12-14-16-24_r5,unreal_chaos,7deeb413d3dc1fc034f48d1aacc0861301829d32,windows,unreal_chaos_ubt_win64_shipping,box_container_pile_10k,headless_api,24,step,300,30,4,10005,10005,0,0,median_ms_per_step,31.590438333,ms,lower_is_better,31.590438333,31.655147974,0,ok,ok,engine_runner_cli,work_unit_wall_sum_inline,24,open_container_falling_pile,1,position_iterations=3; velocity_iterations=1; projection_iterations=1; sleep=disabled; ccd=disabled; unit_scale=100_chaos_units_per_meter; worker_count=24,unreal_chaos_ubt_win64_shipping,24,24,,,24,yes,,,,,,,,,,,300,9477.131500000,,,,,results/box-container-pile-10k/intel-core-i7-13700k/2026-10-05_0700_ddr5-4800_threads-1-2-3-4-5-6-8-10-12-14-16-24_r5/raw/unreal_chaos/t24/unreal_chaos_t24_raw.csv
